Data,Cluster,Markers,Organization,cell_type,level
Adams_2020,M2,"PDE4D,SFTPC,LRBA,ANK3,SCGB3A1,SLPI,NEDD4L,NFIA,CD59,RNF145,SDC4,SYNE2,MGST1,ENSG00000259628,HMGN3,ENSG00000283674,MSI2,MAGI1,MECOM,ENSG00000247925,MCU,MACROD2,PTPRM,CYB5A,DNAH12,RFX3,PARD3,EVA1C,ULK4,C9orf3,AGBL4,SDK1,CFAP299,MYO1D,RP1,C11orf49,IGF1R,ATXN2,WWTR1,MAPK10,PTK2,SPAG16,DMD,KIAA1217,AGAP1,FAM13A,GPRC5A,GLIS3,PATJ,DNAH9",lung,unknown,M
Adams_2020,F8,"CFAP299,AGBL4,CAPS,LRRIQ1,FGF14,DNAH9,C9orf24,TPPP3,PACRG,ULK4,DNAH5,HYDIN,DNAH11,RSPH1,RFX3,C1orf194,C20orf85,DNAH12,ENSG00000259925,IGFBP7,TSPAN1,FAM183A,ENSG00000257261,SPAG17,KIAA0825,DTHD1,ARMC4,PLAC8,CD24,CEP126,VWA3B,AQP4-AS1,DNAH6,ANKFN1,TTC29,CSPP1,CASC15,PIFO,DNAI1,TMEM232,ABCA13,ARMC3,SPATA17,SMIM22,PSENEN,ERICH3,TUBB4B,CFAP221,DNAAF1,STRBP",lung,unknown,F
Adams_2020,F13,"SFTA2,RNASE1,KRT7,NTM,CADM1,DST,CAV1,HOPX,IFI27,NCKAP5,PHACTR1,CEACAM6,AGER,WWC2,GPC5,SLC39A8,DLC1,CLDN18,KHDRBS2,CD151,COL8A1,MSN,PLS3,DAPK2,TSPAN13,ENSG00000249364,GPRC5D-AS1,LAMA3,CLIC5,ROR1,TNS1,TNFRSF12A,MYL9,BEX3,HPCAL1,ANOS1,ANXA3,IL32,PALM2-AKAP2,CAV2,TIMP3,CLIC3,LINC01290,PAPSS2,ARHGEF26,MAP2,ENSG00000257894,CAVIN1,SUSD2,SCEL",lung,unknown,F
Adams_2020,F12,"CD44,VIM,LGALS1,TYROBP,ENSG00000268173,HLA-DPB1,APOE,C1QA,HLA-DPA1,TXNIP,PLXDC2,RASGEF1B,CD52,ACSL1,C1QB,MSR1,FCER1G,JARID2,TFRC,IFI6,SRGN,HLA-DRB5,CCL18,FN1,GRN,CTSZ,ZEB2,FABP4,GK,ATP2B1,LAPTM5,SH3BGRL3,FABP5,MARCO,SLC16A10,SLC11A1,MRC1,SAMSN1,OLR1,C1QC,PPARG,MS4A6E,SLC8A1,AIF1,PIK3R5,C1orf162,SLC1A3,ENSG00000264772,ELMO1,LST1",lung,alveolar macrophages,F
Adams_2020,F9,"SCGB3A2,SFTPB,KRT7,BPIFB1,RNASE1",lung,unknown,F
Adams_2020,F10,"SFTPC,SFTPA1,SFTPA2,NAPSA,ZNF385B,CXCL2,SFTPD,DLG2,PTPRG,SFTPB,HOPX,SNX25,DLC1,ABCA3,CD44,TMEM163,CADM1,ACOXL,PGC,CPM,AFF3,GLS,SFTA2,AREG,TNIK,C3,LRRK2,PHACTR1,CEMIP2,TM4SF1,PRKG1,SPIRE1,PEBP4,AGBL1,ROS1,ATP11A,TCIM,P3H2,NPC1,LAMP3,ITGB6,KANK1,ALPL,LPCAT1,SLC39A8,ENSG00000266978,SLC6A14,RNASE1,CSF3R,CXCL8",lung,alveolar type 2 cells,F
Adams_2020,F11,"KRT17,EYA2,MT1X,DST,S100A2,F3,MIR205HG,ITGA2,PVT1,TMPRSS4,EGFR,CORO1C,TIAM1,KRT15,KRT5,TNS4,LGALS7B",lung,basal epithelial cells,F
Adams_2020,M6,"THBS1,CXCL8,EREG,VCAN,NLRP3,PID1,NAMPTP1",lung,unknown,M
Adams_2020,F25,,lung,unknown,F
Adams_2020,F26,"CXCL8,IL1B,MT1X,CCL20,ENSG00000284685,GPNMB",lung,unknown,F
Adams_2020,F28,"APOC1,C1QA,C1QB,MSR1,IL1B,MARCO,FMNL2,CCL20,APOE,PPARG,CCL18,C1QC,HLA-DQA1,SVIL,JUN,FN1,CXCL3,HLA-DRB6,IFI6,ADAM17,STX3,PSME4,DENND4C,ACP5,ABHD5,PDE4DIP,FABP4,CTSC,CLIC4,FCGR3A,TANC2,CFD,ABCG1,GPRIN3,RASAL2,LSAMP,CCDC88A,ENSG00000275131,CYP27A1,SNX10,DOCK11,TAPBP,VSIG4,FRMD4A,RTN3,CD81,ABL2,SGMS2,LY6E,ITGB8",lung,unknown,F
Adams_2020,F27,"WARS,PAG1,ZBTB16,TCF7L2,KCNAB2,INSR,GRK3,NCOA2,SMIM25,FCGR3A,CHKA,FYN,LYST,RAP1GAP2,LILRA5,NEDD9,LILRB2,XPO6,ABHD15-AS1,RIPOR2,PPM1L",lung,unknown,F
Adams_2020,M10,"RGS1,CSF2RA,XYLT1,SERPINB9,CD86,SRGAP2D,NR4A3,AXL,RGS2,SRGAP1,GPR183,MS4A6A,DNMBP,PDE4A,RALA",lung,alveolar macrophages,M
Adams_2020,F4,"DOCK4,FCER1G,CTSB,ZEB2,ACSL3,ALOX5AP,ANKRD28,SLC16A10,MRC1,MAML3,CEBPB,C1QB,LRMDA,PLAUR,FMN1,ATP13A3,OLR1,ITGAX,SH3PXD2B,MS4A6A,IRAK3,MOB3B,CD109,RNF130,PID1,DPYD,FOXO3,GLUL,FCGR2A,FRMD4B,C1QC,TMEM52B,SLC11A1,C1QA",lung,alveolar macrophages,F
Adams_2020,F6,"WFDC21P,AUTS2,BIRC3,MTSS1,DUSP4,CCL22,ST3GAL6,SLC41A2,PACS1,IRF4,IL7R,CLIC2,UGCG,TNFAIP8,DAPP1,SPECC1,NAV1,ZEB1,LYST,KDM2B,GAB1,MCOLN2,TMEM131L,PALM2-AKAP2,ANKRD33B,MIR155HG,IL15,HIVEP1,ARAP2,KIF2A,GPR157,LAMP3,CCR7,ABTB2,CD80,SLC22A23,DUSP5,ENOX1,MOB1B,LY75-CD302,GPC5,EBI3,LIMCH1,FSCN1,PSMG4,GADD45A,ENSG00000254698,SLCO5A1,FLT3",lung,dendritic cells,F
Adams_2020,F5,"WFDC21P,SIPA1L3,HDAC9,PKP2,AUTS2,DUSP4,WDFY4,FAM129A,DST,ABL1,PACS1,ZBTB46,CLIC2,NAPSB,S100B,IRF8,CCDC6,LGALS2,ERN1,UPF2,BCL2L11,KIF16B,KAT2B,NAAA,C1orf54,FARP2,SDK1,TOX,MCOLN2,CADM1,IDO1,NCALD,CPNE3,ADAM19,RAB7B,ZEB1,CD226,TACSTD2,C1orf21,CLEC9A,ENSG00000231873,DAPP1,CLNK",lung,alveolar macrophages,F
Adams_2020,M0,"FABP4,LSAMP,CCL18,SLC1A3,FABP5,ATP10A,FN1,CTSL,ENSG00000239268,SNX10,GPNMB,INHBA,C9,NUPR1,GLDN,MITF,IFI6,ALOX5,MRC1,CYP27A1,ABCG1,VSIG4,OLR1,ACER3,FRMD4A,MARCO,CD81,FBP1,LTA4H,ENSG00000264772,FMNL2,FTLP3,HLA-DQA1,ENSG00000253859,CXCL16,LPL,C1QB,ACP5,MMP19,CAPG,APOE,ALDH2,C1QA,MCEMP1,MSR1,TNS3,CD9,CORO1C,SNTB1,TANC2",lung,Alveolar macrophages,M
Adams_2020,F0,"FABP4,SVIL,INHBA,SERPING1,ENSG00000239268,GLDN,ATP10A,IQSEC3,LSAMP",lung,Alveolar macrophages,F
Adams_2020,F1,"SPP1,SDC2,FNIP2,LGMN,EMP1,PRKAG2,GPR183,MERTK",lung,Alveolar macrophages,F
Adams_2020,F3,"ENSG00000267834,SERPINB5",lung,unknown,F
Adams_2020,F2,"STMN1,HMGN2,HMGB2,HMGB1P5,H2AFV,HIST1H4C,ENSG00000259316,LINC01572,ENSG00000187951,NUSAP1,PTTG1,TACC3,IQGAP3,ENSG00000267374,BARD1,UBE2C,SKA2,SMC4,DIAPH3,MELK,TOP2A,HMGB3,SMC2,CIT,TK1,TYMS,CKAP2",lung,Proliferating alveolar macrophages,F
Adams_2020,M9,"SYTL3,CNOT6L,CCL4,CEMIP2,FYN,PARP8,CD69,CCL5,FAM129A,GNG2,NKG7,STAT4,AOAH,PPP1R16B,RHOH,CD247,SYNE2,IKZF1,ITK,IL32,PBX4,RNF125,RUNX3,SKAP1,AKNA",lung,T cells,M
Adams_2020,F32,"RBPJ,PBX4,SNX9,ENSG00000273319,CDC14A,INPP4B,CAMK4,CASK,IL7R,LDLRAD4",lung,memory T cells,F
Adams_2020,F33,"NKG7,GNLY,KLRD1,MCTP2,PRF1,YES1,CST7,AUTS2,CMC1,KLRB1,CTSW,KLRC4-KLRK1,GZMA,TYROBP,GZMB,SPON2",lung,Natural Killer (NK) cells,F
Adams_2020,F34,"TYROBP,HLA-DRA,S100A11,LGALS1,HLA-DRB1,DPYD,NAMPT,LAPTM5,MAP2K1,FCER1G,ATP2B1,PSAP,JARID2,HLA-DPB1,PRKCE,ENSG00000250644,ASAP1,FNDC3B,CD63,PELI1,CEBPB,ELOB,ENSG00000284292,CTSB,RNASEK,TFRC,FOXO3,GABARAP,COTL1,ANXA2,GLUL,PTK2B,SOD2,HLA-DPA1,CTNNB1,ADAMTSL4-AS1,MYO9B,MGST2,SDCBP,HIPK2,TXN,CST3,GPX4,VAPA,RASGEF1B,RTN4,ENSG00000268173,C1QA,ACTR2,SBF2",lung,unknown,F
Adams_2020,F35,"VAV3,LDLRAD4,BCL2,BATF,PELI1,NAMPT,MIR4435-2HG,ZEB1,TRAF3,UBASH3B,DUSP16,KAT2B,JAZF1,PHACTR2,UGP2,ANKRD10,TRPS1,ZNF292,THADA,IL21R,SGMS1,TOX,GLCCI1,RPS27L,ICOS,BACH1,LTB,PHTF2,CRADD,RAB11FIP1,PKM,STAM,PVT1,GK,CARD16,MAST4,LINC01943,IL2RA,IKZF2,TNFRSF18,CTLA4,SLAMF1,TIGIT,TNFRSF4,TBC1D4",lung,regulatory T cells (Tregs),F
Adams_2020,M1,RETN,lung,unknown,M
Adams_2020,M5,"IFITM3,MT1X,EMP1,SERPING1,IGFBP7,TCF4,PTPRG,MT1E,APP,EXT1,EPAS1,NFIA,ENSG00000283563,ENSG00000224063,MGP,PDLIM1,PTK2,SASH1,A2M,SPTBN1,RORA,ZEB1,PARD3,SAMD4A,DLC1,SPARCL1,PRKG1,SPARC,LAMA2,TTC28,CLU,TSHZ2,NFIB,AKAP12,CALD1,RBPMS,SYN3,TIMP3,MAGI1,LHFPL6,NNMT,LDB2,TFPI,COL6A2,COL4A2,TANC1,CAV1,IGFBP4,ZFPM2,PPFIBP1",lung,fibroblasts,M
Adams_2020,F22,"CRISPLD2,MYL9,TPM2,CACNA1C,SLIT3,SOD3,BGN,RGS5,NID1,MAP1B,ARHGAP6,INPP4B,PPP1R14A,EPS8,TPM1,MYO1B,RYR2,ENSG00000254409,COX7A1,DMD,ADAMTS1,PDE3A,ENSG00000275443,CAVIN3,H2AFJ,MYH11,PDGFRB,ENSG00000243696,TINAGL1,ACTA2,RCAN2,DGKG,COX4I2,MYLK,EGFL6,CLMN,NDUFA4L2,NOTCH3",lung,myofibroblasts,F
Adams_2020,F19,"DCN,LUM,LAMA2,COL1A2,FBLN1,CFD,COL1A1,PTGDS,FN1,COL3A1,CCDC80,COL6A2,CELF2,COL6A3,SLIT2,SERPINF1,IGFBP6,C1S,SFRP2,ELN,COL5A2,MMP2,ROBO2,C7,ADH1B,CYR61,RARRES2,CRISPLD2,SH3PXD2B,FBN1,MINOS1-NBL1,SDK1,C1R,BNC2,SNED1,COL6A1,LSAMP,KAZN,MFAP4,FSTL1,CFH,LTBP1,ABI3BP,GAS7,DCLK1,GPC6,PCOLCE,CD44,GFPT2,C3",lung,fibroblasts,F
Adams_2020,F23,"HLA-DPA1,ENSG00000268173,HLA-DPB1,C1QA,TYROBP,ANKRD28,EZR,DAPK1,CD52,ATP2B1,MSR1,FCER1G,RAB31,TFRC,LAPTM5,C1QB,CTSS,RBM47,SLC16A10,PTK2B,KYNU,ALOX5AP,MS4A6E,AIF1,OLR1,FBP1,TBXAS1",lung,unknown,F
Adams_2020,F20,"ADAMTS9,VWF,PITPNC1,IFI27,MCTP1,TM4SF1,ERG,ABLIM1,SRGN,CCL14,ZNF385D,PTPRB,SASH1,DOCK9,SEC14L1,ANO2,PECAM1,ACKR1,RAPGEF4,CNKSR3,POSTN,MAST4,ENSG00000247925,TMTC1,MRTFB,FLT1,GALNT18,MECOM,ENSG00000250424,MEF2C,LIFR,CMIP,ETS2,ENSG00000258137,PCAT19,TNFRSF10D,CYTH1,PLEKHG1,SYNE2,GMDS,RNASE1,PELI1,SSH1,ENSG00000250349,FNIP2,EPB41L4A,RALGAPA2,PKP4,SWAP70,ADGRL4",lung,endothelial cells,F
Adams_2020,F21,"CCL21,ST6GALNAC3,CLDN5,KALRN,TFF3,CNKSR3,CAVIN2,FABP4,EFNA5,PTPRE,PCAT19,CD36,ENSG00000279686,PKHD1L1,NHSL1,MMRN1,BACE2,SEMA6A,DOCK5,ZDHHC14,RHOJ,STX3,HECW2,STOX2,SEMA3A,SNCG,ADAM10,ITGA9,CNTNAP3B,PDE7B,PPP1R2,ARL4A,LINC02147,MAF,MRC1,PGM5,STON2,STMN1,VAV3,GPM6A,SEMA3D,TBX1,CASP17P,MPP7,FLT4,ENSG00000267583",lung,fibroblasts,F
Adams_2020,F24,"CLDN5,IFI27,FCN3,PECAM1,KIAA1217,ADGRL2,GALNT18,SLCO2A1,CAVIN2,RAMP2,AFF3,ID1,HECW2,HIF3A,STXBP6,SEMA6A,EGFL7,ADGRF5,SLC9A3R2,ANO2,HYAL2,RAMP3,BST2,TMEM100,ENSG00000269966,NOSTRIN,CMTM8,ENSG00000250424,NCALD,TNFSF10,PREX1,BTNL9,CDH5,ARHGAP18,VIPR1,PODXL,EMCN,FLT1",lung,endothelial cells,F
Adams_2020,M3,"PRKCB,CD69,RHOH,GNG2,ARHGAP24,PLCG2,INPP5D,PRDM2,BACH2,GRK5,IRF8,ISG20,AFF3,PPP1R16B,MARCH1,MEF2C,ST6GAL1,GNG7,SFMBT1,ENSG00000240040,PLEKHG1,ADAM28,BCL2,SEL1L3,RALGPS2,OSBPL10,LTB,BCL11A,BANK1,EBF1,TNFRSF13C,JADE3,MS4A1",lung,B cells,M
Adams_2020,F14,IGHM,lung,B cells,F
Adams_2020,F15,"S100A6,ZEB2,VIM,S100A4,APOC1,ENSG00000268173,CTNNB1,PSAP,APOE,NAMPT,ENSG00000250644,RBM47,FOXO3,S100A11,CTSB,TYROBP,C1QA,ACSL1,S100A10,MSR1,MT2A,RNASEK,CALM1,PIK3R5,CSTB,TFRC,C1QB,ENSG00000260272,ENSG00000253736,ANKRD28,MAML2,ADAM17,ITM2B,LGALS1,GPX1,SOD2,ANXA2,SBF2,LSAMP,LITAF,SDCBP,VAPA,QKI,RNF149,CLIC4,NDUFA4,CST3,ARHGAP26,APLP2,NPC2",lung,unknown,F
Adams_2020,F16,"CUX1,LRMP,MSI2,MGST2,TPD52,TOX,HMGN1,LCP1,SMIM14,BCAS4,SRSF3,SGPP1,SNX3,RNGTT,CDK19,FAM102A,PVT1,MCTP2,GMDS,ENSG00000248993,ENSG00000284292,LRRK1,CDK13,TPM4,SEC14L1,PHTF2,SYNE2,NDUFA4,STRADA,MYO1E,NUCKS1,NEK6,TERF2IP,STAP1,ENSG00000263264,TLE4,UBE2R2,FAM168A,WDR70,SSBP2,YWHAB,H3F3A,SND1,NF1,TBL1XR1,THOC2,VPREB3,RAB30,ENSG00000276418,TCEA1",lung,B cells,F
Adams_2020,M4,"HSPA1A,HSPA1B,HMOX1,DNAJB1,HSPH1,ENSG00000273112,BAG3",lung,unknown,M
Adams_2020,F17,"MSR1,ANKRD28,SNTB1,ADAMTSL4-AS1,SLC1A3,MITF,IRAK3,UTRN,DENND4C,PIAS1,ADAM17,IQGAP2",lung,unknown,F
Adams_2020,F18,"CCL2,ZFAND2A",lung,unknown,F
Adams_2020,M8,"RGS1,CD69,RHOH,RGS2,TNIK,MCTP2,CHN2,RPS6KA5,PRKCA,FER,PRKX,SMIM3,BIRC3,MARCH3,CLU,BATF,PAK1,IL18R1,TPSB2,TPSAB1,ADAM12,SLC24A3,IL1RL1",lung,mast cells,M
Adams_2020,M7,"TEX14,RGS1,RHOH,INSR,ENSG00000240040,GALNT2,ERN1,PPP1R16B,SERPINB9,ST6GAL1,SLC7A5,GNG7,SEL1L3,GAB1,BCL2L11,LPIN1,CREB3L2,COBLL1,JCHAIN,IRF4,TXNDC5",lung,unknown,M
Adams_2020,F29,"ANKRD28,PELI1,FNDC3B,HIPK2,IGHG2,IGHG3,IGHG1,CYTOR,FNBP1,ST6GAL1,IGHGP,IGLC2,IGLC3,PLCG2,EIF2AK3,TPD52,IGHG4,IGHA1,TXNDC5,IGLL5,MIR4435-2HG,JUN,CFLAR,ARID5B,NDUFAF6,PRDM1,USP48,CARMIL1,RALGPS2,CLIC4,ATXN1,VOPP1,ENSG00000254698,EHMT1,IFNG-AS1,MYO1D,HSPA1B,HSPA1A,HMCES,POU2AF1,MCTP2",lung,plasma cells,F
Adams_2020,F30,"GZMB,CTSB,LDLRAD4,GPR183,AFF3,NR4A3,CXCR4,SNX9,IRF8,TYROBP,FAM160A1,SOX4,TCF4,BCL11A,INPP4A,AREG,IL3RA,HLA-DPA1,ALOX5AP,RHEX,RNF130,PLAC8,GPX1,ZC3HAV1,SLC15A4,HLA-DRB1,AUTS2,HLA-DPB1,PTPRS,CERS6,CLN8,C12orf75,CDYL,APP,CD99,POLB,DSTN,CST3,IRF7,HIVEP1,GNAQ,NR3C1,MOB1B,ENSG00000249141,XYLT1,CARD11,RGS2,SMG1P4,FOXP1,CORO1C",lung,unknown,F
