Data,Cluster,Markers,Organization,cell_type,level
Alonso_2022,M3,"BCAM,CCN1,SPINT2,CD151,KRT8,DCXR,KRT18,SPRR2F,KRT19,EMX2,DMKN",gonad,epithelial cells,M
Alonso_2022,F17,"UPK3B,MGP,DCN,LGALS3,CAV1,CCDC80,KLK11,ALDH1A2",gonad,mesothelial cells,F
Alonso_2022,F19,"BST2,DLK1,MEG3,CRABP2,NRK,SERPINE2,HMGA2,NPY",gonad,granulosa cells,F
Alonso_2022,F20,"PCP4,SST,SPRR2F,IGFBP3,LYPD1,CALY,PAX8,CRYAB,CLDN1,FBXO32,NUDT4,NRGN,CNMD,NDP",gonad,Sertoli cells,F
Alonso_2022,F18,"CD24,EPCAM,WFDC2,MMP7,CLDN3,CTHRC1,CLDN4,RNASET2,DCDC2,CYB5A,UGT2B7,ADGRG2,ELF3,HPN,CLDN7,ASRGL1,LHX1,KIF12,HOXB2,PAX2,HNF1B,RAB25",gonad,ovarian surface epithelial cells,F
Alonso_2022,F22,"APOE,GPC3,MT1F,SERPINF1,MT1G,CYB5A,GATM,VCAN,SULT1E1,AFP,SLC9A3R1,MPC2,FLRT3,PTGR1,TMEM176B,TMEM176A,DNPH1,ALDH1A1,DCDC2,PPP1R16A,SMIM24,MT1X,PSAT1,ANXA4,FXYD2,CD24,MT1E,EPCAM,TM7SF2,GCHFR,COTL1,NIPSNAP1,NIT2,CHCHD10,AIG1,DECR1,BDH2,SLC25A1,FARP1,HPN,DAB2,ETFB,SLC39A4,CRYL1,SERPINA1,GPX3,BIN1,MT1H,BHMT,LGALS2",gonad,hepatocytes,F
Alonso_2022,F21,"APOA1,GSTA1,AMH,GADD45G,SERPINA5,CKB,GATM,MIR202HG,CITED1,G6PD,SEPTIN6,INHA,REEP6,CTSV,CLDN11,TANC2",gonad,Sertoli cells,F
Alonso_2022,M0,"DLK1,C7,CXCL12,TSHZ2,PLAC9,LHX9",gonad,unknown,M
Alonso_2022,F2,,gonad,unknown,F
Alonso_2022,F0,"EEF1G,RPS10,RPS17,RNASEK",gonad,unknown,F
Alonso_2022,F1,"MTRNR2L12,EGR1,ZFP36",gonad,unknown,F
Alonso_2022,M2,"DCN,GPC3,IGFBP5,HSPB6,TCF21,CPE,MEST,ISLR,OGN,PCOLCE,CEBPD,RARRES2,FBLN1,COL14A1,FSTL1,PDGFRA,OLFML3,PLAC9,LTBP4,MFAP4,COL6A2",gonad,fibroblasts,M
Alonso_2022,F13,LUM,gonad,fibroblasts,F
Alonso_2022,F15,"HMGB2,UBE2C,TOP2A,TYMS,H2AFX,CKS2,H2AFV,PTTG1,ARL6IP1,NUSAP1,TMSB15A,CKS1B,LSM4,UBE2S,CENPF,CDK1,FABP5,TMPO,JPT1,BUB3,SMC4,UBE2T,SMC2,KIF22,TPX2,MKI67,MAD2L1,LMNB1,PCLAF,CKAP2,ZWINT,ASPM,CCNB2,KIF20A,CDT1,CENPU,CENPK,TK1,MXD3,BIRC5,CDKN3,FBXO5,CCNA2,CDCA3,KIFC1,CENPM,AURKB,PRC1,GMNN,KIF20B",gonad,proliferating fibroblasts,F
Alonso_2022,F14,"MGP,PLAT,C11orf96,CAPN6,PAGE4,BTG2,INHBA,ALDH1A1",gonad,fibroblasts,F
Alonso_2022,F16,,gonad,fibroblasts,F
Alonso_2022,M1,"AMH,APOA1,BEX1,MIR202HG,INHA,CITED1,GSTA1,CKB,SERPINA5,CLU,FATE1,TMEM97,G6PD,ASS1,GATM,PRNP,ABRACL,REEP6,SOX9,OBSL1,HPRT1,TMX4,SUSD3,AC022075.1,HERC5,FHOD3,HLTF,IFI27L1,TMEM123,GNG7,BRICD5,HUWE1,CTSV,MMP15,WNT6,INHBB,TRIM55,TNNI3",gonad,Sertoli cells,M
Alonso_2022,F12,,gonad,Sertoli cells,F
Alonso_2022,F11,"COL1A1,MFAP2,IGFBP4,ZFP36,DCN,COL3A1,CALD1,MDK,IGF2,SERPINH1,SELENOP,LY6E,ZFP36L2,IGFBP2,DLK1,IGFBP5,NDN,MEST,CTSC,MEG3,GPC3,C7,COL6A2,HSPB6,NR2F2,CEBPD,SPARCL1,LTBP4,TPM2,CXCL12,COL6A3,PTN,RARRES2,MFAP4,ISLR,BGN,SERPING1,PLAC9,TCF21,BST2,TSHZ2,OLFML3,TMEM98,MMP23B,POSTN,FCGRT,MMP2,PCOLCE,RAB34,PLAT",gonad,Sertoli cells,F
Alonso_2022,F10,"HMGB2,UBE2S,SIVA1,UBE2C,TOP2A,H2AFX,RPA3,TYMS,CKS1B,PTTG1,SMC4,CENPF,TPX2,NUSAP1,UBE2T,CDK1,ZWINT",gonad,proliferating Sertoli cells,F
Alonso_2022,M5,"C7,COL15A1,PDGFRA,STAR,PEG3,LHX9,NID1,CYP1B1,ENG,PTCH2,NRK,COL5A1,MATN2,HHIP,ABCA10,ZEB2,TSHZ2",gonad,Leydig cells,M
Alonso_2022,F27,"GSTA1,S100A6,CYB5A,INSL3,MIR202HG,APOA1,FDXR,PRSS23,APOC1,PNPLA2,MYL9,S100A16,SFRP1,MGARP,CTNNAL1,CYP11A1,COMT,AAMDC,DIRAS3,CYP17A1,FDX1,PROK1,SIGLEC11,TM7SF2,FOXO4,CCDC69,TXNDC17,DUSP23",gonad,Leydig cells,F
Alonso_2022,F26,"SPARCL1,NID1,MFAP4,BGN,CXCL12,VCAN,COL5A1,AHNAK,MFAP2,PCDH9,CYP1B1,COL14A1,SYT1,LHX9,COL4A5,PDGFRB,EMILIN1,SULF1,NKAIN4,PCDH18,NLGN1,PLAC9,JPH4,TNS2",gonad,Leydig cells,F
Alonso_2022,M11,"IGFBP7,KLF2,RAMP2,S100A16,ANXA2,BCAM,TIMP3,FN1,SPTBN1,ITM2A,ENG,CCDC85B,GNG11,SH3BGRL3,PRCP,HLA-B,ID1,COL4A1,GYPC,SLC9A3R2,NPDC1,CAVIN1,HLA-C,PLK2,EGFL7,LIMS1,SLC2A3,MYH9,HLA-E,CD74,HSPG2,CRIP2,LDB2,CAV1,A2M,TFPI,MSN,FXYD5,MEF2C,SPP1,TM4SF1,CD34,NRP2,CALCRL,VWF,VAMP5,LPAR6,EFNB2,DUSP6,ESAM",gonad,endothelial cells,M
Alonso_2022,F4,"SPP1,ECM1,MGP",gonad,endothelial cells,F
Alonso_2022,F9,"HMGB2,ARL6IP1,JPT1,CKS2,H2AFJ,TUBB6,TYMS,TUBA1C,UBE2C,TMPO,HMGB3,LSM5,UBE2S,PTTG1,CKS1B,KPNA2,SMC4,DTYMK,TOP2A,CENPF,H2AFX,CDK1,NUSAP1,CKAP2,MKI67,CDC20,CCNB1,TPX2,BIRC5,CCNB2,UBE2T,ZWINT,MAD2L1,PHF19,TK1,NCAPD2,KIF20A,SCARA3,KIF20B,ASPM,RNF26,TACC3,CDKN3,AURKB,RAD51AP1,CENPN,EZH2,CCNA2,CENPM,PLK1",gonad,proliferating endothelial cells,F
Alonso_2022,F5,"PLVAP,CAVIN2,PLAT",gonad,endothelial cells,F
Alonso_2022,F7,"GJA4,APOA1,IL32,SERPINE2,SRGN,IGFBP3,CLEC3B,CAVIN3,AQP1,FBN1,CD9,PPA1,JAG1,HPGD,GPIHBP1,LMCD1,PDLIM1,CTSZ,GJA5,FBLN5,HES4,MECOM,CXCR4,ARL15,PRND,JAG2,SLC14A1,VEGFC,ALPL,COBLL1,EGFL8,SEMA3G",gonad,endothelial cells,F
Alonso_2022,F6,"COL1A2,COL1A1,AMH,EGR1,DCN,DLK1,GPC3,HSPB6",gonad,unknown,F
Alonso_2022,F8,"CCL21,ARL4A,NTS,CAVIN2,GJA4,FABP5,TFF3,MMRN1,CD9,ADD3,NEAT1,CTSL,PRXL2A,CLU,MSMO1,LIMD2,CTHRC1,PDLIM1,ALDH2,GJA1,RHOJ,CD47,ACTN1,PLSCR4,WNK1,PLAAT3,PNPLA2,PTPRE,PCBD1,LAPTM5,NUPR1,TSPAN5,LGALS3,SULF2,PROX1,STAB2,PTX3,PGM5,NFATC1,RELN,C20orf204,FAM174B,NBL1,DKK3,AL583785.1,PDPN,IGF1,LY96,GPM6A,SPHK1",gonad,lymphatic endothelial cells,F
Alonso_2022,M6,"CD74,SH3BGRL3,HLA-B,HLA-C,CTSB,MEF2C,NEAT1,CYBA,A2M,AIF1,HLA-E,DAB2,MAF,COTL1,LGMN,RNASET2,HLA-DRB1,HLA-DRA,TYROBP,C1QC,BLVRB,C1QA,UCP2,HLA-DPA1,HLA-DPB1,ARHGDIB,VAMP8,RGS10,CTSZ,SRGN,CD14,C1QB,SAMHD1,FCER1G,CD68,LAPTM5,FOLR2,GMFG,STAB1,CSF1R,CD36,MS4A6A",gonad,macrophages,M
Alonso_2022,F28,"HMOX1,CCL3",gonad,macrophages,F
Alonso_2022,F29,"COL1A1,COL1A2,SPARC,IGF2,COL3A1,BEX3,MDK,DCN,IGFBP4,DLK1,C12orf57,NREP,ITM2C,PRDX2,MAGED2,MFAP2,SERPINH1,CALD1,C7,TCEAL4,COL6A2,PGRMC1,MEST,NR2F2,RTL8C,MEG3,GPC3,IGFBP5,IGFBP2,MMP2,SPARCL1,CXCL12,SFRP1,TPM2,TSHZ2,COL6A1,HSPB6,LTBP4,PEG3,BGN,ISLR,CNN3,PLAC9,MFAP4,NDN,SERPINE2,MARCKSL1,PFN2,MATN2,PDGFRB",gonad,fibroblasts,F
Alonso_2022,F30,"RCSD1,CD79B,HIST1H1C,CXCR4,NIBAN3",gonad,unknown,F
Alonso_2022,F31,"AMH,BEX1,CITED1,APOA1,SERPINF1,GSTA1,CKB,INHA,MIR202HG,H1F0,MAGED2,SERPINA5,PABPN1,ZFAND5,MARCKSL1,EGR1,BBX,PRNP,SEPTIN6,CLU,RBBP7,SEC14L1,ATP1A1,HUWE1,GADD45G,HERC5,ISYNA1,PRMT1,LRP1,MYL6B,G6PD,SUSD3,COL1A2,RAD21,ERG28,TMEM97,RDX,TAGLN2,CCND2,REEP6,S100A13,PPP1R14A,MAGED1,OBSL1,SYNE2,TSPYL2,LAPTM4B,HLTF,FATE1,FN3K",gonad,unknown,F
Alonso_2022,F32,"S100A4,S100A6,LSP1,CTSS,S100A8,S100A9,TSPO,LYZ,ANXA1,CCL3L1,RETN,VSIR,CD52,IL1B,C1orf162,VCAN,MNDA,CD83,FPR1,PLSCR1,NAMPT,STXBP2,AP1S2,KLF4,DUSP2,CLEC7A,TNFAIP3,ANXA2,FGL2,NCF1,FCN1,SERPINB1,RAB5IF,GCA,CFD,CSF3R,FLNA,BASP1,PILRA,THBS1,SERPINA1,G0S2,C19orf38,IGSF6,BCL2A1,PLBD1,SELL,SLC11A1,CRIP1,LRRK2",gonad,macrophages,F
Alonso_2022,M8,"MAP1B,AKAP12,CDKN1C,JPT1,UCHL1,GDI1,ODC1,VAT1,CXXC5,DCTN3,CADM1,CCND1,CUEDC2,PCBD1,RTN3,ID1,RGS5,METTL9,MLLT11,TUBB2A,GATA2,QDPR,SST,PCSK1N,NNAT,HMGA1,CRMP1,NPY,CHGA,LINC02381,CD24,TUBB2B,TUBB3,FAM162B,CHGB,RGS4,PCBP4,STMN2,RAMP1,ATP6V0E2",gonad,neuroendocrine cells,M
Alonso_2022,F36,"CHGA,STMN2,RGS4,CHGB,PHOX2A,RGS5,PCSK1N,EEF1A2,DBH,CD24,GATA2,HAND2-AS1,BEX1,SLC18A1,GNG3,SST,NPY,FAM162B,DDC,CHRNA3,VSTM2L,GATA3,NT5E,APLP1,ADM,ICA1,RAMP1,GDAP1L1,KRT19,TLCD3B,CYB561,EML5,HAND2,FAIM2,GAL,TH,BEX2,CNTN1,DCX,NPDC1,SCG2,EPAS1,ENO2,SEZ6L2,TMEM59L,INA,RAB3C,NSG2,RBFOX1,LMO1",gonad,neuroendocrine cells,F
Alonso_2022,F37,"CRABP1,PLP1,S100B,LGALS1,MPZ,ANXA2,PTN,COL5A2,CDH6,VCAN,ALDH1A1,POSTN,PLS3,CCN1,MOXD1,LMO4,GPM6B,EDNRB,CRYAB,ANXA1,PTPRZ1,SCRG1,SERPINH1,NES,NUDT4,NGFR,OLFML2A,MMP2,METRN,DST,ERBB3,ZEB2,CNP,S100A10,SEMA3B,FLNA,PLAT,TTYH1,DNAJC1,SPP1,FXYD1,CDH19,SOX10,FOXD3-AS1,LGI4,IFITM3,COL1A2,SNAI1,MGST1,GAS7",gonad,Schwann cells,F
Alonso_2022,M9,"SLC25A39,MT2A,SLC25A37,BLVRB,FAM210B,MT1X",gonad,unknown,M
Alonso_2022,F38,"DLK1,IGF2,MIF,NREP,RBP1,HSPD1,SPARC,NME4,PGAM1,MARCKSL1,PKM,CD99,NDN,HSPB1,HMGN2,TPM2,PRDX3,TMSB4X,PEBP1,TIMP1,STAR,IGFBP2,APOE,GSTA4,FSCN1,MDK,IMPDH2,STMN1,SMS,CDKN1C,GPC3,FABP5,LY6E,FDX1,CTSC,HSBP1,LDHA,PFN2,S100A13,TPM1,SRSF9,SMARCB1,PLD3,TXNDC17,LSM4,APP,FDXR,SNRPD1,HSPE1,TSPAN3",gonad,unknown,F
Alonso_2022,F39,"HBE1,HBZ,SLC25A37,HBA2,GYPC,BLVRB,HBA1,ALAS2,HBM,AC104389.5,MT1G,HBG2,AHSP,MT1F,MT1E,MT1X,FAM210B,GYPB,MPP1,NUDT4,MT2A,HMBS,HBQ1,TALDO1,UCP2,ADIPOR1,SLC39A8,MT1H,GSTO1,CREG1,BPGM,GYPA,GADD45A,SMIM1,HEMGN,RAD23A,RGS10,SELENBP1,GLUL,SQSTM1,S100A6,SH3BGRL3,PPP1R15A,TUBA4A,SLC4A1,R3HDM4,SNCA,UROD,NCOA4,PTP4A2",gonad,erythroid progenitor cells,F
Alonso_2022,M10,"TCF21,IGFBP7,GPC3,S100A6,BCAM,ANXA2,SPINT2,WT1,NPW,TJP1,CD151,MYH9,CDKN1C,GSN,TSC22D3,SLC9A3R2,CSRP1,ACTN4,CCN2,MXRA8,NECTIN2,EFNB1,LEPROT,FSTL1,SEPTIN11,ATP6AP2,PALLD,RBPMS,RBMS1,TM9SF2,ZNF503,EZR,PLTP,GAS6,CPXM1,H2AFJ,MAFB,HTRA1,TMEM179B,TMEM259,NLRP1,APLP2,NES,ARMCX3,SPOCK2,LAMB2,PDLIM7,TYRO3,TRIB2,ID4",gonad,Sertoli cells,M
Alonso_2022,M7,"IGFBP7,ACTA2,PLAC9,CPE,LHFPL6,CD248,PDGFRB,EDNRA,THY1,TAGLN,PRSS23,COL4A1,TINAGL1,MYLK,MEF2C,TGFB1I1,CRIP2,CAV1,BCAM,LITAF,RGS5,HES4,NOTCH3,NDUFA4L2,FJX1,PDLIM1,FOXS1,GUCY1A1,IMPA2,GUCY1B1,FAM162B,MYH11,GEM,MCAM",gonad,pericytes,M
Alonso_2022,F33,HIGD1B,gonad,unknown,F
Alonso_2022,F34,"DLK1,DCN,CXCL12,TSHZ2,MMP2,LHX9",gonad,perivascular cells (pericyte-like),F
Alonso_2022,F35,"ELN,MYH11,CRIP1,NET1,SULT1E1,ACTG2,ADIRF,PLN,CSRP1,SOD3,HSPA2,GJA4,ID4,AOC3,SDC2,PDLIM5,TSPO,RERGL",gonad,vascular smooth muscle cells,F
Alonso_2022,M4,"APOE,HERC5,CKS2,SRM,CCT5,LSM4,CYCS,PARP1,SPINT2,DNAJB6,TUBA1C,G3BP1,UBE2S,APOC1,BRD7,HSPH1,MEAF6,IK,TCP1,CTSL,TMEM14A,CACYBP,BNIP3,MRPL41,PSMG2,ADRM1,UBA2,TRAPPC2L,PSMD1,MESD,DNAJA2,BUD23,SMC3,UCHL1,HSPA4,DNAJC15,MKRN1,BAZ1B,SUPT16H,TAF1D,PSMD6,PDPN,SUGT1,UBE2N,LMAN2,JPT1,RBM17,LSM14A,LYPLA1,WDR1",gonad,unknown,M
Alonso_2022,F25,,gonad,unknown,F
Alonso_2022,F24,"RNASE1,AMH,BEX3,BEX1,CD99,IFITM3,SPARC,CITED1,MIR202HG,COL1A2,VCAN,PGRMC1,MARCKS",gonad,unknown,F
Alonso_2022,F23,"DCAF4L1,STK31,ID1,MAGEB2,ID3,PAGE2B,PAGE5,MAGEC2,PIWIL4,RHOXF1,FHL1,MORC1,HOXA7,AL033504.1,SLC25A31",gonad,unknown,F
