Data,Cluster,Markers,Organization,cell_type,level
Bharat_2020,M0,"APOE,FABP4,APOC1,OLR1,FCGR2A,SLC11A1,CD37,LYZ,TYROBP,TREM1,HEXB,LCP1,HNMT,PAG1,CD68,STXBP2,VSIG4,ARHGDIB,SPI1,CYP27A1,CXCL16,GRINA,FCER1G,LAIR2,PELATON,CSTA,CD52,FAM89A,DEFB1,BCL2A1,MS4A7,HLA-DQA2,CCL18,C1QA,LPL,ALOX5,CHCHD10,HLA-DMA,INHBA,FBP1,GCA,AIF1,HLA-DRB5,unknown,GCHFR,HPGD,EVI2B,ALOX5AP,ACP5,DAB2",airway,alveolar macrophages,M
Bharat_2020,F1,"LAIR2,HLA-DRB5,HLA-DQA2,FN1,CHIT1",airway,alveolar macrophages,F
Bharat_2020,F0,"RETN,IFI27,IER3,NABP1,RBP4,MME,RBBP6,PPP1R10,MTRNR2L12,KCNQ1OT1,ABL2,MRPL18,ITSN1,ITIH5,CXCL8,VGLL3,PLK2,MGLL,AOC3,SPARC,DNAJB4,EHD1,MS4A14,CYB5D1,FGL2,SECTM1,SLC25A44,DUSP2,NFKBIE",airway,alveolar macrophages,F
Bharat_2020,M3,"SPARCL1,TIMP3,IGFBP7,IFI27,TFPI,MGP,CAV1,ID1,RNASE1,MT1M,CLDN5,VWF,PECAM1,TM4SF1,TCF4,EGFL7,AQP1,GNG11,HYAL2,CALCRL,A2M,LIFR,TAMALIN,CAVIN2,PTPRB,SLC9A3R2,RAMP2",airway,endothelial cells,M
Bharat_2020,F14,"CLU,ACKR1,C7,CCL23,MMRN1,POSTN,PLAT,CCL2,HSPG2,NNMT,PRSS23,C2CD4B,RAMP3,ICAM1,NR2F2,SRPX,CPE,SOD2,CRIM1,ADAMTS9,PTGDS,IL1R1,MRTFB,IER3,SLCO2A1,PRCP,TGM2,TINAGL1",airway,endothelial cells,F
Bharat_2020,F15,CA4,airway,capillary endothelial cells,F
Bharat_2020,F18,"IGFBP3,FAM107A,ADAMTS1,LDB2,TMEM100,PAPSS2,EFNB2,IL33,NOTCH4,SMAD6,ENPP2,NPR3,HEY1,PLPP1,MMRN2,THSD7A,DKK2,GJA5",airway,vascular endothelial cells,F
Bharat_2020,F17,"CCL21,MMRN1,CALD1,PPFIBP1,NR2F2,TFF3,MAF,MARCKS,AKAP12,ELK3,NRP2,PPP1R2,UTRN,PKHD1L1,SPRY1,KDR,PROX1,ADD3,SHC1,TM4SF18,FLT4,TBX1,SMAD1,NR2F1",airway,lymphatic endothelial cells,F
Bharat_2020,F16,"CTSS,LAPTM5,HLA-DPB1,CTSB,FCER1G,AIF1,LGALS1,CD163,LAIR2,MRC1,LPL,ATP5MF,AREG,LAMP2,CD44,PTPRC,ZNF706,LTA4H,CITED2,LAIR1,S100A9,CD68,ATP6V1F,CAPG,TIMP2,MTPN,SH3BGRL,MARCO,APOE,ATP6AP2,UPP1,NSA2,OLR1,CYBA,CD52,HEXB,GPNMB,HLA-DQA2,NDUFA3,FBP1,NDUFB2,PELATON,DAB2,ZFAS1,TREM1,NDUFS5,PPARG,MACROH2A1,GPX4,CTSC",airway,macrophages,F
Bharat_2020,M5,"SFTPC,SFTPB,SFTPA2,SFTPA1,SCGB1A1,RNASE1,HOPX,NAPSA,SFTA2,WFDC2,PGC,SFTPD,EMP2,ADIRF,MUC1,SLC34A2,KRT7,GPRC5A,ICAM1,KRT8,SDC4,ELF3,SFTA3,LMO7,CLDN4,KRT18,ADGRF5,SYNE1,LRRK2,AGR2,SPTSSA,CKB,PEBP4,FXYD3,C16orf89,SLC39A8,TCIM,NKX2-1,STEAP4,EPCAM,C2,TACC2,NEDD4L,LDLR,FOLR1,BCAM,LAMP3,CHI3L2,ABCA3,SELENBP1",airway,alveolar type 2 cells,M
Bharat_2020,F24,"SCGB3A2,CXCL1,CXCL8,MGP,FMO2,CLU,KLK11,CP,GSTA1,ELAPOR1,SERPINF1,CRACR2B,CLIC6",airway,unknown,F
Bharat_2020,F25,,airway,alveolar type 2 cells,F
Bharat_2020,F23,"AGER,CAV1,S100A4,CEACAM6,CAV2,MYL9,DST,ANXA3,TNNC1,SPOCK2,RGCC,ANKRD29,RTKN2,TIMP3,IFI27,CLIC5,COL4A3,SCEL,GOLGA8B,GSN,ARHGEF26,WFS1,GAS6,FMO2,SEMA3B,LAMA3,COL12A1",airway,alveolar type 2 cells,F
Bharat_2020,F22,"ID2,PLIN2,IRF1,IER3,INTS6,BMP2,CXCL8,RRAD,ADAMTS1,ICAM4,CD83,ARIH1,AHR,HEXIM1,BCL6,TIPARP,ATF3,PPP1R10,TNFSF14",airway,unknown,F
Bharat_2020,M1,"DCN,SPARCL1,CFD,MGP,IGFBP6,FBLN1,CALD1,ADH1B,TIMP3,GPX3,COL1A2,C1R,IGFBP4,VCAN,COL6A2,A2M,C11orf96,DST,IGFBP7,SFRP2,IGFBP5,C1S,SPARC,CCDC80,LUM,CCN1,PLA2G2A,FN1,SERPINF1,C3,PMP22,TPM1,C7,TAGLN,PLAC9,MMP2,FSTL1,MFAP5,COL3A1,FBN1,COL6A1,NNMT,COL1A1,ADAMTS1,SELENOM,CCN5,TPM2,MYL9,CCN2,SOD3",airway,fibroblasts,M
Bharat_2020,F2,"MFAP5,THY1,PCOLCE2,APCDD1,DBI,SPOCK1,FKBP1A,VKORC1,NUCB2,P4HA2,TKT,GNG11,S100A16,PRDX4,OSTC,PPIC,MGST1,RPL22L1,PLP2,PHGDH",airway,fibroblasts,F
Bharat_2020,F3,"MTRNR2L8,PI16,LEPR,PTGIS,CD34,GALNT15,OMD,SEMA3C,ABLIM1,F3",airway,fibroblasts,F
Bharat_2020,F5,"PAG1,RGN,COL4A1,COX4I2,KCNK3,TBX2,APOE,CRIM1,KLHL23,CARMN,GUCY1A2,NOTCH3,TBX3,MYO1B,CPM,FRMD4B,SYNM,CSPG4,SYNE2,GJC1,RRAD,DGKH,HIGD1B,DGKG,HES4,LAMC3,RNF152,PLCE1,ITGA1,F2R,CCDC68,EGFL6,ADGRF5,ADGRG6,GJA4,SORT1,PTN,NDUFA4L2,TBX5,TRPC6,PREX2,MCAM,ARHGEF7,NCK2,ARHGEF17,MYH11,STARD9",airway,fibroblasts,F
Bharat_2020,F6,"ACTA2,MYH11,PPP1R14A,MCAM,MYLK,LMOD1,ID4,ADAMTS4,ACTN1,LBH,DES,EGFL6,SYNPO2,RGS16,CAV2,TINAGL1,TNNT2,ACTG2,CSRP2,INPP4B,GJA4,NIBAN1,RCAN2,ISYNA1,TM4SF1,CNN1,EDNRB,CRIM1,KLHL23,SORBS2,NTRK3,TBX2,BCAM,RERGL,CRIP2,PLN",airway,myofibroblasts,F
Bharat_2020,F4,"PTGDS,CCL2,SCN7A,RGCC,MYLK,PLEKHH2,LMCD1,LBH,LIMCH1,MYH10,CES1,AOC3,GPC3,SLC40A1,DKK3,ANGPT1,ITGA8,CDH11,NPNT,CD302,ADARB1,NRP2",airway,fibroblasts,F
Bharat_2020,F7,"APOE,CTSC,CD74,LPL,LRRFIP1,CD68,MACROH2A1,AKR1A1,COX5A,CTSZ,CIB1,GLIPR2,NDUFA3,COX17,SRGN,HLA-DRA,HLA-DPA1,FABP4,CYP27A1,APOC1,HLA-DRB1,HLA-DPB1,AREG,COTL1,PYCARD,GCHFR,FBP1,RAB11FIP1,C1QB,LTA4H,SLC8A1,C1QA,CAPG,INHBA,CTSS",airway,fibroblasts,F
Bharat_2020,M6,"BIRC3,CREM,STK4,CORO1A,CD48,CXCR4,CD69,FNBP1,CYTIP,SMAP2,LIMD2,unknown,ICAM3,LTB,ACAP1",airway,memory T cells,M
Bharat_2020,F29,"TYROBP,FCER1G,LYZ,CST3,PSAP,CTSB,NPC2,TIMP1,CEBPB,AIF1,S100A9,YBX3,ZEB2,PLAUR,TNFRSF1B,SLC11A1,FYB1,GK,CD68,ANXA1,ASAH1,FCGRT,OLR1,VAMP8,PKM,GSTO1,CTSD,IER3,LAMTOR4,THBS1,SOCS3,TKT,HIF1A,ITGB2,LIMS1,EFHD2,G0S2,CYBB,APLP2,CD163,GLUL,INSIG1,SERPINA1,GRN,RGS10,CEBPD,S100A8,PPIF,MXD1,C1QC",airway,macrophages,F
Bharat_2020,F27,"ANXA1,ARL4C,CD2,IL7R,IL32,CCL5,CD3D,RORA,LEPROTL1,DUSP4,TRBC2,FYB1,CEMIP2,CD3E,ETS1,SYNE2,FYN,CD3G",airway,memory T cells,F
Bharat_2020,F26,"CD83,MS4A1,HLA-DQA1,BANK1,CD79A,CCR7,LY9,MEF2C,NFKBID,PRDM2,POU2F2,SWAP70,MARCKS,ADAM28,unknown,TNFRSF13C,BASP1,MIR29B2CHG,RALGPS2,ARHGAP24,TNFRSF13B,BLK,IGKC",airway,memory B cells,F
Bharat_2020,F28,"APOC1,C1QB,CST3,LGALS3,ALOX5AP,C1QA,TYROBP,CTSD,FCER1G,GLUL,FABP4,APOE,FBP1,CD9,MS4A7,ANXA1,CD63,C1QC,BRI3,CAPG,ANXA5,RGCC,CD68,LAIR1,NOP10,ASAH1,ATP5MK,GSTO1,MARCO,CTSB,LAPTM4A,MGST3,SNX10,SLC11A1,C1orf162,GCHFR,CKLF,ACP5,SERPINA1,VDAC1,MACROH2A1,GRN,LAIR2,GSTP1,ATP5ME,ATP5MJ,ALDH2,CEBPB,CITED2,PAG1",airway,alveolar macrophages,F
Bharat_2020,F30,"IGLC2,IGHA1,JCHAIN,GSTP1,IGHG1,XBP1,MT1X,DUSP5,SEC11C,SSR3,PRDM1,ANKRD28,SPCS3,P4HB,MANF,TRAM1,MYDGF,OSTC,SELENOS,UBE2J1,MZB1,KDELR2,FKBP2,FKBP11,PRDX4,ITM2C,FCRL5,EAF2,CREB3L2,DERL3,ICAM2,B4GALT3,SLC44A1,ZNRD2,GCSH,SIL1,MRPL12",airway,plasma cells,F
Bharat_2020,M7,"CXCL8,S100A8,VCAN,IL1B,SLC2A3,C5AR1,G0S2,COTL1,EREG,BASP1,RGS2,ZNF331,MS4A6A,CD14,RETN,C15orf48,GPR183,AIF1,PTPRC,IGSF6,CLEC7A,FCGR2A,SERPINB9,LAPTM5,PPIF,LCP1,MNDA,PLEK,CORO1A,NR4A2,PTPRE,SAMSN1,LILRB2,C1orf162,RNASE6,FCGR3A,CD53,FOSL2,ITGB2,FCER1G,TNFRSF1B,CD163,ITGAX,CD93,CYBB,METRNL,CREM",airway,macrophages,M
Bharat_2020,F31,"APOC1,APOE,ACP5,HLA-DRB5,GCHFR,GPNMB,LAIR2,MCEMP1,LTA4H,LPL,MSR1,HLA-DQA2,CD9,MARCO,PEBP1,PELATON,MDH1,AKR1C3,S100A13,DAB2",airway,alveolar macrophages,F
Bharat_2020,F33,"G0S2,FCN1,WARS1,SERPINB2,CD300E,APOBEC3A,S100A12,PDE4B,CD48",airway,inflammatory macrophages,F
Bharat_2020,F34,"MARCKS,CCL3L1,FNIP2,CCL4,CCL3,SDS,SERPINB9,PTPN1,NFKB1,IL1RN,SLAMF7,SPHK1,NINJ1,ARFGAP3,EHD1",airway,macrophages,F
Bharat_2020,F32,F13A1,airway,macrophages,F
Bharat_2020,F35,"APOE,APOC1,FABP4,GCHFR,LY6E,UBE2S,KCNQ1OT1,INTS6,IFI6,PLAAT3,SERPING1,NUPR1,IFI27,RBP4,AGRP,MGLL,PCOLCE2,GBP3,INHBA,IFI44L,MME",airway,alveolar macrophages,F
Bharat_2020,M2,"SLPI,SCGB3A1,WFDC2,LCN2,RARRES1,SAA1,PIGR,KRT19,CXCL17,CLU,KRT7,AGR2,KRT18,CAPS,SAA2,SYNE1,BPIFB1,NUCB2,ANKRD36C,CLDN4,ELF3,SYNE2,MUC5B,RRAD,TMC5,PLCG2,SCGB1A1,TFF3,TSPAN1,TMEM190,LRRIQ1,DNAAF1,ODF3B,TPPP3,C20orf85,KRT8,C9orf24,CETN2,RSPH1,MORN2,MT-ND6,AGR3,CEP126,S100P,PIFO,ERICH3,DNAH5,IFT57,FAM183A,SLC44A4",airway,airway secretory cells,M
Bharat_2020,F11,"RRAD,PSENEN,GDF15,DYNLT4,IGFBP2,PLAC8,CES1,CLDN3,IGFBP7,RSPH4A,BASP1,CCN2,IFT22,STOM,LDLRAD1,DPY30,RUVBL1,GADD45A,CKB,MARCKS,HLA-DPA1,ANKRD37,MLF1,TSPAN19,LRG1,WDR38,GON7,C5orf49,PROM1,TMEM231,CD164L2,FOXJ1,DNAJA4,OMG,LXN,IFT43,RGS22,LRRC23,HIGD2A,NQO1,UGCG,CD164,unknown,SPATA18,AKAP14,AK1,CCDC65,SPACA9,C9orf116,LAPTM4A",airway,airway secretory cells,F
Bharat_2020,F10,"SFTPC,CYP4B1,SFTPB,SFTPA2,FOLR1,SFTPA1,SYT8,CPM,GPC3",airway,type II pneumocytes,F
Bharat_2020,F8,"MUC5B,MUC5AC,MSMB,SERPINB3,VMO1,BPIFA1,S100P,S100A9,FCGBP,C3,PRSS23,CDC42EP5,RIMS1,SERPINB4,CXCL1,ADAM28,SERPINB11,SLC26A4,TSPAN8,AQP5,ATP12A,MT1G,SLC4A4",airway,goblet cells,F
Bharat_2020,F9,"TSPAN19,DNAH3,ANKRD18A,DLEC1",airway,unknown,F
Bharat_2020,F12,"LTF,PIP,AZGP1,ZG16B,TCN1,DMBT1,CXCL2,TIMP1,PRR4,TM4SF1,unknown,SSR2,NAMPT,PI3,SELENOM,CCL28,ADIRF,FAM3D,CHI3L2,FCGBP,TFCP2L1,LDHA,AQP5,TPD52L1,OGFRL1,PRSS8",airway,goblet cells,F
Bharat_2020,F13,"SFTPC,SFTPB,SFTPA2,SFTPA1,CTSH,NPC2,S100A14,AK1,MLPH,DHCR24,NAPSA,NEDD4L,TKT,TCIM,HOPX,TACC2,FOLR1,FDPS,DUOX1,STEAP4,NAMPT,IDI1,RNASE1,AREG,MTUS1,BLVRB,TOP1,CAT,CXCL2,MID1IP1,MBNL1,EIF3F,SELENOP,PPA1,CPM,TFPI,ICAM1,EIF3E,SFTA3,EPHX1,FABP5,EGR1,PGC,SFTA2,C16orf89,CYP4B1,SFTPD,LMO3,CHI3L2,WIF1",airway,alveolar type 2 cells,F
Bharat_2020,M4,"CXCL8,SCGB3A1,SLPI,SCGB1A1,RARRES1,KRT19,S100A8,S100A2,RND3,AQP3,SAA1,CXCL17,CXCL1,IER3,ID1,TACSTD2,F3,S100A14,NCOA7,SOX4,SERPINF1,TM4SF1,SAA2,TSC22D1,KRT17,WFDC2,CLDN4,PRSS23,FXYD3,KRT8,BPIFB1,PERP,SERPINB3,ELF3,PRDX2,VMO1,IGFBP3,GADD45A,S100A16,ADIRF,TSPAN1,DUSP23,CAPS,S100P,SFN,IGFBP2,LDLR,SPINT2,ERRFI1,PMAIP1",airway,airway secretory cells,M
Bharat_2020,F21,"MMP10,CCL2",airway,airway secretory cells (inflammatory subset),F
Bharat_2020,F19,"SPRR2A,PI3,PLAT,IGFBP3,SLC6A14,UPK1B,ATP12A,NECTIN4,EPS8L1,GABRP,TTC9,BICDL2,MYH14,CRACR2B,B3GNT7,SULT2B1",airway,airway secretory cells,F
Bharat_2020,F20,"POSTN,THBS1,GOLM1,ARHGAP18,RARRES2,SCNN1B,TFCP2L1,LGALS1,TUBA1A,IDH2,SELENBP1,NARF,BPIFA2,CFTR,CYP26A1,GADD45G,TRIM47,HLA-F,CTSL,B3GNT2,RASSF6,TMEM61,CEL,TFF3,CTSS,FAM3B,SEMA3C,ATP6V1A,TACC2,ITPR2,STAP1,ASCL3,TFPI,PLCG2,FAM114A1,IGF1,AKR1B1,ATP6V1G3,CLCNKB,TMPRSS11E,RNF152,MAP1B,ITIH5,KCNMA1,HEPACAM2,GNG11,FYB2,SFTPB,PXDN,BSND",airway,airway secretory cells,F
