Data,Cluster,Markers,Organization,cell_type,level
Braga_2019_2,M4,"MGP,IGFBP7,SERPING1,DCN,PLA2G2A,CLU,NNMT,ADIRF,TFPI,IGFBP4,IFI27,C1R,CCDC80,EMP1,SPARCL1,IGFBP6,FBLN1,SPARC,COL1A2,GPX3,SELENOM,PMP22,RARRES1,TCEAL9,EFEMP1,RHOC,MT1M,CAV1,VAMP5,DEPP1,C1S,TIMP3,TGM2,ID3,SERPINH1,CALD1,CCN1,CYP1B1,GNG11,COL1A1,APP,IL6ST,A2M,COL3A1,COL6A2,S100A16,MT1A,PLAC9,RARRES2,FSTL1",lung,fibroblasts,M
Braga_2019_2,F14,"IFI27,ACKR1,VWF,RNASE1,CLDN5,EPAS1,AQP1,PECAM1,TM4SF1,BST2,EDN1,CALCRL,CD93,RAMP2,CLEC14A,PCAT19,EGFL7,ICAM2,FAM107A,RAMP3,ETS2,GIMAP7,CCL14,S1PR1,TNFSF10,LRRC32,NEDD9,ECSCR,SEC14L1,LDB2,FLT1,PTPRB,ADGRL4,PCDH17,MCAM,JAM2,SOX7,CDH5,PLVAP,SLCO2A1,PALMD,MMRN2,CDC42EP3,CSF3,HYAL2,IL3RA,MYCT1",lung,endothelial cells,F
Braga_2019_2,F15,"LUM,ADH1B,PRELP,SCARA5,FBLN5,MXRA8",lung,fibroblasts,F
Braga_2019_2,F13,"PLA2G2A,SFRP2,CXCL14,THY1,VCAN,IGF1,SERPINF1,SERPINE2,PI16,UAP1,FBN1,STEAP1,MEDAG,ABI3BP,MFAP5,CD248,COL1A2,HTRA3,FBLN1,PDGFRA,FGF7,PCOLCE,CRISPLD2,LUM,HAS1,FBLN2,PRRX1,LRP1,THBS1,COL6A3,PTX3,MMP2,FAIM2,COL1A1,SFRP4,RARRES1,G0S2",lung,fibroblasts,F
Braga_2019_2,F19,"TAGLN,ACTA2,PPP1R14A,CSRP1,CCN5,DKK3,ID4,PDK4,MYLK,MAP1B,CSRP2,MYH11,MCAM,TINAGL1,DES,C12orf75,NEXN,TGFB1I1,ACTG2,SORBS2,CNN1,RAMP1,NDUFA4L2,PLN,LMOD1,RCAN2,RASL12,NOTCH3,KCNMB1",lung,myofibroblasts,F
Braga_2019_2,F18,"CCL21,TFF3,PCAT19,MMRN1,ECSCR,CLDN5,LYVE1,ARL4A,PPFIBP1,CAVIN2,NR2F2,SCGB3A2,HYAL2,SNCG,ARHGAP29,DKK3,GMFG,MAF,FXYD6,SLC9A3R2,MTUS1,VPS35L,PRXL2A,NRP2,STMN1,PROX1,PECAM1,SMAD1,HS3ST1,CRTAC1,PARD6G,AFAP1L1,DSP,DMTN,SCN3B,FLT4,SYNM,SEMA3A,EGFL7",lung,lymphatic endothelial cells,F
Braga_2019_2,F16,"APOE,IGFBP2,PTGDS,CADM3,CXCL12,C7,MARCKSL1,HILPDA,PDGFRA,PHLDA1,EMILIN1,KRT8,ID4,VEGFA,DES,SNAI2,EGFL6,CRISPLD2,WT1,CLDN1,FBXO32,NKD2,HP,PPP1R1B,ELAPOR2,PTN,ROR1",lung,fibroblasts,F
Braga_2019_2,F17,"CCL21,RAMP2,SNCG,NTS,STMN1,CAVIN2,ECSCR,KRT18,PPP1R2,THBD,LDB2,CALCRL,XIST,EGFL7,CNKSR3,GMFG,LYVE1,TFF3,MGST2,C4orf48,VPS35L,ELK3,DIPK2B,LY96,TM4SF18,APOLD1,PTPRE,MAF,MMRN1,SPHK1,CLDN5,PPFIBP1,HYAL2,FLT4,PARD6G,SEMA3D,TBX1,SEMA3A,NR2F2,DYSF,UNC5B,MPP7,KBTBD11,RASGRP3,KLHL4,HOXD8,ACKR2,unknown,ARHGAP29,LINC01116",lung,lymphatic endothelial cells,F
Braga_2019_2,F21,"HP,KRT18,AQP1,KRT8,CRYAB,SAA1,NR2F1,VAMP8,ADAMTS9,C12orf75,PRG4,KRT19,EZR,COL8A1,TMEM98,SLC39A8,CFB,WFDC2,ITLN1,CXCL6,CLDN1,AADAC,C19orf33,MSLN,UPK3B,PLLP,CALB2,CXADR,IL18",lung,fibroblasts,F
Braga_2019_2,F20,"APOD,CXCL14,ADH1B,SFRP4,MFAP5,MT1G,PTX3,CRELD2,HSPA1B,ADM,CRYAB,OLFML3,CCN5,FGF7,TMEM176A,LTBP4,TMEM176B,IL6,FBLN2,CHRDL1,THBS2,STEAP4,CDK2AP2,PCSK5,EMILIN1,TMEM45A,STEAP1,DONSON,PODN,SERPINF2,SCARA5,CD248,SFRP2,PRRX1,CYP4B1",lung,fibroblasts,F
Braga_2019_2,M2,"FABP4,C1QC,FN1,VSIG4,CD163,SERPING1,SLC11A1,TREM1,OLR1,CES1,SNX10,CYP27A1,S100A13,LGALS3BP,INHBA,MRC1,MSR1,HNMT,MCEMP1,PILRA,IFI6,DEFB1,GPNMB,DAB2,unknown,MS4A4A,RBP4,FCGR3A,LGALS9,ARRDC4,GLDN,PCOLCE2,OASL,SIRPB1,RETN,AMIGO2,NCF2,SLC7A7,ADTRP,MME",lung,Alveolar macrophages,M
Braga_2019_2,F8,"C4orf48,MIF",lung,Alveolar macrophages,F
Braga_2019_2,F7,"CCL20,CCL4L2,TNFAIP6,TNFAIP3,CSF1,SAMSN1,B4GALT5,MARCKS,PHLDA2,NINJ1,DNAJA4,ICAM1,CKS2,PTX3,NBN,UBTD2,IL1A",lung,Activated alveolar macrophages,F
Braga_2019_2,F6,"HLA-DQA2,MT1E,CXCL5,MT1X,MTRNR2L12,THBD,IL1B,TGM2,ANKRD28,ABL2,MT1G,HBB,ITIH5,SCGB1A1",lung,Alveolar macrophages,F
Braga_2019_2,M5,"IL1B,SPP1,C15orf48,CCL20,EREG,IL1RN,CH25H,PLA2G7",lung,macrophages,M
Braga_2019_2,M1,"VCAN,FCN1,IFI30,G0S2,CORO1A,FPR1,MS4A6A,NR4A2,unknown,EREG,GLIPR1,GPR183,RGS2,CD14",lung,monocyte-derived macrophages,M
Braga_2019_2,F3,"HLA-DQA1,CCL17,GSN,CLEC10A,FCGR2B,CD1C,SPINT2,CST7,CSF2RA,PKIB,HLA-DQB2,FCER1A,HLA-DQA2",lung,monocyte-derived dendritic cells,F
Braga_2019_2,F1,"SCGB3A1,CCL2,LILRA5,S100A12",lung,monocyte-derived macrophages,F
Braga_2019_2,F2,"HSPA1A,HSPA1B,APOC1,HSPA6,MTRNR2L8,RPS4Y1,APOE,HSPH1",lung,activated monocyte-derived macrophages,F
Braga_2019_2,F4,"RPS4Y1,PLAC8,IL1R2,RNASE2,KLF2,DONSON",lung,monocyte-derived macrophages,F
Braga_2019_2,F5,"CKS2,NUCKS1,IFI6,H2AZ2,TUBA1C,MZT2B,GCHFR,LSM4,GPNMB,STMN1,RANBP1,SNRPD1,H4C3,LSM5,YWHAH,PTMS,DUT,SERPING1,CD81,CKS1B,CCL18,APOE,LPL,CENPW,HMGB3,PTTG1,HPGD,PCLAF,FAM111A,SKA2,ACOT7,DTYMK,TACC3,PHF19,UBE2C,CDK1,TOP2A,NUSAP1,TYMS,TK1,SMC2,GGH",lung,proliferating monocyte-derived macrophages,F
Braga_2019_2,M0,"SFTA2,HOPX,CXCL17,RNASE1,SLC34A2,WFDC2,MUC1,AGR2,KRT18,AGR3,SFTPD,AQP3,KRT8,PIGR,SFN,KRT19,DHCR24,SPINT2,TFPI,RNF145,SDC4,S100A14,SFTA3,KRT7,SCD,PRDX2,ID1,LAMP3,PGC,TCIM,SDR16C5,CLDN7,ABCA3,MSMO1,ATP1B1,PEBP4,TM4SF1,SPTSSA,MID1IP1,ELF3,ADIRF,MALL,C16orf89,LPCAT1,EPCAM,SLC39A8,TSC22D1,TSTD1,GKN2,TSPAN3",lung,type II pneumocyte,M
Braga_2019_2,M8,"APOE,IGSF6,TREM2,SNX10,MSR1,OTOA,CHIT1,DNASE2B,CYP27A1",lung,alveolar macrophages,M
Braga_2019_2,F27,"MCEMP1,GSN",lung,alveolar macrophages,F
Braga_2019_2,F28,TAF1D,lung,unknown,F
Braga_2019_2,M9,FPR3,lung,unknown,M
Braga_2019_2,F29,"CCL2,CCL20,RETN,CCL4L2,SPP1",lung,unknown,F
Braga_2019_2,F31,,lung,unknown,F
Braga_2019_2,F30,"APOE,unknown,CYP27A1,TMEM176A,PLA2G7,CXCR4,AKR1B1,TCN2,CORO1B,SNHG32,ALDH1A1,EVI2A,ADAMDEC1,LGALS2,SPARC,PIK3IP1,ALOX15B,SLC29A1",lung,unknown,F
Braga_2019_2,M3,"CORO1A,IL32,IL7R,NKG7,CD48,CCL5,IFITM1,GNLY,LTB,ISG20,CD69,CD3D,TRAC,TRBC1,TRBC2,CD7,CD2,CD3E,ACAP1,CST7,LCK",lung,T cells,M
Braga_2019_2,F11,"CCL5,NKG7,CST7,GZMH,KLRD1,SYTL3,GNLY,LINC01871,GZMB,FGFBP2,HLA-DQA1,CCL4,TRGC2,FYN,APMAP,AKNA,CRYBG1,SAMD3,PHF20,GCC2,GABARAPL1,HLA-DQA2,SLC38A1,ST3GAL1,CMC1,HBB,PRF1,FCGR3A,SYAP1",lung,Natural Killer (NK) cells,F
Braga_2019_2,F9,"S100A8,GZMA,GNLY,CXCL8,CCL4",lung,cytotoxic T cells,F
Braga_2019_2,F10,"IL7R,RPS4Y1,LTB,HSPA1A,APOC1,C1QB,C1QA,COTL1,HSPA1B",lung,memory T cells,F
Braga_2019_2,F12,"IGKC,IGLC2,IGHA1,HLA-DRB5,JCHAIN,HLA-DQB1,HLA-DQA1,IGLC3,SNX3,CD79A,CD79B,IGHM,MS4A1,LYN,POU2F2,MEF2C,P2RX5,BANK1,GNG7,LINC00926",lung,B cells,F
Braga_2019_2,M6,"RGS1,CLU,TPSB2,SAMSN1,CREM,TPSAB1,CD69,HPGD,GPR65,HPGDS,CPA3,RHOH,PTGS1,ITM2C",lung,mast cells,M
Braga_2019_2,F24,"C1QB,C1QC,HLA-DRB5,APOC1,MARCO,HLA-DQB1,VSIG4,MS4A7,ACP5,HLA-DPA1,CTSZ,MRC1,OLR1,HLA-DPB1,HLA-DMA,HLA-DQA1,ALDH2,CEBPB,MCEMP1,APOE,FCGR3A,FBP1,HSPA1A,PELATON,SLC11A1,GCHFR,COTL1,RAC1,FN1,CFD,GLRX,BRI3,SNX10,CSTA,FABP4,FCGRT,CTSC,SPI1,CTSH,CD81,SERPING1,LST1,LTA4H,CES1,IFI6,LAMP1,INHBA,GPNMB,YWHAH,RETN",lung,alveolar macrophages,F
Braga_2019_2,F23,"unknown,ITM2C,LTC4S,SLC18A2,RGS13,RHOH,BTG2,TMEM176B",lung,mast cells,F
Braga_2019_2,M7,"AGR3,IGFBP7,TPPP3,CLU,TSTD1,ELF3,FXYD3,PLAC8,AKAP9,PSENEN,IGFBP2,KRT8,IFT57,IK,ALDH1A1,NUCB2,CETN2,CLDN4,DMKN,SMIM22,EPCAM,RPA3,CAPS,DNPH1,ODF3B,HSPB11,TMC5,PCM1,GCC2,CKB,METTL7A,PERP,HIPK1,CYP4B1,CH17-340M24.3,SYNE1,APP,IGFBP5,CFAP298,C9orf24,RUVBL2,ALDH3B1,CLDN3,SYNE2,MORN2,MRPS31,SSBP4,ODF2L,TSPAN1,GON7",lung,lung epithelial cells,M
Braga_2019_2,F25,"IGFBP2,C1QA,C1QB,APOC1,RPS4Y1,RAC1,FABP4,GSTA2,KIF21A,PCSK1N,GRN,PIGR,PIP,C1QC,HSPA1A,LY6E,RGCC,FOLR1,DTHD1,MARCO,UBXN10,IGKC,APOE,FN1,MLLT1,ACP5,VSIG4,MCEMP1,LRRC49,RHPN1",lung,alveolar macrophages,F
Braga_2019_2,F26,"S100A8,CXCL8,MSMO1,XIST,CCL2,CCL3",lung,unknown,F
