Data,Cluster,Markers,Organization,cell_type,level
Braga_2019_1,M5,"GSTA1,PSCA,TPPP3,C9orf24,C20orf85,NUCB2,IGFBP7,PIGR,SAA1,SAA2,TSPAN1,CFAP276,AGR3,PLAC8,MORN2,CD24,TMEM190,DNAAF1,HOATZ,PIFO,FAM183A,OMG,CAPSL,MRPS31,CETN2,ECRG4,C5orf49,CP,C9orf116,CKB,CCDC146,MICOS13,IFI27,PTGES3,ERICH3,SCPEP1,DYNLRB2,ELF3,CYSTM1,GABPB1-AS1,BASP1,FAM229B,CFAP53,ROMO1,MRPL41,TSPAN6,ARL3,TFF3,KIF9,TMEM14B",airway,unknown,M
Braga_2019_1,F23,,airway,unknown,F
Braga_2019_1,F21,"C15orf48,CES1,LYPD2,RARRES1,FMO3,CCL20,CCPG1,ATP12A,IDO1,DUOXA2,IRAK3,SLC26A4",airway,unknown,F
Braga_2019_1,F22,"SERPINB3,MUC5AC,VMO1,CXCL1,FOSB,FAM3D,MUC5B,CXCL8,EGR1,NTS,TSPAN8,EPAS1,NR4A1,CEACAM6,F3,RDH10,CTSC,CYP2F1,IER3,EMP1,CXCL6,MT1G,RIMS1,SERPINB11,UPK1B,VEGFA,CLDN10",airway,goblet cells,F
Braga_2019_1,M2,"LCN2,PSCA,PIGR,S100P,VMO1,LYPD2,S100A9,ALDH3A1,ELF3,XBP1,FABP5,MUC5AC,MGST1,CP,TMC5,S100A14,AQP5,PI3,BPIFA1,CSTA,TSPAN1,ANKRD36C,S100A16,C15orf48,SEC61G,HES1,MUC1,MDK,ATP1B1,ZNF428,GSN,RARRES1,CD55,CHMP4B,GSTA1,RRBP1,FAM107B,LYNX1,ROMO1,IFI27,CXCL17,SOX4,RDH10,ALCAM,CEACAM6,LY6D,CLDN7,KRT7,TNFSF10,CTSB",airway,airway epithelial cells,M
Braga_2019_1,F11,"MUC5B,TFF3,ATF3,FOSB,CXCL8,BTG2,KRT17,C16orf89,MS4A8",airway,goblet cells,F
Braga_2019_1,F13,,airway,airway epithelial cells,F
Braga_2019_1,F12,"SERPINB4,IDO1,CXCL1,SAA2,S100A8,PDZK1IP1,WARS1,SLC26A4,TNFAIP2,NOS2,CAPN13,IRAK3,XIST,GBP1,TNIP3,HAPLN3",airway,airway epithelial cells (inflammatory subset),F
Braga_2019_1,M0,"CCL5,SRGN,CD52,CXCR4,PTPRC,CD3D,VIM,IL32",airway,T cells,M
Braga_2019_1,F0,"ACAP1,IL7R,CD3G",airway,T cells,F
Braga_2019_1,F1,,airway,unknown,F
Braga_2019_1,F3,"CD74,HLA-DRA,HLA-DPB1,HLA-DPA1,HLA-DRB1,HLA-DQB1,LTB,CD83,HLA-DQA1,MS4A1,CD79A",airway,B cells,F
Braga_2019_1,F2,"HLA-DRA,HLA-DPB1,CST3,CD74,HLA-DPA1,LYZ,HLA-DRB1,TYROBP,HLA-DQB1,IL1B,TIMP1,NFKBIA,COTL1,GPX1,DUSP1,NPC2,LGALS1,AIF1,FCER1G,S100A9,HLA-DQA1,CXCL8,SOD2,LST1,IER3,CTSS,TYMP,BCL2A1,HLA-DMA,SERPINB1,RHOA,NAMPT,RAC1,AP2S1,SLC25A5,NFE2L2,TSPO,MS4A6A,FOSB,ARPC5,PYCARD,LITAF,FGL2,ATP1B3,PLAUR,CTSZ,MNDA,LAMTOR4,CTSB,GRN",airway,unknown,F
Braga_2019_1,F7,"LYZ,TYROBP,LGALS3,TXNIP,TSPO,TUBA1B,ALOX5AP,CSTB,ANXA2,S100A10,GPX4,CTSD,ATP6V0E1,LY6E,TXN,GLUL,PSMA7,PSAP,RPS27L,NEDD8,CST3,MGST3,ARPC5,SEC11A,ATP5MC3,AIF1,LAMTOR1,NOP10,CTSC,JPT1,S100A8,HSPB1,CAPG,NPC2,C1QA,GRN,EIF3H,C1QB,LAPTM5,CD9,BSG,TAGLN2,ATP5F1D,FABP5,GSTO1,SH3BGRL,MT2A,NDUFA11,ALDOA,TALDO1",airway,unknown,F
Braga_2019_1,F6,"CCL4,NKG7,GNLY,GZMB,TYROBP,GZMA,KLRB1,KLRD1,CST7,ARL4C,CTSW,HOPX,FCER1G,IRF1,SYNE2,LITAF,PRF1,GZMH,ITGB2,PLAC8,AKNA,MYO1F,SLA,PTPN7,CD247,EFHD2,RNF213,FCGR3A,SPON2,ZEB2,FGFBP2,KLRF1",airway,Natural Killer (NK) cells,F
Braga_2019_1,F4,"CD69,NFKBIA,CD63,FOSB,LMNA,FCER1G,PPP1R15A,TYROBP,CD9,PEBP1,CTSD,CAPG,TPSB2,GPR65,LAPTM4A,ATP6V1F,FOXP1,TPSAB1,OSBPL8,GLUL,NFKBIZ,CLU,NR4A1,EGR1,GADD45B,LMO4,CPA3,MS4A2,HPGD,HPGDS,VWA5A,LTC4S,RGS13,GATA2,KIT,RHEX",airway,mast cells,F
Braga_2019_1,F5,"IGKC,SSR4,HSP90B1,HERPUD1,PPIB,SPCS1,ISG20,JCHAIN,SPCS2,XBP1,RABAC1,IGLC2,IGHA1,CUTA,FKBP2,SELENOS,FKBP11,SEC11C,SDF2L1,PDIA6,SSR3,MANF,ITM2C,MYDGF,IGHG1,CD27,IGHG3,ERLEC1,UBE2J1,CRELD2,CD79A,PRDX4,MZB1,PLPP5,DERL3",airway,plasma cells,F
Braga_2019_1,M1,"KRT17,S100A2,KRT15,TSC22D1,CXCL1,DST,F3,EGR1,SERPINF1,MGST1,NTS,BCAM,CXCL8,ETS2,AQP5,ATP1B3,IER3,FMO2,SLC38A2,CCND1,CCN1,KRT5,IL33,PRSS23,MMP10,ID1,MT1X,ATF3,CCN2,PMAIP1,EPAS1,ADIRF,SFN,FOSB,ERRFI1",airway,airway basal cells,M
Braga_2019_1,F10,,airway,airway basal cells,F
Braga_2019_1,F8,"RPL36A,HES1,H4C3,IGFBP2,PABPC4",airway,airway basal cells,F
Braga_2019_1,F9,"LCN2,S100A9,HLA-DRA,SAA1,SERPINB4,HLA-DRB1,IGFBP7,IFITM2,PLAAT4,XIST,SAA2,MUC4,RARRES1,C1S,LOXL1",airway,airway secretory cells,F
Braga_2019_1,M4,"TPPP3,C20orf85,C9orf24,RSPH1,PIFO,FAM183A,DNAAF1,SNTN,LRRIQ1,unknown,GSTA2,CAPSL,EFHC1,DNAH5,DNAH12,AGR3,ERICH3,TMEM190,CDHR3,CCDC17,CFAP276,DRC3,HOATZ,OMG",airway,ciliated epithelial cells,M
Braga_2019_1,F18,,airway,ciliated epithelial cells,F
Braga_2019_1,F20,"RPS3,RPL7A,KRT17,RPL29,NACA,RACK1,BTF3,RPL5,ZFP36L1,RPSA,CD9,RPL24,RPS9,RPS7,S100A2,SLC25A6,RPL4,LDHB,JUNB,EEF2,NPM1,FOSB,EGR1,UBA52,EEF1B2,RPS15A,RPL9,KRT15,HNRNPA1,RPL26,RPS5,RPS4Y1,SERP1,UQCRH,BTG2,ARPC2,ATF3,MCL1,PRSS23,SQSTM1,RPS23,NCL,PPIA,H2AZ1,ATP5MC3,NFE2L2,RPS16,IER2,EIF5,RPLP0",airway,basal epithelial cells,F
Braga_2019_1,F19,"PSCA,OMG,NQO1,S100A4,ROPN1L,PPDPF,ARL3,ALDOA,GPX1,APOD,CYSTM1,COX5A,CCDC74A,LYPD2,PSMB9,AKAP14,SPCS1,AKR1A1,CFAP126,ARL6IP4,GUK1,NDUFB3,SDHC,BBLN,MICOS10,PKIG",airway,ciliated epithelial cells,F
Braga_2019_1,M3,"VIM,IGFBP7,SPARCL1,MGP,ID3,SELENOM,CCDC85B,ACKR1,TCF4,CAVIN1,TIMP3,A2M,CALD1,CAV1,GNG11,AQP1,IGFBP4,RAMP2,TM4SF1,SPARC",airway,fibroblasts,M
Braga_2019_1,F16,"DCN,FBLN1,APOD,LUM,CXCL14,PTGDS,LGALS1,C1S,C1R,CFH,S100A4,COL1A2,SOD3,CCN1,SERPINF1,CFD,CCDC80,IGFBP6,MFAP4,ADH1B,COL6A2,SFRP2,SERPING1,PLPP3,DPT,MMP2,RARRES2,NBL1,SELENOP,CCL2,PLAC9,PMP22,FGF7,BGN,LTBP4,COL6A3,FN1,ABCA8,AKAP12,TSPAN8,COL6A1,TPM2,C3,ALDH2,LEPR,DKK3,MEG3,PIK3R1,PTN,LTBP1",airway,fibroblasts,F
Braga_2019_1,F14,"ACKR1,HLA-DRB5,SELE",airway,fibroblasts,F
Braga_2019_1,F15,"RAMP2,RAB13,CRIP2,GIMAP7,SYNE2,SLC9A3R2,SRGN,HSPG2,LCN2,PRSS23,S100A16,CLDN5,CLEC14A,EMCN,PALMD,ECSCR,EPAS1,ADGRL4,CD34,BCAM,RNASE1,CD93,PLVAP,CALCRL,PECAM1,HYAL2,GNAI2,EGFL7",airway,endothelial cells,F
Braga_2019_1,F17,"TAGLN,ACTA2,MYL9,IGFBP5,TPM2,TPM1,S100A4,RGS5,SOD3,LBH,CPE,CRIP1,MAP1B,MYLK,MYH11,PPP1R12A,FLNA,CSRP2,FILIP1L,SORBS2,MFGE8,PLAC9,NET1,CARMN,NDUFA4L2,MCAM,PDGFRB,MAP3K20,PPP1R12B,FRZB,NOTCH3,LMOD1",airway,myofibroblasts,F
Braga_2019_1,M6,"MDK,SFN,MT1X,TUBB,HMGB2,H2AZ2,ARL6IP1,PLP2,S100A16,RANBP1,MACROH2A1,STMN1,CSTA,DUT,CYC1,S100A14,PTTG1,DSP,HELLS,KRT5",airway,basal epithelial cells,M
Braga_2019_1,F24,"S100A2,KRT17,KRT5,SFN,KRT15,CCND1,SERPINB4,ID1,CHCHD10,LY6D,KLK11,EMP2,BCAM,SERPINF1,PCLAF,DST,BLVRB,MKI67,KRT6A,SERPINB13,CLCA2,LGALS7B,SNCA",airway,basal epithelial cells,F
Braga_2019_1,F25,"TPPP3,CCNO,LYPD2,PIGR,HOATZ,PSENEN,C20orf85,C5orf49,HES6,KIF9,TUBA1A,CD24,CDC20B,FAM183A,ZMYND10,C9orf24,PIFO,LYZ,RSPH1,CCDC74A,C9orf116,MORN2,LRRIQ1,PSCA,ANKRD36C,AP2B1,CDK2AP2,AGR3,CFAP298,ROPN1L,CEP78,DEUP1,AHI1,NQO1,SMIM22,IFT57,DNAAF1,UCP2,CFAP126,SMIM14,CEP350,CFAP276,LRRC23,CCDC170,WDR54,EFCAB1,CCP110,MDM2,IFT22,GIHCG",airway,ciliated epithelial cells,F
Braga_2019_1,F26,"LGALS1,VIM,ARHGDIB,CORO1A,IL32,C12orf75,SRGN,UCP2,EMP3,FLNA,IFITM2,CD3D,COTL1,GTSE1,CD52,LSP1,PTPRC,CXCR4,GMFG,TRAC,FXYD5,OSTF1,TRBC1,SURF4,FYB1,RGS1,CD2,RAC2,FNBP1,LIMD2,TGFB1,KLRB1,CDKN3,RORA,ICAM3,CYTOR,EVL,ACAP1,CD3G,GPSM3,CD69,LCK,SEPTIN6,LCP1,CD48,TRBC2,PPP1R18,CD3E,LAPTM5,IL2RG",airway,T cells,F
Braga_2019_1,M9,"PIGR,LYZ,NUPR1,BPIFA1,SELENOM,MARCKSL1,ZG16B,PHB,NDRG2,PRR4,unknown,SLC12A2,LTF,PIP,RNASE1,AZGP1,PRB4,TCN1",airway,goblet cells,M
Braga_2019_1,M7,"TFF3,DST,KRT7,TM4SF1,ARHGAP18,FOXP1,CNN3,SPTBN1,IL6ST,HMGB3,SEC11C,GNG11,IGFBP5,GOLM1,TFCP2L1,TCF4,TFPI,RARRES2,ATP6V1A,ITPR2,SCNN1B",airway,airway epithelial cells,M
Braga_2019_1,F28,"CAPS,C9orf24,C20orf85,TSPAN1,SAA2,TPPP3,GSTA1,TMEM190,PIGR,AGR3,SAA1,CETN2,DNAAF1,NUCB2,MORN2,RSPH1,ERICH3,TMC5,DYNLT1,CAPSL,DNAH5,CIB1,ECRG4,HOATZ,PLAC8,UFC1,ALDH1A1,NAP1L1,PIFO,FAM183A,CFAP276,EFHC1,GSTA2,LCN2,OMG,IK,HLA-DRA,PRKAR1A,LRRIQ1,CCDC146,IFI27,ODF2L,CRIP1,CXCL17,SNTN,HLA-DRB1,IFT27,PSENEN,KIF21A,SMIM22",airway,ciliated airway epithelial cells,F
Braga_2019_1,F27,GNG11,airway,unknown,F
Braga_2019_1,M8,BCAM,airway,unknown,M
