Data,Cluster,Markers,Organization,cell_type,level
Calabuig_2023,M6,"MTRNR2L8,EGR1,AREG,NBEAL1,MTRNR2L1,AL136454.1,NREP,KHSRP,U2AF2,MATR3,ZNF90,NLRP2,NACA2,SCARNA9,MTRNR2L10,ATP5MGL,PABPC3",blood,unknown,M
Calabuig_2023,F24,"DNTT,IGLL1,CD79A,VPREB3,PAG1,CYGB,VPREB1,ZCCHC7,PIM3,EBF1,UHRF1,RBM38,CD24,AKAP12,MME,CD79B",blood,B-cell precursors,F
Calabuig_2023,F22,"CD34,SPINK2,SMIM24,LAPTM4B",blood,hematopoietic stem cells,F
Calabuig_2023,F23,"SAMHD1,RNASE2,ANXA2,GRN,KLF4,TYROBP,CEBPD,S100A10,BASP1,ANXA5,IRF8,ITGB2,CAPG,MNDA,HCST,CSTA,COTL1,PLAUR,GPR183,S100A8,C1orf162,FCER1G,MS4A6A,CTSH,IL6R,VCAN,CTSG,SLC2A3,IGSF6,S100A11,LY86,VSIR,STX11,ID2,FGR,S100A9,TNFAIP2,TRIB1,FGL2,FCN1,SIRPA,CYBB,THEMIS2",blood,monocytes,F
Calabuig_2023,F25,"CA1,PRDX2,HBB,ITGA2B,ALDH1A1,UROD,CSF2RB,HDAC7,CENPU,GSE1,SLC40A1,TMEM14C,FKBP4,MPC2,GLRX,PRKAR2B,CSF1,HBD,KCNH2,BLVRB,AHSP,APOC1,HACD3,FAM178B,LYAR,CNRIP1,TST,ANK1,GATA1,PVT1,AMMECR1,FAM89A,KLF1,ADD2,PKLR,EPCAM,ICAM4,ELOVL6,CASP3,SPTA1,TFR2,RHAG,MTSS1,LXN,CAPRIN2,DLC1,EPOR,GFI1B,DNAJA4,P2RX5",blood,erythroid progenitor cells,F
Calabuig_2023,F26,"IRF8,JCHAIN,CYBB,GPR183,FCER1A,SLC7A5,ALOX5AP,IGKC,RNASE6,PIK3AP1,RNASET2,MPEG1,GAPT,SAMHD1,NDRG1,PLD4,C12orf75,CCDC50,BHLHE40,TGFBI,SLC15A4,SMIM14,IRF7,ELMSAN1,SPIB,SEL1L3,TNFRSF21,RUNX2,UGCG,DUSP5,FCER1G,RAB11FIP1,IL3RA,P2RY14,LGMN,RUBCNL,CIB2,DERL3,LILRA4,SMPD3,IRF4",blood,plasmacytoid dendritic cells (pDCs),F
Calabuig_2023,F28,"FCER1A,ITM2A,LMO4,CSF2RB,GATA2,ALOX5AP,CPA3,NT5DC2,CSF1,SPRY1,ELOVL5,KCNH2,MS4A3,HSH2D,NRROS,TENT5A,CNRIP1,CEBPA,CLC,PLIN2,RHBDD2,SLC45A3,MS4A2,HPGDS,TPSAB1,HDC,SLC18A2",blood,mast cells,F
Calabuig_2023,F27,"FCER1G,RHOB,C5AR1,COTL1,TYROBP,NAMPT,S100A11,FGR,LST1,POU2F2,CD48,ASAH1,VSIR,CYBB,PAG1,PIK3AP1,IER5,RNASET2,FCN1,RXRA,CD68,THEMIS2,CPPED1,IRF1,PTGER4,LYST,TNFRSF1B,RASSF5,PLXNB2,ITGAL,UTRN,MYD88,VMP1,DEDD2,MPEG1,TCF7L2,TIMP1,RNF213,RHOQ,CSK,CD83,ADGRE5,CD4,NAAA,TCIRG1,ADA2,CEBPD,LILRB2,SERPINA1,CSF1R",blood,monocytes,F
Calabuig_2023,M0,"IL32,ARL4C,CD3D,IL7R,CD3E,ETS1,TRBC1,TRAC,CD3G,CD2,PCED1B-AS1,CCL5,SYNE2,GIMAP7,BCL11B,IFITM1,EVL,CD7,SPOCK2,GNLY,TCF7,CD247,LTB,LCK,SLFN5,LIME1,HLA-F,TRBC2,RORA,SKAP1,LAT,GIMAP4,GZMM,CD48",blood,T cells,M
Calabuig_2023,F1,"NKG7,CCL5,GZMA,CST7,GZMH,GZMK,CCL4,DUSP2,CMC1,KLRD1,KLRG1,GZMB,KLRK1,HLA-DPB1,C12orf75,LYAR,PRF1,HOPX",blood,cytotoxic T cells,F
Calabuig_2023,F0,"NOSIP,MAL,CCR7",blood,naive T cells,F
Calabuig_2023,F2,"MTRNR2L8,MTRNR2L12,AL136454.1,NBEAL1,ZNF90",blood,unknown,F
Calabuig_2023,F3,"GNLY,GZMB,PRF1,FGFBP2,TYROBP,KLRD1,KLRB1,SPON2,HOPX,CST7,FCGR3A,FCER1G,PLEK,ZEB2,EFHD2,KLRF1,TRDC,CCL4,CCL3,GNPTAB,APMAP,CLIC3,CTSD,CX3CR1,NKG7,GZMA,ADGRG1,GZMH,IGFBP7,KLRK1,METRNL,CXXC5,TTC38,PRSS23,IL2RB,CHST2,CMC1,SAMD3,AKR1C3,PYHIN1",blood,Natural Killer (NK) cells,F
Calabuig_2023,M4,"S100A9,CST3,VCAN,FCN1,IFI30,S100A8,CFD,FCER1G,HLA-DRA,ZFP36L1,S100A12,MNDA,AC020656.1,NCF1,LGALS3,HLA-DRB1,SERPINA1,TYMP,CYBB,CD14,HLA-DMA,RGS2,CTSZ,FCGRT,CD36,PTPRE,CPVL,LYST,CLEC7A,RAB11FIP1,MPEG1,TMEM176B,GRN,CAPG,CD302,MAFB,CFP,PLBD1,SGK1,CSTA,KCTD12,TMEM176A,IGSF6,FCGR2A,MS4A6A,MS4A7,C5AR1,CEBPD,CD300E,LILRB3",blood,monocytes,M
Calabuig_2023,M2,"MPO,CLEC11A,AZU1,GIHCG,STMN1,PRSS57,MGST1",blood,neutrophils,M
Calabuig_2023,F11,"HBB,TPSAB1,PRDX2,HBD,TSC22D1,CYTL1,FCER1A,CTNNBL1,SLC40A1,CNRIP1,KLF1,SMIM1,ST8SIA6,CSF2RB,TAL1,ALDH1A1,NLK,EPSTI1,GFI1B,GATA1",blood,unknown,F
Calabuig_2023,F8,"S100A9,S100A8,MS4A6A,ANXA2,GRN,XIST,CSTA,MNDA,ELANE,AC020656.1,FAM107B,RNASE2,SAMHD1,LYST,CTSG,IFI30,NCF2,FGR,CYBB,FCN1,VCAN",blood,neutrophils,F
Calabuig_2023,F15,"RPS4Y1,AL713998.1,CD69,AF064858.1",blood,unknown,F
Calabuig_2023,F14,"CD52,AREG,XIST,PLCG2,ANXA2,CD34,IGLL1,SPINK2,HOPX,TSC22D1,SELL,TPSAB1,HLA-DMA,C1QTNF4,RUFY1,CD9,ST18,EMP1,CRIP2,CD3D,KRT18,CAVIN1,TSPAN2,ETS1,ZEB1,AC004556.3",blood,neutrophil progenitor,F
Calabuig_2023,F12,"CTSG,PRTN3,MS4A3,S100A9,KLF4,MS4A6A,NFIA,HBA2,MT1G,DHRS9,SAMHD1,FIGN,MT1E,EREG,LAMP5,CACNA2D4",blood,neutrophils,F
Calabuig_2023,F10,"C1QTNF4,PLCG2,EGFL7,PDLIM1,ELANE,RHEX,CD34,HLA-DQB1,CD52,POU4F1,HLA-DQA1,CD38,TRH,MAN1A1,SORL1,MARCKSL1,TFPI,S1PR4,PRTN3,HLA-DMA,ISG20,RUNX1T1,AL590226.1,TPSB2,IKZF2,PNMT,PRAME,POMC,MTSS1,CAV1,TPO,UBASH3B,CD79A,P2RX5,LINC01128,HYAL2,CLECL1,NBL1,AEBP1,AC004556.3",blood,neutrophils,F
Calabuig_2023,F9,"RNASE2,EREG,CTSG,MS4A3,MS4A6A,SAMHD1,APOC2,CSTA,CCL23,RNASE3,S100A8",blood,neutrophils,F
Calabuig_2023,F13,"AL713998.1,IGLL1,PCLAF,CPA3,CENPF,PCNA,TYMS,CKS1B,TOP2A,HIST1H3B,CENPE,CDKN3,CDK1,MND1,CCNA2,GTSE1,DIAPH3,CDCA5,NDC80,FANCD2,NCAPG,MNS1,NUF2,ASF1B,BUB1",blood,unknown,F
Calabuig_2023,M1,"SPINK2,CTSW,FAM30A,ANKRD28,PLCG2,CLEC11A,MSI2,EGFL7,HSH2D,IGFBP7,ANGPT1,GIHCG,IL3RA,KRT18,BAALC,KDM5B,ERG,SOX4,HOXB3,HOXB-AS3,PROM1,HOXB4,STMN1,INKA1,C1QTNF4,PRSS57,KIT,MGST1,EBPL,EMID1,CDK6",blood,hematopoietic stem and progenitor cells (HSPCs),M
Calabuig_2023,F4,"RPS4Y1,IFITM3,MTRNR2L8,HBB,PTMS,RAMP1,HEMGN,H1F0,ISG15,IFI44L,CRHBP,EIF1AY,CD2,HBA2,IFIT1,ZNF208,HBA1,PAWR,FXYD6,TNNT1,VSTM1,FAM43A,NRGN,MYCT1,NBL1,SOX18,GNG11,SLC18A2",blood,erythroid progenitor cells,F
Calabuig_2023,F7,"CFD,XIST",blood,unknown,F
Calabuig_2023,F5,"AC244502.1,RAMP1,MECOM,TRBC2,INHBA,UCHL1,MARCKS,ZNF385D,C2CD4B,ZNF208,HIST3H2A,DUXAP8,AC008568.1,LINC00355,AP005273.2",blood,unknown,F
Calabuig_2023,F6,"EGR1,RHEX,MARCKSL1,CASP3,FTO,DMXL2,RPS6KA5,ELANE,HOMER3,ACSM3,LTBP1,FOXC1,SNCAIP",blood,granulocyte progenitor cells,F
Calabuig_2023,M3,"IGHM,IGKC,CD79A,MS4A1,BIRC3,FCMR,CD83,IGHD,IRF8,RALGPS2,PLPP5,BANK1,CD22,TNFRSF13C,PAX5,P2RX5,LINC00926,FCRL1",blood,B cells,M
Calabuig_2023,F16,"MTRNR2L8,NBEAL1,AL136454.1,ZNF90,MTRNR2L1",blood,unknown,F
Calabuig_2023,F18,"RGS2,HIST1H1C,PCDH9,CDKN2D,BCL7A,CCDC69,RNGTT,FAM53B,MSI2,CMTM7,ZBTB18,SOX4,TBC1D1,CCDC191,ITM2C,CDC25B,MZB1,NEIL1,IRF4,CSNK1E,DTX1,PIM1,HIST1H2AC,GLUL",blood,Plasmablasts,F
Calabuig_2023,F17,"MT-CO1,HLA-DRA,MT-CO2,MT-CO3,RPL17,MT-ATP6,MT-ND3,MT-CYB,MT-ND4,RPL36A,HLA-B,HLA-DRB1,HLA-DPA1,EEF1G,MT-ND1,HLA-C,MT-ND2,HLA-DPB1,MT-ND5,HLA-A,RPS10,HLA-DQB1,CYBA,HLA-E,RPS17,CRIP1,HLA-DQA1,EMP3,CDC42,CD79B,SNHG29,MT-ND4L,NEAT1,SRP14,NME2,ATP5MG,RPL36AL,GAS5,MIF,MYL12A,CLIC1,EIF3K,HIST1H1E,ARPC1B,HIST1H1C,PLCG2,CORO1A,SEPTIN7,S100A6,S100A9",blood,B cells,F
Calabuig_2023,M5,"IGKC,ISG20,LIME1,HERPUD1,ITM2C,JCHAIN,IGHA1,CTSH,SEC11C,FKBP11,LMAN1,SDF2L1,MZB1,CD27,PRDX2,RRBP1,SELENOS,IGLC2,HM13,SRM,PIM2,REEP5,IGLC3,EAF2,MANF,HDLBP,ARF4,MLEC,CD38,MAN1A1,ERLEC1,KDELR2,PDIA4,DERL1,AQP3,IGHG2,TXNDC5,TMEM208,PRDX4,DNAJB11,CLPTM1L,CRELD2,IGLC1,IGHG1,ZBP1,SLAMF7,P2RX5,ENTPD1,COBLL1,TLE1",blood,plasma cells,M
Calabuig_2023,F20,"CCND2,PCLAF,MKI67,TYMS,CENPW,GOT2",blood,unknown,F
Calabuig_2023,F21,,blood,unknown,F
