Data,Cluster,Markers,Organization,cell_type,level
Caron_2020,M1,"TERF2,SOCS2,CD24,RPS4Y2,H1F0,RP11-301G19.1,MEF2C,MDK,HLA-DQA1,IDI1,HLA-DMA,MME,CTGF,HPS4,VPREB3,CMTM7,EGFL7,UHRF1,GNG7,SLC35E3",blood,unknown,M
Caron_2020,F3,,blood,unknown,F
Caron_2020,F4,"HBA2,HBA1,TCL1B,HBD,HBG2,ISG15,CD9,PRDX2,HBM,AHSP,CA1",blood,erythroid progenitor cells,F
Caron_2020,F5,"HLA-DRB5,HIST1H4C,ERG,PDLIM1,NUDT1,MGMT,SMAD1,MT-ND6,HLA-DQA2",blood,unknown,F
Caron_2020,F6,"HBA1,HLA-DRB5,HBD,HBG2,SMIM3,CYGB,PMAIP1,LPAR6,IFI44L,EPSTI1",blood,unknown,F
Caron_2020,F7,"KIAA0101,TUBB4B,CRIP1,CKS1B,TMPO,SMC4,MS4A1,RAD21,HMGB3,UBE2C,PTTG1,ZWINT,BIRC5,CKS2,TOP2A,MAD2L1,LMNB1,PSIP1,TYMS,KIF22,RHEB,NUSAP1,KIFC1,CDC20,AURKB,UBE2S,CCNB2,RRM2,TPX2,MKI67,KPNA2",blood,proliferating B cells,F
Caron_2020,M0,"VPREB1,CD9,KLF2,LAT2,TCF4,S100A16,DDIT4,ATRX,LSP1,TTC3,CSTB,PTPRE,EIF1AX,ALOX5AP,ZEB2,LINC01420,PDLIM1,C12orf75,UBE2J1,PLP2,STIM2,ROCK1,LCN6,DDX24,SH3KBP1,SYNE3,PMAIP1,SH3BP5,DAAM1,IL3RA,NPY,CMTM2,AFF3,CYTL1,FLT3,FAM129C,IL1B,NAV1,S100A13",blood,unknown,M
Caron_2020,F1,,blood,unknown,F
Caron_2020,F0,"HBB,HLA-DRB5,LPAR6,RP11-231E4.2,RGS1,HIST1H2AC,EGR1",blood,unknown,F
Caron_2020,F2,"TYMS,KIAA0101,SMC4,PCNA,TOP2A,DNMT1,CKS1B,MCM7,MCM3,TUBB4B,MAD2L1,SMC2,TK1,HMGB3,GTSE1,RAD51AP1,KIFC1,ASF1B,TIMELESS",blood,unknown,F
Caron_2020,M2,"AHSP,HBD,CA1,HBM,SLC25A37,HBG2,PRDX2,ALAS2,IFI27,BLVRB,GYPC,BNIP3L,SLC25A39,NCOA4,SNCA,GYPA,SLC4A1,GLRX5,HEMGN,GYPB,MKRN1,FBXO7,BPGM,GSPT1,HMBS,CA2,ARL4A,CCNDBP1,UROD,NUDT4,STRADB,FECH,CAT,KRT1,DCAF12,FAM210B,STOM,GMPR,SLC2A1,IFIT1B,LGALS3,RHAG,SELENBP1,EPB42,KLF1,SMIM1,HBQ1,MYL4,DMTN,TRIM58",blood,erythroblasts,M
Caron_2020,F10,"TMCC2,TCL1B,TCL1A,CD79A",blood,unknown,F
Caron_2020,F14,,blood,unknown,F
Caron_2020,F8,"RPL36A,CKS2,TUBB4B,ATPIF1,HSPA8,RAN,NUSAP1,DEK,HIST1H4C,SNRPG,PCNA,PTTG1,LBR,KIAA0101,POLR2L,PCBP1,RPA3,SRSF3,KLF1,CDK1,PSMA7,TOP2A,CENPF,DCK,MPC2,OAT,SRSF2,SNRPB,RAD21,DUT,SMC4,SLC25A5,SLC25A3,DNAJC9,RANBP1,UQCRH,CALM3,SERBP1,CCNB2,LSM5,CCNB1,SNRPD2,TRMT112,PRC1,CCNA2,CBX3,MKI67,UBE2T,TUBG1,HNRNPU",blood,proliferating erythroblasts,F
Caron_2020,F9,"CPEB4,TRAK2,S100A9,LYZ",blood,unknown,F
Caron_2020,F11,,blood,erythroblasts,F
Caron_2020,F12,"TCL1A,HLA-DRB1,MARCKSL1,AC090498.1,GMFG,HLA-DPA1,CD24,HLA-DPB1,CD99,LAPTM5,YWHAQ,TERF2,WASF2,PNISR,UHRF1,RHOA,MZB1,NAP1L1,FKBP1A,PEBP1,HLA-E,VPREB3,XBP1,ATP6V1G1,SOCS2,EIF3L,RCSD1,TSC22D3,CD53,CLIC1,ZFP36L2,MIF,HNRNPA0,EIF3E,CCND3,CD79A,MME,TRA2B,RPS4Y2,VPREB1,CNBP,SRSF7,TMBIM6,EIF4G2,HMGN1,PSME2,IER2,MEF2C,CD79B,HHEX",blood,unknown,F
Caron_2020,F13,"IGLC3,TRBC2,CD3D,CD7,MAL,RCBTB2,MYO7B,CHI3L2,HES4",blood,unknown,F
Caron_2020,M5,"IGKC,IGLL1,IGLC3,JCHAIN,S100A9,S100A8,IGLC2,IGHA1,KIAA0101",blood,plasma cells,M
Caron_2020,F22,"CD24,VPREB1,VPREB3,CD79B,UHRF1,TCL1A,RCSD1,CD79A,CD9,EBF1,ZCCHC7,CMTM7,NUSAP1,LMNB1,CRIP1,TOP2A",blood,pre-B cells,F
Caron_2020,F25,"CST3,IRF8,LSP1,FCER1G,IRF7,TYROBP,RGS1,CCDC50,ALOX5AP,PLP2,APP,PLD4,RNASET2,HCST,RNASE6,RP11-347P5.1,PLEK,PRKCB,TSPAN13,PTPRE,IRF2BP2,CAPG,GZMB,UGCG,GRN,GPR183,LILRA4,CTSB,SCT,PTPRS,VIMP,SAMHD1,MPEG1,JAML,SERPINF1,CLIC3,IL3RA,RUNX2,CYTH4,LGMN,TGFBI,HERPUD1",blood,plasmacytoid dendritic cells,F
Caron_2020,F23,"SPINK2,AIF1,SERPINB1,ANKRD28,KIAA0125,HSPB1,PRSS57,EBPL,HOPX,MGST1,CYTL1,MLLT3,LAPTM4B,BEX2",blood,plasmablasts,F
Caron_2020,F24,"IGHG1,IGHG3,IGHG4,IGHG2,IGLL5,HERPUD1,ISG20,SEC11C,IGHA2,FKBP11,MYDGF,PDIA4,SDF2L1,TNFRSF17,FKBP2,VIMP,SPCS3,LMAN2,DERL3,PIM2,PRDX4,MANF,CD27,GMPPB,TXNDC15",blood,plasma cells,F
Caron_2020,M7,"TRBC2,CD3D,TRBC1,CHI3L2,FXYD2,ADA,C12orf57,CDK6,SEPW1,RCBTB2,LCK,CD3E,NUCB2,ITM2A,RP11-620J15.3,MAL,ANXA1,CD7,TCF7,GLUL,MIR181A1HG,MYO1G,CD3G,CD1E,CDK5RAP3,LAT,ARL4C,RGS10,DSTN,MYO7B,CD2,ALDH1A2,NGFRAP1,BCL11B,SNHG25,HES4,FAM173A,SH2D1A,CASC15,PTPN7,AC002454.1,PRMT7,NSA2,IGFBP2,RP11-144L1.4,FGFR1,ZNF423,TNRC6C,CD1B,CAMK4",blood,T cells,M
Caron_2020,F32,"RP11-144L1.4,NKAIN4",blood,unknown,F
Caron_2020,F33,"EPHB6,TSC22D3,HBA2,DDIT4,HBA1,IGKC,RP11-347P5.1,CDKN2A,LST1,PTMS,IGHA1,S100A6,S100A10,S100A8,EMP3,FCGRT,S100A9,IL7R,IGHM,MIAT,HBD",blood,unknown,F
Caron_2020,F34,"TYMS,KIAA0101,DEK,SMC4,TMPO,PCNA,MKI67,NUSAP1,TOP2A,CENPF,UHRF1,CKS2,DNAJC9,CKS1B,MAD2L1,SMC2,TUBB4B,LMNB1,CACYBP,DDX39A,ATAD2,DNMT1,MCM7,USP1,GTSE1,PRC1,CCNB2,ANP32E,AURKB,TCF19,CASC5,EZH2,WDR76,FAM111B,RRM2,C21orf58,CDCA5,ARHGAP11A,SKA3,CCNA2",blood,proliferating T cells,F
Caron_2020,F35,"KIAA0101,CDKN2A,HBA1,NUSAP1,TOP2A,IGHA1,S100A8,TUBB4B,IGKC,UHRF1,CKS1B,RRM2,UBE2C,S100A9,COX17,HMMR,AC004556.1,PRSS21",blood,unknown,F
Caron_2020,M6,"CD3D,TRBC1,IL32,SELL,TRAC,LCK,CD3E,IFITM1,PTPRC,IL7R,CD7,TRBC2,LEPROTL1",blood,naive T cells,M
Caron_2020,F26,"SOCS3,HBG2,MYC",blood,unknown,F
Caron_2020,F29,,blood,naive T cells,F
Caron_2020,F27,"S100A8,IGHA1,S100A9",blood,unknown,F
Caron_2020,F30,"CCL5,NKG7,GNLY,KLRB1,SRGN,DUSP2,GZMA,CD99,CTSW,GZMM,DBI,CD247,CST7,ITGB2,CCL4,PRF1,MYO1F,KLRD1,GZMH,HOPX",blood,NK-like T cells,F
Caron_2020,F31,"HLA-DRA,STMN1,H1FX,GPX1,MARCKSL1,TCL1A,HLA-DPB1,HLA-DRB1,HSPB1,RCSD1,SEPT6,HLA-DPA1,HBG2,FKBP1A,CD79B,AIF1,SRSF9,WASF2,CD79A,MZB1,RNPS1,IGHM,XBP1,YBX3,IRF7,PRDX1,CD24,H2AFY,TRABD,CD99,BST2,TUBB,ACTR2,RAC1,VPREB3,PDIA6,SOCS2,ZCCHC7,DNAJA1,SOX4,HLA-DMA,VPREB1,HMGA1,CLIC1,TERF2,YWHAQ,HLA-DQB1,HNRNPR,DYNLL1,UHRF1",blood,unknown,F
Caron_2020,F28,"AHSP,HBM,CA1",blood,unknown,F
Caron_2020,M4,"IGLC3,BANK1,IGLC2,MS4A1,COTL1,IGHD",blood,B cells,M
Caron_2020,F20,"HBB,HBA2,HBA1,FOS,CD69,HBD,HLA-DRB5,CRIP1",blood,unknown,F
Caron_2020,F21,,blood,B cells,F
Caron_2020,M3,"S100A4,S100A6,LYZ,S100A9,SRGN,S100A8,LGALS1,IGKC,ANXA1,NPC2,CST3,PYCARD,CTSS,CD44,COTL1,SPI1,ITGB2,TYROBP,S100A10,SERPINB1,ZFAND5,CH17-373J23.1,ANXA2,STXBP2,AP1S2,IFI6,FCER1G,RP11-160E2.6,KLF4,TMEM107,GRN,C10orf54,S100A11,MCL1,APLP2,EVI2B,MS4A6A,FCN1,LINC00936,C1orf162,TYMP,PTPRC,CCL3,S100A12,CEBPB,SAMHD1,MNDA,CXCL8,NAMPT,CFD",blood,monocytes,M
Caron_2020,F15,,blood,monocytes,F
Caron_2020,F19,"IFITM3,FCGR3A,LINC01272,MS4A7,BCL2A1,HCK,LILRB2,PILRA,VASP,LRRC25,PECAM1,CTSC,IFITM1,BID,FAM26F,EVL,WARS,POU2F2,CD79B,TNFRSF1B,OAS1,HES4,RHOC,TNFSF10,MYO1G,CDKN1C,LILRA1,ABI3,TCF7L2,MTSS1,FAM110A",blood,non-classical monocytes,F
Caron_2020,F16,"MPO,HLA-DQA1,RANBP1,KIAA0101,PPA1,NUCKS1,FABP5,PLD4",blood,monocytes,F
Caron_2020,F17,"RP11-1143G9.4,HBM,CA1",blood,unknown,F
Caron_2020,F18,"ALOX5AP,TRBC2,RBP7,CD3D,IL1R2",blood,monocyte-derived dendritic cells,F
