Data,Cluster,Markers,Organization,cell_type,level
Chan_2021,M1,"SRGN,CD52,ARHGDIB,S100A4,LAPTM5,CD74,VIM,FXYD5,HCST,CD37,CD44,LTB,GMFG,CORO1A,HLA-DPA1,EMP3,CYTIP,CD69,RAC2,CD2,SAMSN1,CD53,LSP1,RGS1,STK17B,TSC22D3,BIRC3,PTPRC,LCP1,ZNF331,SMAP2,ISG20,CD7,FYB,ACAP1,REL,GYPC,ALOX5AP,TNFAIP3,ADGRE5,TRAC,CXCR4,IL2RG,HLA-DRA,FMNL1,CD48,TRBC2,DUSP2,HLA-DRB1,CD3E",lung,T cells,M
Chan_2021,F6,"GNLY,NKG7,GZMB,TYROBP,KLRB1,PRF1,KLRD1,GZMA,FCER1G,CD247,METRNL,CCL4,GZMH,HOPX,FCGR3A,GZMM,FGFBP2,ABHD17A,EFHD2,ZEB2,CLIC3,SPON2,PLAC8,CTSW,TRDC,KLRF1,CMC1,CCL4L2",lung,Natural Killer (NK) cells,F
Chan_2021,F7,"HSPB1,HSPH1,CACYBP,HSPA6,DOK2,RP11-138A9.1,AHSA1,CHORDC1,MORF4L2,MRPL18,FKBP4,ZFAND2A,DEDD2",lung,unknown,F
Chan_2021,F4,"HLA-DRA,HLA-DRB1,HLA-DQB1,IGHA1,HLA-DQA1,CD83,IGLC3,CD79A,HLA-DMA,RCSD1,MS4A1,MEF2C,CD79B,TNFRSF13C,BANK1,ADAM28,TCF4,LINC00926,LY86,ARHGAP24,SWAP70,BLK",lung,unknown,F
Chan_2021,F11,IGHA1,lung,unknown,F
Chan_2021,F3,"CD3G,BICDL1",lung,unknown,F
Chan_2021,F5,"HLA-DRA,TYROBP,LYZ,CST3,HLA-DQB1,TIMP1,FCER1G,GPX1,S100A9,AIF1,CEBPD,TYMP,CTSS,SOD2,S100A8,HLA-DQA1,ANXA2,NPC2,LST1,PSAP,LGALS3,HLA-DMA,ANXA5,ZFAND5,CTSB,LGALS1,PLAUR,EFHD2,BRI3,SERPINB1,FCN1,CTSZ,C1ORF162,CMTM6,FKBP1A,IL1B,IER3,TKT,CTSH,FLNA,H2AFY,APLP2,RNH1,SERPINA1,BASP1,AP2S1,GRN,HLA-DMB,TALDO1,CEBPB",lung,unknown,F
Chan_2021,F9,"TUBB,STMN1,NUCKS1,CKS2,LINC00152,COX5A,BUB3,PGAM1,DUT,HP1BP3,C12ORF75,FABP5,NAA38,LSM3,H2AFY,BANF1,CDK2AP2,RAD21,CBX3,ANP32E,ILF2,HNRNPR,THRAP3,DCTN3,PDIA6,SMC3,CARHSP1,TALDO1,SRP9,EIF5A,SMC4,PTTG1,TMPO,PSIP1,NASP,DNMT1,PCNA,RPA3,SNRPD1,PA2G4,IDH2,NUDT1,SIVA1,HNRNPD,SNRPD3,RALY,MRPL51,CKS1B,SLBP,EZH2",lung,unknown,F
Chan_2021,F10,"GZMB,TYROBP,CST3,NPC2,GPX1,FCER1G,CTSB,PLAC8,UCP2,CLIC3,STMN1,SELL,GRN,DUSP5,C12ORF75,ITM2C,NR4A3,LDLRAD4,PPP1R14B,CAPG,JAML,NCF1,VIMP,SLC7A5,OSTC,CNPY3,SELPLG,IRF7,IRF2BP2,MS4A6A,IRF8,PTPRE,PHB,CXCR3,JCHAIN,CD68,FKBP2,GRASP,HLA-DQB1,THEMIS2,HLA-DMB,SLC20A1,CD4,MAPKAPK2,SOX4,SPINT2,PSAP,SEL1L3,TCF4,UGCG",lung,unknown,F
Chan_2021,F8,"AREG,FCER1G,LMNA,TPSB2,TPSAB1,CST3,GLUL,CAPG,NFKBIZ,KDM6B,MYADM,LAPTM4A,TYROBP,ASAH1,NR4A1,PSAP,ITM2C,CTSD,CD83,BHLHE40,PLIN2,NPC2,MIR24-2,PLAUR,CD9,TIMP1,CPA3,RNF130,CLU,HPGD,EGR1,ARHGAP18,TMEM176B,VEGFA,TSC22D1,MAML1,HPGDS,C1ORF186,CPM,ALOX5,MS4A2,GALC,BTK,SLC44A1,CSF1,MSRA,SMYD3,VWA5A,BMP2K,GATA2",lung,mast cells,F
Chan_2021,M0,"BCAT1,CHGA,CDK4,LYRM5,TFF3,KRAS,ADIRF,TSPAN31,GRP,CCND2,CALCA,CHGB,NDUFA4L2,DTX3,APOD,PIP4K2C,LGALS3,TIMP1,METTL1,SCG3,CRIP2,MARCH9,NTS,IER3,CD9,HOXB5,NRN1,MDM2,AGT,PHLDA2,TMEM176B,PCBD1,UCHL1,PAGE2B,CRIP1,HLA-F,GADD45B,SMIM22,CAMK2N1,PERP,LGALS3BP,FAM46A,PIGT,SCG2,GRN,LIMS1,ATP6AP1,CNIH1,PON3,ITLN1",lung,neuroendocrine cells,M
Chan_2021,F1,,lung,unknown,F
Chan_2021,F0,"CDKN3,CDK1,UBE2C,CENPW,UBE2T,KIAA0101,CDKN2D,CENPF,TK1,RNASEH2A,NUSAP1,TOP2A,TROAP,CCNB2,MAD2L1,CDC20,ZWINT,BIRC5,RRM2,PBK,NDC80,TYMS,NUF2,MND1,RACGAP1,CCNB1,E2F1,NEK2,TPX2,KIFC1,FAM64A,AURKB,CLSPN,ASPM,ORC6,CEP55,KIF23,GTSE1,MKI67,DLGAP5,C16ORF59,HMMR,TCF19,CCNA2,SGO1,PSMC3IP,PKMYT1,OIP5,CENPA,CDCA8",lung,unknown,F
Chan_2021,M6,"PCP4,NDUFA4L2,CD9,EMP3,PKIB,NRN1,ID1,PGF,ARC,RCN1,CCER2,FAM213A,SIX1,MYO6,IRX2,IGFBP5,EEF1A2,ATF5,DAAM1,TCEAL2,HSPA2,GSTM3,KIF21A,METRN,HES4,PFKP,SUCO,SCGB2A1,NFIA,C2CD4B,MBIP,NEFM,CIB2,DDHD1,MGP,TRIP11,CA9,OLFM1,GAMT,RFC2,SNAPC1,BTBD6,ABCA5,C14ORF132,ESPN,RBM24,JAG2,C2ORF40,C4ORF32,LINC01550",lung,unknown,M
Chan_2021,F30,"CDKN3,CENPF,CKS1B,NUSAP1,UBE2C,MIS18BP1,CKS2,UBE2T,TOP2A,CCNB1,ENDOG,MKI67,CENPW,TPX2,CCNB2,PRC1,NUF2,MAD2L1,CDC20,DLGAP5,CDK1,BIRC5,ASPM,KNSTRN,CDCA8,KIFC1,CENPA,SGO2,AURKA,PBK,DEPDC1,NCAPG,SPC25,HMMR,CDCA3,ARHGAP11A,CCNA2,TACC3,KIF23,KIF2C,CCDC18,CENPN,CEP55,CENPE,ARHGEF39,KNL1,PSRC1,NDC80,KIF4A,GTSE1",lung,proliferating cells,F
Chan_2021,F31,,lung,unknown,F
Chan_2021,M8,"SST,DLK1,PEG10,COL1A2,MEG3,ID3,GRP,MAP1B,MEST,PMAIP1,ID1,CDK2AP1,GADD45G,EMP2,NEUROD1,BASP1,CDKN1C,DUSP6,ATP2B1,ADCYAP1,GKAP1,CLPTM1L,VCAN,ISL1,CSRP2,CAPS,FBLN1,CHD9,IGF2,CAMK2B,RARRES2,IGFBP6,BARX1,ELAVL2,RP11-849I19.1,TCF4,DLX5,NFIB,EIF1AY,PTH2,TMEM233,GAS2,NEUROD4,NEB",lung,unknown,M
Chan_2021,F39,"TOP2A,CENPF,MKI67,UBE2C,PTTG1,HIST1H1C,NUSAP1,CKS1B,ASPM,TPX2,CDK1,HMMR,CCNB1,KPNA2,HIST1H1D,CDKN3,BIRC5,KIF20B,ZWINT,NUF2,FBXO5,NDC80,CCNB2,HIST1H1B,TROAP,HIST1H3B,CDC20,HIST1H1E,CENPE,GTSE1,DLGAP5,DEPDC1,CENPA,SPC25,CKAP2L,HIST1H2AG,CDCA2,HJURP,PBK,ESCO2,CDCA8,CDCA5,AURKB,SGO1,GAS2L3,AURKA,KIF14,TTK,NEK2,CEP55",lung,proliferating cells,F
Chan_2021,F40,,lung,unknown,F
Chan_2021,M5,"TIMP1,LGALS1,IFITM3,IGFBP7,MGP,IFITM2,COL1A2,YBX3,MT1E,CALD1,SPARC,SELM,CD59,FN1,COL1A1,DCN,SPARCL1,COL3A1,RARRES2,CLU,TM4SF1,LUM,SERPINH1,RHOC,BGN,IGFBP4,A2M,COL6A2,NNMT,TIMP3,TAGLN,CNN3,TPM2,VAMP5,STOM,NBL1,GSN,CAV1,C11ORF96,CTGF,SERPING1,MYL9,CYR61,RAMP2,C1R,CTSB,FCGRT,PRSS23,COL6A1,EPAS1",lung,fibroblasts,M
Chan_2021,F25,"IFI27,VWF,ACKR1,TM4SF1,RNASE1,AQP1,PECAM1,RAMP2,HLA-DRB1,PLVAP,HLA-DRA,CLEC14A,RAMP3,CD93,NPDC1,PCAT19,PTPRB,HLA-DPA1,CLDN5,BCAM,ESAM,VWA1,FLT1,SEC14L1,CALCRL,ECSCR,LDB2,FAM107A,EMCN,ETS2,NEDD9,SLCO2A1,ADGRL4,PALMD,LIFR,HLA-DPB1,CFLAR,PCDH17,TSPAN7,SH3BP5,FAM167B,IL33,CDH5,ITM2A,NOTCH4,SOX18,MMRN2,NOSTRIN,S1PR1,CYYR1",lung,endothelial cells,F
Chan_2021,F27,"LUM,FBLN1,DCN,COL1A1,SERPINF1,MMP2,PTGDS,C3,CCDC80,SFRP2,TMEM176B,C1S,RARRES1,COL1A2,CTSK,CFD,TMEM176A,RARRES2,HTRA3,VCAN,CFH,C7,MXRA8,ISLR,SFRP4,PLTP,COL6A3,CLEC11A,LRP1,COL8A1,CDH11,MFAP4,COL3A1,EMILIN1,THY1,PCOLCE,COL5A1,DPT,MMP23B,MOXD1,PALLD,PODN,MMP19,SPON1,TMEM119,GEM,COL5A2",lung,fibroblasts,F
Chan_2021,F29,"CCL21,SDPR,FABP5,AKAP12,TFF3,RAMP2,ECSCR,FABP4,ANGPT2,PCAT19,EGFL7,PDPN,CLDN5,MMRN1,GMFG,STMN1,ARL4A,MTUS1,MGST2,NRP2,ELK3,CXORF36,TMEM255B,LMO2,TIE1,PPP1R2,FSCN1,LAPTM5,PTPRE,ERICH1,TSTA3,MRC1,FLT4,CALCRL,TBX1,PROX1,WFS1,DSP,DOCK5,SLC38A1,SEMA3A,RELN",lung,lymphatic endothelial cells,F
Chan_2021,F28,"RARRES2,SERPINE1,IGFBP5,CTHRC1,IGHA1,CHI3L1,IGLC2,HSPA6,PCOLCE,AREG,RND3,HILPDA,PDPN,APOD,IGHG4,ADM,IGLC3,IGHG3,TGFBI,EMILIN1,THBS2,CYGB,COL6A3,TMEM176B,IGHG1,FBLN1,SMIM3,SPON2,TMEM158,TMEM176A,SLC16A3,MMD,HSD11B1,C1S,SFRP2,CD44,LUM,CSTA,CA12,MMP14,DCN,CTSK,SERPINF1,TREM1,MXRA8",lung,fibroblasts,F
Chan_2021,F26,"ACTA2,RGS5,SOD3,PPP1R14A,NDUFA4L2,PDGFRB,CRIP1,ID4,MYLK,CSRP2,NOTCH3,MAP1B",lung,fibroblasts,F
Chan_2021,M2,"ASCL1,PCSK1N,TUBB2B,BEX1,RBP1,IGFBP5,TFF3,CLDN3,MEST,GRP,ELF3,CLDN4,C4ORF48,CACNA1A,PERP,WFDC2,UCHL1,ID4,TPD52,INSM1,KRT8,HES6,CBX1,PEG10,MAP1B,BASP1,KLK11",lung,pulmonary neuroendocrine cells (PNECs),M
Chan_2021,F16,"STMN2,MEG3,DLK1,IRX2,CTAG2,EEF1A2,NOL4,CLDN5,KHDRBS3,FSCN1,RALYL,ZMYM2,COL1A2,PTH2",lung,pulmonary neuroendocrine cells (PNECs),F
Chan_2021,F18,,lung,pulmonary neuroendocrine cells (PNECs),F
Chan_2021,F14,"SMAD9,DDC,TCF4,TFF2,ANXA2,XIST,RASSF6,HEPACAM2,PCSK2,LIMCH1,PPP3CA,RGS12,INSR,TRPM8,SEMA6A,FAM129A,PXDN,ETS1,MT1E,ACKR3,ZFHX4,CRYBG3",lung,pulmonary neuroendocrine cells (PNECs),F
Chan_2021,F13,"IFI27,HSPA6,NDUFA4L2,NUPR1,ISL1,ZFP36,CD74,CRABP1,DEDD2,SERTAD1,POMC,IRF1,ZFAND2A,BST2,LMO2,RP11-849I19.1,NR4A1,BAG3,CAMK2B,ARG2,TBCD,ZSCAN18,HLA-B,FOSB,GEM,RARRES3,OTP,KCNK17,DIO2,LYPD1,SALL3,ANXA2R,DUSP5,APOL6,C5ORF56",lung,pulmonary neuroendocrine cells (PNECs),F
Chan_2021,F12,"HBS1L,TMEM176A,CTAG2,MAGEA3,DNAJC15,CD99,MPP1,MAGEA4,CSAG1,SLC39A4,IGKC,SIGIRR,MAGEA6,STMN2,MAGEA12,MAGEA10,G0S2,ADA,MAGEA1,RP11-834C11.4,AZGP1,FOXP2,HLA-B,SERPING1,TCEAL7,RP11-499F3.2,RAMP1,SERPINF1,QPRT,XAGE1A",lung,pulmonary neuroendocrine cells (PNECs),F
Chan_2021,F15,"STMN2,MEG3,TCF4,ISL1,ALCAM,EEF1A2,CCDC88A,S100A10,HOXB2,DLX5,GPX2,DLX2,NTM,PTN,MCTP2,AC069277.2,IGLC2,STXBP6,DLX1,DYNC1I1,COL9A3",lung,pulmonary neuroendocrine cells (PNECs),F
Chan_2021,F17,"TOP2A,CENPF,UBE2C,HIST1H1C,SMC4,ATAD2,KIAA0101,C21ORF58,NUSAP1,BIRC5,ZWINT,LMO3,CENPW,CDK1,RFC3,MNS1,MIS18BP1,FBXO5,CDKN3,RAD51AP1,NUF2,PBK,AURKB,DEFA5,ASPM,HIST1H1B,SGO1",lung,proliferating pulmonary neuroendocrine cells (PNECs),F
Chan_2021,M7,"ZFP36L1,ANXA1,MGST1,CD9,KRT19,ELF3,YBX3,SFTPC,HOPX,LGALS3,KRT7,VAMP8,EMP2,CD55,IFI27,SFTPB,SLPI,TM4SF1,SERPINA1,SEPP1,RNASE1,SCGB3A1,RAB11FIP1,CTSH,FXYD3,MT1E,CAPN2,NAPSA,LMO7,CYR61,ALDH2,HLA-DRB1,GPRC5A,MUC1,SDC4,C8ORF4,SFTA2,TFPI,HLA-DRA,AGR2,SLC34A2,S100A14,PIGR,CXCL17,SFTPD,TACSTD2,SCGB1A1,CEACAM6,CYP4B1,CAV2",lung,alveolar type 2 epithelial cells,M
Chan_2021,F32,,lung,alveolar type 2 epithelial cells,F
Chan_2021,F36,"CAPS,TPPP3,C9ORF24,C20ORF85,TSPAN1,RSPH1,TMEM190,CETN2,FAM183A,IGFBP7,TUBA1A,C11ORF88,C1ORF194,MORN2,PIFO,ODF3B,C5ORF49,LRRIQ1,DNAAF1,C9ORF116,CCDC170,SNTN,IK,RP1,ZMYND10,RRAD,CAPSL,MS4A8,CRIP1,CCDC146,PSENEN,EFHC1,C12ORF75,NUCB2,DYNLRB2,IGFBP2,SLC44A4,C21ORF59,PLPP2,METTL7A,C2ORF40,FAM92B,WDR54,ALDH3B1,DNALI1,CCDC78,FAM229B,ROPN1L,KIF9,MORN5",lung,ciliated epithelial cells,F
Chan_2021,F33,"S100A9,CEACAM6,CEACAM5,S100A2,AREG,GDF15,EREG,ANKRD36C,C8ORF4,PCSK1N,MMP7,HLA-DRB5,C15ORF48,IDS,MEG3,BIRC3,PPP1R14B,EPS8,CAMK2N1,KLF4,SLC25A37,REL,TFCP2L1,SRD5A3,PLS3,MDM2,KCNK1,CAPN8,SLC25A44,NR4A2,GEM,FAM3C,CLDN10,ABCC3,CTSC,LTA4H,CXCL2,CPD,MTUS1,CP,HPGD,SFN,PRSS8,CHL1,LINC00342,SIPA1L2,SGMS2,ITGA1,LDLR,NRP1",lung,alveolar type 2 epithelial cells,F
Chan_2021,F35,"AGER,CAV1,CYP4B1,CLDN18,RTKN2,IGFBP7,AQP4,SLC39A8,NTM,SPOCK2,ANKRD29,SUSD2,TIMP3,IL32,MYL9,ANXA3,GAS6,DST,SCEL,DLC1,ANOS1,WWC2,CADM1,RHOBTB3,NCKAP5,PLAC8,NDNF,DAPK2,FMO2,CLIC5,CLIC3,ARHGEF26,COL4A3,SEMA3B,GJA1,PAPSS2,LAMA3,SCNN1B,TNNC1,TIMP2,UPK3B,FAM105A,WFS1,GOLGA8A,SPARC,TNS1,COL8A1,NPNT,DENND3,GGTLC1",lung,alveolar type 2 epithelial cells,F
Chan_2021,F38,"IGKC,SPINK1,PGC,CD24,AKR1C1,AKR1C2,NQO1,AKR1C3,IGLC2,LCN2,HMGB3,IGLC3,GPX2,IGHG4,S100P,RPS4Y1,TPPP3,NACA2,MARCKSL1,UCP2,CRABP2,COA6,IMPA2,UGDH,GCLM,LAGE3,UCHL1,UQCRHL,IGHA1,ABRACL,SCCPDH,G6PD,AKR1B1,TESC,TPD52L1,PAGE5,AKR1B10,SNCG,HBA2",lung,alveolar type 2 epithelial cells,F
Chan_2021,F34,"SFTPD,SFTPA1,C3,CPM,C16ORF89,PGC,CLDN18,PEBP4,LRRK2,ABCA3,DLC1,HLA-DPB1,RGS16,SCGB3A2,LAMP3,HSD17B6,TFCP2L1,SUSD2,FASN,FABP5,CADM1,CACNA2D2,STEAP4,SFTPA2,DRAM1,CRTAC1,C2,ZNF385B,CSF3R,ALOX15B,C11ORF96,ACADL,BMP1,NECAB1,CA2,LRRC36,COLEC12",lung,alveolar type 2 epithelial cells,F
Chan_2021,F37,"S100A2,KRT17,IGFBP7,IGKC,S100A9,IGHA1,SPP1,IGLC2,LGALS1,DDIT4,IGLC3,AKR1C3,S100A16,CES1,IL32,CXCL1,IGHG4,FABP5,AKR1C2,C1R,CRABP2,SERPINB3,SRGN,RND3,IGHG3,IGFBP4,NME1,GPX2,LCN2,RARRES2,PHLDA3,LAPTM4B,CREG1,SERPINH1,NQO1,LINC01420,TMEM45A,TMEM176B,SUMO3,GPX3,CSTA,SFN,PTGR1,UPP1,IFI27L2,PRNP,MKKS,CKS1B,TUSC3,LINC00152",lung,alveolar type 2 epithelial cells,F
Chan_2021,M4,"YBX3,NNAT,EIF4EBP1,RCN1,NEUROD1,FKBP4,MYCN,NPW,SNHG25,UCHL1,CSRNP3,DKC1,PAICS,STC1,MRPL12,SFRP1,NEB",lung,unknown,M
Chan_2021,F22,"NNAT,MEG3,NEUROD1,VIM,MYCN,GKAP1,CHD7,AP000459.7,BEX1,SOX11,BARX1,SYT1,MYOD1,RBP1,MYOG,ACTC1,SGCA,RAPSN,TNNT1,POU3F1,DES,PRL,INSM1,MIR503HG,ASS1,GAP43,SERPINF1,CCND2,PPP1R17,ZNF385A,TCEAL5,CRYBG3,ANXA6,COL1A2,ANKRD65,ZEB1,FNDC5,EYA2,SEPT6,CRMP1,GPM6A,PPP1R14A,REC8,ANXA2,SDC2,RUNX1T1,KCNQ2,ZEB2,TCEAL7,SOX7",lung,unknown,F
Chan_2021,F23,"HLA-B,ANXA1,RPS4Y1,BST2,IFI27,TFAP2B,KRT18,NEAT1,TSPO,NMU,MYC,MT1E,CERS6,RBM38,KIT,RGS13,ASCL2,GAL,PSMB8,IFITM3,ALB,MT2A,CD44,IFI6,RASSF6,CDH8,ELF3,KRT8,TFF3,SPINT2,AZGP1,CLDN3,SPATS2L,POU2F3,AFP,UBE2QL1,SH3BGRL,C5ORF38,CHN2,DSP,SKAP2,CA9,BCL2,LRMP,EHF,C11ORF53,ZNF385D,RP11-204E9.1,WFDC2,PRRG4",lung,unknown,F
Chan_2021,F24,"S100A13,TPH1,GSG1,STMN2,GAP43,CRMP1,CRYAB,ANXA2,CPLX3,CDKN2C,PEG10,RAMP1,MIR7-3HG,SIX6,NPTX1,PPP1R1C",lung,unknown,F
Chan_2021,M3,"TUBB2B,UCHL1,CENPF,TOP2A,MGST1,UBE2C,SMC4,CKS1B,PTTG1,HIST1H1C,BASP1,TYMS,NFIB,UBE2T,MAD2L2,NUSAP1,MZT1,MLLT11,TMPO,TMEM106C,SMC2,CDKN2D,MKI67,CENPW,DTYMK,CDKN3,PHGDH,TPX2,BIRC5,CCDC34,PRC1,ASRGL1,MAD2L1,TCF4,NUF2,NMU,H2AFX,DDX39A,KPNA2,PBK,GTSE1,DLGAP5,HMMR,TMSB15A,SPC25,CENPE,CDCA8,CDK2AP1,ANP32E,AURKB",lung,proliferating cells,M
Chan_2021,F21,"ASCL1,GRP,INSM1,PCP4,CACNA1A,SMAD9,SOX1,ERICH5,PCSK1,FBXO32,CAMK2N1,HOXB6,NFIA,TRIM9,DNER",lung,neuroendocrine cells,F
Chan_2021,F19,"IFI27,ANXA1,HLA-B,BST2,RPS4Y1,RGS13,IFITM3,TFAP2B,YBX3,HLA-C,TSPO,IRX2,PSMB8,ALB,IFI6,MYC,ASCL2,AFP,GAL,RCN1,CD9,NME4,SPATS2L,DNPH1,CD44,REEP5,LRMP,CDH8,CDK6,CA9,POU2F3,BMX,QPRT,AZGP1,C11ORF53,AVIL,PCAT18,RUNX2,KYNU,PSD2,ATF7IP2,FAM150A,LGALS14,TPD52L1,PVT1,KAZN,TPM2,CCSER1,ZNF385D,CCND1",lung,proliferating epithelial cells,F
Chan_2021,F20,"RTN1,RBP1,STMN2,KRT19,S100A10,LINC01551,TNNT1,NUPR1,MEG3,GPX2,DLX5,HOXB2,IGKC,DLX2,NTS,STXBP6,DLX1,CRYBA2,IGLC2,NTM,FEV,AC069277.2,RP11-563K23.1,PROCR,TIAM2",lung,unknown,F
Chan_2021,M9,"CHGA,CHGB,PCSK1N,PEG10,DLK1,BEX1,SCG3,INSM1,TMEM176B,ATF5,MAP1B,CAMK2N1,FAM213A,DSP,MYO6,PMAIP1,RGS10,GKAP1,POMC,RCN1,RRBP1,HACD3,EEF1A2,ITM2C,TMEM106C,QPCT,ADCYAP1,VGF,ESF1,PKIB,MAN1A2,ZC3H13,DNAJC15,TMX4,NRXN1,APOE,APMAP,TSPAN3,CFAP36,CCDC88A,MFAP4,NARS,SUCLG1,ALCAM,PMEPA1,RAMP1,PTPRA,TAGLN3,CELF4,IDH3B",lung,neuroendocrine cells,M
Chan_2021,F41,,lung,unknown,F
Chan_2021,F42,"TOP2A,CENPF,UBE2C,MKI67,CKS1B,RRM2,ASPM,PRC1,ATAD2,PTTG1,NDC80,KIFC1,GTSE1,KIF23,KIF14,PBK,KIF4A,DLGAP5,ARHGAP11A,KNL1,NCAPG,DEPDC1,FAM111A,AURKB,SGO1,HJURP,KIF11,CKAP2L,TACC3,SPC25,FOXM1,TK1,SKA1,LAMA3,DIAPH3,ASF1B,DEPDC1B,WDR62,MELK",lung,neuroendocrine tumor cells (proliferating),F
Chan_2021,M10,"PEG10,FKBP5,H1F0,IRX2,NEUROD1,CENPV,SSBP3,TMSB15A,ZCCHC11,ZNF131,HILPDA,CCL4L2,NEFL",lung,unknown,M
