Data,Cluster,Markers,Organization,cell_type,level
Chen_2022,M4,"LYZ,SRGN,ANXA1,COTL1,AIF1,S100A9,TYROBP,FCER1G,LST1,CST3,PSAP,SPI1,EFHD2,APLP2,unknown,IFITM3,CEBPB,CSTB,AHNAK,RHOG,FLNA,STXBP2,TYMP,ASAH1,CFD,TIMP1,VCAN,CEBPD,RETN,ITGB2,S100A11,CD68,LGALS3,CYBB,CFP,LGALS2,CLEC12A",blood,monocytes/macrophages,M
Chen_2022,F27,"MT2A,FCGR3A,LRRC25,RHOC,NINJ1,CDKN1C,SERPINA1,RRAS,SLC7A7,MTSS1,UNC119,HES4,TESC,C5AR1,PPM1N,CLEC7A,CKB,MT1E",blood,non-classical monocytes,F
Chen_2022,F22,"S100A8,MNDA,CD14,FCN1,FYB1,MS4A6A,FGL2,SELL,S100A12,DUSP6,IGSF6,CARD16,HCK,CD36,FGR,JAML,CD52,LILRB2,CLEC7A,RGS2,SLC11A1,S100A9,CASP1,CTSH,C1orf162,TNFAIP2,P2RY13,CSTA,ANXA5,BCL2A1,RIPOR2,MGST1,SERPINA1,LILRA5,NCF2,CLEC4E,PLBD1,TNFRSF1B",blood,non-classical monocytes,F
Chen_2022,F23,"CTSH,C1orf162,ANXA5,ARL4C,GPR183,CPVL,RIPOR2,JAML,NCF1,LSP1,CLEC10A,BASP1,GSN,CKLF,MNDA,TRAF3IP3,SH3BP5,GLIPR2,CD1C,LGALS2,NCF2,FGR,FCN1,TNFAIP3,FCGR2B,RGS2,ASGR2,RUNX2,SELL,unknown,CD180,unknown,CACNA2D3,MAGEF1,unknown,S100A12,C14orf119",blood,non-classical monocytes,F
Chen_2022,F26,"S100A12,HIF1A",blood,inflammatory monocytes,F
Chen_2022,F25,"FCGR3A,CDKN1C,MS4A7,BCL2A1,SERPINA1,MAFB,PELATON,TNFRSF1B,C1orf162,IFI30,CD52,RHOC,TMEM176B,LILRB2,PILRA,LRRC25,CASP1,ANXA5,RRAS,PECAM1,ISG15,ITGAX,ICAM3,CARD16,CSF1R,TNFSF10,HMOX1,MARCKS,ABI3,LILRB1,EVL,TMEM176A,TCF7L2,HCK,SLC2A6,PPM1N,FGL2,LILRA5,SLC11A1,MTSS1,FYB1,CLEC7A,BATF3",blood,non-classical monocytes,F
Chen_2022,F21,"CLEC11A,MPO,GIHCG,CCL5,PRSS57,PPP1R27,CACNA2D4,MEF2D,CDKN2A,SMIM3,CDK6,S100A16,CRNDE",blood,monocyte progenitor cells,F
Chen_2022,F24,"S100A16,ITM2C,DNTT,GYPC,ARID5B,ZCCHC7,IGHM,ID3,CD79A,BAALC,BLK,LCN6,HTRA3,PSD3",blood,unknown,F
Chen_2022,M5,"CDK6-AS1,DNTT,FABP5,MCM7,PCLAF,UHRF1,HELLS,MCM4,CDT1,UGT3A2,CENPH",blood,unknown,M
Chen_2022,F29,"MKI67,CENPF,RRM2,EGR1,BIRC5,TOP2A,UBE2C,CENPM,AURKB,UBE2T,KIF22,TK1,TPX2,NUSAP1,KIF20A,PIMREG,HJURP",blood,proliferating cells,F
Chen_2022,F31,,blood,unknown,F
Chen_2022,F28,"CD24,MKI67,TK1,MYBL2,CENPU,NUSAP1,TMEM106C,CENPM,RRM2,ZNF90,CENPF",blood,proliferating cells,F
Chen_2022,F30,"CD24,PRDX2,IGLL1,ZWINT,CAMK2D,CCDC167,IGLC3,MAD2L1,CTNNBL1,SYNE2,BASP1,CLSPN,RRM2,PCDH9,TSC22D1,TOP2A,IGKC,CSMD1,NRGN,FAM111B,MYBL2,CRMP1,PENK,IRF4,MS4A1,CHI3L2,GCHFR,VPREB3,FCRLA,COCH,SNX10,LAPTM4B",blood,B cells,F
Chen_2022,M0,"IL7R,ARL4C,LTB,FYB1,CD3D,CD7,TRBC2,GIMAP7,IL32,CD3E,PIK3IP1,TRBC1,CD3G,ETS1,TCF7,RGS10,LCK,GZMM,CD247,ITM2A,CD52,CD2,NDFIP1,LAT,CD27",blood,naive T cells,M
Chen_2022,F4,,blood,naive T cells,F
Chen_2022,F2,"CCL5,NKG7,CST7,CTSW,DUSP2,GZMK,LYAR",blood,memory T cells,F
Chen_2022,F1,"GNLY,CTSW,KLRB1,GZMA,GZMB,NKG7,TYROBP,FCER1G,KLRD1,PRF1,FGFBP2,CD63,EFHD2,ID2,HOPX,SRGN,CLIC3,CCL5,SPON2,CMC1,RUNX3,MATK,TRDC,KLRF1,MYO1F,IL2RB,KLRC1,FCGR3A,DUSP2,MAP3K8,GZMH,RHOC,CLIC1,FLNA",blood,natural killer (NK) cells,F
Chen_2022,F0,"CCR7,GIMAP4,S100A11,PASK,GIMAP1,CAMK4,ZFP36L1,IFI44L,unknown,RGCC,MTERF4,FCMR,LRRN3,CTSL",blood,naive T cells,F
Chen_2022,F3,"DUSP1,SOX4,unknown,FOS,JMJD1C,ITGA4,YBX3,H1-2,TRABD,PRDM2,ZEB2,RCSD1,MSI2,ZCCHC7,MED13L,CDK6,HLA-DRA,IGFBP7,HLA-DRB1,IGHM,CD79B,CD79A,SOCS2,HLA-DMA,VPREB1,BCL7A,UBASH3B,HLA-DQB1,TCF4,CD24,NIBAN3,MZB1,MYB,CD72,MEF2C",blood,unknown,F
Chen_2022,M3,"CD24,VPREB3,NIBAN3,TCF4,IGLL1",blood,pre-B cells,M
Chen_2022,F16,"ARPP21,unknown,H1-4,TMEM107,PCDH9,ITGAE",blood,unknown,F
Chen_2022,F18,"PPP2R5C,RGS2,PLD1",blood,unknown,F
Chen_2022,F15,"TCF4,ID2,ANXA2R,TRPS1,DYNLL1,C1QTNF4,HOXA10,BST2,RHOBTB3",blood,pre-B cells,F
Chen_2022,F17,"CCN2,MYADM,unknown,RAB11FIP1,DNTT,SPTBN1,SBDS,TM9SF3,PRDM8,COL19A1,MTSS1",blood,pre-B cells,F
Chen_2022,F19,"IGLC2,IGLC3,IGKC,IGHD,TSC22D1,SINHCAF,BASP1,CD22,FAM3C,MS4A1,RGS2",blood,immature B cells,F
Chen_2022,F20,"HLA-DQA1,AIF1,SRGN,GSTK1,MRPL33,TXN,CYCS,ANKRD28,SCPEP1,CST3,CD63,NOP10,SPI1,LMO2,TRMT112,SAMHD1,GSN,MCL1,EAF2,MSN,NDUFS8,LST1,RNH1,NDUFS6,LAMTOR2,TRAF3IP3,TPI1,NKG7,S100A11,CCT5,TIMP1,BANF1,TYROBP,STING1,LDHA,RBX1,HSBP1,COTL1,PGAM1,PARVG,CALCOCO2,RHOG,BST2,P4HB,AHNAK,AKR1A1,TGFB1,TRPS1,AKR7A2,DYNLL1",blood,unknown,F
Chen_2022,M6,"IGLC2,IGKC,IGHD,RPS4Y1,LTB,HLA-DQA1,HLA-DRB5,TNFRSF13C,MS4A1,RALGPS2,LINC00926",blood,B cells,M
Chen_2022,F33,"LGALS1,S100A4,IRX1,DES,PRDX1,S100A6,S100A10,SOCS2,SOX4,MACROH2A1,TPM4,CD63,CD99,CDKN2D,TUBB,ANXA2,NKG7,TUBA1B,TSPO,BRI3,TRABD,BCL7A,ARPC5L,B4GALT1,DDIT4,CLEC11A,IER2,PIK3R1,IRF2BP2,MARCKSL1,DDAH2,HES6,EIF4H,CARHSP1,NDUFS5,RAB2A,IGLC7,LAPTM4A,SENP6,LMO2,PBX3,CAP1,KRAS,PDIA3,PPP1R14B,PDIA6,KHDRBS1,BST2,H2AZ1,C1QTNF4",blood,Plasma cells,F
Chen_2022,F35,,blood,B cells,F
Chen_2022,F32,"XIST,BIRC3",blood,unknown,F
Chen_2022,F34,PPP1R14A,blood,unknown,F
Chen_2022,M10,"RPS4Y1,RHOB,DNTT,IFRD1,unknown,GLS,H2AC11,INTS6,DDX3Y,CBX4,unknown,H2BC8,DNAJB1,PER1,NR4A1,H1-5,EIF4A3",blood,unknown,M
Chen_2022,F6,,blood,unknown,F
Chen_2022,F5,"ANXA1,LMNA,CCNA1,CLEC11A,HILPDA",blood,unknown,F
Chen_2022,M2,"TCL1A,UBASH3B",blood,unknown,M
Chen_2022,F14,"PHGDH,PRDX2,IFI6,TYMS,MT1G,SYNE2,SMC1A,MCM7,DNMT1,PCNA,SMC3,SLBP,CBX5,MT2A,MCM3,MCM5,PCLAF,RPA3,LSM5,SMC2,DHFR,HELLS,CDT1,BRCA1,CENPF,E2F1,NUSAP1,GINS2,MKI67,TOP2A,FEN1,CENPH,FAM111B,UBE2T,CLSPN,CENPU,TK1,SLC2A4RG,ASS1,CBR3,CHAF1A,TMEM106C,PAQR4,MCM2,PSAT1,CENPM,BRCA2,CTNNAL1,MAD2L1,ORC6",blood,unknown,F
Chen_2022,F12,"BANK1,DNTT,H1-3,unknown,FAM30A,CDK6-AS1,POU2F2,FOS,NIBAN3,IER2,PROM1,BLK,H1-2,H1-4,HCST,JUN,HMGA1,TSTD1,IGF2BP2,P2RX5,LCN6,unknown,CD34,CYTH4,IRX1,AIF1,BAALC",blood,unknown,F
Chen_2022,F13,"ARPP21,MT2A,DNAJC1,IFI6,REEP3,MYO1G,F13A1,CSMD1,PENK",blood,unknown,F
Chen_2022,M7,"DNAJC1,LMNA,H2AJ,KCNQ1OT1,IRF7,TUBA4A,THUMPD3-AS1,TSC22D1,EIF4A3,ORAI2,AGO2,PIM3,MTSS1,GPATCH2L,APLP2,NR4A1,HVCN1,ARF4,NFKBID,GREM1,NARF,CHST11,SNX5,MAFG,LYST,SPAG9,PLIN2,SKIL,METRNL,PAFAH1B1,GAS7,DDIT3,GOLIM4,RDX,REEP3,SERTAD1,LITAF,CDC26,NDRG1,TXNRD1,CREM,MYO6,LPXN,THAP4,ARL6IP1,EFNB2,unknown,SNX8,CDKN1A,ADNP2",blood,unknown,M
Chen_2022,F37,,blood,unknown,F
Chen_2022,F36,"S100A10,CYTIP,IL7R,TXNRD1,TALDO1,PLCB1,APOBEC3G,GSTP1,ANKRD28,MIR155HG,SSR4,EID1,CD99,TWF2,MYO1G,EMB",blood,unknown,F
Chen_2022,M11,"NIBAN3,MZB1,RPS4Y1,CCDC69,PCDH9,IGHD,unknown,STIM2,LCN8,C16orf74,unknown,DDX3Y,HMCES,BACH2,MS4A6A,ARID2,WASF1,LTK,LINC01781,MPPED2,CRMP1,CDKN2C,IGHG3,ARPP21,CD24,AFF3",blood,B cells,M
Chen_2022,F7,,blood,unknown,F
Chen_2022,F8,"IGKC,IGLC2,JUNB,TMEM107,NFKBID,IER5,unknown",blood,plasma cells,F
Chen_2022,M1,"CCN2,ARPP21,P2RX5,PPP1R14A,SMIM3,LMO2,GSN,CAT,CDK6-AS1,BLK,CLEC14A,LDLRAD4,PTH1R,FKBP5",blood,unknown,M
Chen_2022,F11,"RPS4Y1,LAMP5,HLA-DRB5,S100A16",blood,unknown,F
Chen_2022,F10,"IGLL1,unknown,CAMK2D,THSD7A,LINC01013,ZNF90",blood,unknown,F
Chen_2022,F9,"XIST,CLEC2B,SPON2,NRIP1,RUNX2,SP9,SPATS2L,SUPT3H,TARS3,TUBA4A,KLF9,OGFRL1,DYNC2I1,PROM1,BTNL9,CTSH,ARL4C,LINC01305,EMID1,NPTX2",blood,unknown,F
Chen_2022,M8,"AIF1,ANKRD28,RPS4Y1,NRIP1,PRSS57,FAM30A,ICAM3,LEPROT,EBPL,HOPX,IL1B,MLLT3,SERPINB6,UBE2E3,FAM117A,SPINK2,MDK,BEX2,MTURN,GNAI1",blood,unknown,M
Chen_2022,F38,"DUSP1,KLF2,CD69,XIST,SELL,DUSP6",blood,unknown,F
Chen_2022,F40,"EREG,NAA38,PDLIM1,PDZD8,CYTOR,PPM1G,PRKAR2B,CD36,HBD,PCLAF,PKIG,unknown,CNRIP1,FCER1A,NET1,TFR2,HDHD3,C2orf88,ZFPM1,SMIM1,HMBS,NADK,GATA1,CSF2RB",blood,unknown,F
Chen_2022,F39,"RPS4Y1,HLA-DQA2",blood,unknown,F
Chen_2022,M9,"TCF4,unknown,TYROBP,FCER1G,CST3,NFKBIZ,unknown,NCF1,ITM2C,RAB11FIP1,LSP1,ARL4C,unknown,NPC2,LTB,SELL,TMEM107,IRF7,SAMHD1,unknown,STX7,PHACTR1,ALOX5AP,SPIB,C12orf75,IRF8,CTSZ,HERPUD1,CCDC186,PLEK,GRN,SFT2D2,FKBP2,B4GALT1,RRBP1,CYB561A3,MAPKAPK2,CYTH4,SELENOS,GZMB,CD68,CLIC3,IL3RA,unknown,CCDC50,CYBB,UGCG,IGLC2,PLD4,MPEG1",blood,plasmacytoid dendritic cells (pDCs),M
