Data,Cluster,Markers,Organization,cell_type,level
Chen_2020,M0,"MS4A1,CD79A,HLA-DQB1,HLA-DQA1,CD79B,HLA-DMA,MEF2C,BANK1,POU2F2,LY86,MARCH1,CD19,TNFRSF13C,HVCN1,PLAC8,SWAP70,HLA-DMB,LYL1,PKIG,CD22,VPREB3,SMIM14",head and neck,B cells,M
Chen_2020,F1,"RPS4Y1,HLA-DRB5,TCL1A,CD55,IGHD",head and neck,naive B cells,F
Chen_2020,F0,"IGHG3,HLA-DQA2,IFITM1",head and neck,plasma cells,F
Chen_2020,F2,,head and neck,unknown,F
Chen_2020,F3,"HCST,IL32,CD3D,FYB1,CD7,CD3E",head and neck,T cells,F
Chen_2020,M3,"CD2,GZMK,GZMA,IL7R,GIMAP7,GIMAP4,CD3D,FYB1,LCK,CST7,CD3G,CD3E",head and neck,effector memory T cells,M
Chen_2020,F20,,head and neck,effector memory T cells,F
Chen_2020,F16,"CCR7,IL7R",head and neck,central memory T cells,F
Chen_2020,F17,"GZMK,GZMA,CD8A,CD8B,KLRK1,ITM2C,GZMH",head and neck,effector memory CD8+ T cells,F
Chen_2020,F21,"KLRK1,CMC1,NR4A2,RNF19A,ZNF331,GOLGA4",head and neck,unknown,F
Chen_2020,F22,"GNLY,KLRB1,PRF1,CTSW,IFITM3,KLRD1,IL2RB,PLAC8,TYROBP,TRDC,XCL2,FCER1G,HOPX,KLRC1,XCL1,KLRF1",head and neck,mucosal-associated invariant T (MAIT) cells,F
Chen_2020,F18,"GNLY,IFI27,NT5C3A,XIST,RSAD2,MX2,PLSCR1,IFIT3,IFITM3,IFIT1",head and neck,effector memory T cells with antiviral activity,F
Chen_2020,F19,"CXCL13,CCL20,CCL4L2,MIR205HG",head and neck,follicular helper T cells (Tfh),F
Chen_2020,F23,"GZMK,CXCL13,IFI27,GZMH,CD8A,LAG3,IFNG,TIGIT,GZMB,IFIT3,SAMD9L,CMC1,SH2D1A,IFIT1,IFI44,OAS1,FABP5,FAM118A,IRF7,PTMS,CD82,OASL,USP18,HAVCR2,SIRPG,RAB27A,HLA-DQA1,PRF1,IFITM3,CCL3,PLSCR1,BATF,CCL4L2,VCAM1,NT5C3A,TNFSF4,CHST12,PRDX6,IFI35",head and neck,cytotoxic effector memory CD8+ T cells,F
Chen_2020,M2,"IFI27,MIR205HG,CSTA,CCL20,SOX4,HSPB1,KRT19,MT-ND4L,STMN1,MARCKSL1,FXYD3,PERP,KRT15,IFITM3,S100A14,IGFBP2,MDK,CD9,CNN3,S100A2,NUPR1,KRT8,CLDN4,CLDN1,DSP,DST,KRT18,TSC22D1,EPCAM,ELF3,CCND1,ATP1B1,UBD,S100A16,RAB13,KRT5",head and neck,epithelial cells,M
Chen_2020,F8,KRT17,head and neck,epithelial cells,F
Chen_2020,F9,"GZMA,GZMK,HCST,PTPRC,GZMH,CST7,EVL,CD8A,FYB1,DUSP2,TRBC2,GIMAP7,CD3E,ACAP1,CD3G,CD2,CD7",head and neck,unknown,F
Chen_2020,F10,"CXCL10,HLA-DQA1,SFN,PSMB7,ODC1,IFITM1,CCT7,FABP6,HES1,TCP1,PTN,ARNTL2,COMTD1,PITX1,SLC16A1,EPB41L2,CSRP2,RCL1,TMEM203,TLCD1,POLR3H,EIF3M,TTLL12,NOC4L",head and neck,epithelial cells,F
Chen_2020,F11,"PTGS2,ATF3,KREMEN2,SELENOM,C6orf141,COL17A1,APP,LERFS,CFH",head and neck,keratinocytes,F
Chen_2020,F13,"WFDC2,SLPI,MT1X,AGR2,ALDH1A1,XAF1,XBP1,CLDN7,GSN,PLAC8,SAA1,APLP2,BAG1,CLU,TFF3,SERPINB1,SERPINB3,KLF5,AQP3,LCN2,H2AFJ,MMP7,S100A9,KRT7,IGFBP3,TSPAN1,C19orf33,CXCL17,GSTA1,MT1E,CFB,XIST,F3,PRSS23,CAPS,CP,MUC1,SMIM22,BPIFB1,PIGR,UPK1B,C3,SLC9A3R2,NDRG2,VMO1,SERPINB6,TGM2,CYP4B1",head and neck,mucosal epithelial cells,F
Chen_2020,F14,"KRT13,S100A10,S100A9,C15orf48,MIEN1,CLDN7,MLF2,IDS,ARF6,SAMD9,PLAC8,UBE2B,TACSTD2,RNF181,F11R,CAST,ANXA11,YPEL5,TALDO1,KRT6A,MAP1LC3B,CHMP4B,MRPL21,RAB11FIP1,MAL2,GLTP,ALKBH7,CDK2AP2,MUC20,H2AFJ,HEBP2,ZFAND5,PPP1R15A,POLD4,VPS4B,SPRR3,VAMP2,TMOD3,CDKN1B,ADIPOR1,FAM174C,NTHL1,TNIP1,STMP1,GALNT1,SFT2D2,SPINK5,SBDS,PLSCR1,EMP2",head and neck,epithelial cells,F
Chen_2020,F12,"CD2,PTPRC,LTB,AC114760.2,CYTOR,ITGB2,BCL11B,CD3G,PTPN7,LCK,SPOCK2,ACAP1,TIGIT,TNFRSF1B,TNFRSF18,TNFRSF4,CTLA4",head and neck,unknown,F
Chen_2020,F15,"IGFBP7,ID1,HSPG2,GSN,TCF4,GNAI2,GBP4,SERPINH1,INSR,VAMP5,NFIB,COL4A2,SPTBN1,ITGA6,SPARCL1,STOM,ARHGAP29,ID3,ADAM15,SPARC,EMP1,EPAS1,COL18A1,MGP,RAMP2,PECAM1,COL4A1,PRCP,CAVIN1,PRSS23,CAV1,FN1,IGFBP4,PODXL,VWF,UACA,CRIP2,ENG,ENTPD1,A2M,PLXND1,HEG1,SLC9A3R2,MEF2C,CAVIN3,HTRA1,HYAL2,AQP1,DOCK9,ITGA5",head and neck,endothelial cells,F
Chen_2020,M6,"CST3,IFI30,TYROBP,IFITM3,NPC2,FCER1G,RGS2,LYZ,AIF1,ANXA5,C15orf48,GRN,CAPG,C1QB,CTSH,C1QA,ATOX1,CTSB,LAP3,MNDA,C1QC,LST1,SAMHD1,PLEK,YWHAH,CTSZ,GLUL,SDCBP,TNFSF13B,CCL3,NAMPT,MARCKS,GSN,CALHM6,CYBB,MS4A6A,SPI1,CD14,CD68,FGL2,LGMN,TIMP1,CXCL10,CD86,PLSCR1,IGSF6,TMEM176B,LGALS2,CCDC88A,DPYSL2",head and neck,macrophages,M
Chen_2020,F32,"S100B,CCL20,FCGBP,MIR205HG",head and neck,unknown,F
Chen_2020,F31,,head and neck,macrophages,F
Chen_2020,F36,"BIRC3,CD83,CSF2RA,BASP1,CST7,FSCN1,CCL19,CCR7,RASSF4,TNFAIP2,DAPP1,CYTIP,REL,LAMP3,PTPN1,ANXA6,MYO1G,MAP3K13,GRSF1,NFKB1,RAB9A,IDO1,IL7R,RAB8B,MALT1,ERICH1,TBC1D4,CCL22,SINHCAF,KIF2A,LY75,EBI3,POGLUT1,TRAF1,NET1,GPR157,AC024560.5,ARL17A,TRIP10,LAD1,ZBTB10,ANTXR2,BCL2L14,MAP3K14,ADORA2A,AC015871.1,CD200,AOC1",head and neck,dendritic cells,F
Chen_2020,F34,"HLA-DRB5,ADAMDEC1,HES1,C1orf54,S100B,ANKRD22,GIMAP7,MMP9,IL18,MMP12,C3AR1,CCR1,MS4A4A,RTCB,SGPL1,CXCL9,DNASE1L3,ENPP2,XIST",head and neck,macrophages,F
Chen_2020,F33,"CTSL,CCL3,SPP1,IFIT1,CCL3L1,CCL2,CCL8,IFITM1,RNASE1,IL1RN,CXCL8,IFIT2,CD163,FPR3,GNLY,CREG1,NINJ1,RSAD2,MMP14,MS4A4A,FCGR1A,HES1,CEBPB,FCGR3A,SERPING1,OAS3,OASL,CCR1,CXCL11,S100A9,NUPR1,HES4,IL4I1",head and neck,M1-like macrophages,F
Chen_2020,F35,"GZMB,JCHAIN,PLAC8,ALOX5AP,LTB,PTGDS,TCF4,IRF8,SERPINF1,MPEG1,ITM2C,TSPAN13,BCL11A,PLD4,CCDC50,SELL,PPP1R14B,LILRA4,STMN1,TCL1A,UGCG,RAC2,CKS2,SPIB,IGHM,SLC20A1,SLC15A4,CYB561A3,C12orf75,SCT,RAB11FIP1,DNASE1L3,APP,IL3RA,JAML,MZB1,CLIC3,NUCB2,IDH3A,HIGD1A,PRKCB,LIME1,LRRC26,MAP1A,SMPD3,OFD1,CXCR3,TRAF4,DERL3,LAMP5",head and neck,plasmacytoid dendritic cells,F
Chen_2020,F37,"JCHAIN,PLAC8,TCF4,NT5C3A,GZMB,XIST,BCL11A,SELL,TSPAN13,HIST1H4C,LILRA4,UGCG,SLC15A4,PRKCB,HIGD1A,NR3C1,IDH3A,NUCB2,CCDC186,GNL3,RUBCN,ERGIC2,GAPT,MAP1A,HLA-DRB5,CLEC4C,DNASE1L3,MAP2K6,NME8,TNFRSF17",head and neck,plasmacytoid dendritic cells,F
Chen_2020,M1,"CYTOR,TIGIT,SLA,CD247,TNFRSF4,SPOCK2,CORO1B,TNFRSF1B,TNFRSF18,GBP2,ICOS,CD3G,IL2RA,BATF,FOXP3,LAT,PIM2",head and neck,regulatory T cells,M
Chen_2020,F4,,head and neck,regulatory T cells,F
Chen_2020,F6,"CXCL13,KLRB1",head and neck,follicular regulatory T cells,F
Chen_2020,F5,"IFI27,IFIT3,IFIT1",head and neck,unknown,F
Chen_2020,F7,"IFIT3,XIST,IFIT1,RTKN2,RSAD2,SOX4,PARP14",head and neck,unknown,F
Chen_2020,M4,"HMGB2,STMN1,TUBB4B,PTTG1,SMC4,ANP32E,RPA3,CKS2,CKS1B,FABP5,PCLAF,PCNA,CENPF,TOP2A,UBE2C,NUSAP1,MKI67,TYMS,MAD2L1,TK1,EZH2,UBE2T,CDK1,BIRC5,RRM2,ASPM,CENPM,ZWINT,TPX2",head and neck,proliferating cells,M
Chen_2020,F26,"TCL1A,CD79B,MARCKSL1,CD79A,MS4A1,HLA-DMB,IRF8,JCHAIN,LRMP,VPREB3,MEF2B,RGS13,BASP1,UBE2J1,HLA-DRB5,SMIM14,CD22,NCF1,POU2F2,NEIL1,REL,SWAP70,BCAS4,GGA2,SYPL1,HMCES,CD83,CD40,MEF2C,LPP,CYB561A3,LAT2,POU2AF1,TMEM243,EAF2,DAAM1,STX7,BCL11A,RFTN1,LSM10,CCDC88A,CD19,FCRLA,PAX5,BCL7A,TNFRSF13C,BIK,CD72,LINC01857,TPD52",head and neck,proliferating B cells,F
Chen_2020,F28,,head and neck,unknown,F
Chen_2020,F25,"NKG7,GZMB,GNLY,GZMA,CCL4,GZMH,CD8A,IFITM1,IFNG,LAG3,CD7,CCL3,PRF1,PTMS,CST7,CLEC2B,LINC01871,CD8B,OASL,CHST12,GZMK,CTSW,CXCL13,FASLG",head and neck,proliferating cytotoxic T cells,F
Chen_2020,F27,"GZMK,CCL20,SOX4,ANXA1,MIR205HG,S100A14,ATF3",head and neck,proliferating memory T cells,F
Chen_2020,F24,"SPOCK2,CD3G,TNFRSF4,IL2RA,BATF,LAT,TNFRSF18,ICOS,CORO1B,TNFRSF1B,MAF,CD28,CD4",head and neck,proliferating regulatory T cells,F
Chen_2020,M5,"CD79A,JCHAIN,ITM2C,SELENOK,XBP1,SEC11C,SSR3,MZB1,SELENOS,FKBP11,SDF2L1,PRDX4,SPCS3,MANF,DERL3,FCRL5,MEI1,CPNE5,ST6GALNAC4,PECAM1,ARSA,SDC1,TNFRSF17,FKBP2,TXNDC5,PDK1,GMPPB,MEF2B,MYDGF,ELL2,SIL1",head and neck,plasma cells,M
Chen_2020,F29,"JUN,FOS,JUNB,NEAT1,IER2,FOSB,RGS1,MT-ND5,ZFP36,SOCS3,PPP1R15A,TMEM107,ADAR,AL021155.5,POU2F2,GOLGB1,HIST1H4C,MT-ND4L,STK17B,GOLGA4,RBM25,ZRANB2,XAF1,FXYD3,KMT2E,STK4,NKTR,TAF1D,FBXW7,DDX3X,FNDC3B,ANKRD28",head and neck,activated plasma cells,F
Chen_2020,F30,,head and neck,unknown,F
