Data,Cluster,Markers,Organization,cell_type,level
Choudhury_2022,M0,"CLU,SFRP2,C2orf40,IGFBP2,KCNMA1,IGFBP6,MGP,NPNT,FBLN1,RARRES2,ITM2C,PCOLCE,MFAP5,NR4A1,CRABP1,SLPI,ID3,LMO4,PCSK1N,NUPR1,CLDN11,LEPR,SDC2,DSP,AKAP12,FOXD1,CEMIP,SLC4A4,ADI1,SELENOM,ABLIM1,THSD4,MPC2,C1S,ALCAM,ATP1B1,KCNQ1OT1,ADIRF,RETREG1,EFEMP2,GUCY1A1,OGN,TNNT2,LRP1,FOXC2,CDH11,FAM107A,ALDH2,CLTB,SLC47A1",brain,unknown,M
Choudhury_2022,F2,,brain,unknown,F
Choudhury_2022,F0,"CPE,CCL2,CEMIP,CSRNP1,ICAM1,MAFF,RGS16,KDM6B,TNFAIP3,ITPKC",brain,unknown,F
Choudhury_2022,F1,"TNFAIP3,HLA-DRB1,CD74,HLA-DRA,CXCL8,CCL4,CCL3,HLA-DPB1,HLA-DPA1,C1QB,IL1B,C1QA,SPP1,C3,HLA-DQB1,AIF1,FCER1G,TYROBP,C1QC,MS4A7,HLA-DQA1,ARHGDIB",brain,microglia,F
Choudhury_2022,M2,"CCL4,S100A4,RGS1,CXCR4,TNFAIP3,IL32,CCL5,NKG7,CCL4L2,PTPRC,HCST,DUSP2,GZMK,XIST,CD3D,ETS1,GZMA,CD52,GMFG,TRBC1,GZMB,CD2,CORO1A,DUSP4,HLA-F,CST7,CD7,SLA,PRDM1,GZMH,STK17B,CD69,CRIP1,RUNX3,ISG20,CLEC2D,TRAC,CD8A,CD3E,CYTIP,APOBEC3G,SYTL3,CTSW,RAC2,CD3G",brain,CD8+ T cells,M
Choudhury_2022,F9,"GZMB,CXCL13,GZMK,GZMH,CD8B,IFNG,CCL4L2,CD27,CD8A,LAG3,CTLA4,CCL3L1,LYST,HAVCR2,VCAM1,PTMS,SNAP47,HLA-DQA1,CCL3,HLA-DRB5",brain,CD8+ cytotoxic T cells with exhausted phenotype,F
Choudhury_2022,F11,,brain,unknown,F
Choudhury_2022,F13,"HMGB2,TUBB,STMN1,H2AFV,UBE2S,DEK,IFI27L2,JPT1,SIVA1,DUT,RPA3,LSM3,SNRPD1,ANAPC11,MRPL51,PTTG1,HP1BP3,CKS2,NAA38,HNRNPR,SRSF10,RAD21,ARL6IP1,HNRNPAB,SMC4,LSM5,CCDC167,RANBP1,CARHSP1,TMPO,PCNA,LSM4,AP2S1,HLA-DRB5,NUDT1,CENPF,CKS1B,UBE2C,PCLAF,TOP2A,MAD2L1,NUSAP1,HMGN3,TYMS,SMC2,DTYMK,CENPM,UBE2T,MKI67,ATAD2",brain,unknown,F
Choudhury_2022,F10,"FOSB,KLF2,NR4A2,BTG2,REL,FAM177A1,RSRP1,GZMM,FOS,GADD45B,RNF125,KLRD1,SMCHD1,IKZF1,AREG,PDCD4",brain,CD8+ T cells (activated/exhausted),F
Choudhury_2022,F12,"LTB,IL7R,BATF,TIGIT,BIRC3,UGP2,GLRX,GPR183,CORO1B,TNFRSF18,TNFRSF4,DNPH1,GADD45A,IL2RA,FOXP3",brain,CD8+ regulatory T cells,F
Choudhury_2022,F14,"AREG,ANXA1,RGS2,HSPA1A,BATF,LMNA,SYAP1,SDCBP,SEC62,FOSB,ALOX5AP,LAPTM4A,BIRC3,TPM4,KTN1,FAM107B,LGALS3,SELENOS,PPP1R15A,SQSTM1,DDX21,VAPA,REL,ATP1B3,MOB1A,GLUL,NAMPT,NFE2L2,RNF145,SEPT2,SERPINB1,FDX1,MYADM,C4orf48,CLU,FOXP1,CST3,HSPA1B,MAP3K8,SKIL,PLIN2,PHF20,FKBP2,TMOD3,TIMP1,NFKB1,VDAC2,SLC26A2,CAPG,IFITM3",brain,unknown,F
Choudhury_2022,M5,"HLA-DRA,CD74,HLA-DRB1,SPP1,C1QA,HLA-DPA1,C1QB,HLA-DPB1,CCL3,TYROBP,FCER1G,CD14,APOC1,LAPTM5,CCL4L2,AIF1,CCL3L1,HLA-DRB5,HLA-DQB1,CXCL8,C1QC,RNASET2,FCGR2A,CTSS,TYMP,CD83,MS4A7,MS4A6A,FCGR3A,CD163,ALOX5AP,HLA-DQA1,PLAUR,REL,GPR183,MRC1,VSIG4,HCST,MAFB,CXCR4,LYZ,LCP1,SAMSN1,MS4A4A,SLC11A1,SLCO2B1,FAM49B,CYBB,GPR34,CD37",brain,microglia,M
Choudhury_2022,F21,"USP53,SFRP2,CLU,SELENOP",brain,unknown,F
Choudhury_2022,F22,"CCL4L2,CCL3L1,HLA-DRB5,CH25H,PDK4,XIST,CCL2,TMEM176B,PMP22,SCPEP1,IFI44L,GPNMB,TMEM176A,LGMN,IFI6,FCGR1A,ISG15",brain,activated microglia,F
Choudhury_2022,F25,"FN1,COL1A1,ARL4C,CTGF,STMN1,CALD1,SPARC,MRPL51,NNMT,DSTN,COL5A1,MYH9,INHBA,COL1A2,COX5A,YWHAQ,MDK,SF3B6,FLNA,CD59,CALU,PHB2,SOX4,KHDRBS1,CYTOR,MRFAP1,SNRPD2,PMEPA1,C9orf16,TXNDC17,PRSS23,NME1,BEX3,COL4A2,MRPL33,NONO,CYR61,CCT4,COL4A1,SYNCRIP,TPM2,SMS,DCBLD2,LSM3,DUT,TUBB2A,COL18A1,UBXN4,PRDX2,SNRPD1",brain,fibroblast-like microglia,F
Choudhury_2022,F23,"AREG,S100A9,VCAN,S100A8,GPNMB,LGALS3,SLC2A3,HLA-DRB5,CD44,C15orf48,CD52,VEGFA,MARCO,THBS1,FBP1,PMP22,LY6E,UPP1,THBD,MXD1,ACP5,EREG,NCF2,LSP1,XIST,FLNA,FPR2,MCEMP1,AQP9",brain,activated microglia,F
Choudhury_2022,F29,,brain,microglia,F
Choudhury_2022,F26,"TNF,G0S2,CXCL2,DUSP2,CXCL3,CCL20,RPS4Y1,IL1A,S100B,BIRC3",brain,activated microglia,F
Choudhury_2022,F24,"SELENOP,PTGDS,LYVE1,LTC4S,HES1,HLA-DQA2,CCND1,BIN1,ADAP2,CX3CR1,LPAR6,IFI30,P2RY13,MPEG1,GAS6,FRMD4B,SLC4A7,ARHGAP21,NAIP,PPP1R10,SLC40A1,ZNF703,PLXDC1,PCDH12",brain,microglia,F
Choudhury_2022,F27,"S100A9,STMN1,HIST1H4C,UBE2S,CKS2,H1FX,PGAM1,PMP22,CALM3,FABP5,SUMO3,SIVA1,TMPO,LSM4,RANBP1,RAD21,KPNA2,IDH2,SMC4,UBE2C,PCNA,PCLAF,CKS1B,TOP2A,CENPF,CDK1,TYMS,CCNB1,BIRC5,CCNB2,MKI67,MAD2L1,RRM2,GGH,GMNN,NUSAP1,TK1,TPX2,SAC3D1,NCAPD2,ZWINT,ANLN,AURKA,MCM4,KIF22,PMM1,CDKN2C,LMNB1,TTF2,CCP110",brain,proliferating microglia,F
Choudhury_2022,F28,"CLU,CD9,LMNA,ISG15,MT1X,PTGDS,AREG,ABCA1,FABP5,PPDPF,DST,S100B,STAT1,LGALS3BP,FNIP2,PET100,ACTN4,RDX,THBS1,ZBTB20,NRP2,CD47,TBCB,APP,RPS19BP1,PRR13,NENF,MBP,SLC44A1,MAP1B,IFI6,NUPR1,PPP2CB,CRYAB,GPNMB,PLP1,QDPR,PPP1R14A,PTN,SYT11,SLC6A8,CYP27A1,CKB,GPM6B,ENO2,HSPA2,ANLN,SLCO3A1,TMEM14A,C11orf96",brain,microglia,F
Choudhury_2022,M6,"TUBB2B,CXCL14",brain,unknown,M
Choudhury_2022,F31,"COL5A1,FLNA,SERPINE1,COL4A2,HLA-A,COL6A2,COL4A1,IQGAP1,AHNAK,DSP,FLNB,TIMP2,COL18A1,CANX,COL6A1,P4HB",brain,fibroblast,F
Choudhury_2022,F30,,brain,unknown,F
Choudhury_2022,F32,"UBE2C,KPNA2,PTTG1,CCNB2,CENPF,TOP2A,CCNB1,CKS1B",brain,unknown,F
Choudhury_2022,M4,"COL5A1,SOX4,ARL4C,IL32,CAV1,COL5A2,PMEPA1,EDIL3,COL4A2,SMS,FHL2,NNMT,INHBA,SERPINE1,AXL,MME,CTHRC1,ADAMTS6,CXCL14,SREK1IP1,TNFRSF12A,COL4A1,PCLAF,PLK2,CNN3,DCBLD2,CDK6,TGFBI,UBE2C,RAD23B,CDK4,CD24,TXNRD2,CADM1,TNC,EMB,CKS2,TUBB2A,PLAT,XRN2,NES,PLP2,SOX11,UGCG,HTRA3,COL7A1,PAWR,PDGFC,MGST1,MYBL1",brain,unknown,M
Choudhury_2022,F20,,brain,unknown,F
Choudhury_2022,F19,"CENPF,CCNB1,BIRC5,HMGB2,TPX2,TOP2A,CCNB2,NUF2,NEK2,HMMR,CDCA8,NCAPH,KIFC1,KIF14,KIF2C,PIMREG,KIF11,KNL1,BUB1B,SHCBP1,SKA1,KIF15",brain,unknown,F
Choudhury_2022,M1,"IGFBP7,SPARCL1,A2M,NDUFA4L2,IFI27,RGCC,C11orf96,CAV1,COL4A2,EPAS1,TCF4,APOLD1,FILIP1L,COL18A1,CPM,GNG11,ITGA1,FILIP1,DLC1,TINAGL1,ESAM,COL4A1,XIST",brain,vascular endothelial cells,M
Choudhury_2022,F3,"RGCC,ITM2A,SLC9A3R2,CLDN5,VWF,HSPG2,PODXL,EGFL7,PECAM1,PLPP1,RAMP2,ENG,NFIB,ID2,SPRY1,THBD,EFNB2,KDR,VAMP5,SOX18,NOTCH4,PTPRB,NPDC1,PINK1,ABCG2,EDNRB,CLEC14A,ITGA6,CD34,INSR,FLT1,VWA1,DOCK9,PALMD,CA2,TM4SF18,IVNS1ABP,CDH5,LMO2,TMEM204,GAS6,NRP2,WWTR1,HYAL2,EMCN,PCDH17,PIK3R3,CDA,RNASE1,ESAM",brain,vascular endothelial cells,F
Choudhury_2022,F4,"RGS5,TAGLN,TPM2,FILIP1L,PLAC9,NDUFA4L2,ACTA2,RGS16,FRZB,MYL9,CD36,NOTCH3,CRIP1,GJA4,RERGL,CPE,ID4,AGT,PDGFRB,PHLDA1,MFGE8,INPP4B,LGALS3BP,GUCY1A1,COX4I2,KCNAB1,ITM2C,S100A4,FBXO32",brain,pericytes,F
Choudhury_2022,F8,"CD74,HLA-DRB1,HLA-DRA,IER3,SGK1,S100A4,HLA-DPB1,HLA-DPA1,NR4A2,CTSB,CCL3,CXCL8,CCL4,FGL2,ASAH1,TNFAIP3,HLA-DQB1,KCTD12,MAF,MAFB,RBPJ,CCL3L1,CCL4L2,OGFRL1,CH25H,REL,USP53,C1QA,EGR2,CD14,IRS2,C1QB,IL1B,CLEC4E,SLCO2B1,CELF2,SMAP2,HLA-DQA1,CXCR4,RNASET2,MRC1,LAPTM5,TYROBP,CD83,CTSS,APOC1,RGS1,CD163,IQGAP2,B3GNT5",brain,perivascular macrophages,F
Choudhury_2022,F6,"CD74,HLA-DRB1,FABP4,NNMT,HLA-DRA,THBD,RBP7,AQP1,HLA-DPB1,HLA-DPA1,DNASE1L3,TMEM70,ADAMTS9",brain,vascular endothelial cells,F
Choudhury_2022,F5,"COL1A1,PTN,OGN,SFRP2,SLPI,DCN,IGFBP6,LEPR,PCOLCE,C2orf40,KCNMA1,FBLN1,CYP1B1,FGL2,SERPINF1,SFRP4,VCAN,MDK,MEG3,PIK3R1,ALDH2,AEBP1,THSD4,RARRES2,LRP1,PLD3,CTSK,C1S,OMD,EGFL6,COL11A1,EFEMP1,FIBIN,LTBP2,KLF5,ADAMTSL3,PDGFRL,SLIT2,COLEC12,BICC1,GLT8D2",brain,pericytes,F
Choudhury_2022,F7,"DCN,NNMT,COL1A1,LUM,COL3A1,S100A4,COL5A2,LGALS3BP,MIR4435-2HG,HIGD1B,TFPI,SERPINE1,PPP1R14A,ACTN1,ANGPTL4,PLXDC1,PDLIM2,TGFBI,AEBP1,COL6A3,PDGFRB,C1R,S1PR3,PKM,COL5A1,PPP1R14B,CTHRC1,PDLIM3,SPON2,FHL2,LZTS1,PCOLCE,ECM1,SGIP1,TNFAIP6,A1BG,GPC1,NTM",brain,fibroblasts,F
Choudhury_2022,M3,"SPP1,PTGDS,SELENOP,PLP1,CRYAB,CLDN11,TUBB2B,MBP,GPM6B,RNASE1,CLDND1,S100B,CAMK2N1,RETREG1,PPP1R14A,SCD,ZEB2,QDPR,EDIL3,FAM107B,CNP,TF,CKB,PEA15,VWA1,TSC22D4,PIP4K2A,NKX6-2,PHLDA3,CBR1,ANLN,APLP1,SORT1,FEZ1,SYT11,MAG,SUN2,CA2,LARP6,NCAM1,DDR1,SCD5,KCNMB4,EFHD1,PCDH9,MAP1A,ENPP2,SEPT4,PACS2,SEPT8",brain,oligodendrocytes,M
Choudhury_2022,F15,"C11orf96,TNFRSF12A,EMP1,KLF4,MT1X",brain,oligodendrocyte precursor cells,F
Choudhury_2022,F16,,brain,oligodendrocytes,F
Choudhury_2022,F17,"COL1A1,FN1,COL5A1,MDK,ARL4C,YBX3,NNMT,PRSS23,COL1A2,COL4A1,FLNA,COL4A2,CYR61,MYH9,CCT2,ANXA1,SOX4,JPT1,TUBA1C,HNRNPAB,C12orf75,CDK6,CALU,PMEPA1,HACD3,CCT5,AHNAK,DCBLD2,PPP1R14B,RPN2,COL5A2,FLNB,PLK2,CTGF,HDAC2,ZFP36L1,SNRPB2,STRAP,TPM2,NONO,MRPS21,CNN3,FOXP1,G3BP1,SMS,CKAP4,BCAT1,TMEM123,PRKDC,RAD23B",brain,oligodendrocyte precursor cells (OPCs),F
Choudhury_2022,F18,"MOBP,NECAB1,PLEKHH1,PEX5L,KCNQ1OT1,SEMA4D,SERPINI1,SFRP2,PCSK1N,ARFGEF3,DOCK10,ZNF652,TMEM125,PHGDH,OMG,MFSD6,DAAM2,FA2H,SLCO1A2,CPM,AC018647.1,ST18,FGL2",brain,oligodendrocytes,F
