Data,Cluster,Markers,Organization,cell_type,level
Cillo_2020,M0,"TRAC,CD3D,IL7R,CD3E,IL32,NOSIP,CD3G",head and neck,T cells,M
Cillo_2020,F2,,head and neck,unknown,F
Cillo_2020,F0,,head and neck,unknown,F
Cillo_2020,F1,"JUN,IGKC,RGS1,IGHA1",head and neck,unknown,F
Cillo_2020,M7,"CD2,CD27,SPOCK2,ITM2A,CTSC,LAT,CORO1B,CYTOR,PIM2,GBP2,PBXIP1,TIGIT,TNFRSF18,BATF,TNFRSF4,HSPA1A,RGS1,ICOS,SIRPG,MAGEH1,TBC1D4,CTLA4,CD3G,CD247",head and neck,activated T cells,M
Cillo_2020,F20,"VIM,TNFRSF18,CYTOR,MT2A,DUSP4,LY6E,TYMP,LINC01943,CARD16,S100A10,BATF,MIR4435-2HG,LGALS1,IL2RA,HLA-DRB1,CST7,EMP3,BIRC3,SAMSN1,HLA-DPA1,IFI6,TXN,ANXA2",head and neck,activated regulatory T cells,F
Cillo_2020,F21,"PASK,PDCD1",head and neck,exhausted T cells,F
Cillo_2020,F22,"HSPA1A,HSPA1B,CXCL13,RGS2,DNAJA1,IFITM1,HSPD1,DOK2,TCF7,HSPH1,FABP5,NUCB2,PGM2L1,AHSA1,CXCL8,S100A9,S100A8,RHOB,SERPINH1",head and neck,activated T cells with stress response,F
Cillo_2020,M6,"NKG7,CCL5,GNLY,GZMA,CST7,KLRB1,CTSW,GZMB,GZMH,CCL4,PRF1,DUSP2,CMC1,MYO1F,KLRD1,GZMM,FGFBP2,CD247,HOPX,CD7",head and neck,Natural Killer (NK) cells,M
Cillo_2020,F17,,head and neck,Natural Killer (NK) cells,F
Cillo_2020,F18,"TYROBP,KLRB1,FCER1G,SPON2,FGFBP2,KLRF1,FCGR3A,PLAC8,CLIC3,IL2RB,TRDC,IGFBP7",head and neck,Natural Killer (NK) cells,F
Cillo_2020,F19,"JUN,RGS1,COTL1,HLA-DRB1,CKLF,IGKC,CD3G,HLA-DRA,CYTOR,STK17A,IGHA1",head and neck,unknown,F
Cillo_2020,M1,"LYZ,TYROBP,CST3,LST1,S100A9,AIF1,LGALS1,PSAP,TYMP,FCN1,GPX1,VCAN,S100A11,CTSS,S100A12,CSTA,NAMPT,FCER1G,MNDA,GRN,AP1S2,ANXA2,STXBP2,MCL1,TIMP1,CEBPB,SERPINA1,S100A8,PYCARD,SPI1,CD14,IQGAP1,FGL2,MACROH2A1,SOD2,MS4A6A,SERPINB1,ATP6V0B,IFI30,LTA4H,CLEC7A,ASAH1,CYBB,CFP,CFD,CTSD,FGR,SDCBP,LGALS2,FCGRT",head and neck,monocyte-derived macrophages,M
Cillo_2020,F4,"FCGR3A,IFITM3,MS4A7,PELATON,DRAP1,CALHM6,HCK,LILRB2,RHOC,PECAM1,NAAA,WARS1,PILRA,PTGES3,LRRC25,RGS19,SPN,CSF1R,MYO1G,HES4,TCF7L2,CDKN1C,SOD1,CD79B,SIGLEC10,POU2F2,RAP1B,SEPTIN9,BID,MTSS1",head and neck,monocyte-derived macrophages,F
Cillo_2020,F3,"VCAN,S100A12,CD36",head and neck,monocyte-derived macrophages,F
Cillo_2020,F5,"CXCL8,CCL3,IL1B,JUN,HLA-DQA1,PPP1R15A,HSPA8,ALOX5AP,HMGN1,IGKC,LITAF,CCL4,RGS1,CTSH,GPR183,FABP5,CALR,HSP90AB1,PPIB,HLA-DMB",head and neck,activated monocyte-derived macrophages,F
Cillo_2020,F6,"NCOA4,RGS18,YWHAH,RAB11A,TLN1,CMPK1,FERMT3,CTSA,CCL5,TPM4,CARD19,AMD1,LIMS1,NRGN,RBBP6,PIP4K2A,MAX,RSU1,ACTN1,MPP1,R3HDM4,MARCHF2,ETFA,SNAP23,TUBA4A,CAPN1,NDUFAF3,RNF11,F13A1,NT5C3A,MAP3K7CL,EMC3,STOM,CD9,ODC1,SNN,PPBP,PGRMC1,RUFY1,CLU,PTGS1",head and neck,monocyte-derived macrophages,F
Cillo_2020,M2,"IGKC,IGLC2,HLA-DPA1,HLA-DRB1,CD79A,IGHA1,HLA-DQB1,IGLC3,MS4A1,CD79B,HLA-DMA,IGHG1,HLA-DQA1,NCF1,JCHAIN,MEF2C,IGHM,SMIM14,IRF8,VPREB3,CYB561A3,HLA-DMB,BANK1,CD22,TNFRSF13C,HLA-DRB5",head and neck,B cells,M
Cillo_2020,F8,,head and neck,unknown,F
Cillo_2020,F7,"TCL1A,IGHD,FCER2,LINC00926",head and neck,naive B cells,F
Cillo_2020,F9,"IGHG4,IGHG2,MZB1,SRGN,XBP1,ITM2C,HSP90B1,SEC11C,FKBP2,DERL3,SELENOK,HSPA5,FKBP11,TXNDC15",head and neck,plasma cells,F
Cillo_2020,F10,"MARCKSL1,TCL1A,CD40,RGS13,BASP1,HMGA1,BCAS4,IRAG2,TMEM123,STAG3,SEL1L3,P2RX5,SNAP23,SWAP70,NEIL1,HMCES,SUSD3,RFTN1,UBE2J1,BCL7A,GRHPR,GGA2,SERPINA9,MBD4,SUGCT,METAP2,ACY3,LMO2,LAT2,SEMA4A,CCDC144A,POU2AF1",head and neck,Germinal center B cells,F
Cillo_2020,F12,"PLAC8,MZB1,ALOX5AP,JCHAIN,GZMB,GPR183,NPC2,SRGN,RGS2,STMN1,C12orf75,PLP2,TCF4,XBP1,HCST,SPIB,ITM2C,TSPAN13,IRF7,BCL11A,DDIT4,RNASE6,CAPG,TXN,CNPY3,GRN,CCDC50,PRKCB,MACROH2A1,CST3,FKBP2,SIVA1,PLD4,OFD1,SPINT2,TYROBP,OSTC,ATP6V0B,PHB,PPP1R14B,PYCARD,DERL3,PLEK,PAXX,SELENOS,FCER1G,UNC93B1,DSTN,CTSB,CTSC",head and neck,plasmablasts,F
Cillo_2020,F13,"S100A4,STMN1,TRAC,TRBC2,LGALS1,HMGB2,CRIP1,DEK,CALM3,SRGN,HCST,H2AZ2,EMP3,TLE5,IL2RG,IL32,ABRACL,S100A10,CD3D,LY6E,LCK,PCLAF,PTTG1,TXN,DUT,PSMA4,PA2G4,S100A11,LRRFIP1,COPS9,ANP32E,TUBA4A,LSM5,WDR1,LSM4,PRDX2,ANXA2,CARHSP1,RGS10,CKLF,NDUFA12,NDUFB3,TPM4,RHOG,RPA3,NASP,MT2A,H2AZ1,PSMB6,SMC3",head and neck,unknown,F
Cillo_2020,F11,"HMGB2,H2AZ1,STMN1,IRAG2,DEK,DUT,BCAS4,CBX3,RANBP1,GGA2,NUCKS1,H4C3,ODC1,SNRPD1,EAF2,COX17,MRPL51,MACROH2A1,HSPD1,SWAP70,TUBB4B,SMARCB1,RPA3,ARL6IP1,PCLAF,STAG3,DDX39A,PSIP1,H2AZ2,ILF2,EIF5A,CKS2,FAM107B,CARHSP1,RBBP7,CALM3,HMGA1,SIVA1,SLBP,LSM6,NDUFV2,SNHG25,NASP,PSMA4,LDHA,RAD21,PTTG1,UBE2J1,HDAC1,PCNA",head and neck,unknown,F
Cillo_2020,M3,"SLC25A39,ADIPOR1,HBB,SLC25A37,HBA2,HBA1,FAM210B",head and neck,erythrocytes (red blood cells),M
Cillo_2020,M4,"RGS1,FCER1G,CD63,ALOX5AP,RGS2,PPP1R15A,TIMP1,CST3,ATP6V1F,SLC2A3,RGS10,SELENOK,LAPTM4A,ATP6V0B,TNFAIP3,C4orf48,IGLC3,AP2M1,SAMSN1,H2AZ2,CAPG,LAT,GLUL,FOSB,TMBIM4,EGR1,C1QBP,AREG,SRI,IGHG4,LGALS3,PRDX6,HSP90B1,HSPA5,NSMCE1,STMN1,CD82,TNFSF10,COX17,GADD45B,LMNA,ITM2C,TMEM176B,BHLHE40,ANKRD28,ALOX5,ARHGEF6,NR4A1,RGS13,CD9",head and neck,macrophages,M
Cillo_2020,M5,"SPOCK2,PIK3IP1,MYO1G,CCDC12,NDFIP1,PCSK7,SUN2",head and neck,unknown,M
