Data,Cluster,Markers,Organization,cell_type,level
Cohen_2021,M3,"HIST1H4C,TUBA1B,CCND2,ITGB7,RAN,MTND4P12,IFI30,PARK7,HMGB1,CBX3,CYCS,ATP5G3,LDHA,PSME2,ARHGDIB,ATP5J2,H2AFV,SRM,NDUFV2,PSMA2,PPA1,RPS24P8,RPL22L1,ENO1,SSBP1,NDUFB9,H2AFZ,SERBP1,CHCHD2",blood,unknown,M
Cohen_2021,F30,"IGLJ2,S100A6,S100A4,IGLC3,TM9SF2,HLA-DRA,PLPP5,CD9,TAPBPL,IGKV4-1,CFLAR,IGLV3-1,TMCO1,CREB3L2,UAP1,DNAJC3,S100A5,USF1,SMAP2,FCRL5,CPNE5,CST3,MT-TQ,CD27,HLA-DPA1,AKR1A1,MAGED1,H1FX,HLA-DRB1,HLA-F,BUD23,RASGRP3,PTPN6,FCRLA,NSD2,ANKRD36BP2,DPM3,FCGR2B,ATF6,CD46,HLA-K,PRKD3,QPCT,IGLJ3,FGFR3,HLA-DOB,CTHRC1,IGLV3-9,NEB,TMEM176B",blood,unknown,F
Cohen_2021,F28,"IGHA1,IGHA2,IGHGP,IGHG2,TMSB4X,IGHG3,IGHG4,XBP1,IGHM,ITM2C,FAM46C,NUCB2,MANF,ERLEC1,IGLC3,DERL3,CTSH,KDELR2,MYDGF,MTND5P12,BTG2,AC012181.2,TXNIP,ELL2,CD38,TNFRSF17,TXNDC11,SDF2L1,TXNDC5,SELENOK,SRPRA,SRGN,PECAM1,CRELD2,POU2AF1,SLAMF7,ARF4,TXNDC15,RABAC1,SEL1L3,LGALS1,HDLBP,SDC1,MBD2,SEL1L,SELENOS,ISG20,CLPTM1L,IL2RG",blood,plasma cells,F
Cohen_2021,F29,"MTND4P12,SPP1,LAPTM5,MAFB,CREG1,FAM26F,S100A4,CDKN2A",blood,unknown,F
Cohen_2021,M11,,blood,unknown,M
Cohen_2021,F8,"IGKC,RPS2,IGHG1,RPL18,IGHGP,IGHA1,ITM2C,RPL6,NME2,AC026366.1,AL033519.2,AC245033.1,AC073621.1,PPIA,UQCRB,MIR6805,RPS10,CDV3,MT-TI,NPM1,RPS28,SNORD35A",blood,plasma cells,F
Cohen_2021,F9,"IGHM,IGLC6,IGLC3,IGLJ6,CCND1,MTRNR2L8,IGLJ2,IGLV2-23,IGLC7,MS4A1,LAPTM5",blood,B cells,F
Cohen_2021,M15,"IGLJ2,IGLV3-7",blood,B cells,M
Cohen_2021,F13,"IGLV3-10,CCND1,MTND4P12,PDIA4,PDIA3,BTG1,PNRC1,TAPBP,IGLJ3,HLA-H,CD48,UBB,CCPG1,MCL1,PRDM1,MEF2C,UAP1,CSDE1,GLCCI1,CD59,CLIC1,CADM1,HNRNPA2B1,SDF2L1,DNAJC3,HMGN1,IL6R,ANKRD12,HYOU1,AC068631.2,ITGA4,EIF4G2,BIRC3,EPRS,CSTB,SEMA4A,MLEC,HNRNPU,TMCO1,TTC3,ZBTB38,SOD1,TMEM50B,AKAP2,IL2RG,PARP1,SON,HSP90B2P,MANF",blood,plasma cells,F
Cohen_2021,F15,"IGKC,IGHA1",blood,plasma cells,F
Cohen_2021,F16,"IGLV1-51,MTRNR2L1,IGHA1,RPL10P9,TMSB4X,IGLV6-57",blood,plasma cells,F
Cohen_2021,F14,"IGHGP,IGHG1,MIR650,IGHG3,IGLV2-8,IGHG2,DNAJC1,LAMP5,LDHB,AC091982.1,RPL4P2,MRPS24,RPS12P23,ATP5D,IFITM1,RPL18A,IGHG4,IGHM",blood,plasma cells,F
Cohen_2021,M5,"ITGB7,CCND2,MS4A1,MTND4P12,LAPTM5,IRAK1,MDK,IGLJ2,PBXIP1",blood,B cells,M
Cohen_2021,F36,"JCHAIN,MTRNR2L1,IGLV3-7,S100A6,IGLJ6,IGLV2-14",blood,plasma cells,F
Cohen_2021,F34,"MDK,IRAK1,MTND4P12,PBXIP1,IGLJ3,FAM30A,QPCT,ZFP36L2,VOPP1",blood,unknown,F
Cohen_2021,F35,"RNASET2,S100A11,AC025857.2,GAS5,IGLV2-8",blood,unknown,F
Cohen_2021,F37,"MTRNR2L1,HLA-DRA,TMSB4X,RPL10P9,FRZB,HLA-F,SEL1L3,CCND1,FCRLA,IGLV1-51,MTRNR2L10,TMSB4XP8",blood,B cells,F
Cohen_2021,F38,"RPL24P2,HIST1H1C,MYCL",blood,unknown,F
Cohen_2021,M4,,blood,unknown,M
Cohen_2021,F31,"IGHA1,IGHM",blood,unknown,F
Cohen_2021,F32,"IGLJ2,IGLV3-21,FRZB,IGLV6-57,MTRNR2L8,FAM30A,IGLV3-7,MT-TI,CCND2,HIST1H1C,CD59,TPM4,TRMT112,HYOU1,MAN2A1,HLA-DOB,CD44,TSPAN3",blood,B cells,F
Cohen_2021,F33,"IGHM,MTRNR2L8,LAPTM5,IGLC7,IGLC6,LINC01781,CCND1,IGLJ6,MIR4539,IGLV2-23",blood,B cells,F
Cohen_2021,M6,"IGHA1,IGHA2",blood,plasma cells,M
Cohen_2021,F41,"S100A6,CD48,TMCO1,RNASET2,CST3,FCRLA,IGLV3-25,MT-TQ,LAMP5,IGHV1-24,LINC01781",blood,plasma cells,F
Cohen_2021,F39,"SEL1L3,IGHM",blood,plasma cells,F
Cohen_2021,F40,"TUBA1B,ITGB7,FRZB,RPS24P8",blood,unknown,F
Cohen_2021,F42,"IGLV3-1,CD27,HLA-H,ANKRD36BP2,IGLJ3,HLA-DOB,FGFR3,FCRLA,S100A4,FCGR2B,GAS6,PTPN6,CREB3L2,IGKV4-1,S100A5,CST3,CD46",blood,plasma cells,F
Cohen_2021,F43,,blood,plasma cells,F
Cohen_2021,F44,"NACA3P,EIF3H,FRZB,BX679664.3,HNRNPA1,HBB,HBA2,HBA1,CA1,SLC25A37",blood,unknown,F
Cohen_2021,M16,,blood,unknown,M
Cohen_2021,F17,"IGHG1,IGHGP,SNORD35A,MALAT1,MT-TI,EIF3H,HSP90AA1,SNHG6",blood,unknown,F
Cohen_2021,F19,"IGHG4,IGLC2,EDNRB,IGHG2,CST3",blood,unknown,F
Cohen_2021,F18,"TMSB4X,CD74,MYDGF,CCND1,CD63,UCHL1,FXYD5",blood,unknown,F
Cohen_2021,M1,"LAPTM5,CD79A,TIMP1,AKAP2,QPCT",blood,B cells,M
Cohen_2021,F20,"IGHM,SNORD68,RPL9,FAM30A,RPL5P17,MTND4P12,TMSB4X,RPL5P34",blood,naive B cells,F
Cohen_2021,F23,"CCND1,FAM30A,MTRNR2L1,IGLV3-1,SDF2L1,TAPBPL,IGLV6-57,CD27,JSRP1,FOS",blood,memory B cells,F
Cohen_2021,F22,"IGHA2,IGHA1,IFITM1,BIRC3,IGLV3-7,IGLJ1,TXNDC11,IFI6,IGLL1,LINC01781,CXCR4,HIST1H1C,LGALS1,TOMM5,IGHV3-48,MX1,METTL9,STAT1,MIR650,LAMP3,IGLC3,IGLC6,LITAF,NDUFAB1,ISG15,RTN4,HIST1H2AC,EBLN3P,RNGTT,GDE1,CLTA,SCYL2,GSPT1,SP100,ZCCHC7,CD200,IGLC5,IGLV2-8,IFI27",blood,plasma cells,F
Cohen_2021,F21,"PIM2,LAMP5,COMMD3,ITGA6,SVIP,CCDC69,SCAMP5,MAPKAPK2,LINC01480,CD9,CST3,NEB,IGKV1-33,IGHV2-5",blood,B cells,F
Cohen_2021,F24,"IGHA1,IGHA2,MTND4P12,IGLV3-7,IGLL1,S100A6,IGLC6,HIST1H2AC,IGLV3-1,IGLV3-2",blood,plasma cells,F
Cohen_2021,M0,"CCND1,IGLV3-1,LINC01781",blood,unknown,M
Cohen_2021,F4,VPREB3,blood,unknown,F
Cohen_2021,F1,"IGHM,CADM1,BX679664.3,AC125807.1,ICAM3,RPL9",blood,unknown,F
Cohen_2021,F2,"IGLV3-1,IGHV3-15,IGLJ1,NUCB2,DERL3,IGLV3-7,CREB3L2,COMMD3,SNHG5,SNORD50B,CST3,SARAF,BMI1,TIMP1,EVI2A,PEBP1,MDK,MAN1A1,TM9SF2,KDELR2,IGLC6,IGLL1,PLP2",blood,B cells,F
Cohen_2021,F0,RPL10P9,blood,unknown,F
Cohen_2021,F5,"IGLC2,IGLV3-1,IGLC3,IGLJ2,TMSB4X,VPREB3,IGLV3-7,CD79A,FCRLA,CST3,MS4A1",blood,B cells,F
Cohen_2021,F3,"IGLC2,IGHM,IGLC3,EDNRB,BIRC3,CPNE5,PPDPF,IGLV6-57,IFI6,IGLV5-45,IGKV3-11",blood,B cells,F
Cohen_2021,F6,"VPREB3,TAPBPL,APLP2,SPAG4,CD27",blood,unknown,F
Cohen_2021,M8,"IGHM,CCND1,IGLC6,QPCT,MTRNR2L8,IGLC7,IGLJ6,MIR4539,IGLV2-23,IGLJ2",blood,B cells,M
Cohen_2021,M7,"TMSB4X,RPL10P9,LAMP5,WARS,LY6E,ASS1,CCND1",blood,unknown,M
Cohen_2021,F45,"IGLC1,MYEOV,LILRB4,PLAC1,SDC1,TXNDC11,TXNDC5,UCHL1,IFI30,GGH,LGALS1,RBP1,CD59,CD38,MALAT1",blood,unknown,F
Cohen_2021,F46,"IGHGP,FRZB,IGHG1,RPL10P9,IGHG3,IGHM,IFITM1,SNORD35A,AC012181.2,ASS1,ALOX5AP,HDLBP,FCRLA,AC073621.1,SNORD49A,HLA-H,RPL5P17,MIR7111,AC022431.1,RPL5P34,LGALS3BP,NOP53,RNASET2,SNORD83A,HLA-E,WFDC2,AZGP1,GAS5,IGHG2,SLC44A1,AC078817.1,MIR1244-1,MYC,RPL5P4,EIF3E,AC107032.1,RPS4Y1,HADH,AL121594.1,RPL29P12,AC134669.2,LINC01781,AC010343.1,RPL7AP6,AL009174.1,AC246787.1,RPL23AP65,AL049873.1",blood,unknown,F
Cohen_2021,M2,"IGHA1,IGHA2,S100A6,S100A4,IGKV3-20,LITAF,CAPN2,HLA-H",blood,plasma cells,M
Cohen_2021,F25,"IGKV3-20,EEF1A1",blood,plasma cells,F
Cohen_2021,F26,"TMSB4X,S100A4,HLA-DRA,IFI27,TIMP1,LRMP,ELOB,TMSB4XP8,DERL3",blood,plasmablasts,F
Cohen_2021,F27,"IGLC2,SDC1",blood,plasma cells,F
Cohen_2021,M12,,blood,unknown,M
Cohen_2021,M10,,blood,unknown,M
Cohen_2021,M9,"TUBA1B,STMN1",blood,unknown,M
Cohen_2021,F48,"HLA-B,IGHG1,HLA-C,CD74,IGLC2,IGHG3,IGLC1,TMSB4X,MZB1,IGHGP,FKBP2,ITM2C,SPCS1,CANX,FAM46C,SRGN,PSAP,FKBP11,AC012181.2,SSR3,HLA-E,ITM2B,CYBA,AL353898.3,PRDX4,HLA-A,DERL3,CD63,UQCRH,CDV3,MYDGF",blood,plasma cells,F
Cohen_2021,F49,"STMN1,MYEOV,LINC01781,HMGB2",blood,unknown,F
Cohen_2021,M13,,blood,unknown,M
Cohen_2021,M14,,blood,unknown,M
