Data,Cluster,Markers,Organization,cell_type,level
Deprez_2020,M5,"WFDC2,SCGB3A1,LYPD2,S100A4,LCN2,VMO1,PIGR,SLPI,SCGB1A1,S100P,PSCA,CXCL17,LY6D,S100A14,FAM3D,ELF3,GSN,KRT7,CTSC,CYP2F1,ATP1B1,XBP1,PI3,TGM2,CD55,VSIG2,CEACAM6,C3,TSPAN8,FABP5,STEAP4,MUC1,S100A13,CP,GK5,TSPAN1,SERPINB3,FUT2,GOLM1,CRACR2B,ST6GAL1,RDH10,SLC31A1,CLDN7,TNFSF10,MDK,BPIFB1,CREB3L1,B4GALT5,MSMB",airway,airway secretory cells,M
Deprez_2020,F20,"MUC5AC,LYNX1,C15orf48,PI3,CEACAM5,MUC4,S100A10,CD24,DHRS9,ASRGL1,NAMPT,GOLM1,ABLIM1,MT-CYB,MT-ATP6,MT-ND5,MT-ND2,C6orf132,MT-ND3",airway,goblet cells,F
Deprez_2020,F19,"SCGB1A1,SCGB3A1,KLK11,CXCL1,MUC5B,TFF3",airway,goblet cells,F
Deprez_2020,F22,"MUC5B,FCGBP,CFD,RPS4Y1,UPK1B,HLA-DPB1,HLA-DMA,HLA-DPA1,BST2",airway,airway secretory cells (likely goblet cells),F
Deprez_2020,F24,,airway,airway secretory cells,F
Deprez_2020,F21,"S100A9,S100A8,CSTA,MTRNR2L1,NUPR1,ATP1B3,KRT13,SERPINB4,SPRR3,PYCARD,DAPL1,DEFB1,CLEC2B,PSMD7,SPINK5,KRT4,LYPD3,KRT6A,CALML5,S100A2,NMU,CYSRT1,GPX2,SFN,CALML3,CBR3,LGALS7B,SERPINB13,TMEM40",airway,airway secretory cells (likely goblet or club cells),F
Deprez_2020,F23,"C15orf48,S100A2,CSTA,TM4SF1,KRT4,SPRR3,UPK1B,KRT13,ADH7,RPS4Y1,UNC5B-AS1,ISG20,GPX2,PYCARD,ACADVL,CLDN10,NAPRT,KRT6A,SPINK5,CLCA4,PIR,TMEM40",airway,airway secretory cells,F
Deprez_2020,M0,"KRT15,KRT17,BCAM,ADH7,SERPINF1,DLK2,LAMB3,KRT5",airway,basal epithelial cells,M
Deprez_2020,F3,,airway,basal epithelial cells,F
Deprez_2020,F0,"MT-CO2,MT-ND4,MT-ND2,MT-ATP6,MT-ND3,MT-ND5",airway,basal epithelial cells,F
Deprez_2020,F1,"RPS4Y1,MMP10,CD74,BST2,IFITM1,NEAT1,HLA-E,IFI27,LGALS7B,GSTA1,HLA-DRB1",airway,basal epithelial cells,F
Deprez_2020,F2,"CD74,SAT1,CST3,SLPI,SSR4,TMSB10,MDK,KLK11,HLA-DRA,CXCL17,FOLR1,SAA1,VMO1,STK17B,FKBP11,SCGB1A1,ELAPOR1,CP,CYP4X1,CLINT1,INSR,SORBS2,SCGB3A1,MET,RRBP1,STT3B,ADAM28,SHOC2,SORD,XBP1,ASS1,DCAF7,SLC9A3R2,HLA-DMA,PODXL,PPM1K,WWTR1,PLK2,KRT7,SELENBP1,WNT5A,RNF19A,ZG16B,NPDC1",airway,secretory epithelial cells,F
Deprez_2020,M7,"NTS,CSTA,MT1X,SERPINB4,S100A2,SERPINB3,KRT5,CCND1",airway,basal epithelial cells,M
Deprez_2020,F30,"S100A4,FABP5,IFI27,ALDH3A1,CD74,ID1,S100A9,S100A10,RBP1,GPX2,CSRP2,AHNAK,DYNLL1,ASRGL1,MPV17L,CA12,MT-ND5",airway,basal epithelial cells,F
Deprez_2020,F28,"MT-ND3,MT-ND2,MTRNR2L1,MT-ND5",airway,unknown,F
Deprez_2020,F29,,airway,basal epithelial cells,F
Deprez_2020,F31,"TUBA1B,STMN1,S100A10,HMGB2,DEK,PTTG1,H2AZ2,MZT2A,PCNA,TUBB4B,CKS1B,RPA3,CENPX,FABP5,CENPW,PCLAF,CKS2,NMU,CDK1,MCM7,DTYMK,TK1,TYMS,RNASEH2A,UBE2T,ZWINT",airway,proliferating basal epithelial cells,F
Deprez_2020,F32,"SCGB1A1,ALDH3A1,GSTA1,CALML3,KRT4,KRT13,PLAC8,UPK1B,UNC5B-AS1,EIF4EBP1,SPON2,CXCL14",airway,secretory club cells,F
Deprez_2020,F33,"TSPAN1,WFDC2,NUCB2,KRT7,CIB1,ALOX15,CLDN7,MAGED2,TSPAN8,SELENBP1,S100A13,VMO1,ST6GALNAC1,UPK1B,PRR15,FAM3D,UNC5B-AS1,FAM177A1,MVP,STARD10,XBP1,RNF130,LCN2,HS3ST1,CRIP1,VSIG2,CRYM,CDH26,CREB3L1,ISG20,NOS2,GSTA1,CP,DHRS9,TFF3,UCP2,SLC44A4",airway,secretory epithelial cells,F
Deprez_2020,M4,"HLA-DRA,HLA-DRB1,VIM,IGFBP7,HLA-DPB1,HLA-DPA1,ARPC1B,HLA-DQB1,SPARCL1,TM4SF1,HLA-DMA,ACKR1,ID3,RNASE1,FXYD5,HLA-DQA1,GNG11,VAMP5,AQP1,NPDC1,RAMP2,PRCP,HLA-DRB5,A2M,CRIP2,CCDC85B,IFITM2,PECAM1,CLDN5,GIMAP7,TSPAN7,VWF,PLVAP,ECSCR,GMFG",airway,endothelial cells,M
Deprez_2020,F17,"TYROBP,FCER1G,S100A11,LYZ,AIF1,SAT1,OAZ1,CTSB,LST1,COTL1,LAPTM5,LGALS1,S100A4,TYMP,ARPC2,ATP6V1F,LITAF,ANXA5,CSTB,CAPG,HLA-DMB,DBI,VAMP8,MS4A6A,ARPC5,UQCR10,LSP1,RNASET2,RGS10,CD68,CORO1A,ATP5MF,ITGB2,HERPUD1,CD44,GSTO1,IGSF6,SPI1,LCP1,PTPRC,GPX4,HCST,CYRIB,GPSM3,SLC25A5,EMP3,CIB1,ATP6V0B,YWHAH,CYBA",airway,macrophages,F
Deprez_2020,F16,"IGFBP7,ADIRF,SPARCL1,IFI27,ACKR1,GNG11,IFITM3,AQP1,RAMP2,CLU,ID1,VWF,ECSCR,HSPB1,CLDN5,PLVAP,TSPAN7,ID3,TM4SF1,A2M,CAV1,MGP,CRIP2,SNCG,RNASE1,GIMAP7,NPDC1,PRCP,PECAM1,IFITM2,ITM2A,SELENOW,IGFBP4,VAMP5,ARL4A,JAM2,CLEC14A,ENG,CAVIN1,DUSP23,CCDC85B,NRN1,EMCN,CNN3,NOSTRIN,MGST2,DSTN,IFITM1,TIMP3,EGFL7",airway,endothelial cells,F
Deprez_2020,F18,"CYBA,IGKC,SSR4,HERPUD1,SUB1,PRDX4,FKBP2,JCHAIN,HSP90B1,SPCS1,SPCS2,SELENOK,SEC11C,IGHA1,MYDGF,PDIA6,SSR3,SDF2L1,TMED10,MANF,UBE2J1,FKBP11,CRELD2,XBP1,ISG20,MZB1,ICAM3,CCDC167,PLPP5,SRPRA,ITM2C,DNAJB9,CD79A,TPD52,A1BG,GNG7,SEL1L,DERL3,SEL1L3",airway,plasma cells,F
Deprez_2020,M3,"LYZ,STATH,LTF,PRR4,ZG16B,PIP,XBP1,AZGP1,FAM3D,SMIM22,SELENOM,NDRG2,TCN1,PHB,NANS,FCGBP,TMED3,C6orf58,DMBT1,RNASE1,AQP5-AS1,SLC12A2,RNASET2,PART1,RGCC,MARCKSL1,PIGR,S100A1,FGGY,SDF2L1,SEC11C,DHRS7,TPD52L1,CLDN10,BPIFB1,ELAPOR1,EIF4EBP1,MYDGF,PHLDA1,MCFD2,CA2,PPP1R1B,LRRC26,APIP,PRDX4,GJC3",airway,goblet cells,M
Deprez_2020,F12,"STATH,ODAM,HP",airway,goblet cells,F
Deprez_2020,F14,"MT-CO3,MT-ND3,MT-ND4,MT-CYB,KRT19,LGALS3,ANXA2,HMGB1,SAA1,GSTP1,MT-ND5,MTRNR2L8,LCN2,TACSTD2,RARRES1",airway,goblet cells,F
Deprez_2020,F13,PRB3,airway,goblet cells,F
Deprez_2020,F15,"MSMB,TFF3,BPIFB2,MUC5B,AGR2,TSPAN8,TIMP1,NKX3-1,TFF1,GOLM1,NEAT1,TM9SF3,CSTA,FAM3B,KLK11,ALDH1A1,DEFB1,RPS4Y1,TSPAN1,CBR1,ANG,CIB1,ASPH,S100A14,SLC26A2,ANXA1,ACTG1,VSIG2,MAGED2,SCGB2A1,HMGCS2,CRYM,SLC9A3R2,PTMS,MIA3,SOD3,GSTP1,CLIC1,UCP2",airway,goblet cells,F
Deprez_2020,M9,"KRT7,CD24,HMGB3,ATP6V0B,SEC11C,CNN3,ANKRD12,TPD52,GOLM1,TFCP2L1,AKR1B1,ATP6V1A,SCNN1B,RARRES2,ATP6V1B1,PPP1R12B",airway,airway epithelial cells,M
Deprez_2020,M1,"IGFBP2,TUBB4B,CAPS,C9orf24,DYNLL1,C20orf85,FAM183A,TUBA1A,CFAP276,CD24,GSTA1,RSPH1,DYNLT1,MORN2,UFC1,TPPP3,PIFO,CRIP1,CES1,PLAC8,EZR,HOATZ,CRNDE,ODF3B,unknown,NUDC,C9orf116,POLR2I,CAPSL,DNPH1,AKAP9,CIB1,TSPAN1,CETN2,PSENEN,DYNLRB2,C5orf49,GSTA2,ALOX15,IK,OMG,KIF9,CYSTM1,HSPB11,TMEM190,TAX1BP1,AGR3,MORN5,DMKN,AK1",airway,unknown,M
Deprez_2020,F9,,airway,unknown,F
Deprez_2020,F5,"MT-CO1,MT-CO3,MT-CO2,MT-CYB,MT-ND1,MT-ND5,MTRNR2L1",airway,unknown,F
Deprez_2020,F6,"SAA1,MUC1,ADH7,AHNAK,CBR1,FAM107B,GCLC,IDS,KIF3B,SAA2,SORBS2,CMPK1,CTSB,TXNRD1,PALLD,SLC6A6,MUC20-OT1,MPV17L,RARRES2",airway,unknown,F
Deprez_2020,F8,"SAA1,SAA2,HLA-DRA,HLA-DRB1,LCN2,SLC34A2,PSMB9,HLA-E,PLAAT2,ADH1C,SOD2,HLA-DPA1,STAT1,HLA-DPB1,ADH7,HLA-DQA1",airway,unknown,F
Deprez_2020,F7,"H2AZ1,CALM3,RANBP1,AKR7A2,YWHAH,MACROH2A1,COX20,CARHSP1,CCDC34,MRPS33,THOC7,IDH2,GTF2A2,ERCC1,SRSF3,MZT2B,PSIP1,MRPL43,ENY2,C12orf57,TIMM13,ACADVL,SSNA1,PSMC3,MRFAP1,MKKS,ENO1,PPP1R2,PITPNM1,CCNO,EIF2S2,RNF181,MAZ,NHP2,HMGB3,MDK,EVL,SRSF7,CKS1B,CEP41,MZT2A,CEP78,RIBC2,SNRPC,UQCRFS1,TAF9,CDK2AP2,BTG3,DEUP1,MT3",airway,unknown,F
Deprez_2020,M6,"S100A4,CD52,ARHGDIB,SRGN,FXYD5,EMP3,ID2,CKLF,GMFG,LAPTM5,VIM,EVL,ALOX5AP,HCST,CCL5,IL32,PTPRC,CORO1A,CD37,TRAC,CD3D,ACAP1",airway,T cells,M
Deprez_2020,F25,"IL32,CD3D,CD2,TRAC,CCL5,LTB,TRBC2,EVL,CORO1A,GZMA,KLRB1,CD3E,PTPRC,CD3G,GIMAP7,CD7,ACAP1,NKG7,HOPX,CLEC2D,LSP1,CD48,COTL1,GPSM3,LCK",airway,mucosal-associated invariant T (MAIT) cells,F
Deprez_2020,F26,"TPSAB1,TPSB2,MS4A2,CPA3,CAPG,HPGDS,LGALS1,FCER1G,TYROBP,CD44,ATP6V1F,LTC4S,VWA5A,CST3,CTSD,LAPTM4A,TIMP1,SAMSN1,RHEX,GRAP2,GPX1,SUPT4H1,CD9,HPGD,RGS13,NSMCE1,PSAP,SLC18A2,KRT1,unknown,ASAH1,AP2M1,RGS1,KIT,FCER1A,GATA2",airway,mast cells,F
Deprez_2020,F27,"SLPI,KRT19,GSTP1,MT-ND4,CD9,WFDC2,MT-CO3,HSPB1,MTRNR2L8,SERPINB3,MT-CYB,PRDX5,MT-ND3,PRDX1,GLUL,ANXA2,MT1X,TXN,HMGN3,SAT1,CST3,PERP,LAPTM4A,FXYD3,RHOC,AQP3,LY6E,PRSS23,NEAT1,TACSTD2,CTSC,CLU,CYB5A,ATP5F1A,S100A2,TSC22D1,SLC25A5,ZFP36L1,ADIRF,ADH1C,CXCL17,HERPUD1,MGST1,ATP5F1B,BAG1,NDUFV2,ALDH1A1,TSPO,ATP1A1,EPAS1",airway,unknown,F
Deprez_2020,M2,"LYZ,S100A4,APOC1,CSTA,CTSC,CFD,FABP5,GRN,CES1,TYROBP,GCHFR,CD52,CRIP1,S100A8,CD81,C1QA,FABP4,CTSS,TGM2,EMP3,HNMT,SDCBP,CEBPB,C1QB,TYMP,TAPBP,ARHGDIB,IFI27L2,HLA-DRB5,GLRX,HLA-DMA,ARPC5,CAPG,LTA4H,SRGN,HLA-DPB1,CARD16,CTSL,PPT1,SCD,HLA-DQA1,LAPTM5,S100A9,ARPC1B,GYPC,MARCO,STXBP2,AIF1,C4orf48,TFRC",airway,macrophages,M
Deprez_2020,F10,"MT-CO1,MT-CO2,MT-ND1,MT-ND2,MTRNR2L8,MT-ND5,MT-CO3,MTRNR2L10,MT-ND4",airway,unknown,F
Deprez_2020,F11,"NOP10,SEC61B,ATP6V1F,ZNF706,LAMTOR5,SUMO2,BLOC1S2,ISCU,TRMT112,ATP6V1G1,LSM6,MGST3,ATP6V0E1,GNG5,BTF3,DYNLL1,SNRPG",airway,unknown,F
Deprez_2020,M8,"IGFBP7,LGALS1,VIM,SPARCL1,SELENOM,MGP,A2M,MYL9,TPM2,TIMP3,TPM1,CAVIN3,SOD3,CALD1,MFAP4",airway,fibroblasts,M
Deprez_2020,F36,"ACTG2,ACTA2,TPM2,TAGLN,MYL9,MYLK,TPM1,DES,CNN1,PPP1R14A,MYH11,FLNA,CKB,BCHE,PDLIM3,CSRP1,RAMP1,TUBA1A,PDLIM7,H2AZ1,ACTN1,CRYAB,PLN,CRIP2,CD151,ILK,SMOC2,PPP1R12A,SMTN,LPP,VPS29,FILIP1L,FAM83D,SLC25A4,SYNPO2,PALLD,SBSPON,COX7A1,TGFB1I1,AAMDC,CAPZA2,KCNMB1,CFL2,PKIG,YWHAH,GBP2,SH3BGRL,FXYD1,FHL1,CAP1",airway,myofibroblasts,F
Deprez_2020,F34,"DCN,FBLN1,PTGDS,MGP,APOD,LUM,GSN,C1R,A2M,MFAP4,C1S,SERPINF1,DPT,COL1A2,CXCL14,S100A4,MMP2,TIMP1,CFH,PLAC9,ADH1B,SERPING1,COL6A2,COL3A1,GPX3,SFRP2,FBLN2,COL1A1,RARRES2,COL6A1,ANXA1,IGFBP6,NBL1,CES1,C3,CCDC80,SFRP4,PCOLCE,LTBP4,BGN,PLPP3,LTBP2,EPHX1,FGF7,S100A10,DKK3,LGALS3BP,TCF21,NPC2,CTSK",airway,fibroblasts,F
Deprez_2020,F37,"TAGLN,PLAC9,ACTA2,IGFBP5,CAV1,NDUFA4L2,RERGL,CSRP2,CRIP1,LBH,ID3,LHFPL6,MYH11,NET1,MFGE8,FRZB,IFITM2,BTG1,SORBS2,ARPC1A,MGLL,NOTCH3,TINAGL1,PLN",airway,myofibroblasts,F
Deprez_2020,F35,"KRT19,RPL28,KRT15,KRT17,S100A2,RPLP0,GLUL,MT1X,S100A11,PABPC1,PERP,PRDX5,PRSS23,LDHB,HINT1,AQP3,TACSTD2,EEF1B2,GPX4,MYL12B,BCAM,EIF3E,IGFBP2,TSPO,SNRPD2,FXYD3,ZFAS1,KRT5,CYB5A,RPSA,F3,PDLIM1,NOP53,HIGD2A,HNRNPA1,HMGN3,CBR1,MT-CO3,PKM,RSL1D1,DDIT4,SNHG8,MGST1,SLC25A5,GPX1,KRT18,ADH7,SPINT2,ADH1C,ATP1B3",airway,airway basal cells,F
Deprez_2020,M10,"TFF3,AZGP1,CD24,FABP5,BTG1,BEX3,OCIAD2,SEC11C,DAPL1,VAMP2,SOX2,GABARAPL2,IGFBP5,CAPN2,TMEM205,APP,DDT,COX7A2L,PTMS,SSB,RAB2A,GTF3C6,NAXE,NUDT14,BANF1,TPD52,C12orf75,DCXR,SNCA,MS4A8,SNHG32,ATP6V0B,CYCS,TBCB,TIMP1,STMP1,CD164,C4orf48,PNISR,SMS,NCOR1,ID2,GPX2,CRYM,BEX2,IFI6,UCP2,TERF2IP,KIF5B,PKIB",airway,unknown,M
