Data,Cluster,Markers,Organization,cell_type,level
Dong_2020_2,M0,"HSPA1B,HSPA6,NTRK1,DDC,CD9,TMEFF2,GFRA3",adrenal,unknown,M
Dong_2020_2,F0,"NNAT,ECEL1,TMEFF2",adrenal,unknown,F
Dong_2020_2,F1,"TMEM176A,SELM,SURF1,MPC1,GORASP2,TSNAX,PSMC4,LRRC59,MAGEH1,DERL1,MED8,NUCB2,SURF4,TMED3,CHPF,ARL1,GOSR2",adrenal,unknown,F
Dong_2020_2,M9,"GAL,MEIS2,TSTD1",adrenal,unknown,M
Dong_2020_2,M4,"TOP2A,UBE2C,BIRC5,PTTG1,CENPF,TYMS,MKI67,KIAA0101,ENDOG,PRC1,SMC4,NUF2,TPX2,CCNB2,PBK,TROAP,FAM64A,PKMYT1",adrenal,proliferating cells,M
Dong_2020_2,M2,"HLA-C,SAT1,VIM,NFKBIA,LGALS1,ZFP36,HLA-A,TYROBP,SRGN,IFI6,CD52,IFITM3,S100A11,MT2A,LY6E,RGS1,LTB,IFI27,ARHGDIB,TIMP1,CXCR4,CYBA,HLA-E,C1QB,CTSD,APOC1,APOE,COTL1,C1QA,AIF1,RGS10,FCER1G,DUSP2,LAPTM5,ISG15,S100A10,IL32,HLA-DPB1,IFITM2,CEBPD,FXYD5,GADD45B,ZFP36L1,RGCC,TNFAIP3,LST1,HCST,TYMP,ANXA1,MYL12A",adrenal,macrophages,M
Dong_2020_2,F9,"IL32,TRBC2,CD3D,TRBC1,CD3E,CD7,IL2RG,IL7R,LCK,LTB,ITM2A,CCR7,STK17A,PTPRC,CYTIP,ISG20,CD2,RAC2,CD27,LAT,GZMA,ICAM3,RHOH,CRIP1",adrenal,T cells,F
Dong_2020_2,F15,"SPP1,CXCL8,CD68,GPNMB,G0S2,CAPG,CTSS,LIPA,LGALS3,CTSZ,HLA-DQB1,S100A9,CTSL,CD14,CXCL2,BLVRB,LGMN,MS4A7,MS4A6A,PLIN2,HLA-DQA1,ACP5,FCER1G,TMEM176B,TMEM176A,LYZ,MMP9,IL18,IGSF6,PLEK,PLA2G7,CSTA,TSPAN4,CREG1,LILRB4,FUCA1,MGAT1,LIMS1,SGK1,TPP1,IL1B,SPI1,LY96,CXCL16,PLAUR,RNF130,LGALS9,CTSA,CTSH,SERPINA1",adrenal,macrophages,F
Dong_2020_2,F21,"HLA-DQA1,CTSH,SPI1,LGALS2,IGKC",adrenal,macrophages,F
Dong_2020_2,F19,"IL1B,ZFHX3,BEX1,SYT1,SST,CENPV,LYZ,SOX11,SKA2,TMSB15A,KIF21A,PHOX2B,G0S2,PRCD,TTC9B,S100A9,DCX,DDX6,EREG",adrenal,macrophages,F
Dong_2020_2,F10,"C1QB,C1QA,C1QC,IFI27,MS4A6A,PLAUR,MS4A7,IFI44L,HLA-DMA,CCL2,HLA-DQA1,BCL2A1,CD83,CXCL3,C1orf162,RNASE6,LY96,SERPING1,SERPINA1,FCER1G,CTSH,SPI1,LILRB4,CXCL16,CTSZ,S100B,LGMN,IL1B,HLA-DQB1,CD14,CD68,MS4A4A,RNF130,LY86,PLSCR1,FAM26F,IRF7,HEXB,GIMAP4,MAFB,LPAR6,TMEM176A,EVI2B,RB1,FCGR2A,CREG1,EPSTI1,ICAM1,CXCL2,NFKBID",adrenal,macrophages,F
Dong_2020_2,F20,"PRPH,ELAVL4,PHOX2A,HAND2,TH,GNG3,BEX1,NCAM1,NSG1,RAC3,CRMP1",adrenal,unknown,F
Dong_2020_2,F16,"ELAVL4,DBH,HSPA1B,RAMP1,TMOD1,STMN4,NSG1,GATA2,CRMP1,CNTNAP2,CHGA,SCG5,GATA3,DDC,NTRK1,SNAP25,NDUFA4L2,SCG2,VSTM2A,TH,FAM57B,FAIM2,EEF1A2,LRRN3,PHOX2B,CHRNA3,KRT19,ATAT1,ENO2,SYT1,MAPT,GNG3,BEX1,TMEFF2,CHGB,PHOX2A",adrenal,chromaffin cells,F
Dong_2020_2,F11,"PRPH,HBA2,NDUFA4L2,KRT19,BEX1,CHGA,GNG3,CKB,CD3D,HBA1,ISL1,TTC9B,HAND2,PRCD,CDK6,RAC3,C1QL1,DBH,TH,CNTN1",adrenal,unknown,F
Dong_2020_2,F13,"IGFBP7,IFI27,NDUFA4L2,ID3,SPARC,C11orf96,CCL2,CXCL2,A2M,IFI44L,HES4,LINC00152,RGS16,TPM1,PHLDA1,HES1,IGFBP4,CRIP2,TIMP3,COL1A2,ADIRF,SPRY1,CALD1,TPM2,IFITM1,SPTBN1,SERPINH1,SERTAD1,IFIT3,TAGLN,PDLIM1,MGST2,MEF2C,IGFBP2,MYH9,RAMP2,STOM,LPAR6,TGFBR2,ACTN4,IGFBP5,TNFRSF1A,MGLL,ID1,ENG,NFIB,IFIT1,INSR,SELM,PRKCDBP",adrenal,macrophages,F
Dong_2020_2,F18,"IGFBP7,SERPINF1,GSN,CCL2,PTGDS,IGFBP5,LHFP,MEST,SERPING1,IGFBP4,COL6A2,PCOLCE,IGFBP6,COL1A2,TGFBI,FN1,IFI44L,IGF1,RARRES1,FSTL1,SELM,OLFML3,CXCL12,PHLDA1,MMP2,TMEM98,PRNP,SPARC,RARRES2,PLA2G16,TAGLN,PDLIM7,IGFBP2,CNN3,CLEC11A,NUPR1,NR1H3,FBLN1,CTHRC1,DKK3,ID3,EFEMP2,FGF7,LRP1,C2orf40,MFGE8,REXO2,RGS16,RND3,CALD1",adrenal,fibroblasts,F
Dong_2020_2,F17,"DLK1,NNAT,NLRP1,GAP43,HAND2,ATP1B1,DBH,BNIP3,SORBS2,TPPP3,ICA1,STMN4,CYB561,RUNDC3A,TH,STMN3,CHGB,AP1S1,TUSC3,AHI1,PRPH,TCEAL7,PHOX2B,HMP19,ARL3,GCSH,TMEM59L,CKB,SCG3,SYT5,SYT1,MMD,CSNK1E,PCSK1N,CXXC5,SRPK2,MEIS2,ATAT1,TMCO3,RAMP1,CAMK2N1,CENPV,MEST,CRMP1,SNAP25,NELFCD,PODXL2,NTRK3,ING4,EFNB3",adrenal,chromaffin cells,F
Dong_2020_2,F22,"SPARC,COL1A2,RARRES2,FN1,CALD1,IGFBP4,IGFBP2,PTGDS,C11orf96,COL6A2,MT1E,SERPINH1,TPM2,S100A13,COL6A1,SELM,RAB13,PDLIM1,RARRES1,IL6ST,IGFBP6,PRSS23,NBL1,PLAT,CRABP2,LXN,KRT8,MGST1",adrenal,fibroblasts,F
Dong_2020_2,F14,"S100B,RARRES2,CD9,SELM,CRYAB,CCL2,CNN3,GPNMB,MT1E,SPARC,PLA2G16,PRNP,SERPINE2,RND3,PTTG1,GFRA3,GPM6B,ADIRF,IFI27,TIMP3,PRKCDBP,RAB13,IFIT3,SEMA3B,RDX,ARHGAP15,CTNNAL1,CNP,PDLIM4,SNCA,PGRMC1,ALDH1A1,MPZ,ZEB2,DKK3,SERPINH1,RCAN1,ITGB8,IGFBP6,PTN,IFI44,MBP,IFIT1,GSN,QKI,MXRA8,CALU,CBR1,WARS,CLIC4",adrenal,unknown,F
Dong_2020_2,F12,"PRPH,CHGB,STMN4,LTB,PHOX2A,TH,TMOD1,KRT19,GATA3,FXYD6,ENO2,GNG3,EEF1A2,ELAVL4,CD3D,DBH,CHGA,MAPT,CADM1,NT5DC2,PODXL2,FAM57B,CYB561,GFRA3,TRBC2,FAIM2,RAC3,PCBP4,CRMP1,TAGLN3,INA,MAOA,APLP1,CNTFR,CAMK2B,PHOX2B,ALCAM,RAMP1,HMP19,SCG3,ATAT1,GATA2,CD3E,CENPV,MAB21L1,HAND2,NSG1",adrenal,chromaffin cells,F
Dong_2020_2,M1,"SST,C9orf3,DDX6,KCTD16,SNCA",adrenal,unknown,M
Dong_2020_2,F8,,adrenal,unknown,F
Dong_2020_2,F6,"DHFR,CENPF,TYMS,BIRC5,PRR11,TOP2A,KIAA0101,TMPO,ENDOG,HMGB2,UBE2C,WDR34,SMC4,MKI67,PCNA,RRM2,GINS2,AURKB,CDKN3,TPX2,PBK",adrenal,unknown,F
Dong_2020_2,F7,"BIRC5,KIAA0101,RBP1,UBE2C,TOP2A,PTTG1,CNTNAP2,GMNN,GATA2,MAP1LC3A,WTAP,CARHSP1,MYBL2,YPEL3,LRRN3,IGFBP2,C1QTNF4,STAT3,VIMP,ASRGL1,AES,DTYMK,PPP1CA,NLRP1,HSPB1,CSTF3,IFRD1,TMEM106C,TK1,SNRNP25,ICA1,EBF1,PKIB,FBXO7,CNTFR,CDC42EP4,SVIP,ZFP36L2,EZH2,PRC1,SHD,CENPW,NCOA7,CDCA5,CDKN2D,CDIPT,S100A6,CHRNA3,SORBS2,MKI67",adrenal,unknown,F
Dong_2020_2,M10,"PDLIM5,NEFM,SIX3,IGFBP7",adrenal,unknown,M
Dong_2020_2,M11,"HBA2,NDUFA4L2,HBA1,VIM,CNTN1",adrenal,unknown,M
Dong_2020_2,M5,"PCDH17,VGF,KCTD16",adrenal,unknown,M
Dong_2020_2,F25,,adrenal,unknown,F
Dong_2020_2,F26,"KIAA0101,HMGB2,DHFR,UBE2T,TYMS,TOP2A,SMC4,CENPF,BIRC5,PCNA,WDR34,MKI67,ATAD2,RRM2,MYBL2,CDKN3,GTSE1,CDK1,DTL,FOXM1,TK1,BRCA1,CLSPN,PBK,AURKB",adrenal,unknown,F
Dong_2020_2,M6,PDLIM5,adrenal,unknown,M
Dong_2020_2,M3,"CD74,GFRA3,MAB21L1,NXPH1,CD3D",adrenal,unknown,M
Dong_2020_2,M7,"NDUFA4L2,NTRK1,PCP4,ARC,SOCS3,TMEM176B,SYT5,TMEM176A,SERTAD4-AS1,CTSF",adrenal,chromaffin cells,M
Dong_2020_2,M12,"MEST,TOP2A",adrenal,unknown,M
Dong_2020_2,F4,"TOP2A,BIRC5,CENPF,KIAA0101,MAD2L1,PCNA,UBE2C,TYMS,ANP32E,SMC4,TK1,CDK1,NUF2,MKI67,GMNN,AURKB,GTSE1,CCNA2,DHFR,NUSAP1,RAD51AP1,PBK,TPX2,RRM2,FOXM1",adrenal,proliferating cells,F
Dong_2020_2,F5,,adrenal,unknown,F
Dong_2020_2,M8,"CD52,LTB,HLA-C,SST",adrenal,unknown,M
