Data,Cluster,Markers,Organization,cell_type,level
Dong_2020_1,M2,"FAM49A,IFI6,NPY,VEGFD,HDAC9,IFI27,IFI16,MAB21L2",adrenal,unknown,M
Dong_2020_1,F4,"ISG15,PRPH,TMEM176B,PMP22,TMEM176A",adrenal,unknown,F
Dong_2020_1,F5,,adrenal,unknown,F
Dong_2020_1,M3,"CENPF,UBE2C,TOP2A,PTTG1,BIRC5,ENDOG,SMC4,MAD2L1,PCLAF,NUSAP1,MKI67,CDK1,ANP32E,TYMS,HIST1H1B,KIFC1,TACC3,CKAP2L,DHFR,CCNA2,TTK,ARHGAP11A,KIF23,KIF11,DLGAP5,BUB1B,ESCO2,NCAPH,CENPA,SKA3",adrenal,proliferating cells,M
Dong_2020_1,F6,"IFI27,ISG15,VEGFD,NPY,MAB21L2,IFIT1,TESC",adrenal,unknown,F
Dong_2020_1,F7,"RPS4Y1,CXXC5,EIF1AY,NXN",adrenal,unknown,F
Dong_2020_1,M6,"RGS4,DLK1",adrenal,unknown,M
Dong_2020_1,M0,PMP22,adrenal,unknown,M
Dong_2020_1,M5,"MEIS2,GAD2",adrenal,unknown,M
Dong_2020_1,M1,"NYAP2,NPY,AC016717.2,C1QL1,VIP,FOXC1,UBE2C",adrenal,unknown,M
Dong_2020_1,F1,"SSTR2,NEUROD1,DLK1,GKAP1,RPRM,PPP1R14A,CEBPD,LSAMP,PPP1R17,SMAD9,HPCA",adrenal,unknown,F
Dong_2020_1,F2,"CCNB1,CCNB2,ASPM,CDKN3,NUF2,CKAP2,TPX2,PIMREG",adrenal,unknown,F
Dong_2020_1,F3,,adrenal,unknown,F
Dong_2020_1,M4,"HLA-B,HLA-C,HLA-A,VIM,S100A11,ISG15,SAT1,CYBA,CD74,HLA-DRA,APOE,LGALS1,SH3BGRL3,HLA-DRB1,CTSD,NEAT1,TYROBP,SRGN,APOC1,HLA-E,NFKBIA,CLIC1,BST2,CTSB,S100A10,FCGRT,FCER1G,MT2A,CTSZ,CD68,HLA-DPA1,TYMP,AIF1,S100A4,COTL1,SPARC,LAPTM5,RNASET2,IFITM3,CTSC,CTSS,LGMN,HLA-DPB1,S100A6,CD99,GADD45B,NPC2,GRN,ZFP36,TSPO",adrenal,macrophages,M
Dong_2020_1,F9,"HLA-DPB1,HLA-DRB5,LYZ,HLA-DQA1,HLA-DQB1,TMEM176B,AIF1,HLA-DMA,FGL2,FUCA1,LST1,CPVL,ITGB2,IGSF6,GIMAP4,SERPING1,CTSH,CYBB,MS4A6A,TMEM176A,LCP1,FCGR2A,RGS2,RGS10,SLC40A1,SGK1,PTPRC,MS4A7,CFD,PHACTR1,CD48,CARD16,MX2,CD53,PLEK,SPI1,ACP5,HLA-DMB,RAB32,SDC3,MNDA,TNFSF10,GPR183,SELENOP,CD83,CD68,LY86,IL1B,SAMD9L,C1orf162",adrenal,macrophages,F
Dong_2020_1,F17,"DDIT4,FYB1,CD3D,ID1,MZB1,TRBC2,CDK6,JCHAIN,PCLAF,CD7,UGP2,CD3G,TFDP2,ITM2C,ADA,MSI2,GADD45A,SOCS1,CD3E,RPS4Y1,MAL,TRDC,AC084033.3,PTCRA,TRBC1,LDLRAD4,LCK,CD1E,TYMS,IL7R,TRGC2,DNTT,CD79A,LEF1,CD247,CHI3L2,TCF7,CEP70,BCL11B,SCGB3A1,HRH2,IGLL1,SH2D1A,CD1B",adrenal,T cells,F
Dong_2020_1,F8,"SPP1,CCL4,APOC1,TYROBP,S100A9,FCER1G,CD68,CCL3,RPS4Y1,FABP4,CXCL8,CD14,NYAP2,CXCL2,PLAUR,HMOX1,ITGB2,TREM2,CXCL3,PLEK,GPNMB,FCGR3A,G0S2,CCL20,CD52,RETN,CAPG,CCL3L1,AC016717.2,BCL2A1,CCL4L2,IL1B",adrenal,macrophages,F
Dong_2020_1,F18,"MGP,FABP4,GNG11,IGFBP7,SELENOP,RAMP2,EGFL7,TIMP3,S100A16,RBP1,ARHGAP29,NNMT,GIMAP4,NR2F2,LAMA4,CLDN5,NR2F1,MGST2,TM4SF1,ANGPT2,SOX18,HYAL2,GIMAP7,VWF,CNN3,CAV1,S100A13,PPFIBP1,PODXL,CALD1,TFPI,MAF,ID3,ALDH1A1,COL4A1,RHOC,IL32,DUSP6,ARL4A,HTRA1,TM4SF18,IL6ST,WARS,LMO2,HOMER3,ECSCR,EFEMP1,F2R,PXDN,ADD3",adrenal,unknown,F
Dong_2020_1,F11,"NBAS,FAM49A,CD24,PHOX2A,ELAVL4,PHOX2B,MARCH11,TWIST1,SERPINF1,MAOA,BEX2,HAND2,STMN4,TTC9B,HDAC9,KIF5C,VEGFD,HAND2-AS1,MAB21L2,NNAT,ENHO",adrenal,unknown,F
Dong_2020_1,F13,"IGKC,RPS4Y1,IL32,ISG20,TRBC2,RAC2,LIMD2,CCL5,CD3G,TRAC,CD2,CD7,LCK,NKG7,RHOH,TUBA4A,CD3E,CD247,ACAP1,CLEC2D,CD27,CD3D,CST7",adrenal,T cells,F
Dong_2020_1,F14,"SPARC,IGFBP7,SPARCL1,COL4A1,COL4A2,A2M,ID3,RNASE1,RGCC,PLVAP,ENG,ID1,IGFBP4,VWF,GSN,RAMP2,GNG11,EGFL7,HSPG2,COL18A1,MCAM,PECAM1,TNFSF10,APP,SLC9A3R2,HTRA1,CAVIN1,GIMAP4,SOX18,CRIP2,ARHGAP29,NPDC1,STOM,VWA1,CLEC14A,RAB13,INSR,CD93,GIMAP7,FLT1,S100A13,GBP4,AQP1,NRP1,PLPP1,SPRY1,COL15A1,EPAS1,EMP1,TM4SF1",adrenal,endothelial cells,F
Dong_2020_1,F12,"IGFBP7,MGP,TAGLN,CALD1,SPARCL1,COL4A1,COL4A2,TPM2,COL1A2,THY1,ACTA2,FN1,NDUFA4L2,C11orf96,SPARC,MYL9,BGN,TPM1,ID3,COL3A1,UACA,CAV1,COL6A2,PRSS23,COL1A1,PLAC9,MCAM,COL18A1,ADIRF,NR2F2,CPE,SERPING1,GSN,ITGA1,MEF2C,PPP1R14A,IGFBP4,IFITM1,PCOLCE,EVA1B,LAMA4,PDGFRB,COL6A1,LHFPL6,CRIP2,PDLIM1,TGFB1I1,CAVIN1,CRIP1,RRAS",adrenal,fibroblasts,F
Dong_2020_1,F15,"COL1A1,TAGLN,COL1A2,SPARC,FN1,TPM2,COL3A1,TPM1,COL6A2,NDUFA4L2,BGN,RPS4Y1,S100A16,POSTN,SERPINH1,NNMT,KRT18,COL6A1,VCAN,RHOC,CYR61,SELENOM,CAVIN1,CAVIN3,S100A13,COL6A3,COL5A2,CCDC80,CTHRC1,MT1E,TGFB1I1,IGFBP5,FSTL1,PDLIM2,THY1,THBS1,CALD1,COL5A1,ITGA5,CAV1,SERPINE1,TNFRSF12A,PRSS23,ANGPTL4,MYL9,PLP2,CLEC11A,EFEMP1,PDLIM3,CTGF",adrenal,fibroblasts,F
Dong_2020_1,F16,"COL1A2,COL1A1,SPARC,IGFBP5,TIMP3,ID3,COL18A1,COL6A2,CTGF,COL4A2,PMEPA1,COL6A1,CAVIN3,S100A16,CRYAB,RHOC,CNN3,FN1,COL5A2,PRSS23,S100A13,PLPP1,PMP22,WARS,SELENOM,COL4A1,CSRP2,EMP1,PHLDA2,CSRP1,MFGE8,RRAS,TNFRSF12A,SLC15A3,PPFIBP1,NRXN1,RASSF4,MAP4,PDLIM7,PTN,RGS16,VGLL4,PDLIM4,PLAT,AEBP1,TNFAIP6,NES,OLFML2A,S100B,CDH2",adrenal,fibroblasts,F
Dong_2020_1,F10,"LYZ,CENPV,RPS4Y1,ISL1,HLA-DQA1,TWIST1,MMP12,EPB41L4A-AS1,SERPINF1,HIST3H2A,TMOD1,CCNB1IP1,ARC,KIF5C,ICA1,C1QTNF4,IMPDH2,MYCNOS,FABP6,BEX2,PROX1,SNHG25",adrenal,macrophages,F
Dong_2020_1,M7,,adrenal,unknown,M
Dong_2020_1,F22,UBE2C,adrenal,unknown,F
Dong_2020_1,F21,"GINS2,E2F1,BRCA1,RAD51AP1",adrenal,unknown,F
