Data,Cluster,Markers,Organization,cell_type,level
Durante_2020,M5,"TMSB4X,SRGN,CXCR4,DUSP2,S100A4,CCL5,HLA-DRA,IL32,CREM,RGS1,TNFAIP3,CD52,PTPRC,ARHGDIB,CD74,LAPTM5,HLA-DPB1,CD3E,HLA-DPA1,HCST,HLA-DRB1,TSC22D3",eye,activated T cells,M
Durante_2020,F10,"APOE,EGR1,MITF,FOSB,EDNRB,TFAP2A,MARCKSL1,SNHG7,SERTAD1,IGFBP7,SNHG8,SYNPR,RAC1,BSG,TYRP1,IFI27,NR4A1,SLC3A2,MYC,AP1S2,ZFAND5,EMP1,MLANA,CD59,BANCR,S100A1,COL11A2,ARF4,PDCD4,BAMBI,SERPINF1,PPP1R15A,WSB1,METTL9,LINC03000,PYURF,TYR,NSG1,ATP1A1,SLC7A5,ATF3,PTTG1IP,CDK2,GRINA,TEX41,BACE2,TUBB4B,LAPTM4A,BRD2,PHLDA1",eye,melanocytes,F
Durante_2020,F13,"ANXA1,GZMK,TXNIP,IL2RG,FKBP5,MT1E",eye,activated memory T cells,F
Durante_2020,F8,"TYROBP,HLA-DRA,C1QB,C1QA,C1QC,CST3,HLA-DRB1,CCL3,SELENOP,CTSB,FCER1G,HLA-DQA1,RNASE1,NPC2,HLA-DRB5,IER3,HLA-DPA1,AIF1,CTSD,CXCL8,APOC1,IL1B,CD68,GADD45B,NAMPT,CXCL2,PSAP,GLUL,LYZ,MS4A6A,MS4A7,VAMP8,PLAUR,LGMN,HLA-DMA,SGK1,HLA-DQB1,FCGRT,CTSS,BCL2A1,CTSL,GPR183,CD14,LGALS3,LIPA,CD83,MARCKS,SLC40A1,FGL2,NINJ1",eye,unknown,F
Durante_2020,F16,"STMN1,TUBB,HMGB2,CKS2,DEK,H2AZ2,NUCKS1,RHEB,UQCRFS1,RAD21,VDAC1,CRYAB,H4C3,LSM4,PTTG1,ALKBH7,SIVA1,RANBP1,ATP5F1A,PTMS,TUFM,SMS,MDH2,NME2,PGAM1,PHB2,CENPM,MDK,GSTO1,AP2S1,POP7,BANF1,EBP,TYMS,SAE1,ISYNA1,RARRES2,DTYMK,CDC25B,GGH,CENPF,MYL6B,C19orf48P,NUSAP1,UBE2C,DUT,TBC1D16,CENPK",eye,unknown,F
Durante_2020,F9,"IL7R,KLRB1",eye,activated mucosal-associated invariant T (MAIT) cells,F
Durante_2020,F15,"HLA-DRA,HLA-DQB1,HLA-DQA1,GPR183,CD83,SYNGR2,MEF2C,CD79A,MS4A1",eye,unknown,F
Durante_2020,F11,"CCL5,NKG7,CD8A,CD7,GZMA,CST7,ITM2A,CXCL13,LYST,CD8B,PTPN22,ITGA4,CTSW,TIGIT,CD27,HOPX",eye,activated CD8+ T cells,F
Durante_2020,F14,"CD3D,GZMK,CD2,LTB,TRBC1,TRAC,CD8A,EVL,CD27,RPS10,CLEC2D,GZMA,CD3G,LCK,SYTL3,CTSW,TNFRSF9,RUNX3,LAG3,PRDM1,NDUFA13,VCAM1,CD8B,NDUFB8",eye,activated CD8+ T cells,F
Durante_2020,F12,"LTB,SPOCK2,TIGIT,CARD16,CTLA4",eye,activated regulatory T cells,F
Durante_2020,F17,"CST3,HLA-DQB1,LSP1,HLA-DRA,LYZ,MARCKSL1,HLA-DQA1,SNX3,HLA-DRB5,CD83,TPM4,FCGRT,RGS10,PLAUR,CKS2,UCP2,FNBP1,RNASET2,AIF1,ARF5,LCP1,TAP1,SYNGR2,BCL2A1,G3BP2,CYRIB,SERPINB9,JPT1,CDK2AP2,ENSA,RTN4,C1orf162,GNB2,SERPINB1,ARL4C,ZC3HAV1,TYMP,PTP4A2,PPA1,PGLS,APH1A,PPT1,WARS1,LSM6,CTSZ,AP2S1,SAMHD1,CXCL16,CKLF,S100B",eye,unknown,F
Durante_2020,M1,"SYNPR,COL11A2,EDNRB,LINC03000,LPAR6,ANKRD28,BANCR,GSTA3",eye,unknown,M
Durante_2020,M9,"MTRNR2L8,IFI6,GDF15,CEBPD,BIRC7,SPARC,SPTBN1,HECTD1,GADD45B,MYO5A,ARC,SOD3,LAPTM4B,A2M,PTP4A3,GEM,BGN,HMCN1,FAUP4,SEMA5A,COL9A3,FKBP10,IGFBP2,WFDC1,LINC02256,PRKDC,ASB9,PLCB4,CSPG4",eye,unknown,M
Durante_2020,F26,,eye,unknown,F
Durante_2020,F25,"ATF3,ARC,SERTAD1,BTG2,C11orf96,IFI27L2,MAFF,NFKBIA,KLF10",eye,unknown,F
Durante_2020,M6,,eye,unknown,M
Durante_2020,F18,"SNHG7,PMEL,SPP1,NOP53,TYRP1,RARRES2,RPL22L1,RBP7,GNG11,EIF4A2,COMMD6,MT-ND2",eye,unknown,F
Durante_2020,F19,"IFI27,MTRNR2L8,LY6E,MALAT1,PKM,ZNF106,S100A4,IFI6,CAPN3,ELOC,IFITM1,EIF5A,POLR2K,ENY2,PGAM1,RAB2A,MTRNR2L12,YWHAQ,GPM6B,TCEA1,EID1,PPIB,BNIP3,C1QBP,PIR,RBIS,NDUFC1,FABP3,MEA1,HMGA1,TMEM230,TAGLN2,ISG15,MRPS6,SNRPC,HMGN2,KRT10,RAMP1,NOP10,ATP5IF1,EXOSC4,GTF2A2",eye,unknown,F
Durante_2020,M4,IGKC,eye,unknown,M
Durante_2020,F6,"NEAT1,FOSB,JUNB,FOS,CD74,ZFP36,EDNRB,PPP1R15A,WSB1,BTG1,IER2,EGR1,UBC,TMSB4X,BRD2,JUN,HLA-DRA,DDX5,PNRC1,CD59,NFKBIA,MT-ND6,ATP6V0C,C1QB,LAPTM4A,ZFP36L1,RHOBTB3,SYNPR,RHOB,CTSZ,EIF5,MYC,PPP1R10,MTDH,FUS,CRTAC1,VMP1,IGFBP7,ABCB5,CDKN1A,HLA-DPA1,NR4A1,SRSF2,DDIT3,CCNL1,CTSF,KLF6,ATP1A1,KLF10,ARID5B",eye,unknown,F
Durante_2020,F7,,eye,unknown,F
Durante_2020,M0,"SPP1,HHATL,PGLS,CCDC85B,PERP,AHCY,PPP1R3C,SSPN,GPR37",eye,unknown,M
Durante_2020,M3,"IGKC,IGHG1,IGKV3-20,RGS1,BTG2,IGLV3-1,IGHG4,IGLV2-14,JCHAIN,TSC22D3,XBP1,IGLC2,ISG20,PRDX4,SELENOS,FKBP11,SPCS3,UBE2J1,CYTIP,IGHG3,MZB1,CD27,TENT5C,PRDM1,PIM2,PELI1,TP53INP1,DERL3,CD79A,CD38,RAB30",eye,plasma cells,M
Durante_2020,F4,,eye,unknown,F
Durante_2020,F3,"IFI27,MLANA,APOE,MITF,AP1S2,HSPB1,EGR1,TFAP2A,IGFBP7,SNHG7,PDCD4,EDNRB,ZFAS1,MARCKSL1,SYNPR,SDCBP,S100A1,SERTAD1,IFITM3,TRPM1,STMN1,SERPINF1,EFHD1,ATP1A1,RHOBTB3,VDAC2,EMP1,ASAH1,TEX41,FUS,LINC03000,YWHAQ,LAPTM4A,ZNF106,TUBB4A,UBL3,BACE2,GSTA3,S100B,SLCO4A1-AS1,CLTA,CTSL,RAB38,CAPN3,DMKN,HYCC1,PAX3,LMNA,SORBS2,BAMBI",eye,melanocytes,F
Durante_2020,F5,"DUSP2,RGCC,CREM,CCL5,TNFAIP3,NR4A2,IL32,S100A4,NKG7,CST7,CD69,CD7,CD3E,FYN,FYB1,SYTL3,CD3D",eye,unknown,F
Durante_2020,M7,"TSC22D3,HHATL",eye,unknown,M
Durante_2020,F21,"HLA-DRA,HLA-DRB1,HLA-DPA1,C1QB,C1QC",eye,unknown,F
Durante_2020,F20,"APOD,PAX3",eye,unknown,F
Durante_2020,F22,"IFI27,IFITM1,GNG11,COL1A2,MGP,RNASE1,TSC22D1,FN1,CAV1,BGN,ITGB1,CRIP2,TM4SF1,CD9,PDLIM1,CNN3,TPM1,SLC2A3,TIMP3,SERPINH1,DUSP1,RAMP2,ID3,ENG,BST2,COL4A1,TCF4,IGFBP4",eye,fibroblasts,F
Durante_2020,F23,"PMEL,TYRP1,SPP1,ABCB5,TEX41,APOE,OSTM1,NR4A3,CRTAP,TFAP2A,SNHG7,CHCHD10,NOP53,ATP5F1D,EMCN,CDK2,LRMDA,TRPM1,NICOL1",eye,melanocytes,F
Durante_2020,M2,"BST2,KLF4,RPS10,CEBPD,LGALS3,GAPDHS,CEBPB,GNG11,NDUFB1,CHCHD6,LAPTM4B,PAG1,WARS1,SPON2,PYGL,EXOC3,EIF4A1,NDUFA11,RNF145,HACD1,ABL2,MICOS10,CYP27A1,CTSK,HEBP1,BLOC1S1,NDUFA13,TBC1D7,NAA38,TSPAN10,RARRES2,PHACTR1,HTR2B,NDUFC2,TCEAL9,HES6,VAMP2,ATP5PO,COL1A2,CNPY2,NDUFB8,TMBIM4,MAD1L1,PTGER4,C2,TAX1BP3,GDF15,NMT1",eye,unknown,M
Durante_2020,M8,"S100B,LINC03000",eye,unknown,M
