Data,Cluster,Markers,Organization,cell_type,level
Galen_2019,M0,"IL7R,SYNE2,ETS1,IFITM1,SELL,GIMAP7,IL32,CD3D,LTB,SLFN5,PTPRCAP,CD2,RIPOR2,CD48",blood,naive T cells,M
Galen_2019,F0,"IL7R,LTB,LDHB",blood,naive T cells,F
Galen_2019,F1,"CCL5,SRGN,GNLY,GZMA,ID2,SYNE1,MBP,NKG7,PRF1,ITGB2,KLRD1,CST7",blood,NK-like T cells,F
Galen_2019,M4,"TMEM123,HLA-DRB1,HIST1H1C,CD3D,KMT2A,FLT3,SAP18,TSC22D3,CWC15,POMP,IER2,MEF2C,PAFAH1B2,MRPL57,IFITM2,TM9SF2,TIMM8B,PAN3,ZBTB44,ARCN1,ACAT1,HLA-DPB1,CD34,HOPX,H1F0,HLA-DPA1",blood,unknown,M
Galen_2019,F22,,blood,unknown,F
Galen_2019,F23,"TUBA1B,STMN1,TUBB,DUT,H2AFZ,HIST1H1B,HP1BP3,PCLAF,SMC4,TMPO,PCNA,ARL6IP1,COX8A,CKLF,RAD21,CKS2,H2AFX,MKI67,H2AFV,MCM4,CENPF,SIVA1,KDELC2,SMC3,SKA3,NCAPD3,DHFR,CHEK1,TPX2,NUSAP1,TOP2A,CALM3,CKS1B,NCAPD2,RAD51AP1,ASPM,TK1,DNAJC9",blood,unknown,F
Galen_2019,M9,"CDK6,MPO,SEPT6,NRIP1,SOX4,PARP1,MAN1A1,GUCY1A3,PRSS57,CD34,HLA-DPA1",blood,hematopoietic stem and progenitor cells (HSPCs),M
Galen_2019,F35,"MPO,POU4F1,APLP2,LINC01835,CFD,C1orf228",blood,unknown,F
Galen_2019,F34,"PTPRC,CD52,LCP1,FAM30A,CEP70,AIF1,NRIP1,CD47,XIST,MSI2,PRKACB,MLLT3,MECOM,RUFY1,ITM2A,ANGPT1,JCHAIN,INPP4B,MEF2C",blood,hematopoietic stem and progenitor cells (HSPCs),F
Galen_2019,F36,"MPO,HMGB2,TUBA1B,H2AFZ,ELANE,LINC01835,IGLL1,TMPO,HIST1H1B,ARL6IP1,CLEC11A,CENPF,POU4F1,HIST1H1C,TOP2A,CFD,CBX5,PCLAF,H2AFV,PRTN3,MKI67,ANP32E,HIST1H2AM,CKS1B,NUSAP1,ASPM,TPX2,BIRC5,TK1",blood,myeloid progenitor cells,F
Galen_2019,F37,"HMGB2,SMC4,H2AFZ,RAD21,HIST1H1B,CENPF,VIM,HIST1H1C,FKBP5,ARL6IP1,USP1,PKM,TOP2A,PSIP1,LSM3,PCLAF,MIF-AS1,SIVA1,PSMA1,RANBP1,TMPO,H1FX,MKI67,DNMT1,RNASEH2C,DHFR,SSRP1,CKAP2,CACYBP,CKS1B,NUSAP1,KCNJ3,ASPM,SNRPC,TPX2,PSME2,BIRC5,KIF11,TK1,PRC1,HIST1H2AJ,CCNA2",blood,proliferating hematopoietic stem and progenitor cells (HSPCs),F
Galen_2019,M2,"HIST1H4C,HIST1H1B,CENPF,MKI67,PCLAF,TOP2A,TUBB,TUBA1B,STMN1,SLIRP,H2AFZ,NDUFS5,SNRPG,SMC4,NASP,PA2G4,CCT6A,CACYBP,TMPO,DUT,ARL6IP1,SNRPE",blood,proliferating cells,M
Galen_2019,F10,"MPO,ANXA1,S100A9,S100A8,KLF6,SAT1,VCAN,MCL1,JUN",blood,proliferating neutrophils,F
Galen_2019,F15,"CD52,IFI16,CRIP1,FYB1,COTL1,ADD3,RNF213,ETS1,SELL,SYNE2,PTPRCAP,IL32,CD3D,CD2,CD3G,GIMAP7,SLFN5",blood,proliferating T cells,F
Galen_2019,F14,"RGS18,LIMS1,HBD,NRIP1,GNAQ,MEF2C,TFDP2,UROD,PDZD8,RUFY1,PRKACB,ZMYND8,SOD2,PSTPIP2,SLC40A1,VCL,HERC2,CD84,PIK3CB,ANGPT1,DBET,CEP70,FCER1A,C2orf88,GATA2,MMRN1",blood,proliferating megakaryocyte-erythroid progenitors (MEP),F
Galen_2019,F9,"HBB,HBD,HBA2,AHSP,CA1,APOOL,HBA1,TFRC,CD36,SLC25A37,BLVRB,GYPA,HEMGN,DBET,CAST,PRDX2,GYPC,REXO2,CA2,UROD,RHAG,SPTA1,ANK1",blood,erythroid progenitor cells,F
Galen_2019,F13,"CD74,HLA-DRA,CD52,HLA-A,TYROBP,CST3,SPINK2,RN7SK,DBET,SAMHD1,FAM111A,HLA-DRB1,CYBA,CRIP1,HLA-DPA1,ERP29,CD99,FLT3,HLA-DPB1,SH3BGRL3,TUBA1A,HLA-DRB5,HLA-C",blood,proliferating dendritic cells,F
Galen_2019,F8,"CXCL8,CA2,FABP5,CSTA,ANXA2,GNL3,CTSG,FAM107B,NME1,TMEM167A,TWISTNB,MTHFD2,LSM8,OGFRL1,UBE2V2,PYGL,CCPG1,SKA2,PUM3,BRIX1,MRPL36,MKX",blood,proliferating neutrophils,F
Galen_2019,F11,"MNDA,MPO,CXCL8,S100A9,S100A8,CYBB,LTA4H,RPS4Y1,GCA,ITGB2,RETN,CLEC12A,GNG10,SLC44A1,NCF2,MCEMP1,TNNT1",blood,proliferating neutrophils,F
Galen_2019,F12,"AIF1,HLA-DRA,CD74,PRDX1,NRIP1,MEF2C,CLEC2B,SPINK2,SLC38A1,RPS4Y1,CD99,FYB1,ABRACL,RGS10,RALA,CREG1,CCNG1,ANGPT1,IFITM2,POLR1D,IL7R,CALCRL,CYTL1,TFPI,TNNT1,CD34,IFI16,CSF1R,SLC2A5,FSCN1",blood,proliferating hematopoietic stem/progenitor cells (HSPCs),F
Galen_2019,M5,"CD74,HLA-DRA,LGALS1,SAMHD1,HLA-DRB1,CD36,HLA-DPA1,DUSP6,HLA-DPB1,FLT3,SPINK2,JAML,HLA-DRB5,GLIPR1,CST3,LST1,TYROBP",blood,dendritic cells,M
Galen_2019,F25,"FGL2,NAPSB,FCER1G,CPVL,HLA-DQB1,HLA-DQA1",blood,plasmacytoid dendritic cells,F
Galen_2019,F24,"SPINK2,CFD,CD99,CDK6,SERPINB1,HCST,FAM30A",blood,plasmacytoid dendritic cells,F
Galen_2019,M1,SPINK2,blood,unknown,M
Galen_2019,F4,"MPO,ITM2A,S100A9,MNDA",blood,unknown,F
Galen_2019,F3,SPINK2,blood,unknown,F
Galen_2019,F7,"HBB,CD69,SELL,JUN,PMAIP1,RGS18,CPA3,IGLL1",blood,unknown,F
Galen_2019,F6,"CD69,HBB,CTSG,CLEC2B,FAM46A,JMJD1C,ZEB2,MEF2C,HOXA9,NRIP1",blood,unknown,F
Galen_2019,F5,"NFKBIA,AREG,CHD1,ZFP91",blood,unknown,F
Galen_2019,M3,"LYZ,CTSS,S100A9,VCAN,S100A8,PSAP,AIF1,CFD,MNDA,CST3,CYBB,S100A10,ANXA2,SAT1,VMP1,CAST,ZEB2,COTL1,FGL2,LGALS3,CD302,CTSB,LYST,TNFSF13B,CSTA,RNASE2,LST1,IFI30,FCER1G,TYROBP,FCN1,ANXA5,CLEC12A,EVI2B,ITGB2,MCL1,MS4A6A,ZFAND5,APLP2,LGALS1,SAMHD1",blood,monocytes,M
Galen_2019,F16,MPEG1,blood,monocytes,F
Galen_2019,F17,"JUN,CAT,MARCKS,CTSG,ANKRD28,PLIN2,PLD3,CXCL8",blood,monocytes,F
Galen_2019,F18,"NAMPT,CXCL8,THBS1,CLEC2B",blood,non-classical monocytes,F
Galen_2019,F19,"SMAP2,FKBP5,THBS1,KCTD12,TLR4,HIST1H1D,AREG,METTL7A,CD163,SAP30",blood,non-classical monocytes,F
Galen_2019,F20,"NUCB2,CTSG,HIST1H4C,H2AFZ,TMPO,RPS27L,NUCKS1,ARL6IP1,RAD21,HSPD1,HMGN1,SESN3,CAT,SLC44A1,ELANE,DEK,ANP32E,HP1BP3,TUBA1B,CACYBP,TPR,CLEC11A,NASP,SMC3,TUBB,PLD3,ANAPC11,SMC4,SNRPG,PA2G4,ANKRD28,SRSF10,AK2,RNASEH2C,MPO,HIST1H1B,AZU1,EAF2,ZFR,HNRNPR,MKI67,STMN1,DUT,ATAD2,P4HB,BRCA2,CENPF,H2AFV,RPL22L1,RAN",blood,neutrophils,F
Galen_2019,F21,"HLA-DPA1,ATP2B1,HLA-DPB1,HLA-DRB1,GGNBP2,HLA-DQB1,HLA-DRB6,HLA-DRB5,HLA-DQA1,CHD2",blood,monocyte-derived dendritic cells,F
Galen_2019,M10,"SYNE2,CCL5,PIK3R1,CD69,CLK1,PMAIP1,SYNE1,SBDS,TNFAIP3,RNF125",blood,unknown,M
Galen_2019,M7,"SPINK2,CD69,SAMSN1,FAM46A,SOX4,ACSL4",blood,unknown,M
Galen_2019,F29,"SPINK2,RPL31P11,AIF1,RPL13AP20,HBB,CFD,RPL13AP6,TMEM70,MIR4426,SNHG8,H2AFY,LCP1,MSI2,NUCB2,CAT,TOP2B,HNRNPA1P10,CLEC2D,ANGPT1,RPL21P28,CLEC2B",blood,unknown,F
Galen_2019,F30,"HLA-B,CPA3,SAMSN1,HPGD,HPGDS,AKAP2,HLA-C,ACSL4,HLA-A,LINC01835,C1orf186,CD63,KLF6,DUSP6,LMO4,IL5RA,MS4A2,DBET,PLAT,BTK,EGR1,RN7SK,STXBP5,BTG1,DUSP1,ALOX5,GATA2,IQGAP1,ZBTB20,TUBA1A,MT-ND6,AHNAK,CTNNBL1,PLIN2,NEAT1,IL1RL1",blood,unknown,F
Galen_2019,M6,"SSR4,SPCS3,SEC62,ANKRD28,TRAM1,XBP1,SSR3,CDV3,SERP1,UBE2J1,GOLGB1,EZR,SELENOK,SEC61B,UFM1,SPCS2,PDIA6,JUN,HDLBP,BIRC3,TMEM59,SPCS1,FBXW7,CFLAR,TMEM258,CCPG1,SEC11C,DNAJC3,EAF2,IGLL5,SVIP,ELK2AP,ZBTB20,GOLGA4,COMMD3,DNAJC1,RPN2,PPIB,NUCB2,YPEL5,TSC22D3,MIA3,SEL1L,HIPK2,BMI1,TMED2,SELENOS,ZBTB38,PRDX4,PDIA4",blood,unknown,M
Galen_2019,F27,"LINC01781,GADD45B,HBB,RAPGEF2,B4GALT1,CADM1,TMEM107,DST,JUND",blood,unknown,F
Galen_2019,F26,"SEL1L,HSP90B2P,CCND2,RPS18P9,OSTC,GLRX,BTG2,RALGPS2,LY96,CRELD2,PSMA6,DERL3,CYCS,CAPZA1,NDUFB1,TMED10",blood,unknown,F
Galen_2019,F28,"LYZ,S100A9,S100A8,JMJD1C,PTPRC,MARCKS,APLP2,GAPDH,USP15,IRF2BP2,ZFAND5,S100A4,ANXA1,ENO1,SERPINB1,TKT,ZFAS1,TSPO,LCP1,PLEK,CYBB,VCAN,HLA-DRA,LYST,AIF1,CFD,CSTA,CD302,MNDA,TYROBP",blood,myeloid cells (likely monocytes or neutrophils),F
Galen_2019,M8,"LTB,BIRC3,MS4A1",blood,B cells,M
Galen_2019,F32,"CD47,GPM6A,LOC100506675,KIAA0825,SRSF6,BTBD9,NEUROD2,ARSA,STAG2,ZNF302,KPNB1,CXCL14,SLC25A37,TRIM13,B4GALT1,ZC3HAV1,KCNJ3,RBPJ,LOC727896,MAST4,S100A4,MACF1,SNORD79,MLLT3,H2AFY,MAP4K4,LDB1,EN1,ETNK1,LOC101927284,NEUROD1,RAB12,MYO10,AMFR,SOX11,LOC105369431,SHOX,MSX1,CELF4,ANXA1,EFNA2,LPAR4",blood,unknown,F
Galen_2019,F33,"HSP90B1,JCHAIN,SRP14,TCF4,CCDC50,IRF8,UGCG,PLEK,SRGN,CANX,CCDC88A,SOX4,GAPT,SEC61B,RGS2,BCL11A,TXN,SSR4,HSPA5,YPEL5,IRF2BP2,HNRNPM,SAMHD1,VAMP8,SPCS3,NRDC,MAPKAPK2,OFD1,NIN,BTAF1,PTPRE,IRF4,NDUFA1,OSTC,SBDS,STX7,EDF1,OGT,PPP1R2,CCDC186,GPX1,SEPT2,PTBP3,CYBB,IRF7,SSR1,MPEG1,SFPQ,SLC15A4,LILRA4",blood,plasmacytoid dendritic cells (pDCs),F
Galen_2019,F31,"MS4A1,BANK1,RALGPS2,BIRC3,EZR",blood,memory B cells,F
