Data,Cluster,Markers,Organization,cell_type,level
Gao_2021,M0,"TFF3,YEATS4,SCGB1D2,STARD10,SCGB2A2,GSTM3,MAL2,WWP1,SLC35E3,CHMP4C,MT1G,MDM2,SEPP1,DHRS2,BCAM,SREBF1,DDIT3,NUP107,PLEKHF2,INSIG1,AGR2,LRRCC1,RAB3IP,TSC22D3,ZC2HC1A,SPDEF,GATA3,TTC39A,SLC38A1,UTP23,ESR1,MTL5,ZNF703,TFF1,TIMP3,MLPH,MTRNR2L1,BPIFB1,RP11-588G21.2,CA12,MUC6,ANKRD30A,TFAP2B,RAMP1,AGR3,AR,CYP4B1,MYB,AMIGO2,C1orf64",breast,luminal epithelial cells of the breast,M
Gao_2021,F1,,breast,luminal epithelial cells of the breast,F
Gao_2021,F0,"TYMS,TK1,CENPU,RAD51AP1",breast,proliferating luminal epithelial cells of the breast,F
Gao_2021,M4,"SAA1,KRT15,KRT17,LTF,RARRES1,WFDC2,TNFSF10,PDLIM1,AREG,CX3CL1,CCL28",breast,luminal epithelial cells,M
Gao_2021,F11,"ANKRD30A,SLC40A1,C8orf4,TBX3,AGR3,TFAP2B,GALNT6,TBC1D9,AGR2,PLAT,FOXA1,TSPAN15,LINC00993,SHISA2,SCUBE2,FBP1,CYP4X1,AFF3,AR,C1orf64,TSPAN5,ERBB4,INPP4B,SLC7A2,DCDC2,SIDT1-AS1,SLC44A4",breast,luminal epithelial cells,F
Gao_2021,F12,"SFRP1,CRYAB,CALD1,ANXA1,MFGE8,PTN,RGS2,KRT5,GABRP,RCAN1,KRT14,SAA1,CHI3L1,FABP7,TAGLN,TNC,HAPLN3,MMP7",breast,basal-like luminal epithelial cells,F
Gao_2021,M5,"COL1A1,IGFBP7,COL1A2,COL3A1,DCN,IGFBP4,SPARC,IFI27,LUM,CALD1,SFRP2,PRSS23,NNMT,FN1,BGN,PCOLCE,IFITM2,TIMP3,COL6A3,SPARCL1,HTRA1,VCAN,C1S,THY1,RARRES2,FBLN2,CXCL12,SERPINF1,APOD,FSTL1,COL6A1,POSTN,SERPING1,TCF4,MMP2,IGF1,IFI16,CCDC80,FBLN1,MEG3,ID3,C1R,PTRF,CYP1B1,PRKCDBP,CTGF,GNG11,AEBP1,COL5A2,OLFML3",breast,fibroblasts,M
Gao_2021,F14,"FABP4,TM4SF1,RAMP2,VWF,CLDN5,ECSCR.1,PLVAP,PECAM1,FABP5,EGFL7,CRIP2,SDPR,RAMP3,CLEC14A,EMCN,RNASE1,SOX18,ID1,HLA-DRB1,ACKR1,GIMAP7,RBP7,ADGRL4,ARHGAP29,PALMD,VWA1,HLA-DRA,ARL4A,ESAM,PIM3,BCAM,CD9,EDN1,KLF2,CD36,CD93,ANGPT2,SRGN,CAV2,SOCS2,FAM213A,SNCG,GIMAP4,ICAM2,MGST2,ADIRF,HLA-DPA1,NEDD9,CXorf36,APLNR",breast,endothelial cells,F
Gao_2021,F17,"DPT,WISP2,C3,TSC22D3,IGF2,OGN,ADM,ITIH5,FILIP1L,ADH1B,IGFBP3,STEAP1,MMP23B,MEST,CLU,PRELP,PTX3,ASPN,C10orf10,AKR1C1,TNNT3,PTGIS",breast,fibroblasts,F
Gao_2021,F16,"MMP11,COL10A1,FILIP1L,OLFML2B,RGS16,INHBA,HES4,PPP1R14A,MYLK,COL11A1,RAB31,SULF1,HBB,CCDC102B,HBA2,PDLIM3,CALML5,ID4,EDIL3,SGIP1",breast,cancer-associated fibroblasts (CAFs),F
Gao_2021,F15,"CRABP1,ECEL1,TNN,FRZB,SCG5,EGR2,DLK1,SEMA3G",breast,fibroblasts,F
Gao_2021,F13,"CXCL14,COL14A1,CFD,IGF1,MTRNR2L8,FBLN5,CXCL1,DLK1,HSPA1B,MTRNR2L12,EDNRB,SPON1,GPC3,MFAP4,FAM20A,CHRDL2,FMOD,PAPPA,NPPC,SFRP1,FIGF,CRABP1,IGKC,AOX1,TWIST2",breast,fibroblasts,F
Gao_2021,M3,"TYROBP,SRGN,APOC1,LAPTM5,HLA-DPB1,FCER1G,HLA-DPA1,CD68,MMP9,HLA-DRB1,LYZ,AIF1,HLA-DQA1,LSP1,ACP5,CTSS,SPI1,ITGB2,HLA-DQB1,LST1,CORO1A,EMP3,BST2,RGS1,TGFBI,CTSC,CCL3,SLC16A3,CD53,PLAUR,C15orf48,GMFG,HLA-DRB5,FYB,LILRB4,PSMB9,EFHD2,HLA-DQA2,HLA-DMA,HNMT,GPSM3,PTPRC,EPSTI1,CD37,PYCARD,LCP1,CSF1R,CD14,CD48,MNDA",breast,macrophages,M
Gao_2021,F9,"CFD,CD36,CXCL2,SCGB2A2,RGCC,RHOB,CXCL3,CXCL8,TSC22D3,BASP1,SCGB1D2,MTRNR2L1",breast,macrophages,F
Gao_2021,F10,"IFI27,IFI44L,IFIT1,AXL",breast,M2-like macrophages,F
Gao_2021,F8,"CTSK,KIAA0101,CKS1B,PTTG1,CKS2,UBE2C,TYMS,TOP2A,MKI67,TK1,NUSAP1,CENPF,BIRC5,CDKN3,CDC20,CCNB2,ZWINT,CENPM,AURKB,GTSE1,PRC1,MAD2L1,CCNA2,HMMR,AURKA,CENPN,RRM2,SPC25,CENPK",breast,proliferating macrophages,F
Gao_2021,F7,"SEPP1,IL32,NR4A2,MT1G,RP11-1143G9.4,CRYAB,CXCL3,FN1,CCL4,CXCL8,AC004556.1",breast,M2 macrophages,F
Gao_2021,M6,"TFF3,TFF1,BST2,GATA3,ANKRD30A,IFI27,IFITM2,AGR2,PLAT,C15orf48,IFITM1,AGR3,STC2,ADIRF,FOXA1,RARRES3,WFDC2,TNFSF10,CA12,SMIM22,IRF1,HES4,PIP,ZG16B,AREG,GMNN,MX1,AR,ELOVL5,ECE1,CRIP1,KIAA1324,SMARCA2,AFF3,ADAM10,SLC40A1,DHCR24,SCUBE2,AK5,TM4SF18,FTO,STC1",breast,luminal epithelial cells (breast),M
Gao_2021,M1,"CALML5,AARD,KRT23,CDKN2A,CRABP1,KRT7,PLPP2,HIST1H1C,S100A1,KRT14,CRYAB,MFGE8,SFRP1,PPP1R1A,CHI3L1,MDFI,ACTG2,HIST1H2AC,TINCR,SDC1,PPP1R14C,VGLL1,RP11-19E11.1,MARCO,ART3,GRB14,KCNG1,RP11-554I8.2,MUC5B,SECTM1,COBL,RP11-295G20.2,TPM2,C2CD4D",breast,luminal epithelial cells,M
Gao_2021,F4,"PRSS33,TNFSF13B,SCRG1,KIAA0101,BIRC5,SLC43A3,CRISPLD1,MRPS21,S100B,UBE2C,NAPRT,CENPF,TEKT3,TK1,GLS,TUBB2A,SERPINE2,CCND1,TUBB2B,TNFRSF21,CCNB2,PTTG1,MT1G,BGN,C2orf82,PEG10,LEFTY2,COL11A1,PDGFRA,HAPLN1,PCOLCE2,LAMB3",breast,luminal epithelial progenitor cells,F
Gao_2021,F2,"IL32,APOD,TEKT3,C2orf82,CALB2,C1S,CLDN6,AGT,MAGIX,CCND1,NAPRT,SAA1,PEG3,AQP3,CP,AC004556.1,EFEMP2,LCN2,SOX18,KCNE5,BARX1,CACNA1A,PCDHB2,PSCA,PCDHB9,NPTXR,MMP11,RP2",breast,luminal epithelial cells,F
Gao_2021,F5,"UBB,KRT14,ID4,MT1E,ZFP57,IRF7,SLC16A1-AS1,HOXA10,MEF2C,GPAT2,PRKAA2,LPL,AP001626.1,ZNF655",breast,luminal progenitor cells,F
Gao_2021,F3,"CRABP2,SNHG25,MRPS21,SEPP1,DEFB1,SCGB2A2,CYP1B1,IGKC,TMEM45A,SCRG1,AKR1C2,ANGPTL4,COL3A1,METTL12,EID1,SCGB1D2,CA9,GATA3,IGHA1,COL1A2,NRG1,CXCL14,NLRP2,NXPH4,EFEMP1,NRP1,DCN,RPPH1,SFRP2,POSTN,CKMT1A,DUSP4,BBOX1,ADORA1,FBLN5,KREMEN2",breast,luminal epithelial cells,F
Gao_2021,M2,"SOD3,S100A1,MDFI,TEKT3,FBXO32,TAGLN,TUBB2B,GLS,MYL9,PEG10,HIST1H2AC,VTCN1,SFRP1,BAMBI,HIST1H2AE,MYLK,S100B,TUBB2A,SBSPON,TRIM47,VANGL1,SCRG1,SLC43A3,S100P,BGN,IRF6,MMP7,MED19,MIA,PROM1,ITM2C,NNMT,TNFRSF21,PRSS33,KRT23,CHI3L1,PHLDA1,SERTAD4,CTGF,MXRA8,HIST2H2BE,PDZK1IP1,GPM6B,TNFSF13B,KRT81,MATN3,FXYD6,HIST1H1C,ROPN1B,CRIP2",breast,myoepithelial cells,M
Gao_2021,M7,"IGKC,EMP3,IGHA1,FKBP11,JCHAIN,BIRC3,IGHA2,IGHG1",breast,plasma cells,M
