Data,Cluster,Markers,Organization,cell_type,level
Gaydosik_2019,M0,"GNLY,CCL5,CD52,IL32,SRGN,NKG7,CD3D,CORO1A,CD7,XCL1,DUSP2,HCST,TRBC2,ARHGDIB,GZMA,GZMB,RGS1,CXCR4,TRAC,XCL2,LAPTM5,CTSW,PTPRC,EVL,CREM,TRBC1,ITM2A,CKLF,ACAP1,ITGB2,DOK2,ALOX5AP,COTL1,IL2RG,RAC2,PTPN7,CD3E,FYB,CD37,GMFG,RUNX3,CYTIP,CD247,LCK,LAT,CD48,FMNL1,CD3G,SAMSN1,ICAM3",skin,cytotoxic T cells,M
Gaydosik_2019,F0,"CD2,ZNF331",skin,cytotoxic T cells,F
Gaydosik_2019,F6,"PAGE5,STMN1,HIST1H4C,PTTG1,DUT,UBE2S,NUCB2,TUBA1C,NUCKS1,RAD21,CKS1B,ARL6IP1,CARHSP1,KIAA0101,SMC4,CENPF,UBE2C,CDKN2D,ANP32E,TOP2A,SUMO3,NUSAP1,NAA38,FDPS,HSPB11,MKI67,ASPM,CENPW,BIRC5,AURKB,MAD2L1,TYMS,KIR3DL2,CDC20,PCNA,RRM2,CDK1,RPA3,KIR2DL3,ARHGAP11B,CCNB1,CENPE,CDKN3,GTSE1,TACC3,DDX39A,TPX2,CD38,SGOL2,CKAP2L",skin,proliferating cytotoxic T cells,F
Gaydosik_2019,F5,"CXCL13,PTGER4,RP11-138A9.1,TNFRSF4,SIAH2,CCR7,LBH,HEXIM1,PGM2L1,LEF1,TSHZ2,IGFL2",skin,T follicular helper-like cells (Tfh-like),F
Gaydosik_2019,F3,"PRF1,TRGC2,RPL22L1,SOCS3,HBB,CD8A,LPAR6,NCR3,EBP,SOCS1,TYROBP,CDK6,TNFSF10,XIST,GIMAP4,PRKX,PLPP1,HLF,HBA2,RP11-291B21.2,NPEPL1,CES4A,AC018816.3,C2orf40",skin,cytotoxic T cells,F
Gaydosik_2019,F1,"PAGE5,ZNF683,RPS4Y1,LINC00996,GIMAP7,KIR2DL3,CTSA,KIR3DL2,FCER1G,TMC6",skin,cytotoxic T cells,F
Gaydosik_2019,F2,"HSPA6,PAGE5,IER5,NR4A1,TNFAIP3,ZFAND2A,CDKN1A,GEM,BAG3,BTG3,KIR2DL3,ITGB7,CHORDC1,SLC5A3,SLC38A2,FAM46A,LINC00996,ZC3H12A,IER5L,TNFSF14",skin,activated cytotoxic T cells,F
Gaydosik_2019,F4,"CCL3,KLRB1,KLRC1,CEBPB,LPAR6,AC092580.4,TRDC,PRDM1,DUSP5",skin,cytotoxic T cells with innate-like features,F
Gaydosik_2019,F7,"KRT16,KRT6A,DMKN,KRTDAP,LY6D,KRT17,KRT5,SERPINB4",skin,unknown,F
Gaydosik_2019,F8,C1orf56,skin,unknown,F
Gaydosik_2019,M2,"IGFBP7,DCN,ADIRF,COL1A2,SPARCL1,COL1A1,MYL9,CALD1,MGP,COL6A2,COL3A1,GSN,CAV1,SPARC,COL6A1,TPM2,SELM,RGS16,SOD3,SERPINF1,PTRF,GNG11,C1R,IGFBP4,TPM1,SERPING1,CCDC80,TIMP3,PLAC9,PMP22,PRKCDBP,PCOLCE,PLPP3,TIMP2,CNN3,LHFP,C1S,FSTL1,SEPP1,CLU,CCL2",skin,fibroblasts,M
Gaydosik_2019,F17,"SFRP2,APOD,COL3A1,MMP2,MEG3,CXCL14,LUM,WISP2,APCDD1,CTHRC1,DPT,TWIST2,CYBRD1,RGCC,SLIT3,PAM,GPNMB,WIF1,VCAN,PTGDS,FBLN1,TNXB,THBS2,CLEC11A,ELN,PTN,POSTN,MFAP4,ANGPTL5,CTSK,FBLN2,OLFML3,HTRA1,CRABP2,MXRA8,DCN,CFH,IGFBP6",skin,fibroblasts,F
Gaydosik_2019,F18,"S100A8,COL6A3,KRT14,S100A9,THY1,CTSC,TNC,IFI6,IL32,LGALS3BP,CYBA,TMEM176B,TYMP,CTSK,COL5A2,KRT16,PSMB9,S100A7,DIO2,RARRES2,COL4A1,KRT6A,KRT17,STEAP1,TWIST2,POSTN",skin,fibroblasts,F
Gaydosik_2019,F14,"TAGLN,ACTA2,CPE,IL6,C11orf96,MYLK,NDUFA4L2,LBH,ATF3,RGS5,TPM2,TINAGL1,SNCG,ID4,MT1A,SORBS2,NR2F2,MCAM,GEM,NR4A2,CRISPLD2,MYH11",skin,myofibroblasts,F
Gaydosik_2019,F19,"TPM2,ACTA2,TAGLN,MYH11,MYLK,CSRP1,DES,FLNA,ACTG2,PPP1R14A,CKB,CNN1,PLN,SORBS2,PCP4,SYNPO2,LPP,PALLD,SMTN,SVIL,TNS1,PDLIM7,KANK2,LMOD1,CPM,PPP1R12B,MSRB3,PDLIM3,RAMP1,SLMAP,CARMN,CFL2,NEXN,KCNMB1,SYNM,ACTA1,TTLL7,ITGA8,SORBS1,PRUNE2,PYGB,SPEG,PGM5,P2RX1",skin,myofibroblasts,F
Gaydosik_2019,F15,"CD74,IFI27,HLA-DRA,TM4SF1,HLA-DRB1,ACKR1,AQP1,HLA-DPB1,CLDN5,HLA-DPA1,RAMP2,PLVAP,PECAM1,NPDC1,ICAM1,RBP7,RAMP3,TNFSF10,TPM3,RDX,ETS2,ENG,EGFL7,CLEC2B,A2M,CD34,RNASE1,ADGRL4,LMCD1,MSN,EMCN,HLA-DMA,VWF,PCAT19,GIMAP7,HLA-DQA1,HLA-DQB1,CDC42EP3,LIFR,RAB11A,SOX17,CD93,LRRFIP1,MYH9,TGFBR2,ITGA6,MCTP1,NRN1,LPAR6,FABP4",skin,fibroblasts,F
Gaydosik_2019,F16,"CFD,CXCL14,DCN,MFAP4,DPT,PTN,CTSK,LUM,PTGDS,MEG3,FBLN1",skin,fibroblasts,F
Gaydosik_2019,F22,"FABP4,CLDN5,FABP5,RAMP2,TM4SF1,SNCG,TFPI,ANGPT2,RAB11A,ECSCR_duplicate,EGFL7,PRSS23,GIMAP7,EFEMP1,STMN1,ARL4A,MGST2,CCL21,MARCKSL1,LIMS1,HYAL2,SDPR,PPP1R2,PPFIBP1,GMFG,FSCN1,PDPN,IGF1,NRP2,TFF3,C16orf62,MMRN1,LAPTM5,TSPAN5,PTPRE",skin,fibroblasts,F
Gaydosik_2019,F21,"ID1,S100A8,HLA-DPA1,KRT14,S100A9,A2M,ACKR1,AQP1,CD74,PLVAP,BST2,NPDC1,RAMP3,PECAM1,S100A16,ITM2A,XIST,RNASE1,CLEC14A,HLA-DMA,ESAM,ARHGDIB,HLA-DRA,PRCP,DMKN,FABP5,KRT16,S100A7,TSPAN7,JAM2,ENG,PIM3,LY6D,COTL1,HLA-DQA1,HLA-DRB5,KRT6A,GIMAP4,EMCN,KRTDAP,LUZP1,EGFL7,HYAL2,PERP,COL15A1,IFI27,SLC9A3R2,MGST2,HLA-DPB1,KRT17",skin,keratinocytes,F
Gaydosik_2019,F20,"APOD,PTGDS,LUM,IGFBP6,RARRES2,CYP1B1,TGFBI,LTBP4,MXRA8,ITM2A,DKK3,PDGFRL,STMN1,C2orf40,ABCA8,AKAP12,GPC3,PLEKHA4,EGFR,VIT",skin,fibroblasts,F
Gaydosik_2019,M1,"KRT5,APOE,S100A2,DSP,KRT17,SFN,IFI27,PHLDA2,S100A14,PERP,KLF4,EMP2,CRABP2,KRT16,SERPINB4,CXCL14,DSC3,CCL27,AQP3,SBSN,TUBA4A,ALDH2,SPINK5,LYPD3,SPINT2,LGALS7B,TACSTD2,KRT1,DEGS1,TMEM45A,PDZK1IP1,KRT6A,TRIM29,CXADR,CA2,TUBA1C,LAD1,EHF,PKP3,KRT6B,C19orf33,SERPINB5,KCNK6,LY6D,PRRG4,CLCA2,PKP1,NSG1,EFNB1,CA12",skin,keratinocyte,M
Gaydosik_2019,F11,"STMN1,PTTG1,SMC4,KIAA0101,NUSAP1,UBE2C,TK1,CCNB1,CDC20,CENPF,TOP2A,BIRC5,CDK1,TYMS,MKI67,CDKN3,RRM2,ASPM,CCNB2,MAD2L1,CENPA,AURKB,PBK,CENPE,TPX2,RACGAP1,CCNA2",skin,proliferating keratinocyte,F
Gaydosik_2019,F13,"DST,KRT15",skin,keratinocyte,F
Gaydosik_2019,F10,"CLDN4,TNFAIP3,CLDN1,SERPINB2,RPS4Y1,MTRNR2L8,PELI1,GRHL3,KLHL21,KRT2,ERRFI1",skin,keratinocyte,F
Gaydosik_2019,F9,"KRT6B,SERPINB4,KRT6C,AKR1B10,GJB2,PI3,SPRR1B,SPRR2A,SERPINB3,S100A7,C10orf99,SLPI,CALML3,CALML5,CD24",skin,keratinocyte,F
Gaydosik_2019,F12,"RPS4Y1,HMGCS1,EBP,CSRP2,ALDH3B2,DCXR,MSMO1,ETFA,DHCR24,SRD5A1,INSIG1,PDHB,RAP1A,ACAA1,MRPS25,PNKD,ACSL1,BCAP29,UQCC2,FAM3C,ACAT1,PDHA1,GCSH,LPCAT3,TM7SF2,ACAT2,HADH,MGST1,C1orf122,CHI3L1,CERS4,TRAPPC6A,LYRM5,MVD,ACADM,FASN,RDH11,ACOT13,APMAP,TMEM91,IDH1,CFD,BNIP3L,G6PD,ELOVL5,CHPT1,APOC1,NSDHL,PXMP2,MBOAT2",skin,keratinocyte,F
Gaydosik_2019,M3,"HLA-DRA,HLA-DRB1,HLA-DPB1,HLA-DPA1,HLA-DQB1,HLA-DQA1,LYZ,LAPTM5,TYROBP,FCER1G,HLA-DRB5,G0S2,GPR183,CXCL8,CXCL2,AIF1,HLA-DMA,RGS1,CXCR4,CD83,C15orf48,CTSS,C1QC,RGS10,CTSZ,LCP1,C1QB,COTL1,MS4A6A,LST1,HLA-DMB,FCGRT,CTSH,FGL2,BCL2A1,HLA-DQA2,PLEK,C1QA,RP11-1143G9.4,FAM26F,CD68,IRF8,SPI1,TNFSF13B,FCGR2A,MNDA,SRGN,GMFG,RNASE6,CCL3",skin,dendritic cells,M
Gaydosik_2019,F23,"IL1B,CLEC10A,IL1RN",skin,inflammatory dendritic cells,F
Gaydosik_2019,F24,"APOE,C1QA,C1QC,SEPP1,APOC1,PLTP,CD14,F13A1,CTSL,RNASE1,MS4A4A,FOLR2,HMOX1,CD163,TMEM176A,C1QB,MAFB,MRC1,DAB2,TMEM176B,SLCO2B1,CCL18,FCGR3A,CFD,LGMN,MAF,C2,PLD3,SLC40A1,CCL13",skin,macrophages,F
Gaydosik_2019,F27,"IGKC,CD69,MS4A1,MEF2C,IGLC2,RAC2,MYC,CD79A,IGHM,RHOH,LTB,STK17A,LY9,BANK1,CD79B",skin,B cells,F
Gaydosik_2019,F25,"S100B,C1orf54,IDO1,FSCN1,DNASE1L3",skin,Langerhans cells,F
Gaydosik_2019,F28,"PTGDS,IGKC,LTB,GZMB,JCHAIN,LILRB4,ALOX5AP,NR4A3,IRF7,CCR7,DUSP5,PLAC8,SLC20A1,SOX4,SPIB,ZC3HAV1,GNL3,RAC2,TCF4,RAB11FIP1,ITM2C,RANBP2,IRF4,TSPAN13,ERN1,CCDC50,SLC7A5,UGCG,LDHB,RRBP1,C12orf75,IL3RA,CORO1C,C12orf45,LDLRAD4,OPN3,APP,TRAF4,PPP1R14B,MIR155HG,EGLN3,PLD4,LINC00996,CLIC3,IGHM,TPM2,LILRA4,SEMA7A,RUBCN,CHAF1A",skin,plasmacytoid dendritic cells,F
Gaydosik_2019,F26,"S100A7,KRT16,KRT6A,LY6D,KRTDAP,DMKN,KRT5,KRT17,KRT1,PERP,SERPINB4",skin,keratinocytes,F
Gaydosik_2019,M4,"TACSTD2,FXYD3,TM4SF1,CRABP2,GJB2,DSP,ATP1B1,DEFB1,MGST1",skin,keratinocytes,M
Gaydosik_2019,F29,PLCG2,skin,unknown,F
Gaydosik_2019,F32,"KRT1,KRTDAP,LY6D,LGALS7B,PHLDA2,SBSN,TUBB2A,KRT2,FGFBP1,CKS2",skin,keratinocytes,F
Gaydosik_2019,F30,"IER3,JUN,FOS,JUNB,MYC,KRT17,IER2,SOX4,ZFP36,GADD45B,TUBB,SGK1,PPP1R15A,TUBB2A,SOX9,CEBPD,SOD2,EGR1,KLF6,PLAUR,STMN1,IRF1,ID3,DNAJB1,EIF4A1",skin,keratinocytes,F
Gaydosik_2019,F31,"CALML5,ADIRF,KRT6B,MMP7,KRT16,KRT77,KRT6A,CRYAB,SCGB1D2,S100P,WFDC3,CLIC3,SPINT1,ATP6V1B1,NOV,KRT19,CD24,HSD11B2,QPCT,SCEL,NDRG2,RHOV,GABRP,SPTSSB,HLA-DRA,TIMP3,CD74,AZGP1,FABP5,ATP6V1C2,DSC2,HLA-DRB1,SSFA2,RGCC,RHCG,SLC4A11,FGFBP2,ANXA3,CLDN7,CRACR2B,PON2,MYEOV,GPR12,CEACAM6,CFTR,REEP3,DOCK9,MFSD4",skin,keratinocytes,F
Gaydosik_2019,M5,"FXYD3,KRT15,TM4SF1,CALML5,DCD,CLDN4,CSRP1,CD24,ATP1B1,PDCD4,TSTD1,NFIB,NDRG2,SCGB2A2,SDC4,CNN3,MUCL1,SLC12A2,AQP5,TPD52L1,PIP,SFRP1,KRT19,KRT18,FRZB,KRT7,CYSTM1,SOX9,KRT8,ZG16B,C2orf82,ELF3,CA6,CRACR2B,SLC26A2,NCALD",skin,keratinocytes,M
Gaydosik_2019,F33,,skin,keratinocytes,F
Gaydosik_2019,F34,"MUCL1,SCGB1B2P,PIP,SCGB1D2,AZGP1,TSPAN8,CLDN3,C5orf46,HMGCS2,FAM129A",skin,unknown,F
Gaydosik_2019,F35,"ZFP36,ZFP36L2,IER3,GADD45B,CEBPD,NAMPT,CXCL2,SLC26A2,CEBPB,INSIG1,DNER,PDK4,BIRC3,ATF3,HSPA1B,PHLDA1,SERPINB1,CEACAM1,CDKN1A,GPRC5A,ARRDC3,CCNL1,CAMK2N1,STAT3,SLC25A37,FRZB,ZFAND5,RHOV,GCHFR,ITPKC,PIGA,SLC26A4,CCDC71L,PITPNA",skin,keratinocytes,F
Gaydosik_2019,M6,"SPARC,PMP22,CRYAB,CLU,ITM2C,DST,CNN3,PRKCDBP,NDRG2,AP1S2,SPTBN1,FXYD1,GPM6B,S100B,MATN2,CLIC4,PLAT,MYL9,PLP1,SNCA",skin,Schwann cells,M
Gaydosik_2019,F37,"TYRP1,MLANA,DCT,PMEL,APOE,QPCT,SDCBP,GPNMB,CAPN3,MITF,CD44,IFI27,CDC42EP3,KRT14,NSG1,TRPM1,SGK1,CTSB,TYR,TMEM147,FRZB,TFAP2A,PERP,CTSD,PHLDA1,SH3BGRL3,CYB561A3,GMPR,MLEC,TSC22D1,CISD1,BACE2,S100A2,IFI27L2,TPPP3,SNHG7,VAMP8,GYPC,RAB32,C4orf48,UQCRH,OSTM1,TTC3,ARPC3,ATP5J2,MFSD12,TYMP,GSTO1,ATOX1,PSME2",skin,Melanocytes,F
Gaydosik_2019,F36,"S100A4,CLU,CDH19,ADIRF,NRXN1,CNN3,MATN2,DKK3,GFRA3,SCN7A,NTM,NRN1,RARRES2,TMEM176B,FXYD1,PLPP1,PTN,COL1A2,CADM1,SORBS2,PRSS23,SEMA3B,VWA1,TIMP3,LTBP4,RCAN1,SMIM5,CADM3,IGFBP5,CYR61",skin,Schwann cells,F
Gaydosik_2019,F38,"MPZ,MBP,PRX,PLEKHA4,FGFBP2,GLUL,GATM,SVIP,RHOBTB3,TSC22D4,PMP2,SECISBP2L,SOX2,PLLP,LIMCH1,BCAS1,PLA2G16,MLIP,GLDN,AZGP1,MT3,ARID5B,LPL,CAV2,PPP1CC,SMTN,KCNQ1OT1,FXYD6,MIA,PRRG4,SERPINB9,GSTM3,SRGAP2B,ART3,NCMAP,TMEM98,GJC3,CYB5R2,RBM11,KIF19,KIF1A,GPM6A",skin,Schwann cells,F
Gaydosik_2019,M7,"SRGN,FCER1G,CD69,LAPTM5,TYROBP,SAMSN1,PLAUR,HPGD,ARHGAP18,FCER1A",skin,dendritic cells,M
