Data,Cluster,Markers,Organization,cell_type,level
Glasner_2023,M3,"IGFBP7,TIMP1,MGP,IFI27,COL1A1,FN1,SPARC,CEBPD,SPARCL1,CD59,MTRNR2L8,PTMS,COL1A2,DCN,ID3,CLU,MT1X,TM4SF1,CALD1,YBX3,A2M,IGFBP4,EGR1,CAV1,COL3A1,NNMT,TSC22D1,SERPING1,ADIRF,SELENOM,S100A13,TIMP3,TAGLN,PDLIM1,GSN,COL6A2,RARRES2,RAB13,MYL9,VAMP5,BGN,GNG11,SERPINH1,TCF4,NBL1,APP,TPM1,TPM2,CRIP2,CAVIN1",lung,fibroblasts,M
Glasner_2023,F22,"LUM,PTGDS,DCN,RARRES2,COL1A1,SERPINF1,COL1A2,COL3A1,CCDC80,CFD,TMEM176B,APOE,COL6A3,C3,RARRES1,MMP2,TMEM176A,EMILIN1,C7,CLEC11A,MXRA8,VCAN,CFH,FBLN1,MMP23B,PLTP,MOXD1,THY1,MFAP4,PDGFRA,LRP1,C1S,SFRP2,LGALS3BP,CTSK",lung,fibroblasts,F
Glasner_2023,F23,"TAGLN,ACTA2,TPM2,SOD3,RGS5,NDUFA4L2,PPP1R14A,CPE,IGFBP5,PDGFRB,ID4,EGFL6,CRIP1,MYH11,CSRP2,MAP1B,HIGD1B,NOTCH3,MYLK,CRISPLD2",lung,myofibroblasts,F
Glasner_2023,F21,"IFI27,VWF,ACKR1,RNASE1,CLDN5,RAMP2,TM4SF1,CLEC14A,AQP1,PECAM1,NPDC1,PLVAP,ECSCR,BCAM,CD93,PTPRB,PCAT19,CALCRL,HYAL2,RAMP3,ESAM,VWA1,SEC14L1,EMCN,ITM2A,NEDD9,ETS2,ADGRL4,FAM107A,PCDH17,SLCO2A1,ARHGAP29,TINAGL1,NOTCH4,EGFL7,FAM167B,LDB2,PODXL,PALMD,ROBO4,ITGA6,CDH5,FLT1,CYYR1,MMRN2,S1PR1,NOSTRIN,HLA-DPA1,HLA-DPB1,LIFR",lung,endothelial cells,F
Glasner_2023,F27,"PPP1R14B,CITED2,BASP1,TAF10,UQCC2,KRAS,IGHG4,NOP58,G3BP2,SMAP1,PDCD10,WASL,VEGFA,EIF4E2,LSM12,KCMF1,RSBN1,PURB,ARHGAP5,SPIN1,TUBA4A,DYNLL2,ATP1B1,UBAP2L,LIMK2,H2AW,MTRNR2L10",lung,fibroblasts,F
Glasner_2023,F24,"CTHRC1,MMP11,SFRP2,VCAN,AEBP1,FBLN1,CTSK,S100A4,THY1,COL1A1,ISLR,COL5A2,ASPN,COL1A2,COL5A1,MEG3,THBS2,MMP2,TMEM176B,PCOLCE,COL10A1,POSTN,PMEPA1,SULF1,ANTXR1,CDH11,FBLN2,MFAP2,EMILIN1,CHN1,FGFR1,SEPTIN11,MXRA5,COL12A1,SPON2,FBN1,RCN3,PRRX1,PLAU,ITGB5,CHPF,LUM,COL11A1,CCDC80,COL3A1,COL8A1,GJB2,HCFC1R1,INHBA,COL6A3",lung,fibroblasts,F
Glasner_2023,F25,"CCL21,CAVIN2,RAMP2,FABP4,FABP5,RGS16,MMRN1,ECSCR,PCAT19,TFF3,EFEMP1,AKAP12,ANGPT2,EGFL7,APOD,STMN1,GMFG,PDPN,TIE1,MTUS1,ARL4A,ELK3,PPP1R2,TMEM255B,CDC42EP5,NRP2,SHC1,LAPTM5,FLT4,TBX1,MRC1,PROX1,DOCK5,CLDN5",lung,lymphatic endothelial cells,F
Glasner_2023,F26,"HLA-DRB1,ACKR1,TNFSF10,AQP1,IFI44L,VWF,RAMP2,RNASE1,RAMP3,CLDN5,GIMAP7,MX1,PLVAP,C2CD4B,IFIT3,XAF1,PARP14,IFIT1,RNF213,PALMD,NOSTRIN,CLEC14A,KCTD12,SOX18,GBP1,IFIT2,HLA-DMA,EIF2AK2,GIMAP4,STAT1,CCL23,IFI35,RSAD2,LGALS9,ISG20,PTPRB,ODF3B,IFI44,TRIM22,EMCN,SAMD9L,IRF7,EGFL7,OAS1,MX2,SAMD9,DDX58,GBP4,LIFR,OAS3",lung,fibroblasts,F
Glasner_2023,M0,"NKG7,IL7R,IL32,CCL5,TNFAIP3,TRAC,LTB,HCST,CD3D,CD7,TRBC1,PTPRC,CXCR4,CD2,TRBC2,CCL4,CORO1A,CD3E,FYN,ARL4C,IL2RG,CST7,CD69,SPOCK2,DUSP2,RGS1,CYTIP,ETS1,TUBA4A,CD48",lung,T cells,M
Glasner_2023,F3,"DUSP4,PMAIP1,TIGIT,CARD16,BATF,CD27,TNFRSF18,TNFRSF4",lung,effector memory T cells,F
Glasner_2023,F1,"RPS4Y1,MTRNR2L12",lung,unknown,F
Glasner_2023,F6,"GNLY,GZMB,PRF1,ISG15,CTSW,FGFBP2,LY6E,KLRD1,METRNL,IFITM3,SPON2,GZMM,TYROBP,BST2,ABHD17A,GZMH,EFHD2,FCER1G,PLAC8,IFI6,FCGR3A,KLRF1,TRIM22,SAMD9,MX1,XAF1,IRF7,EIF2AK2,MYOM2,IFI44L,IGFBP7,CD38,CCL3,CLIC3",lung,cytotoxic T cells,F
Glasner_2023,F4,"DUSP4,CXCL13,CD8A,HLA-DPA1,HLA-DRB1,PMAIP1,IFNG,IGHA1,STMN1,CRTAM,RBPJ,FABP5,FKBP1A,TUBB,PKM,PGAM1,HLA-DRA,CKS2,CYTOR",lung,CD8+ T cells with cytotoxic and exhausted features,F
Glasner_2023,F0,,lung,unknown,F
Glasner_2023,F5,"AREG,GNLY,KLRD1,HSPA6,TYROBP,CMC1,KLRC1,XCL1,FCER1G,XCL2,HOPX",lung,mucosal-associated invariant T cells (MAIT cells),F
Glasner_2023,F2,"NKG7,GNLY,GZMB,GZMH,KLRD1,FGFBP2,GZMM,HOPX,FCGR3A,PLAC8,EFHD2,ZEB2,ABHD17A,CD81,PRF1,GZMA,FLNA,TYROBP,CMC1,CCL4,CTSW,SPON2,METRNL",lung,Natural Killer (NK) cells,F
Glasner_2023,M5,"SCGB3A1,SFTPB,SFTPC,RNASE1,WFDC2,IFI27,KRT19,CD9,SLPI,NAPSA,HOPX,SCGB3A2,KRT8,DSTN,CYB5A,APLP2,SOX4,SFTA2,CTSH,MDK,ATP1B1,ATF3,ATP1A1,MGST1,RHOB,LGALS3BP,KRT18,EMP2,PIGR,ELF3,EGR1,TSTD1,CEACAM6,SPINT2,CLDN4,CXCL17,MUC1,TACSTD2,YBX3,CD24,EPCAM,SDC4,CEBPD,FXYD3,SLC34A2,CD59,SELENOP,AGR3,LMO7,AGR2",lung,type II pneumocyte,M
Glasner_2023,F30,"S100A9,CEACAM5,SERPINA1,MMP7,S100A2,AREG,CP,EREG,HLA-DRB5,ANKRD36C,PCSK1N,BIRC3,CXCL2,SLC25A37,KLF4,NR4A2,SGMS2,CAPN8,LDLR,MEG3,MDM2,GEM,SRD5A3,CAMK2N1,ANKRD28,KCNK1,FAM3C,WEE1,CPD,CCND1,CCL20,PHACTR3,LINC00342,ITGA1,ABCA4,EHF,KCNN4,ALDH1A3,STEAP2,CYP24A1,COL6A2,IVL,CXCL8,ABCC3,STEAP1",lung,type II pneumocyte,F
Glasner_2023,F35,"SERPINA1,SFTPD,SFTPA2,NNMT,C3,FABP5,LRRK2,AQP4,SFTPA1,AQP1,PEBP4,ABCA3,LAMP3,CLDN18,PGC,CRTAC1,COLEC12",lung,type II pneumocyte,F
Glasner_2023,F42,,lung,unknown,F
Glasner_2023,F40,"STEAP4,RPS4Y1,MET,COL1A1,IFI44L,CDKN2A,MX1,RAI14,ABCC3,TRIM2,ARFGEF3,SCD,SLC40A1,SMC4,ELAPOR1,ZKSCAN1,TC2N,VKORC1L1,SENP6,PEG10,ADD3,TRIP6,CACNA2D2,XAF1,LIFR,PPP1R9A,RRAD,SCIN,RNPC3,BAZ1B,MARCKS,RHOBTB3,PHACTR2,PTN,AUTS2,PTBP3,MACC1,ANPEP,CYP2B6,IGF2BP3,COL17A1,ARX,ADRA2A,GRB14,PLEKHG4B",lung,type II pneumocyte,F
Glasner_2023,F37,"CAPS,TPPP3,TSPAN1,IGFBP7,TMEM190,IGFBP2,CETN2,RSPH1,TUBA1A,RRAD,MORN2,FAM183A,PIFO,ODF3B,LRRIQ1,CCN2,SNTN,CAPSL,DYNLRB2,ZMYND10,PSENEN,DNAAF1,METRN,CCDC170,EFHC1,ALDH1A1,FOXJ1,MS4A8,MRPS31,PLAC8,METTL7A,FAM229B,CIBAR2,KIF9,CCDC146,DNALI1,CCDC78,RP1,SLC44A4,FAM174A,UNC93B1,WDR54,SPA17,CFAP53,DYNLT2B,HSPB11,MLF1,ROPN1L,CFAP126,ARHGAP18",lung,ciliated epithelial cell,F
Glasner_2023,F41,"SFTPA2,SFTPA1,SPINK1,SPINK5,IGHA1,KLK11,ABCA3,PRSS23,LYZ,TFF3,WIF1,SCGB3A2,C1QA,C1QB,IYD",lung,type II pneumocyte,F
Glasner_2023,F36,"SPINK1,AKR1C1,LCN2,NQO1,AKR1C2,AKR1C3,CRABP2,GPX2,S100P,SNCG,UCHL1,AKR1B10,PAGE5",lung,type II pneumocyte,F
Glasner_2023,F31,"HPGD,STMN1,ANP32E,PCSK1N,CDKN2A,PTN,CKS1B,RALA,MPLKIP,CENPF,UPP1,CRABP2,TOP2A,SPON2,FBLN1",lung,type II pneumocyte,F
Glasner_2023,F38,"SCGB1A1,BPIFB1,SAA1,CP,CXCL1,MGP,CXCL8,ALDH1A1,KLK11,FMO2,SERPINF1,TMEM45A",lung,club cell,F
Glasner_2023,F33,"S100A2,S100A4,S100A9,LGALS1,RPS4Y1,LAMB3,COL1A1,F3,CST6,S100P,MSLN,HSPA6,DDIT4,FAM3C,PRSS23,PSMB9,CDKN1A,HLA-F,FXYD5,CAMK2N1,SLC20A1,IGFBP3,G0S2,HCFC1R1,CAPG,TGM2,PLAU,MANF,BIRC3,CTSL,TAP1,PHLDA1,PAEP,PLAUR,SLC16A3,DNTTIP1,CAVIN3,HLA-G,MTRNR2L1,ANXA3,SNCG,RRAD,RGS10,LAMC2,TGFBI,ANGPTL4,LY6D,NKG7,TUBB6,COL6A2",lung,type II pneumocyte,F
Glasner_2023,F32,"SERPINA1,TFF3,MMP7,IGFBP2,SPINK5,HLA-DRB5,SFTPD,NNMT,IL32,LGALS1,AQP5,CTSE,IGHG4,MMP1,DMBT1,CXCL14,HLA-DQA1,HP,IGLC2,IGHA1,JCHAIN,XAGE1A,TM4SF4,HLA-DQA2,LGALS4,C1QA,PGC,C1QB,FCER1G,LY6D,LUM,SPP1",lung,type II pneumocyte,F
Glasner_2023,F39,"AGER,CAV1,CLDN18,RGCC,IGFBP7,SLC39A8,AQP4,CAV2,RTKN2,SUSD2,CLIC3,IL32,MYL9,ANKRD29,ANXA3,TIMP3,GAS6,NTM,SPOCK2,WWC2,CLIC5,EFEMP1,ANOS1,DAPK2,NCKAP5,SCEL,ARHGEF26,SPARC,FMO2,NDNF,FSTL3,COL4A3,TNNC1,LAMA3,PLLP,SEMA3B,DENND3,PAPSS2,COL8A1,OTULINL,MS4A15,CAVIN1,UPK3B,SEMA5A,WFS1,COL4A2,COL12A1,LINC01290,FAM189A2,PDPN",lung,type II pneumocyte,F
Glasner_2023,F34,"AGER,RGCC,CEACAM5,RHOBTB3,FN1,PEG10,CAV1,TMPRSS2,FXYD5,PRSS23,AKR1C1,LPIN2,SPARC,PCSK1N,FBP1,SNRNP200,TBCB,ALDH3B1,NCKAP5,MS4A15,SEC63,TNNC1,ST3GAL5,HSBP1L1,SVIL,BAG6,DDAH2,SUPT5H,MUC21,NQO1,MPLKIP,VAMP5,TLN1,PHKB,TSPAN12,CLNS1A,SCAMP2,GCSH,PRKCZ,RHOU,PHACTR3,CREBZF,RARRES1,ZNF431,AAMDC,ATF6B,PHACTR2,SFTA1P,PGP,RBM42",lung,type II pneumocyte,F
Glasner_2023,M11,"HLA-DQA1,CD69,CD37,HLA-DQB1,CD83,CD48,HLA-DMA,CCR7,PMAIP1,IGHM,CD79A,MS4A1,IRF8,LY9,LTB,GPR183,BANK1,ARHGAP24,ADAM28,VPREB3,TNFRSF13C",lung,B cells,M
Glasner_2023,F9,"HSPA1A,HSPH1,DNAJB1,HSPA1B,HSPB1,MRPL18,DNAJB6,CACYBP,FKBP4,PMAIP1,DEDD2,AHSA1,CHORDC1,ANKRD37,GADD45B,LGALS1,EIF4A3,CKS2,ZFAND2A,ATP1B3,PIM3,TCP1",lung,unknown,F
Glasner_2023,F12,"UCP2,CD79B,LCP1,TCL1A,STAG3,CD81,PARP1,SEC61B,SRSF9,SYPL1,GSTP1,BCAS4,ELOB,LINC01857,FAM3C,MBD4,ATP5IF1,GYPC,ATP5MC3,SOCS1,CD22,TMEM123,LAMTOR5,P2RX5,UQCR10,REEP5,POMP,CD27,HMGA1,GRB2,CLTA,PARK7,NUCKS1,NCF1,TACC1,MDH1,TKT,POU2AF1,HOPX,TPD52,PGLS,COX7A2L,SNRPB2,ZFAND6,CSTB,MAP4K4,TOP1,FKBP1A,SEM1,DAAM1",lung,B cells,F
Glasner_2023,F10,"MTRNR2L12,RPS4Y1,CD79B",lung,B cells,F
Glasner_2023,F11,,lung,B cells,F
Glasner_2023,M2,"LYZ,TYROBP,CST3,FCER1G,HLA-DRB1,APOC1,C1QA,ALOX5AP,HLA-DQB1,C1QB,AIF1,HLA-DQA1,GLUL,COTL1,PSAP,GRN,CTSB,APOE,TYMP,HLA-DMA,ANXA5,S100A8,ITGB2,S100A9,LST1,CTSZ,ATP6V1F,CD68,CTSH,ALDH2,IER3,RGS10,CAPG,GSTO1,AP2S1,CD83,SERPINB1,SH3BGRL,YWHAH,FCGR3A,BRI3,ATOX1,MACROH2A1,MS4A7,IL1B,LIMS1,LGALS3,SERPINA1,MS4A6A,PYCARD",lung,macrophage,M
Glasner_2023,F17,"MARCO,CCL18,CXCL3,FABP4,FN1,GCHFR,CES1,CYP27A1,VSIG4,TFRC,LGALS3BP,ACP5,GPNMB,IL7R,PPARG,TREM1,MX1,ALDH1A1,RETN,MGST1,THBD,GYPC,NUPR1,LPL,ABHD5,FAM89A,PLAAT3,MCEMP1,LRP1,OASL,PDLIM1,MRC1,SCD,DNASE2,PHACTR1,RBP4,CITED2,CD151,ATP1B1,ABCG1,TMED5,APIP,GAA,DEFB1,CYB5A,PHLDA3,AQP3,AGRP,MME,EVL",lung,alveolar macrophage,F
Glasner_2023,F19,"SPP1,IGKC,RNASE1,IGHA1,SCGB3A1",lung,unknown,F
Glasner_2023,F18,"FCN1,VCAN,CD48,TNFRSF1B,APOBEC3A,CD300E,LILRB2,CFP,MX2,LILRA5,MPEG1,SELL,RIPOR2,EREG",lung,macrophage,F
Glasner_2023,F16,"HLA-DQA2,RGS1,GPR183",lung,alveolar macrophage,F
Glasner_2023,F20,,lung,macrophage,F
Glasner_2023,M1,"FCER1G,TPSAB1,RGS2,TPSB2,ALOX5AP,CD9,TYROBP,GLUL,SAMSN1,CAPG,CLU,PLIN2,RGS10,NFKBIZ,SOCS1,CD69,CPA3,MIR23AHG,GPR65,HPGD,LMO4,MYADM,APOC1,ARHGAP18,HPGDS,MS4A2,CD83,GATA2,VWA5A,RGS13,FCER1A,PLAUR,KIT,MAML1,SMYD3,SLC18A2,IL1RL1,HDC,PTGS1,MAOB",lung,mast cells,M
Glasner_2023,F13,,lung,mast cells,F
Glasner_2023,F14,"CD81,RPS4Y1,IRF1,MTRNR2L12,GNAI2,BMP2K,SRRM2,VEGFB",lung,mast cells,F
Glasner_2023,F15,"IFI6,ISG15,IFITM3,LY6E,RSAD2,IFI44L,MX1,IFIT1,MX2",lung,interferon-activated mast cells,F
Glasner_2023,M4,"RPS4Y1,KRT18,SOX4,KRT8,SPP1,NQO1,TXNRD1,TFPI2",lung,unknown,M
Glasner_2023,F28,,lung,unknown,F
Glasner_2023,F29,"H4C3,H2AZ1,TUBA1B,TUBB,UBE2S,STMN1,CALM2,TUBB4B,HMGN2,PPM1G,SNRPD1,CKS1B,HNRNPAB",lung,unknown,F
Glasner_2023,M7,"KRT18,KRT7,KRT19,MT1E,SAA1,PPP1R14B,TM4SF1,HMGA1,LCN2,S100A16,KRT8,NME1,MGST1",lung,epithelial cells,M
Glasner_2023,F45,"S100A4,SAA1,NAP1L1,AREG,VIM,EMP3",lung,fibroblasts,F
Glasner_2023,F46,"S100A9,CSTB,PPDPF,SAT1,S100P,SLPI,KRT6A,WFDC2,IFI27,NNMT,HLA-C,LGALS3,RPL22L1,PPA1,SERPINB1,S100A14,IFITM3,CST3,TRMT112,CD74,BIRC3,JUND,MUC1,PDZK1IP1,RPS27L,TPM4,TIMP1,CLTB,ITM2B,NDUFAB1,PSMB8,FXYD3,PRDX2",lung,lung epithelial cells (likely secretory or basal cells),F
Glasner_2023,M6,"S100A9,SOD2,NAMPT,S100A8,CXCL8,G0S2,BCL2A1,LST1,MNDA,RNF149,BASP1,SLC25A37,IVNS1ABP,NCF1,SLC11A1,MXD1,MYO1F,SORL1,FCGR2A,RIPOR2,SELL,GCA,CSF3R,PTGS2,CPD,FPR1,TREM1,NCF2,MBOAT7,ACSL1,PLEK,IL1R2,TMEM154,SERPINA1,ABTB1,FCGR3B,C5AR1",lung,neutrophils,M
Glasner_2023,F43,"MNDA,RGS2,PTGS2,RIPOR2,S100A4,FPR1,GCA,SORL1,SELL,VIM,LAMTOR4,BASP1,MYO1F,YPEL3,GPSM3,LRRK2,VMP1,ACSL1,GNB2,CMTM2,PELI1,USP15,PTEN,BTG2,STK17B,S100P,RAB11FIP1,TUBA1A,PTPRE,TAGLN2,GNAI2,ICAM3,MYH9,R3HDM4,CORO1A",lung,neutrophils,F
Glasner_2023,F44,"CXCR4,HSP90AA1,CTSD,FCER1G,KATNBL1,PHACTR1,TNFAIP3,CD63,SQSTM1,RPS28,DNAJB1,RPS27A,RPS2,ATP6V1G1,RNF13,GBP5,CCL4,CD44,TANK,RBPJ,RPS19,GNG5,MGAT1,CSTB,RPL13,PTMA",lung,neutrophils,F
Glasner_2023,M10,"STMN1,IGFBP2",lung,unknown,M
Glasner_2023,F7,,lung,unknown,F
Glasner_2023,F8,"UQCRB,MIF,SERP1,SPINK1,CALCA,ATP5ME,SRP54,PSMA6,XBP1,SQSTM1,KRT8,TPD52,FAM177A1,H2AJ,KRT19,SSR2,POLR2K,TAC1,ENY2,RPS10,STARD10,RPS4Y1,UBE2L3,SERF2,TMBIM6,RPS26,TCEA1,SRSF9,SAP18,SEC61G,KRT18,EIF3G,SDF2L1,ATP5MC2,ZNF90,ATP5F1A,DSTN,ATP5F1B,AGR2,DEFA5,TFF3,SELENOS,UBL5,GGH,YWHAZ,HSP90B1,PSMB3,SEC11A,ARF1,NDUFV2",lung,unknown,F
Glasner_2023,M8,"IGLC2,IGLC3,IGHG1,IGHG4,CD79A,IGHM,SEC11C,IGHG3,SDF2L1,JCHAIN,TENT5C,ITM2C,FKBP11,MZB1,DERL3",lung,plasma cells,M
Glasner_2023,M9,"AREG,GZMB,SOX4,GPR183,ALOX5AP,PPP1R14B,RNASET2,STMN1,PLAC8,ARL4C,CTSB,ZC3HAV1,RAB11FIP1,NR4A3,GLIPR1,NR3C1,SELENOS,TCF4,APP,SEPTIN6,CLIC3,PDE4B,SELL,OSTC,PRMT9,NUCB2,SERPINF1,DUSP5,TPM2,HLA-DMA,GRN,IRF2BP2,ITM2C,LDLRAD4,CNPY3,IRF7,UCP2,SLC7A5,JCHAIN,TSPAN13,IRF8,UGCG,CD4,CCDC50,THEMIS2,N4BP2L1,RNASE6,ANKRD11,PTPRE,CLN8",lung,unknown,M
