Data,Cluster,Markers,Organization,cell_type,level
Gonzalez_2022,M7,"IGLC2,IGHG1,KRT7,HIST1H1C,C19orf33,S100P,IGF2,CKB,KRT17,S100A16,DSP,KRT6A,PDLIM1,AREG,HMGA1,UBL3,FSTL1,CD55,SLC2A3,C12orf75,ACSL3,PPP1R14B,TNNT1,PERP,PLA2G16,ERRFI1,MT1E,CLIC3,MGMT,CCND3,SDC4,MSLN,FSTL3,ELOVL5,PON2,TXNRD1,DST,CKS1B,CAPG,TIMP3,ASPH,AHNAK,PLAC8,RCN1,LIMA1,FAM207A,ARHGAP29,MFAP5,YDJC,SLC16A3",brain,unknown,M
Gonzalez_2022,F35,,brain,unknown,F
Gonzalez_2022,F33,"MKI67,BIRC5,TK1,TPX2,TOP2A,HIST1H1E,CENPF,PTTG1,SMC4,HIST1H1B,CENPA,NUSAP1,PLK1,DEPDC1,KIFC1,DEPDC1B,NCAPG,CCNB2,BUB1,AURKB,CEP55,CDCA3,NEK2,KIF23,CENPE,KIF11,KIF2C,SPC25,KIF14,CDCA5,CDC6,NDC80,CENPM,KIF18A,CKAP2L,RMI2,ARHGAP11A,CCNF,MELK,KIF4A,MND1,KIAA1524,SGOL1,KNSTRN,NCAPH,HJURP,CASC5,FOXM1,DSN1",brain,proliferating cells,F
Gonzalez_2022,F34,"TYROBP,LYZ,CXCL3,S100A9,HLA-DPA1,C1QC,IER3,RGS2,G0S2,CCL3L3,FCER1G,CTSS,LAPTM5,HLA-DQA1,AIF1,CD14,EVI2B,LY96,HCST,C1orf162,MNDA,PLEK,CYBB,PTPRC,CD37",brain,microglia,F
Gonzalez_2022,M10,"RPS4Y1,MAP1B,COL1A2,RBP1,MARCKS,TUBB2B,PEG10,UBE2S,AP1S2,MEST,CKB,HMGB2,ID1,TCF4,CDKN2A,DLX5,MGST1,TNNT1,HES6,BASP1,DLX6-AS1,PAFAH1B3,PSIP1,CPE,CDKN2C,STMN2,BEX1,PCNA,USP1,CBX1,HDAC2,SMC3,OCIAD2,UCHL1,ELAVL3,NFIB,DHPS,DDX39A,HNRNPUL1,MTHFD2,SMC4,SYT1,FXYD6,GDI1,MLLT11,SOX11,TTC9B,NRXN1,BAZ1B,VBP1",brain,neuronal progenitor cells,M
Gonzalez_2022,F3,,brain,neuronal progenitor cells,F
Gonzalez_2022,F4,"UBE2C,TOP2A,BIRC5,CKS1B,CENPF,MKI67,GTSE1,NUF2,TPX2,HIST1H1C,CDC20,ASPM,NDC80,FBXO5,MAD2L1,CDK1,CDCA5,CENPA,CKAP2L,RRM2,FAM111A,CDCA8,CKAP2,ANP32E,MELK,KIFC1,CDKN3,PLK1,AURKB,HIST1H1D,CENPE,PBK,ASF1B,HIST2H2AC,HJURP,KIF2C,DEPDC1,SGOL1,MXD3,PSRC1,CASC5,KIF23,CDCA3,CCNA2,ESCO2,SKA1,NEK2,TTK,KIF11,CDCA2",brain,proliferating neuronal progenitor cells,F
Gonzalez_2022,M1,"MLANA,S100A1,PMEL,S100B,SERPINF1,AP1S2,QPCT,CD44,GPM6B,SGK1,IFI16,DCT,SERPINE2,APOE,ZNF106,PHLDA3,CAPN3,SNCA,UBL3,PLP1,GPNMB,GLMP,ANKRD28,EDNRB,TYR,MIA,HLA-F,LYST,WIPI1,TSPAN10,MITF,PLEKHA5,BANCR,SPP1,MLPH,CHCHD6,GPR143,OSTM1,CTSF,MYO10,PIR,CAV1,RENBP,VAT1,RAB38,TYRP1,HACD1,TRPM1,ST3GAL5,FMN1",brain,melanocytes,M
Gonzalez_2022,F8,"RPS4Y1,CTSK,TYRP1,PYCARD,DLL3,GYPC",brain,melanocytes,F
Gonzalez_2022,F5,"TMSB4X,IGKC,CD74,HLA-DRB1,APOC1,IGHG1,PAGE2,PAGE2B,IGLC2,HLA-DPA1,CTAG2,IFI27,IGHG3,PAGE5,MAGEA4,PTGDS,EIF5A,IGLC3,S100A6,NOV,MGP,IGLV3-19,HLA-DRA,HLA-DRB5,PYGL,GLUL,POMC,IL13RA2,IGHG4,S100A4,TPM2,IGFBP7,CXCR4,IFITM1,CCL5,IGHV3-21,MAP1B,HLA-DQB1,CCL4,PGF,MOXD1,CYR61,MAGEB2,CASP1,IGLV2-14,HLA-DQA1,WARS,ISG15,CD52,PFN2",brain,unknown,F
Gonzalez_2022,F7,"CKS2,CENPF,PTTG1,UBE2S,WFDC1,DTYMK,HN1,ECM1,HMGB2,PCCA,SMC4,KPNA2,KIAA0101,DDX39A,NUDT1,UBE2T,UBE2C,BIRC5,CCNB1,NUSAP1,CDKN3,PRC1,ASPM,TOP2A,MKI67,ANLN,CDK1,NUF2,PBK,GTSE1,TPX2,CDC20,CENPM,CCNB2,AURKB,RRM2,AURKA,CENPK,PSRC1,SGOL2,CLSPN,TACC3,PLK1,BRCA2",brain,melanoma cells,F
Gonzalez_2022,F6,"CRYAB,TMSB4X,S100A6,PTGDS,CLU,IGFBP7,ISG15,MGP,PRDX1,APP,GLUL,ATP1B1,PPP1R14A,TF,MAP1B,SEPP1,RNASE1,FEZ1,PLA2G16,APLP1,DPYSL2,CLDN11,PTN,PCDH9,LARP6,TTLL7,VAMP5,HTRA1,PMP2,CAMK2N1,SLAIN1,SYT11,RAPGEF5,ENPP2,BIN1,SPOCK1,FAM134B,SEPT4,PRDX2,EDIL3,TM4SF1,BEX1,RBP7,CMTM5,SCD5,TMEM98",brain,unknown,F
Gonzalez_2022,M3,"S100A4,SRGN,CXCR4,HLA-DRB1,HLA-DPA1,CCL3,TYROBP,CCL5,CD52,LAPTM5,PTPRC,HLA-DPB1,CORO1A,CD2,CCL4,HCST,GMFG,LSP1,CD69,CD37,ALOX5AP,CD53,FYB,RGS1,SAMSN1,TRAC,CD48,LCP1,CYTIP,DUSP2,EVI2B,ITGB2,TNFAIP3,CD3D,IL32",brain,activated T cells,M
Gonzalez_2022,F14,"IL7R,CD3E,CD2,TRAC,CD3D,TRBC2,LTB,TRBC1",brain,activated T cells,F
Gonzalez_2022,F17,"HLA-DQA1,TUBB,RNASE1,SPP1,CD14,G0S2,FN1,TPM4,FABP5,STMN1,FCGR3A,LYZ,C1QA,KRT8,KRT18,H2AFY,SOD2,FBP1,SNX10,PYCARD,VSIG4,C1QB,RANBP1,CXCL2,PDIA6,IGHV3-21,IGLC2,IGHM,MKI67,CXCL3,PPA1,C1QC,KRT14,KRT6A,IGLV1-36",brain,unknown,F
Gonzalez_2022,F21,"HLA-DQB1,HLA-DQA1,RCSD1,CCR7,MEF2C,CD79B,CD79A,MS4A1,BANK1",brain,unknown,F
Gonzalez_2022,F20,"MGP,SPARC,FN1,LINC00152,IFI27,ITGB1,CALD1,EGR1,ATF3,DSTN,CHCHD10,APOE,TPM4,GSN,MFGE8,MIR4435-2HG,ID3,IL1B,LMNA,CXCL8,MARCKSL1,GRN,SPARCL1,NDUFA4L2,CEBPD,TPM2,ACTA2,IER3,LST1,TAGLN,YWHAH,BGN,CCL3L3,LAPTM4A,MYH9,PTMS,AURKAIP1,RHOC,DYNLT1,SELM,ADIRF,DCN,A2M,MYL9,ARF4,PGLS,NENF,P4HB,COL1A2,PLAUR",brain,unknown,F
Gonzalez_2022,F16,"CCL5,NKG7,GZMK,GZMA,DUSP4,CD7,GZMB,CST7,IFNG,IGLC3,CD3G,GZMH,CTSW,KLRD1,CD27,CD8A,ETS1,APOBEC3G,FYN,PRF1,TRBC2,AC092580.4,ITM2A,LCK,SFTPB",brain,activated cytotoxic T cells,F
Gonzalez_2022,F15,"TYROBP,SPP1,CST3,CXCL8,IL1B,S100A9,HLA-DQB1,FCER1G,TYMP,AIF1,GRN,SOD2,HLA-DRB5,PLAUR,HLA-DQA1,CD83,CD68,GPX1,LST1,LGALS3,MS4A6A,VSIG4,S100A8,ATF3,IER3,ANXA5,LYZ,RNASET2,FABP5,CXCL2,PSAP,CDKN1A,PHPT1,HLA-DMA,C1orf162,MARCKS,SPI1,APLP2,CTSH,NAMPT,ANXA2,MS4A7,SERPINA1,CTSZ,ATP6V1F,CSTA,CD14,TGFBI,LAMTOR1,GABARAP",brain,microglia,F
Gonzalez_2022,F19,"APOE,SPP1,C1QA,C1QB,APOC1,FCER1G,AIF1,CCL4L2,TYROBP,C1QC,CCL3L3,FCGRT,VSIG4,TREM2,CD14,MS4A7,MFGE8,MAFB,AARD,CD24,FCGR1A,TMIGD3,FPR1,C3,FCGR3A",brain,microglia,F
Gonzalez_2022,F18,"GNLY,CD24,MFGE8,AARD,TM4SF1",brain,unknown,F
Gonzalez_2022,M2,"IGFBP7,SPARC,SPARCL1,DCN,FN1,COL1A2,COL4A1,ID3,TPM2,MGP,IGFBP4,IFITM1,CYR61,BGN,COL6A2,COL1A1,COL4A2,TIMP3,SERPINH1,PDLIM1,IL32,SELM,CTGF,CTHRC1,LINC00152,PRKCDBP,GNG11,NNMT,TCF4,COL3A1,C11orf96,VAMP5,MIR4435-2HG,FILIP1L,HIGD1B,SERPING1,ARHGAP29,CPE,C1R,PCOLCE,FSTL1,A2M,COX7A1,THY1,PTRF,CDKN1A,SDC2,OLFML3,COL18A1,MAP1B",brain,fibroblasts,M
Gonzalez_2022,F13,"HIGD1B,TPPP3,NOTCH3,IBSP,SEPT4,PLXDC1",brain,fibroblasts,F
Gonzalez_2022,F9,"RGCC,CLDN5,RAMP2,VWF,SLC9A3R2,EGFL7,ECSCR.1,ITM2A,HSPG2,RNASE1,PLVAP,PECAM1,DUSP6,RAMP3,HYAL2,CLEC14A,NPDC1,HLA-DRB1,S100A16,INSR,FLT1,PCAT19,ICAM2,CALCRL,HTRA1,PCDH17,ESM1,CD93,PODXL,LUZP1,MGST2,SEC14L1,CA2,ADGRL4,ETS2,GIMAP7,LMO2,EMCN,PNP,CXorf36,TGM2,ROBO4,CD34,GIMAP4,CDH5,CDA,FAM167B,TMEM88,TMEM255B,FCN3",brain,endothelial cells,F
Gonzalez_2022,F10,"CTHRC1,RAMP1,ISLR,RARRES2,FHL2,NR2F1,COL6A3,APOD,ASPN",brain,fibroblasts,F
Gonzalez_2022,F11,"IGLC2,IGHG1,IGKC,ACTG2,SMOC2,GJA4,IGHG3,IGLV3-1,SERPINF1,TNFAIP3,IGHV3-21,STEAP4,IGHA1,JCHAIN",brain,plasma cells,F
Gonzalez_2022,F12,"IGHG1,HMGB2,CKS2,CKS1B,TYMS,PTTG1,KIAA0101,UBE2C,TK1,CENPF,TOP2A,BIRC5,UBE2T,NUSAP1,KIF20B,CDK1,PRC1,MKI67,ZWINT",brain,proliferating fibroblasts,F
Gonzalez_2022,M5,"IGF2,SLPI,WFDC2,S100A9,C19orf33,ELF3,SMIM22,BCAM,KCNQ1OT1,CLDN3,LCN2,MAL2,EPCAM,CLDN4,LYPD2,KRT7,CP,ASS1,MUC16,CRABP2,CHI3L1,S100A2,CYR61,EMX2,FOLR1,SOX17,AHNAK2,KLK6,PAX8,ITGB8,SPOCK2,LYNX1,CYP1B1",brain,unknown,M
Gonzalez_2022,F25,"CDKN2A,CXCL8,TFPI2,CLIC3,MUC16,IGFBP3,TGM2,ADIRF,PDLIM1,FABP5,SLC40A1,CTGF,GAS6,ID3,ARHGAP29,LYNX1,A1BG,SLC20A1,EDN1,IFITM1,CFDP1,CAMK2B,ACTR10,AC006262.5,CPA4,NR4A1,COL9A3,S100A2,ADGRG2,ST6GALNAC5,TRIM29,NR4A3,YIPF2,XIST,OLFM1,LYPD2,PHACTR3,SLC25A37,COL5A1",brain,unknown,F
Gonzalez_2022,F27,"APOE,SPP1,CRYAB,GPX3,VIM,NDUFA4L2,PDZK1IP1,SOD2,CCL20,FXYD2,CXCL14,HILPDA,IL32,ADM,NNMT,ASPH,CA2,RARRES2,FABP6,TMEM176A,LINC01320,AKR1B10,TMEM176B,BIRC3,APOC1,AKR1C3,RP11-314M24.1,SCGB1D2,UGT2B7,ALDH1A1,PHACTR1,CA12,NRCAM,CCL5,KIF12,AKR1C2,GPX2,SNX29,CD52,RGS5,SPX",brain,unknown,F
Gonzalez_2022,F24,"IGKC,IGLC3,C8orf4,HLA-DRB5,S100A1,BCAT1,ID4,HLA-DPA1,IGHG3,DPEP3,C1orf186",brain,unknown,F
Gonzalez_2022,F26,"PCSK1N,HSPA1A,SDC1,NAPSA,SFTPB,SFTA2,S100P,GDF15,TFPI,HSPA6,PRSS8,SELM,UBA1,CXCL17,PDZK1IP1,C15orf48,HILPDA,CXCL14,NEU1,WDR13,ARF5,SLC35A2,PLA2G16,POMC,CSAG1,APOD,CEACAM6,BANCR,DHRS2,TNNC2,RNASE1,TREM1,RP11-307P5.1,APOE,XAGE3,HOPX,DCN,SSX1,PTGS2,S100A7,QPCT,XAGE2,RCN3,RP11-462G2.1,MUC21,MAGEA3,RP5-884M6.1,SFTA3,BATF,CPM",brain,unknown,F
Gonzalez_2022,F28,"CXCL8,CXCL2,STMN1,UBE2C,KIAA0101,PTTG1,SMC4,NUSAP1,CDKN3,MKI67,EDN1,SPC25,KIF23,HMMR,ARHGAP11B",brain,unknown,F
Gonzalez_2022,F29,"SFTPB,TFPI2,NAPSA,IGFBP2,VIM,SAA1,TFPI,AREG,HOPX,AQP1,SFTPA2,HP,IGLC3,ASPH,IGLC2,SFTPA1,CEACAM6,TIMP3,TFF3,IGHG1,KRAS,CTSA,LPCAT1,MGP,NUCB2,EMP3,GNG11,CTHRC1,CDK5RAP2,CXCR4,SERPINA1,PLAT,COL1A1,COL1A2,PON3,FILIP1L,SUSD2,SFTA3,GNLY,LECT1,CCL5,NOVA1,AC159540.1,EREG,NKX2-1,CD52,NRN1,CD3D",brain,unknown,F
Gonzalez_2022,M0,"SCGB2A2,SCGB1D2,MGP,KRT19,SCGB2A1,CD24,AZGP1,SLC39A6,CRABP2,ADIRF,AGR2,CISD3,FXYD3,HIST1H1C,SMIM22,MGST1,ERBB2,MT1E,C19orf33,MT1G,PPP1R1B,CDK12,DSP,DDX52,AATF,CLU,AGR3,SYNRG,METRN,CWC25,DSCAM-AS1,MRPL45,GATA3,LASP1,CA12,LXN,MUC1,MED1,PGAP3,DEGS2,CTB-58E17.1,LRRC26,SOCS7,SLITRK6,RARRES3,SPDEF,ESR1,PIP4K2B,CLDN3,SERPINA3",brain,unknown,M
Gonzalez_2022,F0,"KIAA0101,DEK,STMN1,HIST1H4C,TOP2A,HMGB2,CENPF,NUSAP1,PTTG1,PRC1,CDK1,TK1,HELLS,UBE2C,CENPU,CENPH,FAM111B,CENPM,CDKN3,UBE2T,RAD51AP1,ATAD5,MKI67,BRCA2,ZWINT,SKA2,RRM2,BARD1,ECT2,ESCO2,FEN1,SGOL1,CENPW,TPX2,CDC6,KIF20B,CLSPN,PBK",brain,unknown,F
Gonzalez_2022,F2,,brain,unknown,F
Gonzalez_2022,F1,"CP,RP11-53O19.1,CD74,S100A1,C1orf64,EIF4EBP1,CEACAM6,WHSC1L1,RAB11FIP1,KRT7,MUCL1,CTA-392C11.1,ZG16B,CSTA,HLA-DRA,TXNIP,CYP4Z1,CXCL17,TFAP2B,EGLN3,PLPP2",brain,unknown,F
Gonzalez_2022,M6,"IGKC,IGLC2,IGHG1,IGLC3,IGHG3,IGHG4,RGS1,JCHAIN,MZB1,FKBP11,ISG20,IGHM,IGHG2,DERL3,CD27,CD79A,FAM46C",brain,plasma cells,M
Gonzalez_2022,F30,"SFTPB,ADIRF,MGP,TFF3,SFTPA2,NAPSA,HP,SFTPA1,AQP1,HOPX,CHI3L1",brain,unknown,F
Gonzalez_2022,F32,"IGLV3-19,IGLV2-14,PMEL,MLANA",brain,unknown,F
Gonzalez_2022,F31,"IGLV1-36,KRT8,KRT19,KRT18,KRT14,FN1,KRT6A,KRT7,IGF2,IGKV6-21,IGHV3-11,IGLV3-10,KRT17,DSP,S100P,SDC4,PNMT,ERRFI1,FSTL3,TPPP3,INHA,ALPP,PLAC8,RP5-940J5.9,MFAP5,MED15,PTGES,EGFR,TRIM29,PXN,AC004556.1,XXbac-BPG252P9.9,JUP",brain,unknown,F
Gonzalez_2022,M9,"ADIRF,CLDN4,SMIM22,CCND1,AREG,PCOLCE,TM4SF1,GDF15,CAPS,BTG2,CDKN1A,HSPA6,TNFRSF12A,CLDN3,PCSK1N,H1F0,S100A14,MZB1,DUSP4,DUSP6,PPP1R1B,MGST1,NPDC1,PNMT,METRN,STARD10,GATA3,SNCG,PIM3,WFDC2,XIST,ASPH,CTTN,CLDN7,KRT81,NQO1,PGM2L1,C8orf4,BAMBI,PLXNB2,RAB11FIP1,INTS1,KRT86,LRRC26,MPHOSPH6,FXYD3,SPDEF,TFF3,BCAM,CAMK2B",brain,unknown,M
Gonzalez_2022,M4,"CD24,AARD,TM4SF1,KRT7,MFGE8,CLDN3,ACTG2,CLDN4,FXYD3,PERP,RGS10,CALML5,EMP1,CDKN2A,CAPS,AZGP1,EFNA1,MYC,CLDN7,SNHG25,TOMM5,MED30,HILPDA,PCSK1N,SIGMAR1,SNHG19,EPCAM,TATDN1,TPM2,AP1M2,GLIPR2,NR2C2AP,BSPRY,SNHG9,WFDC1,S100A1,GAL,CRABP1,SQLE,CKB,ACTA2,RBP7,ACTL8,HRCT1,RTP4,CKMT1B,HEY2,CLPSL1,PRRX2,PRR15L",brain,unknown,M
Gonzalez_2022,F22,"LGALS1,HLA-B,TIMP1,ISG15,TAGLN,NDUFA4L2,SPARC,SPARCL1,MYL9,COL4A2,COL4A1,THY1,PTN,MAP1B,HIGD1B,BGN,ARHGDIB,ITM2C,IFITM2,SLC25A6,PLAC9,EPS8",brain,unknown,F
Gonzalez_2022,F23,,brain,unknown,F
Gonzalez_2022,M8,"AGR2,TFF3,XIST,ELF3,LYZ,MTRNR2L12,PLCG2,GPX2,MTRNR2L1,MTRNR2L8,TMC5,RP11-462G2.1,SPINK1,PRAP1,TSPAN8",brain,unknown,M
Gonzalez_2022,F37,NOTUM,brain,unknown,F
Gonzalez_2022,F38,,brain,unknown,F
Gonzalez_2022,F36,"ATF3,SLC25A5,FXYD3,ARL6IP1,KRT20,TUBB4B,H2AFZ,EMP1,CKS2,C4orf3,CALM1,LMO7,RTN4,COX5A,TMED2,CLDN7,VDAC1,RHOB,TPM3,SNRPG,S100A14,NDUFA4L2,MTDH,MYL12A,CDH17,CYSTM1,COX7A2,COX17,RAN,KLF4,PRR13,TMEM59,SNRPB2,FABP1,CALR,PRDX4,TCEB1,DYNLL1,GNG5,DEK,CD63,SBDS,ERO1A,NQO1,MYDGF,CANX,PSMB1,EIF4G2,PHLDA2,RBCK1",brain,unknown,F
