Data,Cluster,Markers,Organization,cell_type,level
Griffiths_2021,M19,"GRIA2,ITPRID2,SCGB2A2,MBOAT2,SEMA6D,MAGI2,KCNJ3,SYT1,STK32B,SHROOM1,CACNA2D3,MIR4300HG,KIAA1211,CCDC200,MYO3B,NTNG1,IGSF21,IRX2,ASB3,PTPRN2",breast,unknown,M
Griffiths_2021,F33,"ROBO2,IQCJ-SCHIP1,LINC01876,SLC4A4,UNC5C,RP1,BMPR1B,TXNIP,H3F3B,PDE4D,KRT15,NAMPT,STEAP2,TUFT1,FRAS1,KLHL1,AHR",breast,unknown,F
Griffiths_2021,F31,"BMPR1B,MYO3B,LINC01876,KLHL1,DTNA,KRT15,AHR,KCNC2,CDH18,PLCB1,UNC5C",breast,unknown,F
Griffiths_2021,F30,"DENND1B,NOVA1,SCUBE2,PBX3,PDE4B,ADCY2,MRPS30-DT,KIF26B,AGBL4,USP53,KRT19,EYA1,POTEC,ARL17B,DOCK10,SPAG17,SKAP2,LINC01193",breast,unknown,F
Griffiths_2021,F35,"CENPP,ADGRV1,PTPRD,PTPRM,SP100,MALRD1,HLA-A,MAN1A1,EIF2AK2,CCND3,PARP14,STAT1,DDX58,BASP1,LENG8,STAT2,MX1,FAR2,ZNF618,IFI6,ISG15,PARP9,ZNF385D,SAMD9L,DDX60L,HERC6,XAF1,DDX60,CFB,IFI44L,PTPRQ,GJA1",breast,unknown,F
Griffiths_2021,F34,"LRP1B,FAM155A,POTEC,GRIP1,MT-ATP6,MT-ND1,MT-ND3,MT-CYB,NPY1R,MT-ND4,CERS4,PPM1H,IL1RAPL2,SLC39A6,TMEM150C,MT-ND2,NXPH1,SH3BGRL,XRRA1,EXOC2,ASAH1,ZFHX3,COL4A5,RANBP17,CD24,FAR1,SGCE,COLEC12,UTRN,SYCP2,MT-ND5,RIMS1,LINC00862,PARP8,FAM85B,PGGHG,MT-ND6,LINC00623,NR6A1,CDC42BPA,NFIB,DHFR,TTC39B,MT-ND4L,SPAG16,TBX3",breast,unknown,F
Griffiths_2021,F32,"SCUBE2,KCNQ5,NOVA1,GRIP1,CPA6,ARL17B,VTCN1,RAB31,ADAMTS15,PHLDB2,CALML5",breast,unknown,F
Griffiths_2021,M1,"EFNA5,ITPRID2,SLC7A2,VTCN1,FSIP1,MAGI2,PBX3,RAB11FIP1,LINC01087,FGD3,AHR,SHROOM1,CLEC3A,C5orf17,NAT1,MAPKAPK2,FAM102B,CAMK1D,COX6C,TPM3,MX1,PARP14,SIPA1L2,SLC19A2,LINC00578,FKBP5,ZC3HAV1,HSPB1,EIF2AK2,TUFT1,BACE2,ZNF718,SYAP1,GLUL,IFI6,C4orf19,UBAP2L,SFMBT2,FHL2,IFI27,NBPF15,COL27A1,STAT1,GPAT4,UVSSA,FBXO16,MAP3K7,ARL17B,KLF6,TENT4B",breast,unknown,M
Griffiths_2021,M0,"ROBO2,SCGB2A2,ATRNL1,RBBP8,TPRG1,NTS,SOX5,DTNA,STARD13,COL1A1,KCNJ3,RETREG1,ZBTB7C,SLC1A1,PRKG1,CASC15,COL1A2,PGR,KCNQ5,FN1,SULF2,DPYD,DLGAP1,TMTC1,COL3A1,PCED1B,LINC00513,AGTR1,LRRC4C,RPL10,RPL15,CDK14,LURAP1L,MRPS30,ANKH,TMEM178B,RPL14,COL4A6,DOCK8,ROBO1,SPRED1,PHACTR1,PCAT18,SLITRK6,RPL29,RAB31,LINC02197,ABCA3,PREX1,S100A11",breast,fibroblasts,M
Griffiths_2021,F1,,breast,fibroblasts,F
Griffiths_2021,F0,"MIR924HG,EZH2,SCLT1,GPR137C,RTTN,GLYATL2,SMC4,APOLD1,GPSM2,CEP128,NSD2,DIAPH3,TMPO,ECT2,RBL1,ATAD2,FANCA,CCDC18,FANCI,MELK,ANLN,POLQ,CIT,BRIP1,KIF4A,CENPF,CENPK,TOP2A,PARPBP,DTL,NUSAP1,STIL,KNL1,KIF23,LIG1,BRCA2,CENPI",breast,cancer-associated fibroblasts,F
Griffiths_2021,M11,"CYP4Z1,SHROOM1,SCGB2A2,FAM155A,PDE4D,ESRRG,MAPK10,SEMA6D,CASC15,SDK1,LMCD1-AS1,CLEC3A,PAM,SORBS1,FGFR2,TACC2,ABCC11,MAML2,SLC25A29,CAPN7,CHST15,RNF24,MECOM,CAPN2,VOPP1,CCNL2,DTX2,LMCD1,SASH1,PDZD2,TSEN2,GRTP1,CAMK2G,TLE1,CAPN13,PDXK,GNA14,BAZ2A,COL27A1,ADCY2,PLCB1,DUSP4,SEC13,FAM157C,NR2F2,GOLGA2,ZSWIM8,RGL2,TAMM41,LINC01344",breast,unknown,M
Griffiths_2021,F6,,breast,unknown,F
Griffiths_2021,F7,"PTPRT,SULF1,NAT1,SOX4,GCNT1,NUTM2B-AS1,LTF,EDARADD,SIK3,CLU,SLC7A2,ABCC5,TNC,BCL2,ASRGL1,LINC00536,WAPL,ST8SIA6,PPP3CB,NCOA3,SPIN1,ANTXR1,DCLK1,REPS2,UBE2R2,MAOB,LRRC6,LAMC1,SFPQ,TULP4,MARCH7,MAN2A1,SIPA1L2,HS6ST3,MCU,LINC02613,PLCL1,SGMS1,LPAR1,NRG3,IRS1,B3GALT5",breast,unknown,F
Griffiths_2021,F8,"COL1A1,FN1,DYNC1I1,CALD1,PRKG1,COL5A1,MIR99AHG,COL3A1,COL11A1,AEBP1,SH3PXD2B,ADAM12,COL6A3,COL5A2,PDLIM7,LAMB1,COL16A1,BICC1,PRSS23,SYNDIG1,ITGA11,KCNQ1OT1,COL6A2,ELN,CCDC80,PRRX1,FHOD3",breast,fibroblasts,F
Griffiths_2021,M5,"CTNND2,LINC01087,SHISA9,EYA2,IL1RAPL2,KITLG,VIRMA,FGFR1,RNF43,TCEAL4,LINC01876,PDE5A,JADE3,MIR2052HG,KCNK1,NFIB,RHPN2,HS6ST3,COLEC12,SORD,UBE2E2,INPP5J",breast,unknown,M
Griffiths_2021,F54,"FTH1,IGFBP5,MT-CO3,GFRA1,COL1A1,RPL41,SCN1A,MGP,MT-CO1,MT-CO2,RPL8,HSP90AA1,COL3A1,APOO,RPL15,ADIRF,H2AFJ,UBB,ANKUB1",breast,unknown,F
Griffiths_2021,F55,"RIMS1,SFXN1,ZBTB16",breast,unknown,F
Griffiths_2021,M6,"LRP1B,LINC02306,IQCJ-SCHIP1,NPAS3,SEMA6D,ZNF385D,GRIA2,PEX5L,CACNA2D3,AK5,FGD3,UNC5C,ZNF385B,ITGB8,PAM,SLC28A3",breast,unknown,M
Griffiths_2021,F57,"GFRA1,THSD4-AS1,ROBO2,ANPEP,CASC15,ABCA3,NOS1AP,SUB1,SIAH2,PGR",breast,unknown,F
Griffiths_2021,F56,,breast,unknown,F
Griffiths_2021,F58,"DLGAP1,ATRNL1,CPA6,ASTN2,GPCPD1,ANKRD30B,MKX,ITGB6,SGCE,FAM155A,ADAMTSL1,DOK6,IGFBP5,NAV2,PLCL1,PRSS23",breast,unknown,F
Griffiths_2021,F59,"DLGAP1,SOX5,CPA6,GRIA1,NTRK2,MT-ND2,PDE4D,ANKRD30B,SDK1,ZFP36L1,TBC1D22A,GHR,CASD1,PRKCH,KCNJ3,RAPGEF5,ITPRID2,DOCK10,SLC4A4,SCGB1D2,ADAMTS19,SHISA9,MT-ND5,GRB10,PIP,ABCC11,TXNIP,FGF12,LPAR1,DHFR,MT-ND4L,LINGO1",breast,unknown,F
Griffiths_2021,F60,"DLGAP1,NELL2,ELP2,PDE4D,ANKRD30B,NUMA1,CDYL,RIC1,DYNC1I2,COL1A2,USP53,CHCHD3,MAPK8,FBXO42,DUSP4,PRKAG2,FAM155A,PTPN12,TNS3,CDYL2,KANSL3,KMT2E,AAGAB,ZKSCAN1,TMEM165,SYT17,BBOF1,CLASRP,COL3A1,SLC4A8,ENTPD5,TAPT1,PCBP2,SH3BP4,ITGB5,SEL1L,FGF12,CUL1,PRKRIP1,SORCS1,WDR60,SEMA5A,BACE2,LRMDA,SPARC,OSBPL6,SYT1",breast,unknown,F
Griffiths_2021,M22,"LINC02306,MALRD1,CPB1,PLXDC2,PEX5L,GRIA1,MBOAT2,NCAM2,IQGAP2,NFKBIZ,EHF,PIP,KCNQ5,CLEC3A,SORBS1,STK32B,C5orf17,PAM,SASH1,NPY1R,KIAA1211L,ABCC11,CACNA2D3,NCEH1,ZBTB16,SYT17,TPD52L1,PARP14,IGSF21,TMEM150C,TBC1D1,NAT1,MAN1A1,CYBRD1,LINC01470,LRRN1,NSUN7,NPAS3,SEMA6D,ZNF385B",breast,unknown,M
Griffiths_2021,M3,"PCDH9,GRIA2,KCND2,PI15,ROBO2,RBFOX1,CACNA1C,ST6GALNAC5,LINC02306,CNKSR3,RIMS2,SLCO3A1,FGF14,LRP2,CPB1,NTRK2,EDIL3,NEGR1,PEX5L,AK5,FGF10,CACNB2,DCLK1,NRXN3,NFIX,CARTPT,PTPRN2,STK32B,HOXB3,PIP,AGTR1,C8orf37-AS1,PHF21B,MAGI2,KCNC2,TMEM178B,CDC42EP3,NRXN1,SPAG16,CDK6,PHLDB2,MTCL1,SYT7,LINC01768,GUCY1A1,SNAP25,UNC79,MALRD1",breast,neuronal cells,M
Griffiths_2021,F46,"AK5,GRIK1,PRSS23,PCSK1,HDAC9,PDE10A,CDHR3,RGS5,IKZF2,CD44,ELMO1,SMOC2,SMYD3,PCDH15,SEPT9,CENPP,PGR,GREB1,NMBR,BRINP2,PDE4B,TSPAN5,BARX2,RGS7,NXPH1",breast,neuronal cells,F
Griffiths_2021,F43,"GRIP1,ZFP36L1,NXPH1,FAM129A",breast,neuronal cells,F
Griffiths_2021,F45,"NMBR,PCDH15,SNAP25-AS1,PRSS23,TNFSF10,TRABD2B,PDE4B,NMBR-AS1,CYTIP,PDE10A,PRUNE2",breast,neuronal cells,F
Griffiths_2021,F47,"PTPRD,CPB1,GRIA1,FAM107B,PRKACB,MAGI2,LINC02224,RBFOX1,GFRA1,EYA1,GALNT6,TCF7L1,CASD1,EYS,NPY1R,FAM155A,GRM4,ZNF385B,PER3,BCKDHB,LINC02115,REPS2,TPRG1,POTEC,GCLC,COL12A1,IL1RAPL1,RAP1GAP,VEGFA,PGGHG,BCHE,CRACR2B,RNF213,SLITRK6,TM4SF18,CADM2,SEPTIN9,VAV3,ZNF804B,SLC5A8",breast,neuronal cells,F
Griffiths_2021,F48,"IL1RAPL1,ZNF385B,ZNF385D,CADM2,EYS,GFRA1,ATRNL1,VRK2,EYA1,LINC01924,SEPTIN9,PARP8,MAGI2,FAM155A,NPY1R,PTPRD,ADGRA3,ARNT2,LINC02224,PLAT,RBBP8,TPRG1,PARD6B,RPS6KA3,SCUBE2,SUB1,FMN1,AGR2,AGR3,HP1BP3,ZNF804B,RNF213,COL12A1,MGP,SEMA3C,SLIT3,TAT,CADM1,NTS,LYPD6,POTEC,TCF7L1,KCNQ5,CAP2,LINC02115,CPB1,IGFBP5",breast,unknown,F
Griffiths_2021,F44,"ZNF804B,RBFOX1,SLC44A5,ZBTB16,PTPRD,IL1RAPL1,ATRNL1,ZFX,EYA1,FAM107B,UGDH,ENOX1,ZNF385B,BMP2K,CACNA2D3,ERRFI1,CLSTN2,GLCE,MT-ND4,FAM168A,NPNT,CDON,RANBP3L,PRKACB,CCND3,AGBL4,SLC5A8,SEPTIN9,PKM,RAP1GDS1,EFHD1,C16orf74,IQGAP2,SDC4,PRLR,GRIA1,SLITRK6,GFRA1,SLIT1,OTUD7A,TRERF1,TM4SF18,TCF7L1,POTEC,VAV3,GALNT6,REPS2,ZNF385D,CPB1,ADCY9",breast,neuronal cells,F
Griffiths_2021,F49,"TIMP1,FTL,CST3,TMEM59,RPL41,EEF1A1,H3F3B,UBC,MT2A,RPL13,ATP1B1,PEBP1,RPL15,RPL10,HSP90AA1,APOO,TNFSF10,RPS9,RPL14,RPS4X,KRT8,SARAF,RPS2,RPS3,CLU,RPL29,HSP90AB1,TXNRD1,BAIAP2L1,MT-ND4,FAM129A,SKP1,TSC22D1,UBB,SRP14,THSD4-AS1,SERP1,GAPDH,ACTG1,WFDC2,SERF2,ITM2B,BTF3,EIF1,TMBIM6,EEF2,RPL8,TM4SF1,MT-ND1,CPE",breast,unknown,F
Griffiths_2021,M8,"ST6GALNAC5,SHROOM1,EFNA5,FAM129A,PLCB1,SHISA9,NFIB,HOXB3,CMYA5,EHF,IGFBP5,TFAP2B,ADCY2,PDE4B,CCDC200,SLC25A29,TIAM1,FAM155A,TPD52L1,HGSNAT,SYT17,TRAF5,SH3PXD2A,PTPN14,NUP107,CAND1,DOCK8,MDM2,PDZD2,HOOK3,AKT3,SLC2A13,TMC5,LIN7A,CD36,PROM1",breast,unknown,M
Griffiths_2021,F64,"MALRD1,NELL2,LINC01876,AHR,NXPH1,COL27A1,MAML2,SYT1,PCLO,NPAS3,SLC38A1,IL1RAPL2,IQCJ-SCHIP1,ARMCX4,SCUBE2,GPCPD1,NHSL2,SLC39A6,EPB41L4A,NTNG1,GPR39,PDZRN4,CACNA2D1,ENOX1,GFRA1,SIM2,SAT1,DAPK1,XKR6,PDE4D,CCND3,ST3GAL1,NFKBIZ,MUC16,CALML5,CADM1,PMEPA1,ARHGEF28,CRADD,DUSP4,PIP5K1B,ANKRD30B,GPC1,TLE1,GNA14,ITGB6",breast,unknown,F
Griffiths_2021,F65,"MT-ND3,SLC44A5,MT-ND2,NR6A1,CNTN4,PRR16,MT-ND4,NXN,SEPT8,TCF7L1,CCL28,SPRED1,ADAM9,KCNK1,WWC2,SLC7A2,CRISP2,LINC01091,RBFOX1,DTNA",breast,unknown,F
Griffiths_2021,F67,"RBFOX1,ROBO2,SCN8A,FGFR1,DTNA,PRUNE2,BMERB1,GUCY1A1,CAMK1D,DDHD2,EYA2,SLC7A2,DENND1B,MYRFL,FAM155A,B3GALT5,METRN,XYLT1,PTPRK,BAG4,TENM3,PLCL1,CPNE7,MUC19,LINC01087,C6orf141,KCNQ5,CD36,CCDC74A",breast,unknown,F
Griffiths_2021,F66,"CD36,PLCL1,NEK10,PDZK1,KCNQ5,GNAT3,STC2,GRB14,MCTP1,SCIN",breast,unknown,F
Griffiths_2021,M4,"PLCB1,MAPK10,GNGT1,HS6ST3,AHR,NFIB,UBE2E2,C5orf17,ITGB6,SASH1,NHSL1,RNF24,PARP14,ATP8A2,PLCB4,SERHL2,LINC01695,IFI6,CEP170,ANO1,KCNMB2-AS1,RHPN2,C1orf159,ABCC11,NRSN2-AS1,CAMK1D,KYNU,ZNF678,INTS7,PNPLA7,MICAL3,LIX1-AS1,C20orf96,TRIM5,CTNND2,PLCH1,LINC00623,CPNE7,TFAP2B,ABCA12,MEIS2,NR2F1,MIR4713HG,ACACB,NR2F1-AS1",breast,unknown,M
Griffiths_2021,F50,"LINC01876,TENM3,CASC15,FHIT,DOCK3,SDK1,ZNF718,GREB1,ELP2,KIAA1211,TIAM1,TSHZ2,SLC39A6,ZNF385B,USP25,LTO1,THUMPD3-AS1,SEC24B,IGHMBP2,TPM3,ZNF141,RERG,GPHN,ZSWIM8,UBE2G2,CDC42BPA,NADSYN1,TPD52L1,B3GALNT2,HMGN1,CBR3,RANBP17,CRNDE,TMSB4X,PDE5A,SPDYE2,PCNX2,ZFAS1,PHF21B,ITGB8,CNTN4,DANT2,LINC02055,FILIP1L,IGKC,PDZK1,PPP1R9A,TGFB1,POTEC,AREG",breast,unknown,F
Griffiths_2021,F53,"LRP1B,LINC01499,NR2F1,NR2F1-AS1,ABCC11,MEIS2,LRRC4C,CELF5",breast,unknown,F
Griffiths_2021,F51,"DTL,ATAD2,SMC4,WDR90,BRIP1,EZH2,KNTC1,CIT,APOLD1,TMPO,ANLN,NCAPG2,ASPM,NUSAP1,CDC25C,MKI67,KIF4A,TOP2A,CENPE,MYBL2,GTSE1,KIF15,KIF11,IQGAP3,EXO1,KNL1,SPC25,BIRC5,ASF1B,KIFC1",breast,proliferating cells,F
Griffiths_2021,F52,"DNAH11,RFX3,DNAH6,RFX2,CDHR3,ARMC3,MGP,SPATA17,MT-CYB,COBL,TMEM67,HYDIN,TSGA10,CDC20B,SPAG1,CFAP70,KIF27,WDR78,DYNC2H1,H2AFJ,HIPK3,LRRC6,DNAH12,CFAP54,CFAP69,MYB,ZNF440,EFHC1,DNAAF4,MAK,FBXL13,ANXA2,TTLL9,CCNO,MT-ND3,CDC14A,CFAP45,CNTRL,LINC00578,DNAAF1,NCALD,CFAP43,SORBS2,SAT1,CASC2,TMEM232,ZNF487,MID1,IQCH,SPEF2",breast,unknown,F
Griffiths_2021,M20,"ZNF385B,EFNA5,LINC01876,FSIP1,PDE4D,PLCB1,GNGT1,TSPAN5,GHR,CPA6,NFIB,KIAA1211,SYCP2,DENND5B,TIAM1,BMP2K,MRPS30,ADAMTS15,C15orf53,KIF26B,CRYBG1,KCNMB2-AS1,RNF43,CREB3L2,GREB1,CCDC74A,PAXIP1,CROT,TPD52L1,ARFGAP1,GRIK4,MED12L,LINC01644",breast,unknown,M
Griffiths_2021,F39,,breast,unknown,F
Griffiths_2021,F37,"CENPP,ATAD2,EZH2,DIAPH3,PRIM2,RGS3,CDK5RAP2,SMC4,POLA1,PHTF2,POLQ,GPSM2,FANCL,RBL1,TMPO,BRIP1,ECT2,DTL,NCAPG2,CENPK,MELK,ARHGAP11B,WDHD1,LMNB1,FANCI,XRCC2,UHRF1,STIL,CIT,C21orf58,BRCA1,FANCA,HELLS,KNL1,ZGRF1,CEP152,CENPU,NUSAP1,ASF1B,KIF11,CENPI,TTF2",breast,unknown,F
Griffiths_2021,F38,"ERBB4,FGF13,NRG3,KRT15,ELF3,GRIP1,ARHGAP24,AK5,CAPN8,REPS2,WDFY2,PRKG1,ARL15,RXRA,ADAMTS19,TIMM23B,ARHGEF2,LRRC4C,ADCY5,CLMN,TNFSF10,KIAA1549,ARHGAP18,UBE2E2,SORBS1,PEX5L,RHPN1,USP54,PRKN,SSBP2,ECM1,SELENBP1,SUSD4,PNPLA7,FGFR1,SH3GLB2,LENG8,OSBPL6,SESN3,SEMA6D,MAML2,CRIM1,ST6GAL1,TFCP2L1,MYO10,CYP4Z1,SNTB1,RASSF6,ATP6V0A4,NR3C2",breast,unknown,F
Griffiths_2021,M12,"CACNA1C,FGF14,LINC01876,FGF10,RIMS2,ZNF385D,RBBP8,SLC7A2,MAPK10,CNKSR3,NFIB,GRIA1,SLC1A1,TSPAN5,CLEC3A,SULF2,RAB31,PGR,CYBRD1,KCND3,MGAT4A,MAP3K5,PLCL1,FRMD6,UGDH,PIP,KCND2,TCF7L1,CGNL1,BACH1,TGFBR3,DIAPH2,AGR2,TCEAL4,JAZF1,BACE2,SLC40A1,TIMP1,SPRED1,QSOX1,SFMBT2,NOSTRIN,CAMK2D,CLU,PRAG1,FHL2,GAB2,SLC44A5,SLITRK6,SERPINA1",breast,unknown,M
Griffiths_2021,F9,"BMPR1B,PRSS23,MUC2,SCUBE2,RGS7,SLIT3,HBA2,SCGB2A2,TFF1,PIP,PI15,HBA1,CACNB2,SLC5A8,SEMA3B,TFF3",breast,unknown,F
Griffiths_2021,F10,"ARHGEF38,NAV2,RIN2,SEMA6D,NAV3,ITGB6,MGAM,DAB1,FAAH2",breast,unknown,F
Griffiths_2021,M15,"MT-ND2,CPA6,MT-ND5,P4HB,CD24,OOEP,TMSB10,PPDPF,RPL8,SDC4,SELENOM,HSP90AB1,LGALS3BP,RPS4X,DHFR,RPS6,UBA52,RPL36,RPL35,STEAP1B,RPL29,DHCR24,RPS3,RPL32,RPS8,RPS11,RPS19,RPLP0",breast,unknown,M
Griffiths_2021,F19,"GNGT1,MRPS30-DT,CPA6,PLCB1,TNIK,KIF26B,RHOBTB3,EFNA5,TM4SF1,RPS27A,MRPS30,FSIP1,AARD,SYCP2,PARD6B,AGR2,APLP2,ATP5F1E,EPCAM,BMP2K,ECM1,CALU,SUB1,ZNF385B,HINT1,HSPB1,LY6E,MED12L,UQCRQ,ABCC5,ARFGAP1,S100A10,SYNPO2,ANKRD30B,NDUFS6,PDGFC,GASK1B,CFD,B4GALT5,PAXIP1,NPM1,S100A14,KCNMB2-AS1,RBP1,ATP6V0E2,CLDN4,PFN1,TUBA1B,CDV3,CCT4",breast,unknown,F
Griffiths_2021,F17,"LRP1B,LINC02306,IQCJ-SCHIP1,SEMA6D,PEX5L,GRIA2,FAM129A,ARHGEF38,KRT7,PAM,TXNIP,IQGAP2,ARL15,ITGB8,PTPRM,PIP,CYP4X1,AK5,SLC28A3,ST8SIA6,DGKH,STC2,LTF,KCNJ3,CPA6,FGD3,CNN3,GSTP1,CACNA2D3,ZNF385B,LINC02197,SESN3,SCGB2A2,REEP6,ST6GAL1",breast,unknown,F
Griffiths_2021,F18,"IGFBP5,FAM155A,NTNG1,LINC00536,SLC44A5,ST6GALNAC5,RNF213,MKX,SHISA9,SEPTIN9,HS6ST3,ROBO2,ZNF385D,PDZRN3,SGK3,CDK14,NTN1,CA8,DCLK1,ADAMTSL1,RIN2,TOX3,CAP2,CENPP,SVIL,NOVA1,GOLM1,MAPT,ASPH,SULF1,RAPGEF5,ADAMTS19,UBL3,ARHGAP29,PDS5B,MAL2,ZNF423,ENOX1,DNAH5,LTBP1,PLCB4,FBXO32,RANBP17,STOM,CHD7,ANKRD36,CLEC3A,MICU2,TANC1,IQANK1",breast,unknown,F
Griffiths_2021,F16,"PRKG1,MX1,NAV3,LRMDA,RNF43,SLC4A8,LINC01876,MAOB,ISG15,BST2,BMPR1B,GP2,LYPD6B,RFX3-AS1,PHF21B,LINC00882,DAB1,CCSER1,BCAS1,GALNT6,LINC01725,ADCY5,STXBP4,IFI6,MAML2,CNTN4,SFXN5,PHLDB2,BACE2,FAM102B,PRMT2,ARSG,PLAT,KANK4,RGL3,XAF1,LCA5L,CDYL2,STPG2,ITGA3,ACSF2,LMCD1-AS1,DDX60L,PAPSS2,KCNQ1OT1,ARSD,FIRRE,IFI44,PTRH2,ZIC1",breast,unknown,F
Griffiths_2021,M7,"CPB1,CD44,KCNJ3,SDK1,AK5,PTPRG,RAB11FIP1,NXPH1,HS6ST3,RANBP17,TSPAN5,FAM102B,ADAR,CYP4X1,TMEM178B,SERINC5,GPRC5A,CUEDC1,SULF2,SUSD4,SMOC2,EIF2B3,LINC00536,GARNL3,HIPK3,NPAS2,IMMP1L,QSER1,COX6C,NTNG1,BACE2,LMF1,ERI3,NBPF12,PLCB4,SHISA9,RAP1A,CTNND2,CSTF3,PDHX,DCAF7,ZSWIM5,HMGN1,REEP1,PI4KB,MAOB,FAM219A,CNIH3,SLC35F3,SORCS1",breast,unknown,M
Griffiths_2021,F61,"PREX1,ADCY1,C15orf53,CHST8,AMZ1",breast,unknown,F
Griffiths_2021,F62,"PTPRN2,GP2,PHF21B,ADCY5",breast,unknown,F
Griffiths_2021,F63,"ATRNL1,ANKFN1,MAP4K3-DT,PRR16,PHLDB2,TMC5,NPAS3,PLCL1,LINC02300,ST6GAL1,CEACAM1,PLEKHS1,PDZRN3,PDCD4,PLA2R1,FBXO32,DUSP10,PLXNA4,CPEB4,SAT1,EHF",breast,unknown,F
Griffiths_2021,M9,"RBFOX1,ZNF385B,NAV2,LINC01876,GNGT1,KCNE4,CDK14,CTNND2,SHISA9,MAPK10,CASC15,GHR,XKR6,ATP1B1,LINC00623,UBE2E2,C5orf17,CDC14A,DIAPH2,CD24,PRAG1,TNC,KYNU,GRIK4,TSHZ2",breast,unknown,M
Griffiths_2021,F70,"PGR,ZNF804B,MRPS30-DT,GFRA1",breast,unknown,F
Griffiths_2021,F68,"CYP4Z1,AHR,MAML2,LRRC4C,NRXN3,LINC01811,TFAP2B,PDE10A,ARHGEF38,WWC1,MAOB,EFNA5,RIN2,ATP8A2,LINC02015,SNED1,CADM1,MYCBP2,PEAK1,TCF7L2,CDK6,CDH13,MPHOSPH6,CYP4A22-AS1,GLS,LIMK2,ABLIM1,DPYD,PTPRE,ASRGL1,ANTXR1,NXPH1",breast,unknown,F
Griffiths_2021,F69,"CENPP,ARNT2,TPRG1,NOS1AP,ANKRD36,SYNE2,RGS3,ZRANB3,LINC00536,TRPA1,CDK5RAP2,MAP3K20,HP1BP3,RHEB,STRN,RANBP17,MAST2,CEP192,CKAP5,NDE1,RPS6KA5,LINC01515,MMS22L,EZH2,CEP57,ATAD2,ECT2,C21orf58,SMC4,APOLD1,LINC01572,NUF2,NCAPG2,KNTC1",breast,unknown,F
Griffiths_2021,M13,"PRSS23,LINC00536,SGK3,RAB31,HOXB3,PIP,PLCL1,C8orf37-AS1,MBOAT1,DLG2,MX1,TGFBR3,LINC00578,VIRMA,H2AFJ,NCALD,HLA-A,STC2,METRN,INTS8,DOCK10,IFI6,PLAAT3,RMND1,TPD52L1,DDX58,AFMID,RANBP2,IFI27,CPQ,FBXO32,BCL6,PLAAT4,STAT1,DECR1,PLEKHF2,ISG15,RMDN1,BST2,LEF1,MT2A,PXDNL,KCNIP4,TP53INP1,FASN,PRDX1,NBN,UTP23,SERPINA6,DCD",breast,unknown,M
Griffiths_2021,F11,"SERPINA6,LINC02607,FBLN1,THSD4-AS1,MYBL1,MT2A,GPR132,GREB1,SCGB1B2P,SLC25A5",breast,unknown,F
Griffiths_2021,F12,"IFI44L,PDE4D,DDX60L,TNFSF10,ITPR2,IFI44,ANK3,DDX60,IFIT3,LIMCH1,NCEH1,CCND3,CADPS2,IFIT1,IFIH1,CATSPERB,ARHGEF38,ST6GAL1,ERBB4,SYNPO2,EIF2AK2,CYTH1,SAMD12-AS1,PDLIM5,SIDT1,SH3BP4,CAST,RSAD2,PLCH1,TANK,XAF1,C1QTNF3-AMACR,MNAT1,PLSCR1,DPYD,CADM1,KIAA0825,PALLD,ATXN7L1,EGF,CD74,EHF,NFIB,FNBP1,USP25,SAMD9L,MAPK8,CNTNAP3B,CDK17,FAM120B",breast,unknown,F
Griffiths_2021,M17,"PLCB1,VTCN1,ST6GALNAC5,NCAM2,AGBL4,SYT1,ZNF704,GNGT1,NFIB,RANBP17,LINC01725,DPYD,PCED1B,GHR,ARHGAP26,PRKN,SPAG16,SYCP2,ARHGEF28,ARRB1,GPR39,DIAPH2,PAK1,DIDO1,PLCB4,EPS8,RAP1GAP2,CCDC146,RHPN2,DAB1,RAPGEF2,ERBB2,KCNMB2-AS1,DEPTOR,LAMA5,CDK12,CLNS1A,GLMN,BICD1,OSBPL2,NRG3",breast,unknown,M
Griffiths_2021,F25,"FBXL7,DLGAP1,SYT1,LRP1B,BMPR1B,DTNA,ATXN1,COLEC12,SERHL2,GRIA2,KCNMB2-AS1,TENM4,LINC01748,AFF3,ARHGAP29,CCDC144NL-AS1,SIM2,ACSS3,C19orf18,LINC02428,PTPRT,ST6GALNAC5,ANO1,ABCC5,CACNG4,BCAS1,SYTL2,ADGRB3,MIR4713HG,TSHZ2,LINC01087,PRKG1,KCNE4,NAV3,UBE2E2,TAF4,CAMK1D,LYPD6B,ST3GAL1,RP1,KRT19,ARSG,ZNF292,LAMA5,GNGT1,MTCL1,SKAP1,CSMD3,NUTM2B-AS1,SEPT9",breast,unknown,F
Griffiths_2021,F26,"ZNF385B,ST6GAL1,ROBO2,BRINP3,CLEC3A,PLCB4,DOCK10,PKHD1,CAPN8,ITGB6,LINC02343,MLLT3,SCGB2A2,TFAP2B,DEPTOR,SHISA9,MECOM,PLCH1,NPAS2,FRY,TIAM1,RNF213,KCNMA1,ZBTB7C,MUC6,ABCC3,STON2,LINC01091,DAPK1,SPON2,CDR2,PTPRM,LRP2,LINC01229,CACNB4,BACH1,SEPTIN9,SCIN,FOXP2,NOVA1,GRK3,ANKFN1,EYA2,MEGF9,KCNJ3,SUSD4,ELMO1,SYNDIG1,LRIG1,ZFP36L1",breast,unknown,F
Griffiths_2021,F27,"CCND1,MT-ATP6,MT-ND2,MT-ND3,MT-CYB,HSPB1,MT-ND4,KRT8,RIMS2,MT-ND5,MT-ND1,GAPDH,RPL41,NORAD,CRISPLD1,FTH1,RPS19,UBC,RPLP0,LINC01456,H2AFJ,SDC4,PTMA,KRT18,STC2,AGR2,EEF1A2,ACTB,CST3,RPS2,APOO,KIAA1324L,AGTR1,CACNA2D1,TMSB4X,TENM3,CPD,PTPRG,RPS11,DDR1,SLC9A3R1,GASK1B,CD24,TCEAL4,RPL28,FTL,TLE5,SULF2,DHCR24,PKM",breast,unknown,F
Griffiths_2021,M2,"PI15,ATRNL1,GFRA1,NCAM2,FSIP1,LINC01876,CTNND2,SGK3,RPL8,RPL15,RANBP17,ADIPOR2,GAPDH,SHISA9,IGFBP5,UGDH,UBE2E2,AGR2,EYA2,IL1RAPL2,EEF2,OOEP,GDAP1,TMEM150C,TGFBR3,ATP8A2,EEF1D,PDE5A,AGL,TCEAL4,RPL14,MECOM,RPS15,RPLP0,CFL1,HSP90AB1,SYNPO2,RPL7,RPL19,RPL32,SORD,H2AFJ,RPS23,TUBB,LINC01087,GLYATL2,IFITM3,UBB,RPS16,PPDPF",breast,unknown,M
Griffiths_2021,M16,"SHROOM1,LINC01876,SLC44A5,TFAP2B,ZFP36L2,ODF2L,IGSF21,INTS3,KNOP1,RXRA,ZNF423",breast,unknown,M
Griffiths_2021,F21,"MT-CO3,MT-CO1,NHS",breast,unknown,F
Griffiths_2021,F23,"PLCL1,GFRA1,FGD3,PDE4B,IRAK3,LTF,MGP,FGD6,SLC40A1,PITX1,RALGAPA2,CRYBG3,PKNOX1,TIAM1,RAB30,PRAG1,STC2,ZNF385D,CHD7,GCNT1,INF2,CMTM8,LINC00578,LINC01344,GLUL,KCNK6,FSIP1,DPYD,B3GALT5",breast,unknown,F
Griffiths_2021,F20,"VTCN1,KNOP1,LRP2,ANKRD30B,SLC12A2,SEMA6D,ADGRV1,LINC01266,ZNF423,LMF1,ZNF385B,SAT1,CASD1,SPRED1,FSIP2,IFT140,LINC01725,PTPN6,TMEM62,CCDC144NL-AS1,UBE2I,ADAMTS15,TCEAL4,COLEC12,RGL3,CD44,CCDC7,FGFR1,ANO1,VPS50,RFX3-AS1,HNMT,C14orf39,HYDIN,SLC38A1,VAPA,RBBP6,NME7,TBC1D32,XRN1,OBP2B,RP1,CLPSL1,RANBP17,HCG17,PTK7,SLC35F3,VPS13C,KCNK1,LINC01060",breast,unknown,F
Griffiths_2021,F22,"LINC00578,ARNT2,BMPR1B,ADCY2,MUC19,NHSL2,PDE4B,PLCL1,KIAA1211,B3GALT5,CYBRD1,ASB3,FIRRE,PKHD1,RAB30,NTNG1",breast,unknown,F
Griffiths_2021,F24,"LRP1B,DLGAP1,NPY1R,PGGHG,ATRNL1,BMPR1B,NPAS3,DOCK10,GLIS3,FAR2,SPIRE1,NCALD,FAM155A,OXR1,MSRA,NFIX,MTSS1,TPRG1,NOVA1,PLXDC2,STAU2,ITGB8,DEPTOR,ZNF251,SDK1,BARX2,SBSPON,FMO5,WWTR1,CHD1L,WNK2,PKNOX2,PLIN5,LMCD1-AS1,CNTN4,FBXO32,TBC1D1,PTPRE,SLC39A10,CPQ,RIMS2",breast,unknown,F
Griffiths_2021,M18,"NPAS3,PLXDC2,PDE4D,EDIL3,NAV2,CACNB2,PRSS23,FAM107B,MAPK10,OSBPL8,DGKH,SLCO3A1,ENOX1,PRICKLE2,IGFBP5,TMTC1,PTPN13,ABCC11,ATP1B1,CAMK1D,SGK3,SERHL2,TSPAN5,NPAS2,MGAT4A,MTCL1,CDYL2,AZIN1-AS1,PHLDB2,FGFR2,ACACB,WDFY2,ANKH,LAMA3,COX6C,MACC1,PTPN14,STPG2,ARRB1,DOCK5,SIK2,ROCK2,PON2,ILF3,RASSF8,DYNC2H1,SLC2A10,SNX25,CAMK2D,ERBB2",breast,unknown,M
Griffiths_2021,F28,"PTPRT,IGFBP5,CAP2,CDH11,SLCO3A1,BMERB1,LAMA3,PRKG1,CLEC3A,MCC,FGF9,CENPP,PDCD4,ROBO2,GREB1L,RPL13,S100A6,LRP1B,CALCA,CAMKMT,ARHGAP29,ANKH,LAMC1,LDLR,GAPDH,B2M,ACTG1,TXNRD1,SEZ6L,COL21A1,PIP,ABCC5,CCNI,HLA-A,EHF,ZNF536,TP53TG5,TRIM29,IFITM3,DIO2,RPL23A,BARD1,PTMS,LGALS1,TUBB,RPL32,GPATCH4",breast,unknown,F
Griffiths_2021,F29,"UNC5C,ESRRG,PTPRN2,ZBTB16,ERN1,PCED1B,ITPR1,MTSS1,XKR6,TMTC2,MAML2,RBMS1,PCDH7,GRIA2,CHPT1,MICAL2,KCNJ3,ATP1A1,PDK4,SULF1,SLC25A29,TBC1D14,GNA12,TCF7L1,CPS1,TLE1,ATP13A4,GNAQ,EFNA5,RALYL,VIPR2,PIK3C2G,SEMA6D,MLLT3,ARHGEF26,KLHL5,SKAP1",breast,unknown,F
Griffiths_2021,M14,"MT-ND4,MT-ND2,NTS,RPL13,SERPINA1,RPS9,RPL8,RPLP0,RPS2,PKM,EEF2,FTL,PTMA,TPT1,CD151,RPL29,MT-ND5,RPLP1,LTF,OOEP,RPS19,TIMP1,CST3,DHCR24,TMSB4X,TMBIM6,CLU,RPS15,SERINC2,MYL6,TFF3,PSAP,RPL35,PPDPF,RPS4X,RPL32,METRN,RPS16,BSG,FXYD3,SNX6,KRT8,AGR2,ATP1A1,CFL1,RPS8,GLUL,SLITRK6,RPS11,UBB",breast,unknown,M
Griffiths_2021,F14,"STMN1,FBLN1,H2AFV,EMP2,SLC25A5,GPAA1,H2AFZ,CAMK2B,WDR34,MCM7,ETFB,TMEM106C,PLP2,SIVA1,UBE2S,CCT5,PSMA7,HINT1,GCHFR,CALML3,TK1,CKS2,HMGB2,TPX2,PKMYT1,FOXM1,TOP2A,ASF1B,MKI67,DTYMK",breast,unknown,F
Griffiths_2021,F13,"MRPS30-DT,AHNAK2,DACH1,PGR,AFF3,ROBO2,LFNG,SLC40A1,MAGED2,TALDO1,STC2",breast,unknown,F
Griffiths_2021,F15,"ITPR2,MAML2,ETV6,NFIB,AUTS2,KRT15,DMD,AGAP1,FHIT,KIAA1217,JMJD1C,SORBS2,PARD3,PDE4B,DTNB,ARHGAP26,TANK,CCSER1,ARID1B,ANK3,NCALD,KANSL1,APP,PIGR,SHANK2,MAGI1,PTPRK,EFNA5,HS3ST4,MACROD2,TCF12,INSR,AKAP13,EYA2,LRBA,DST,LINC02613,PDLIM5,PDE7A,FBXL17,FTX,GABRP,CHPT1,FAM172A,BAZ2B,SFRP1,WWOX,TCF7L2,NCOA1,NIPBL",breast,unknown,F
Griffiths_2021,M10,"LRP1B,MALRD1,PLXDC2,ZNF385B,FAM155A,HS6ST3,SASH1,PHF21B,NHS,COL12A1,OSBPL6",breast,unknown,M
Griffiths_2021,F3,"CPA6,IGHGP,TRDN,MT-ND4,NR2F1,PDE10A,SEPT9,PDE4B,AGBL4,PHACTR2,HLA-B,NLRC5,TMSB10,ABCC11,CAMK2D,PALLD,MT-ND5,ANKRD11,GTF2IRD1,MIR924HG,LRMDA,HLA-A,B2M,CDH1,MICAL3,CD151,CCDC200,GRB14,TXNRD1,RABL6,MECOM,GRIP1,GPI,P4HB,TCF25,DNM2,CRK,HLA-C,PARP14,EHF,CDK14,NHSL1,TIAM1,GAPDH,TMC4,IGF2R,DOP1B,GREB1L,CRACR2B,STAT1",breast,unknown,F
Griffiths_2021,F2,"MRPS30-DT,SETBP1,BMPR1B,GFRA1,TPRG1,SCGB2A2,CSF3R,CTNND2,ADGRV1,CYBRD1,SULF2,LRP2,ZNF92,PTPRT,ACADSB,MACC1,PLCB1,NR6A1,NEK10,FAM155A,SLCO3A1,SOX5,LINC01876,B4GALNT3,SORBS2,NTN4,ESRRG,BMERB1,SCUBE2,LINC02306,DLGAP1,RHOBTB1,SEPTIN9",breast,unknown,F
Griffiths_2021,F4,"PEX5L,NAV2,AUTS2,NXPH1,CYP4X1,RIMS2,CACNA1C,PRKG1,ZBTB16,SSBP2,FGF13,VTCN1,MAML2,CYP4A22-AS1,NTRK2,DANT2,CACNA2D3",breast,unknown,F
Griffiths_2021,F5,"CTNND2,SEPTIN9,CDR2,ARSG,DPH6,MECOM,CLTC,PRKG1,SSBP2,TNRC6C,CUEDC1,MACROD2,ULK2,ZSWIM6,APPBP2,DMXL1,PLD3,MAPK10,PCAT1,LRRC37A3,VTCN1,DMTF1,TCEAL4,PER3,ARL17B,CCDC125,LAMA3,CCDC146,ZNF248,VPS50,LGR4,GPATCH2L,UPF3A,STC2,NPLOC4,RP1,COX6C,SMURF2,RNF43,HIST1H2AC,TEAD1,STAU2,USP22,WARS2-AS1,DCAKD,SFXN5,ZNF516,TRIM37,DTNA,UBN2",breast,unknown,F
Griffiths_2021,M21,"PRSS23,ITGB6,ATP1B1,ACTN1,ITGB8,FRMD6,NCEH1,LTF,PMEPA1,TMEM178B,STK38L,ITGAV,DOCK10,RNF24,GLIS3,GNG12,B4GALT1,NHS,RASSF8,FILIP1L,INTS12,GCNT2,SAMD4A,COL4A6,NRIP1,MYO1E,LAMC1,ST5,RPL14,ARHGAP26,SDC4,SCGB2A2,GSN,TNC,SULF1,KLF6,TMEM65,GBE1,FHL2,JUND,NAP1L1,WWTR1,CD47,WTAP,CYTOR,IPO7,TGFB2,SLC9C1,RALA,ATP10A",breast,unknown,M
