Data,Cluster,Markers,Organization,cell_type,level
Habermann_2020,M0,"SLPI,SFTPB,SCGB3A1,SFTPA2,CYB5A,NAPSA,WFDC2,SFTPA1,HOPX,SLC34A2,MGST1,RNASE1,EMP2,CXCL17,SFTA2,DSTN,KRT19,KRT18,ELF3,KRT7,MUC1,FOLR1,CLDN4,SPINT2,CYP4B1,AGR2,PIGR,KRT8,TACSTD2,C19orf33,FXYD3,TSTD1,AGR3,AQP3,DHCR24,CLDN7,NUPR1,C16orf89,LMO7,IFT57,SFTPD,EPCAM,S100A14,EPHX1,LPCAT1,MRPL14,AK1,ATP1A1,DMKN,SFTA3",lung,Type II pneumocytes,M
Habermann_2020,F1,"CAPS,C20orf85,C9orf24,TPPP3,IGFBP7,TSPAN1,FAM183A,CRIP1,TMEM190,CFAP276,ODF3B,RSPH1,TUBA1A,SNTN,GSTA1,PIFO,HOATZ,PSENEN,MORN2,DYNLRB2,UFC1,C9orf116,CETN2,C5orf49,ECRG4,IGFBP2,ZMYND10,ALDH1A1,CIBAR2,CFAP157,NUDC,DNPH1,MS4A8,SMIM22,CLDN3,CAPSL,MORN5,LRRC23,FAM229B,HSPB11,C12orf75,WDR54,ROPN1L,DNALI1,ALDH3B1,EFHC1,TFF3,LRRIQ1,DPY30,CFAP298",lung,Type II pneumocytes,F
Habermann_2020,F0,"NAPSA,FABP5,SFTPD,SFTPA1,SFTPA2,LAMP3,LRRK2,S100A14,FGGY,MALL,DRAM1,MFSD2A,SCD,LPCAT1,C3,MLPH,ALPL,ABCA3,AKAP13,SERPINA1,PEBP4,SOD3,FASN,C16orf89,PLA2G1B,C4BPA,MID1IP1,PGC,HLA-DPB1,SDR16C5",lung,Type II pneumocytes,F
Habermann_2020,F3,"SCGB1A1,BPIFB1,LCN2,CLU,CXCL1,GSTA1,TFF3,TIMP1,KLK11,AKR1C1,MDK,TSPAN8",lung,Club cells,F
Habermann_2020,F2,"AGER,CAV1,CEACAM6,GPRC5A,MYL9,CLIC3,IFI27,TSPAN13,CAV2,ANXA3,TNNC1,MSLN,IL32,TIMP3,RAB11FIP1,AQP4,GGTLC1,RGCC,FLNA,GAS6,TNFRSF12A,UPK3B,RTKN2,SPOCK2,AHNAK,IGFBP7",lung,Type II pneumocytes,F
Habermann_2020,F5,"S100A4,VIM,LGALS1,CYBA,S100A9,TIMP1,S100A8,TYROBP,LYZ,FCER1G,SRGN,C1QA,CD68,LAPTM5",lung,unknown,F
Habermann_2020,F4,"CXCL2,ICAM1,CXCL1,NR4A1,C4BPA,MTRNR2L12,SOD2,NNMT,CXCL3,TCIM,F3,IER3,CCL20,NFKBIZ,CXCL8,CSF3,C11orf96,CD83",lung,Activated Type II pneumocytes,F
Habermann_2020,F6,"TUBA1B,SFN,NUCKS1,PLP2,TUBB,CKS2,H4C3,PEG10,DEK,H2AZ2,VPS29,LSM4,RAD21,ARL6IP1,STMN1,HMGB3,HMGB2,PTTG1,DTYMK,MCM7,GGH",lung,Proliferating Type II pneumocytes,F
Habermann_2020,M3,"NKG7,PTPRC,CD69,CORO1A,RAC2,CXCR4,IL7R,CD3E,EVL,IL2RG,IL32,CCL4,CTSW,GZMA,LSP1,CCL5,CD7,IFITM1,HCST,CST7,DUSP2",lung,T cells,M
Habermann_2020,F22,"HLA-DRA,TYROBP,FCER1G,HLA-DRB1,HLA-DPA1,HLA-DPB1,GPX1,CST3,HLA-DRB5,NPC2,ANXA5,IFITM3,GLUL,LYZ,FKBP1A,CTSS,HLA-DQB1,ATP6V0B,C1QB,S100A8,FABP5,APOC1,AP2S1,C1QA,C1orf162,CTSB,C1QC,CAPG,GRN,LGALS3,MGST3,CD68,AIF1,STMN1",lung,unknown,F
Habermann_2020,F20,"IL7R,LTB",lung,naive T cells,F
Habermann_2020,F21,"NKG7,GNLY,GZMB,CTSW,TYROBP,KLRD1,PRF1,GZMH,FGFBP2,CST7,CCL3,CCL4,FCER1G,GZMA,CLIC3,GZMM,TRBC1,CD247,APMAP,LITAF,FCGR3A,SH2D2A,SPON2",lung,Natural Killer (NK) cells,F
Habermann_2020,F26,"TUBA1B,HMGN2,H4C3,H2AZ1,TUBB,HMGB2,ANP32B,STMN1,H2AZ2,DEK,COX8A,IFI16,TUBB4B,HLA-DRB1,NUCKS1,SEPTIN6,ABRACL,DBI,ARL6IP1,BUB3,YWHAQ,DUT,H1-3,CALM3,PRDX2,SFPQ,HNRNPU,TPM4,HNRNPA3,H1-4,HP1BP3,MZT2B,DCTN3,ARPC5L,PDIA6,TUBA1C,LRRFIP1,DNAJC8,CYTOR,CBX3,LBR,NAP1L1,PKM,PSIP1,JPT1,PPM1G,MDH1,RTRAF,ANP32E,YWHAH",lung,unknown,F
Habermann_2020,F23,"HSPA1A,DNAJB1,HSPA1B,PPP1R15A,CITED2,BTG2,HSPE1,FOSB,RHOB,DNAJA1,TNF,HSPB1,RGS1,IFNG,RGCC,HSPD1,CACYBP,HSPH1,CSRNP1,EGR1,ATF3",lung,activated T cells,F
Habermann_2020,F25,"HLA-DRA,HLA-DRB1,HLA-DPA1,HLA-DPB1,LTB,HLA-DRB5,FCMR,HLA-DQB1,SYNGR2,HLA-DQA1,NCF1,CD83,HLA-DMA,CD79B,MS4A1,CD79A,LINC00926",lung,unknown,F
Habermann_2020,F24,"SYNE2,PPP2R5C,SMCHD1,PRKCH,SYTL3,RSRP1,ZEB2,RNF213,SYNE1,CBLB,KLRG1,ITK,STAT4,NKTR,RIPOR2,CASP8,CLK1,PTPN4,LUC7L3,ROCK1,RORA,ANKRD44,TSPYL2,REL,CD46,MACF1,LINC-PINT,AOAH,VPS13C,GPRIN3,ARAP2,DOCK10,GOLGA4,DOCK8,DDX17,SLFN12L,PPP1R10,ATM,SSH2,ARGLU1,ATF7IP,DIP2A,XIST,SLC38A2,PARP8,BCLAF1,UTRN,DDX3X,CEMIP2,USP15",lung,T cells (memory or effector subset),F
Habermann_2020,M1,"TYROBP,HLA-DPB1,APOE,GLUL,HLA-DQA1,CD52,FCER1G,AIF1,CD163,MRC1,CD68,MS4A7,S100A9,GRINA,MCL1,TYMP,LTA4H,SERPINA1,CTSS,SLC11A1,VCAN,GSTO1,LYZ,GCHFR,MARCO,CXCL16,BCL2A1,FBP1,CD44,S100A8,MNDA,MS4A4A,SRGN,LGALS1,RNF130,CLEC7A,IGSF6,PLAUR,GLRX,MACROH2A1,HLA-DQB1,CEBPB,SLC7A7,HLA-DMB,FCGR2A,MAFB,LAPTM5,PGD,SNX10,ALOX5",lung,Macrophages,M
Habermann_2020,F7,RNASE1,lung,Alveolar macrophages,F
Habermann_2020,F8,"FCN1,S100A12,VSIR,TNFRSF1B,RGS2,LILRB2,CFP,FGL2,PTPRE,CORO1A",lung,Monocyte-derived macrophages,F
Habermann_2020,F10,FABP4,lung,Alveolar macrophages,F
Habermann_2020,F9,"CXCL3,CCL18,HSPA1A,FN1,FABP4,HSPA1B,CES1,SERPING1,DNAJB1,TREM1,CYP27A1,INHBA,ABHD5,AKR1C3,RBP4,HPGD,PLAAT3,LGALS3BP,AKR1C2,LPL,RMDN3,PPARG,CXCL5,STMN1,PDLIM1,NUPR1,GPNMB,RND3,GLDN,MME,MLPH",lung,Alveolar macrophages,F
Habermann_2020,M2,"IGFBP7,TIMP3,SPARCL1,MGP,CLDN5,TFPI,CLU,PECAM1,RAMP2,IFI27,GPX3,A2M,TM4SF1,MT1X,APP,HYAL2,IGFBP4,EGFL7,SPARC,AQP1,CAVIN2,ENG,MT1E,CALCRL,TNFSF10,GNG11,SPTBN1,SLCO2A1,CRIP2,ID3,EPAS1,VWF,CAVIN1,NPDC1,SLC9A3R2,CAV1,RAMP3,RHOC,TMEM100,CLEC3B,EMP2,FCN3,CLEC14A,ID1",lung,endothelial cells,M
Habermann_2020,F11,"FCN3,RGCC,IL7R,SGK1,BTNL9,IL1RL1,HPGD,CD36,ADGRF5,SLC6A4,ARHGAP18,CA4,VIPR1",lung,endothelial cells,F
Habermann_2020,F12,"IFITM1,SRPX,IGFBP3,PTPRB,IL33,FAM107A,ARGLU1,DEPP1,KCTD12,HSPG2,EDN1,HEY1,CYYR1,CTNNAL1,CXCL12,GJA5,PLLP,CD93,F8,ENPP2,PIK3R3,DKK2",lung,lung capillary endothelial cells,F
Habermann_2020,F15,"CCL21,HSPB1,TFF3,CD9,FABP5,GYPC,MMRN1,PPFIBP1,FABP4,ECSCR,STMN1,SNCG,ARL4A,PPP1R2,LAPTM5,AKAP12,NRP2,PDPN",lung,lymphatic endothelial cells,F
Habermann_2020,F18,"CALD1,MYL9,DCN,TAGLN,BGN,TPM2,FLNA,ACTA2,COL4A1,COL4A2,PPP1R14A,C1S,APOE,CCN5,CAVIN3,PPP1R12A,RBPMS,CRIP1,MFGE8,SOD3,EHD2,LPP,TGFB1I1,GJA4,MYLK,PPP1CB,EZR,AOC3,PRELP,FXYD1,SLC38A2,ITGA1,COX4I2,PDGFRB,MYO1B,MYH11,NDUFA4L2,HIGD1B,ZFAND5,COL6A2",lung,pericytes,F
Habermann_2020,F14,"DCN,CFD,ADH1B,PTGDS,C7,FN1,LUM,CCN1,FBLN1,C1S,RARRES2,SELENOP,PMP22,EGR1,COL1A2,RARRES1,BGN,PRDX6,SERPINF1,APOD,C1R,C3,PRELP,MFAP4,COL6A2,IGFBP6,FHL1,COL6A1,CFH,EFEMP1,MGST1,FBLN5,MMP2,AEBP1,PCOLCE,LRP1,LTBP4,SELENOM,SOD3,MFGE8,PLAC9,ELN",lung,fibroblasts,F
Habermann_2020,F13,"CLU,VWF,ACKR1,PRSS23,RAMP3,PTGDS,SRPX,C7,CCL23,CCL14,LIFR,IL33,PRCP,PLA1A,MMRN1,HSPG2,RGS5,NNMT,PLAT,HEG1,TCN2,NAMPT,DUSP23,CPE,IL1R1",lung,vascular endothelial cells,F
Habermann_2020,F16,"IL1RL1,ICAM2,CA4,HPGD,SGK1,EMCN,EDNRB,FOXF1,ANXA3,TMEM204,VAT1,ITGA1,GALNT18,VIPR1,SERPINB1,DHRS7,TGFBR3,DNAJC1,PRX,FRY,PRKCE,ADGRL2,SOSTDC1",lung,lung microvascular endothelial cells,F
Habermann_2020,F19,"SLPI,CYB5A,ADH1B,FABP5,SAT1,SFTPB,GPX4,UQCR10,DBI,PEBP1,ENO1,SELENOP,SFTPA1,ASAH1,PRDX6,CTSH,TSPAN3,MGST1,TKT,CFD,BLVRB,AK1,SFTPA2,NAPSA,MRPL14,CCN1,HOPX,KRT18,SERPINA1,DCXR,APOD,SFTA2,SCGB3A1,DCN,WFDC2,SLC34A2,SPINT2,NUPR1,KRT19,C3,MUC1,FBLN1",lung,unknown,F
Habermann_2020,F17,"IL7R,IL1RL1,HPGD,CD36,GMFG,APOC1,CA4,S100A8,C1QB,C1QA",lung,lung capillary endothelial cells,F
Habermann_2020,M4,"ALOX5AP,CLU,AREG,FOSB,CD69,RAC2,SLC2A3,HPGD,NR4A2,RGS2,ARHGAP18,BHLHE40,IL1RL1,SAMSN1,RGS1,GATA2,TPSAB1,LTC4S,CPA3,TPSB2,VWA5A",lung,mast cells,M
Habermann_2020,F27,"CD69,GATA2,MS4A2,SLC2A3,RHEX,IER2,VWA5A,TSC22D3,PPP1R15A,HPGDS,SAMSN1,LTC4S,AKAP13,NFKBIZ,BACE2,GNPTAB,RGS13,CD82,TIMP3,NR4A1,HSPA1B,SEPTIN2,SON,RBM39,MAOB,SLC18A2,ZEB2,DDIT4,BTG2,SYTL3,HSPA1A,PTGS1,ACSL4",lung,mast cells,F
Habermann_2020,F28,"APOC1,HLA-DRA,FABP4,TXN,C1QC,HLA-DPA1,C1QB,HLA-DRB1,GNG5,C1orf162,CD68,UQCR10,C1QA,HLA-DPB1,LYZ,FABP5,POMP,CTSC,ZNF706,CRIP1,HLA-DRB5,APOE,PYCARD,SAP18,C4orf48,TBCA,VPS29,ROMO1,ACP5,BCAP31,FBP1,SNX2,CTSS,GSTO1,PGD,NDUFA3,SERPINA1,FKBP1A,CTSL,VDAC2,PSMG2,PRDX3,GMFG,CLTA,RBIS,GRN,AP2S1,SH3GLB1,ATP5PB,MARCO",lung,alveolar macrophages,F
Habermann_2020,M5,"XBP1,MYDGF,SSR3,SEC11C,HM13,PDIA6,SPCS3,SELENOS,KDELR2,LMAN1,ISG20,UBE2J1,SDF2L1,DDOST,RRBP1,PDIA4,LSP1,PRDX4,MANF,FKBP11,PRDM1,TENT5C,COBLL1,JCHAIN,ITM2C,CCDC167,PIM2,B4GALT3,ST6GAL1,GMPPB,SEL1L3,CD38",lung,plasma cells,M
