Data,Cluster,Markers,Organization,cell_type,level
Han_2022,M6,"GZMK,CHI3L2",lymph node,unknown,M
Han_2022,M5,"CD79A,MS4A1",lymph node,B cells,M
Han_2022,F21,"TPI1,TUBB,ROMO1,ERH,SNRPG,TUBA1B,ATP5IF1,HMGA1,ATP5MJ,ENO1,DBI,H2AZ1,ATP5PF,SEC61B,PRDX1,EIF4A1",lymph node,unknown,F
Han_2022,F20,"CD79A,HLA-DRB1,HLA-DRB5,HLA-DQA1,CD79B,SYNGR2,ZFP36L1,VPREB3",lymph node,B cells,F
Han_2022,F22,"HBA2,HBB,UBB,SLC25A37,HBD,SLC25A39,GYPC,GUK1,ALAS2,FKBP8,HBA1,ATP6V0C,FBXO7,SNCA,ADIPOR1,BNIP3L,MKRN1,DCAF12,R3HDM4,BSG,BLVRB,C9orf78,HBM,TENT5C,EPB41,TRIM58,FAM210B,BCL2L1,MAP2K3,GLUL,STRADB,RNF10,PIM1,DMTN,MPP1,SELENBP1,SLC4A1,BAG1",lymph node,unknown,F
Han_2022,F23,"HBA2,JUNB,HBB,IFITM1,SLC25A37,SARAF,ZFP36,ZFP36L2,PPDPF,SLC25A39,SUB1,CD27,HBD,CD99,C12orf57,CALM1,PNRC1,ITM2B,PPIB,EVL,FXYD5,LDHB,GMFG,S100A6,CXCR4,IL32,SELENOW,LCK,IFITM2,S100A4,HCST,SRGN,CKLF,CD3E,ALAS2,RNF213,DUSP2,GSTK1,FYB1,PLAAT4,CD3D,LAT,CST7,CD2,GIMAP7,GIMAP5,FYN,CD3G",lymph node,unknown,F
Han_2022,M1,IL7R,lymph node,unknown,M
Han_2022,F5,,lymph node,unknown,F
Han_2022,F6,"RPS4Y1,RPS27L,S100A11,KLRB1,BAX,NFKBIA,NEAT1,PPP2R5C,ITGB1,PHPT1,PIK3IP1,TNFSF8",lymph node,unknown,F
Han_2022,M0,"GZMK,NKG7,CST7,GZMA,DUSP2,CD8A,CTSW,CD8B,GZMM",lymph node,effector memory CD8+ T cells,M
Han_2022,F0,,lymph node,effector memory CD8+ T cells,F
Han_2022,F2,"LAG3,RGS1,CHI3L2,RNF19A,PIM2,BATF,ICOS,MIR4435-2HG,PTMS,CADM1",lymph node,exhausted CD8+ T cells,F
Han_2022,F1,,lymph node,effector memory CD8+ T cells,F
Han_2022,F3,"GNLY,NFKBIA,FOS,DUSP1,XCL2,XCL1,GZMB,IL2RB,KLRB1,ID2,KLRD1,TYROBP,HOPX,BHLHE40,CD63,PLAC8,IFITM3,KLRC1,FCER1G,KLRF1",lymph node,effector memory CD8+ T cells with NK-like features,F
Han_2022,F4,"GNLY,GZMB,RPS4Y1,GZMH,LGALS1,C12orf75",lymph node,effector memory CD8+ T cells,F
Han_2022,M3,"GZMK,H4C3,FABP5,STMN1,HMGB2,CHI3L2,DUT,NUCB2,TIGIT,ARL6IP1,ITM2A,CYTOR,RAD21,COTL1,JPT1,SH2D1A,TUBB4B,H2AZ2,SNRPF,SNRPD1,DEK,RANBP1,HMGA1",lymph node,activated T cells,M
Han_2022,F16,"CXCL13,CD8A,CD8B",lymph node,CXCL13+ CD8+ T cells,F
Han_2022,F13,"NMB,CXCL13",lymph node,unknown,F
Han_2022,F15,"CD81,LGALS1,FXYD2,LGALS3,GZMA,PHLDA1,FOXP1,CAPG,GPR183,ANXA1,ANTXR2",lymph node,activated memory T cells,F
Han_2022,F17,"NKG7,GZMA,LGALS1,RPS4Y1,CD8A,PRF1,C12orf75,GZMB,CTSW",lymph node,activated cytotoxic T cells,F
Han_2022,F14,"PCLAF,MKI67,TOP2A,RRM2,CENPF,SPOCK2,TYMS,PCNA,UBE2C,CKS1B,NUSAP1",lymph node,proliferating activated T cells,F
Han_2022,F18,"HLA-DQA1,CD79A,IRAG2,PCLAF,HLA-DQB1,MS4A1,NCF1,UBE2J1,POU2AF1,CD79B,RPS4Y1,MARCKSL1,SYPL1,SMARCB1,TRABD,POU2F2,TCL1A,TMEM243,SNRNP25,BCAS4,IRF8,DCK,RGS13,SMIM14,MEF2B,BACH2,BIK,VPREB3,MCM7,TPD52,LAT2,CTSH,GCSAM,MEF2C,SWAP70,CD19,CD72,JCHAIN,CXXC5,MZB1,EAF2,BASP1,PLCG2,CD22,SYK,ELL3,SEL1L3,NCF4,SPI1,CD83",lymph node,B cells,F
Han_2022,M2,"HLA-DQA1,MS4A1,CD79A,HLA-DQB1,HLA-DRA,NCF1,CD79B,SMIM14,SYPL1,POU2F2,MEF2C,VPREB3,HLA-DRB5,CD83,BANK1,CD19,SYK,LAT2,CD22,HVCN1,RALGPS2,TCL1A,CD40,HLA-DMA,SWAP70,LY86",lymph node,B cells,M
Han_2022,F7,"IFITM1,SELL,CD69,IFITM2,PLAC8,CD48,FCMR",lymph node,memory B cells,F
Han_2022,F11,"MEF2B,HLA-DQB2,IL4R,PRPSAP2,PTPN18,LGALS1,RGS13,RASL11A,ACY3,PM20D2",lymph node,memory B cells,F
Han_2022,F10,"PKM,ACP5,DBNL,HMGA1,MAP3K8,IRAG2,CD82,ARPC5,ITGB2,COPE,ARPC5L,RPS4Y1,GYPC,GRN,MTPN,NDUFS5,SCIMP,BCAS4,TSPO,TSPAN3,ATP5F1C,H2AZ2,COX5A,FCRL5,PSAP,S100A11,SPI1,COTL1,TPM4,CLTA,MOB1A,NEAT1,PPP2R1A,VASP,PLCG2,WDR1,FGR,CD99,SH3BP5,RHOG,GSN,DHRS9,GABARAPL2,RAB31,MX1,LIMK1,LY6E,UBE2L6,HCK,PTPN1",lymph node,B cells,F
Han_2022,F8,"JCHAIN,RGS13",lymph node,plasmablasts,F
Han_2022,F12,"RPS4Y1,HLA-DQA2,JCHAIN,CD27,MEF2B",lymph node,memory B cells,F
Han_2022,F9,"STAG3,IL4R,HLA-DQB2,RGS1,CYBB",lymph node,unknown,F
Han_2022,M8,"ICOS,TIGIT,CORO1B,BATF,TNFRSF4,CTLA4,PDCD1,ITM2A,SPOCK2",lymph node,Follicular helper T cells (Tfh),M
Han_2022,F33,"MIR4435-2HG,SOCAR,FOXP3",lymph node,Follicular regulatory T cells (Tfr),F
Han_2022,F32,"PDCD1,TCF7,FKBP5,ATP5F1D,SMCO4",lymph node,Follicular helper T cells (Tfh),F
Han_2022,F34,"RGS1,VIM,FOXP3,PBXIP1,SOCAR,SELL,BTG2,IL2RA,LGMN,PPP1R15A,SELPLG,STING1,CARD16,PLP2,IL10RA,CISH,GLRX",lymph node,Follicular regulatory T cells (Tfr),F
Han_2022,F35,"TOX2,TCF7,FKBP5,CXCR5,CD40LG,CD79A,CORO1A-AS1,ARMH1",lymph node,Follicular helper T cells (Tfh),F
Han_2022,M7,"FOS,GSTP1,HLA-DQA1,CST3,PSAP,LGALS1,NPC2,HERPUD1,ITM2C,TYROBP,XBP1,ATOX1,P4HB,CTSS,IRF7,UBE2J1,TYMP,GRN,FKBP2,IRF8,CD63,PYCARD,SAMHD1,SSR3,FCER1G,PLEK,CTSH,AIF1,TCF4,SPI1,MYDGF,LST1,CTSZ,CD68,ATP6V0B,CYBB,FCGRT,GSN,HLA-DQB1,TXN,HLA-DMA,CTSB",lymph node,dendritic cells,M
Han_2022,F25,"GZMB,IRF7,PLAC8,IRF8,ITM2C,LILRA4,PLD4,ALOX5AP,SERPINF1,CCDC50,TCF4,JCHAIN,TCL1A,C12orf75,TSPAN13,CLIC3,LTB,UGCG,MPEG1,DNASE1L3,GPR183,APP,PTPRCAP,SPIB,CYB561A3,PLP2,PTCRA,NIBAN3,SELL,LRRC26,RNASE6,SCT,ARL4C,IL3RA,TPM2,BCL11A,STMN1,HIGD1A,MYBL2,RPS6KA4,SMPD3,CLEC4C,PTPRS,PPP1R14B,SFT2D2,FCHSD2,TRAF4,MAPKAPK2,OFD1,JAML",lymph node,plasmacytoid dendritic cells,F
Han_2022,F27,"MZB1,XBP1,JCHAIN,CD79A,SEC11C,DERL3,FKBP11,ISG20,PRDX4,SDF2L1,SPCS2,PIM2,SELENOK,BTG2,CD38,PDIA4,LMAN1,HM13,MANF,ST6GAL1,JUN,POU2AF1,CD27,TENT5C,ITM2C,COPDA1,SEC62,RPN2,ERLEC1,GYPC,CUTA,PTPRCAP,RGS13,KDELR2,CRELD2,TNFRSF17,ZBP1,TXNDC11,DNAJB9,KDELR1,REEP5,unknown,CITED2,H1-2,PLPP5,TPD52,SEL1L3,KLF13,IDH2,CYTIP",lymph node,plasmacytoid dendritic cells,F
Han_2022,F26,"LST1,IFITM3,SERPINA1,IFI30,AIF1,JAML,LGALS2,FCN1,IFITM2,LYZ,FGL2,C1orf162,COTL1,CFP,LY6E,FOSB,IGSF6,CLEC10A,IL1B,FGR,SPI1,TIMP1,HCK,DOK2,NCF2,CD48,ZFP36L1,LYST,MNDA,CALHM6",lymph node,myeloid dendritic cells,F
Han_2022,F30,"FDCSP,CLU,TMEM176A,TIMP1,RARRES2,TMEM176B,SPARC,UBD,IGFBP7,PTGDS,IL32,SELENOM,MAP1LC3A,C3,VCAM1,C1S",lymph node,follicular dendritic cells,F
Han_2022,F29,"LYZ,LGALS2,CPVL,C1orf54",lymph node,dendritic cells,F
Han_2022,F28,"APOE,APOC1,MMP9,C1QC,C1QA,C1QB,TMEM176B,IL18,LILRB4,ENPP2,NR1H3,GLUL,CTSL,RASSF4,TMEM176A,CXCL9,ASAH1,MS4A6A,RGS1,GPNMB,PLA2G2D,SGK1,ZEB2,PTGDS,CD14,LGALS3,PLD3,MAFB,FUCA1,UBD,LINC00996,LAIR1,PLA2G7,DAB2,ITGAX,NAIP,CSF1R,ADAMDEC1,CD81,CTSA,TFEC,HMOX1,CREG1,CHI3L1,ABCA1,CD84,SLC40A1,TSPAN4,CYP27A1,IFNGR1",lymph node,mature dendritic cells,F
Han_2022,F31,"IFITM3,IFITM1,SPARC,LY6E,IL3RA,APP,SDCBP,IGFBP7,CD59,CLU,IFI6,TGFBR2,SELENOM,IL32,PRCP,TNFSF10,RAB11A,MGST3,PLVAP,TLE5,RHOC,CD81,TSPAN4,IFI27,ICAM2,TIMP1,PTTG1IP,ITGB1,ACTN4,TNFRSF1A,GIMAP4,DUSP23,CYB5A,PDLIM1,STING1,RAB13,NCOA7,STOM,S100A13,IL6ST,A2M,CD151,ENG,HAPLN3,STAB1,CD93,NUPR1,SPARCL1,ID3,CAV1",lymph node,plasmacytoid dendritic cells,F
Han_2022,M4,,lymph node,unknown,M
