Data,Cluster,Markers,Organization,cell_type,level
He_2022,M0,"COL1A2,COL3A1,LGALS1,MFAP4,SPARCL1,ACTA2,DCN,LUM,TPM2,COL6A2,COL1A1,CALD1,MEST,MYLK,MFAP2,VCAN,SERPINH1,FN1,COL6A1,BGN,FBLN1,PCOLCE,OLFML3,A2M,MYL9,SULT1E1,COL6A3,NFIB,OGN,FSTL1,ELN,COL5A2,PLAC9,CD248,CXCL12,LTBP4,LHFPL6,TCF21,PMP22,TGFB1I1,COL4A2,FHL1,TIMP3,NR2F1,FAM162B,ZNF503,HSPB6,CDH11,ZEB2,EMILIN1",lung,fibroblasts,M
He_2022,F3,"EGFL6,IGFBP7,MT2A,MEF2C,COX4I2,AOC3,MYO1B,SLC2A3,PDGFRB,ITGA1,H2AJ,LPL,GPX3,MYH9,PDLIM1,GUCY1B1,LAMB1,ISYNA1,HIGD1B,HEYL,NDUFA4L2,FABP5,NOTCH3,MCAM,EZR,PTK2,TINAGL1,HES4,STOM,ALDH1A2,TJP1,GPM6B,RFTN1,ESAM,THY1,SEPTIN4,HSPA2,MOCS1,TRPC6,FOXS1,NES,OLFML2B,GRP,EPAS1,RERG,ARHGDIB,INPP4B,NTRK3,ITGA4,HRH2",lung,fibroblasts,F
He_2022,F0,"ADH1B,MEOX2,WNT2,S1PR1,PLEKHH2,PLXDC2,RSPO2,GDF10,FGFR4,SLC1A5,G0S2,CHST2,CDO1,C7,ABCA8",lung,fibroblasts,F
He_2022,F1,"SOD3,OGN,SERPINF1,ISLR,IGF2,THY1,ADH1B,CFD,FBLN5,ABCA8,SPON2,FBLN2,PAMR1,ANXA1",lung,fibroblasts,F
He_2022,F4,"IGF2,SFRP2,COTL1",lung,fibroblasts,F
He_2022,F2,"HHIP,BTG2,IGF1,ADAMTS1,LMCD1,ACTG2,SEMA3C,TAGLN,FOXF1,TBX3,MAP3K20,MYH11,DES,CD82,FILIP1L,FBXO32,PLP1,RAMP1,CD9,ATF3,NR4A1,GREM2,CKB,IRAG1,KCNMB1,FENDRR,LTBP1,FBXL22,LMOD1",lung,fibroblasts,F
He_2022,F8,"SERPINF1,CXCL14,PRSS23,GPX3,CD82,TGM2,GFRA2,BMP4,TNC,S100A4",lung,fibroblasts,F
He_2022,F7,"SFRP2,CCN2,SFRP1,CRABP2,IGFBP2,FOXP1,ODC1,PRICKLE1,BASP1,CSRP2,TUBB2B,KRT8,MEIS2,HMGA2,ZFHX4",lung,fibroblasts,F
He_2022,F5,"HMGB2,TYMS,H2AX,FABP5,TUBB6,UBE2C,CKS1B,CENPF,BUB3,YWHAH,TOP2A,CKS2,PTTG1,SMC4,TMPO,HMGB3,JPT1,ARL6IP1,H1-3,CDK1,KPNA2,COTL1,SAE1,MAD2L1,NUSAP1,KIF22,DTYMK,MKI67,MIS18BP1,H1-1,CENPW,TPX2,UBE2T,SMC2,BIRC5,ZWINT,CKAP2,CCNB2,CCNB1,CENPU,CDC20,KIF20A,CENPK,ASPM,TK1,CCNA2,CDT1,FBXO5,RACGAP1,DHFR",lung,proliferating fibroblasts,F
He_2022,F6,"ACTG2,TAGLN,MYH11,HHIP,IGF1,CNN1,DES,CKB,FOXF1,CXCL14,CDKN1C,MYOCD,TERF1,SBSPON,WFDC1,CARMN,SLC9A3R1,TUBB2B,MYL4,IL17B,LTBP1,TNNT2,FST,LIMS2,SPSB1",lung,myofibroblasts,F
He_2022,M3,"SCGB3A2,KRT19,CKB,CLDN4,SPINT2,SFTPC,CCN1,KRT8,HMGA1,CYB5A,ATF3,SFTPB,CD24,CPM,EPCAM,IGFBP2,KRT18,ELF3,CD9,RNASE1,CCN2,CD151,SFTA3,NKX2-1,KCNQ1OT1,CRABP2,TSPAN13,CLU,BCAM,CLDN3,ISYNA1,MGST1,PTP4A1,S100A14,NET1,ATP1B1,PRSS8,CLDN6,CRNDE,IGFBP7,CLIC3,ANXA3,SOX2,LMO7,WFDC2,TPPP3,ODC1,CLDN7,SPINT1,TPD52L1",lung,alveolar type 2 epithelial cells,M
He_2022,F28,TUBB2B,lung,alveolar type 2 epithelial cells,F
He_2022,F25,"MTRNR2L12,GDF15,AGER,GPRC5A,CLDN18,CAVIN2,ANXA1,ADIRF,CAV1,LGALS3,AQP4,C19orf33,FXYD3",lung,alveolar type 2 epithelial cells,F
He_2022,F24,"SFTPC,MTRNR2L12,SFTPB,SLC34A2,CA2,CD36,MFSD2A,FAM41C,RASGRF1",lung,alveolar type 2 epithelial cells,F
He_2022,F27,"TACSTD2,KRT15,SCGB3A1,ANXA1,CXCL17,MEG3,SLPI,CFH,CHST9,SPINK5",lung,alveolar type 2 epithelial cells,F
He_2022,F26,"TOP2A,UBE2C,CENPF,PTTG1,CKS1B,NUSAP1,CCNB1,UBE2S,KPNA2,H1-1,CDK1,TYMS,KIF22,CDC20,MKI67,TMSB15A,DTYMK,CKAP2,BIRC5,CCNB2,TPX2,MAD2L1,LMNB1,KIF20A,KIFC1,CDCA3,PLK1,H2AC13,H2AC14,CCNA2,AURKB,ASPM,NMU,CDCA8,KIF23,DLGAP5,CDKN3,TROAP,GTSE1,TACC3,H2AC11,CKAP2L,PIMREG,RACGAP1,NUF2,KNSTRN,ECT2,AURKA,MND1,HJURP",lung,proliferating alveolar type 2 epithelial cells,F
He_2022,M4,"RAMP2,IGFBP4,CAV1,CRIP2,EGFL7,TFPI,GNG11,BCAM,CAVIN1,TIMP3,PECAM1,CAVIN2,FSCN1,CLDN5,RNASE1,LAMA4,S100A16,GIMAP4,PRCP,ESAM,TM4SF1,GMFG,S100A13,PLK2,CD34,CALCRL,HSPG2,VAMP5,RHOC,FXYD5,JUP,TJP1,TGFBR2,SLC9A3R2,EFNA1,ENG,VAT1,CLEC14A,EPAS1,FXYD6,PPFIBP1,CMTM3,PEA15,SH3BP5,LDB2,CDH5,ICAM2,LYVE1,WWTR1,ITM2A",lung,endothelial cells,M
He_2022,F31,"HMGB2,SLC2A1,TYMS,UBE2C,CENPF,TOP2A,PTTG1,MKI67,TK1,CDK1,NUSAP1,BIRC5,CDC20,CCNB1,ZWINT,CCNB2,TPX2,CENPU,DHFR,UBE2T,AURKB,KIF20B,FBLN1,MAD2L1,CCNA2,PHF19,CENPN,PRC1,H2BC9,CENPM",lung,proliferating endothelial cells,F
He_2022,F29,"RGCC,CA4,CLEC3B,APLNR,SPARCL1,POSTN,KIT,C1orf54,PALMD,FENDRR,FOXF1,NOTCH4,HPGD,ACE,TBX3",lung,endothelial cells,F
He_2022,F30,"TFF3,CCL21,PROX1,NRP2,LIMS1,PTX3,PRSS23,LAPTM5,MMRN1,LGALS3,ARL4A,NUPR1,GJA1,STAB2,AKAP12,PDPN,PTPRE,IGF1,NR2F1,CTHRC1,CD74,REXO2,RELN,DKK3,TBX1,MPP7,HEBP1,ACTN1,NTS,FLNC,SEPTIN6,ITGA9,FLRT2,UCP2,CYTL1,TSHZ2,RAB11FIP1,GPM6A,GFUS,PDE2A,LTBP4,CD47,FAM102A,ADIRF,SLC38A1,STON2,SIRPA,KBTBD11,MAGED4,PARD6G",lung,lymphatic endothelial cells,F
He_2022,F33,"IGF2,SRGN,SOX17,CXCL12,LTBP4,MGP,SERPINE2,NR4A1,TMEM100,PDLIM1,MECOM,JAG1,EGFL8,GJA5,FBLN5,PREX2,SMAD6,ATP13A3,SEMA3G,DKK2,AIF1L,APOA1,PCSK5,GATA6,SYNPO,LPCAT2",lung,endothelial cells (likely vascular or lymphatic),F
He_2022,F32,"CLU,POSTN,MGP,SLCO2A1,PLVAP,SRGN,CPE,LTC4S,PLAC9,MMP28,ACKR1,ENTPD1,FBN1,LHX6,IGF2,PTGDS,HDAC9,TLL1,NUAK1,SELP,ADGRG6,SERPINE2",lung,endothelial cells,F
He_2022,F34,"SLCO2A1,ADIRF,S100A4,ADGRL2,NES,CARD16,HLX,TSPAN12,PTP4A3,TNFRSF4,RCSD1,KITLG,FRY,PRX,MGLL,EDNRB,BTBD3,VIPR1,MYLK,APLN,ITGA4,S100A3,VASN,TBX2,COLEC10,SPON2",lung,endothelial cells,F
He_2022,M2,"TPPP3,IGFBP5,KRT8,BCAM,EPCAM,SCGB3A2,PCBD1,CD9,TFF3,ZKSCAN1,UCP2,KRT18,C12orf75,SEC11C,IGFBP2,RUVBL2,CLDN4,ANXA1,MORN2,SYNE1,PERP,KRT19,SPATS2L,DMKN,MAP1LC3A,CRNDE,NUCB2,GCC2,LGALS3,AGR2,COX17,CKB,CD46,SSBP4,DSP,GDF15,P4HTM,FLNB,SOX2,DNPH1,HSPBP1,C9orf24,CFAP298,ATP1B1,SPINT2,MLF1,C20orf85,PIFO,IFT27,ATP2A2",lung,lung epithelial cells,M
He_2022,F21,"CPE,MARCKSL1,CHGA,EGR1,PTMS,GRP,MDK,GHRL,ASCL1,BEX1,NNAT,UCHL1,HEPACAM2,TUBB,TUBB2B,EEF1G,NEUROD1,SCG3,MEG3,DDIT4,NREP,MEST,BEX2,HMGA1,CSRP1,DDC,BTG2,RTL8C,NPDC1,CD151,RASD1,FOSB,RPRM,APLP1,PROX1,VIM,CHGB,HES6,SCGN,SEZ6L2,PCBP4,CNKSR3,SCG5,BAMBI,SCG2,MFAP2,TUBB3,DLL3,PODXL2,CACNA1A",lung,pulmonary neuroendocrine cells (PNECs),F
He_2022,F20,"AGR2,FABP6,SNTN,AGR3,CAPS,FAM216B,C9orf24,CFAP126,ODF3B,RP1,C5orf49,CDKN1A,CD164L2,ANKRD66,TUBA4B,PSPH,CFAP276,DYDC2,RABL2B,STMND1,RIPOR2,ARHGAP18,DNAH11,RSPH1,STK33,CFAP73,CFAP52,RIIAD1,PDE4DIP,ELN-AS1,SPEF1,TSPAN1,PIFO,C7orf57,TRIP13,FAM183A,SRGAP3-AS2,IFT172,DNAI1,HOATZ,C10orf95,CFAP77,C20orf85,WIF1,CIBAR2,SPAG8,HYDIN,ECRG4,CFAP141,C6orf118",lung,ciliated epithelial cells,F
He_2022,F23,"CDC20B,CCNO,HES6,LRRC26,H2BC4,TMEM106C,DEUP1,KIF22,CKS2,SMC4,SYT5,CCDC14,CDC20,MUC12,TOP2A,TUBG1,NEK2,CDK1,HYLS1,POGLUT3,UBE2C,POC1A,CENPW,PLK4,CCDC18,LINC02730,H4C8,MCIDAS,FOXN4,DBF4,CENPU",lung,lung epithelial progenitor cells,F
He_2022,F22,"CES1,CYP4B1,ALOX15,PROM1,PART1,NWD1,BASP1,NUPR1,PLAAT4,MUC16,CYP2W1,MT3,PRR15",lung,unknown,F
He_2022,M5,"HBG1,HBA2,HBA1,HBB,BLVRB,HBM,SLC25A37,HBG2,SLC25A39,HBZ,NCOA4,SELENBP1,ADIPOR1,NUDT4,ALAS2,MPP1,BCL2L1,AHSP,SNCA,FAM210B,DCAF12,R3HDM4,HMBS,MYL4,STRADB,BPGM,FECH,TENT5C,SLC4A1,NFE2,DMTN,HEMGN,GYPA,TRIM58",lung,erythroid cells,M
He_2022,F35,,lung,unknown,F
He_2022,F37,"XPO7,RHAG,PPP1R15A,SPTA1,NEAT1,KLF1,TMCC2,TOP1,ANKRD9,USP15,EIF5,CITED2,RNF19A,SLC40A1,SLC2A1,PNP,STOM,FHDC1,DENND4A,CA8",lung,erythroid cells,F
He_2022,F36,"HBE1,MT2A,MT1G,RPS19,MT1H,S100A6,unknown,RPL18,MT1X,TMEM14C,MT1F,MT1E,RPL15,RPL23A,RPSA,CALM2,SLC39A8,GSTP1,TUBB4B,GAPDH,HMGB1,RAN,TUBB,MALAT1,PSMA7,PRXL2A,TXN,DNAJA1,H4C3,SUMO2,EDF1,HSP90AA1,RPS9,COX6A1,MGST3,TMA7,SQSTM1,GSTO1,YWHAH,S100A4,UXT,CTSE,PPIA,TMEM14B,ANAPC11,HMGB2,RPL26,BAX,RPL38,UQCR10",lung,erythroid cells,F
He_2022,M1,"CD74,HLA-B,HLA-DRA,ARHGDIB,SRGN,HLA-DRB1,TYROBP,CD37,CORO1A,AIF1,LAPTM5,HLA-DPA1,FCER1G,LSP1,HLA-E,S100A4,RAC2,HLA-DPB1,CD69,HLA-DRB5,LIMD2,CD52,PTPRC,HCST,GMFG,FXYD5,LCP1,DUSP2,ITGB2,SPI1,UCP2,VAMP8,HLA-DQB1,HLA-DMA,RCSD1,GPSM3,NCF1,HCLS1,PTPN6,FYB1,CXCR4,KLF2,PLEK,APBB1IP,CD53,WAS,ARHGAP4,TAGAP,ICAM3,GLIPR1",lung,macrophages,M
He_2022,F10,"NKG7,IFITM1,CD7,GZMA,CTSW,KLRB1,CCL5,GNLY,CST7,CCL4,PRF1,XCL1,STK17A,CMC1,CD247,HOPX,XCL2,TRBC1,CLIC3,GZMM,CCL4L2,KLRD1,IL2RB,MATK,GZMB,CD3D,FCGR3A,IL32,KLRC1,LY6E,BIN2,TRDC,FGR,LBH,DOK2,DENND2D,ZAP70,APMAP,ID2,C12orf75,CLEC2B,PLAAT4,GZMH,SAMD3,SPON2,TPST2,APOBEC3G,CD160,CHST12,IFNG",lung,natural killer (NK) cells,F
He_2022,F15,"HLA-DQA1,LGALS1,PLD4,HLA-DQA2,CST3,ANXA1,MNDA,CLEC10A,IGSF6,ATF3,RNF130,JAML,S100A6,GPR183,LST1,GSN,HLA-DMB,SGK1,CTSH,CCDC88A,KLF4,CD1C,CPVL,CALHM6,GRN,LGALS2,FGL2,C20orf27,FCER1A,C1orf162,TIMP1,TYMP,LYZ,RNASE6,P2RY6,GPAT3,NDRG2,PPT1,ADAM28,CACNA2D3,TMEM14C,IL1B,CLEC7A",lung,dendritic cells,F
He_2022,F12,"LTB,IL32,IFITM1,CD3E,CD3D,GIMAP7,TRBC2,IL7R,LCK,SEPTIN1,LEF1,KLRB1,ACAP1,TRBC1,RHOH,ETS1,LEPROTL1,CD247,LAT,CD3G,ITM2A,SPOCK2,CD27,TCF7,TRAF3IP3,GATA3,SELL,CCR7,AQP3,CD2,TMIGD2,FLT3LG,TRAC,CAMK4,TNFRSF25,TESPA1,OXNAD1,CD7,CD5,STK17A",lung,T cells,F
He_2022,F16,"VPREB3,IGLL1,CD24,VPREB1,CD79A,SOX4,CD79B,MZB1,IGHM,ID3,NIBAN3,CD9,SSBP2,CMTM7,TCF4,PDLIM1,LEF1,CARHSP1,IGHV5-78,ARPP21,BACH2,MPP1,MME,BLNK,S1PR4,TMEM243,DCK,ZCCHC7,AKAP12,TCL1A,POU2AF1,MAD2L2,LMNB1,SMC4,MKI67,RAG1,MCM7,H2AX,CENPF,SOCS2,P4HA2,CMTM8,NUSAP1,UHRF1,TYMS,EBF1,RAG2,PAX5,CD38,H1-3",lung,unknown,F
He_2022,F14,"S100A8,LYZ,S100A9,S100A6,S100A4,FCN1,LGALS1,IL1B,TSPO,MNDA,CD14,RETN,TYMP,CCL3L1,SOD2,TIMP1,STXBP2,SELL,FGR,TNFRSF1B,SERPINA1,VCAN,NAMPT,HCK,FGL2,S100A12,PLAUR,BCL2A1,AHNAK,CFD,C1orf162,FLNA,CEBPB,POU2F2,NCF2,MPEG1,CAPG,CFP,CD68,CSF3R,C5AR1,LST1,CXCL8,LGALS3,LILRB2,CSTA,IFI30,ATP2B1-AS1,RNF130,KLF4",lung,macrophages,F
He_2022,F9,"C1QC,DAB2,CD14,SELENOP,C1QA,MS4A6A,FOLR2,LGMN,MS4A7,IER3,MAF,CD36,RNASE1,CCL3,STAB1,BLVRB,CYBB,MRC1,MS4A4A,CCL2,F13A1,PLD4,CSF1R,CCL4,MARCKS,CTSD,LYVE1,NINJ1,CREG1,HMOX1,FCGRT,GAS6,RNASE6,MAFB,CTSB,RGS10,CTSZ,FGL2,ADAP2,CD68,PLD3,LPAR6,CCDC88A,PLTP,CCL3L1,NAIP,CD163,FSCN1,AGR2,NRP1",lung,alveolar macrophages,F
He_2022,F17,"TCL1A,CD79A,SOX4,CD38,CD79B,BACH2,AFF3,CD9,VPREB1,RUBCNL,CDC25B,NIBAN3,SSBP2,IGHM,PCDH9,TCF4,NSMCE1,PDLIM1,MZB1,FCRLA,ARPP21,DDX54,POU2AF1,CD19,SYVN1,LHPP,LINC01781,GNG7,NREP,TMEM131L,LDLRAD4,DOK3,REXO2,VPREB3,BCL7A,H2AC6,ACSM3,AKAP12,NEIL1,CCDC191,QRSL1,RAG1,CCDC112,AMN,MME,WASF1,PPP1R14A,SMAD1,P4HA2,IGHV5-78",lung,B cells,F
He_2022,F18,"HLA-DQA1,LGALS1,CPVL,LYZ,CD83,ID2,IRF8,MPEG1,C1orf162,S100B,CTSZ,TYMP,RGCC,FNBP1,AHNAK,SELPLG,PPT1,FGL2,CYB5R3,JPT1,unknown,CCDC88A,GSN,MZT2A,PAK1,LSM6,ADA2,TAP1,DNASE1L3,ATG3,PPA1,CPNE3,CLEC7A,LGALS2,BASP1,CXCL16,SGK1,RAB32,C20orf27,HLA-DQA2,GCSAM,SHTN1,WDFY4,C1orf54,CCND1,SLAMF7,CXCR3,NAPSA,NET1,CLEC9A",lung,dendritic cells,F
He_2022,F13,"TCL1A,CD79A,IGHM,MS4A1,NIBAN3,HLA-DQA1,CD79B,FCMR,FCRLA,IGLC2,IGLC3,VPREB3,LBH,CD72,CD19,CYB561A3,SMIM14,RUBCNL,PPP1R14A,AFF3,HVCN1,SPIB,JCHAIN,RALGPS2,ALOX5,TCF4,CD24,BANK1,IGHD,BLK,CD22,SP140,TPD52,FCRL1,PDLIM1,LTB",lung,B cells,F
He_2022,F19,"TIMP1,PDLIM1,EGFL7,LIMS1,LAT,PTTG1IP,MAGED2,RSU1,TMBIM1,LYL1,TSC22D1,CNST,P2RX1,CMIP,ICAM2,NT5C3A,PARVB,ACTN1,GNG11,KIF2A,RGS18,MPP1,NFE2,VCL,GRAP2,STOM,PTGS1,SNCA,IGF2BP2,CAVIN2,MEST,RNF24,FADS2",lung,unknown,F
He_2022,F11,"LTB,TSPO,CD247,IL7R,TIMP1,TNF,NINJ1,ITGB1,MAP3K8,IL32,KLRB1,CXXC5,TRBC1,PPP1R10,MACF1,SLA,ZAP70,SLC16A3,TCF7,LTA4H,PREX1,PRDX2,NME3,CCND2,PIM1,SESN1,IGFBP4,TRAC,TMIGD2,AQP3,DCAF11,ZBTB16,AHR,TNFRSF25,LTA,GBP5,TOX2,ACAP1,MDFIC,SPOCK2,IL4I1,LZTFL1,TNFRSF18,GPR25,FLNB,IL23R",lung,unknown,F
He_2022,M7,"PLAC9,GPC3,KRT19,KRT8,TPM2,IGFBP2,RARRES2,BCAM,MGP,KRT18,IGFBP4,HHIP,SERPING1,ODC1,ISYNA1,PTN,LGALS3,ID4,TM4SF1,CLIC3,SLC9A3R1,CAVIN1,SFRP2,RAB34,TCEAL9,ECRG4,SERPINB6,C4orf48,LGALS3BP,PMP22,LDOC1,PHGDH,COL9A3,GAS6,RARRES1,CKAP4,DMKN,NET1,HCFC1R1,NPDC1,NECTIN2,CPXM1,COL18A1,EFEMP1,IGFBP5,UCHL1,ALDH1A2,ELN,CRABP2,SBSPON",lung,alveolar epithelial type 2 cells,M
He_2022,F41,"TM4SF1,MSLN,CLIC3,CFH,KLK11,SLPI,RPS4Y1,ANXA1,JUNB,CRIP1,TMEM176B,CD9,TXNIP,LINC01133,ADIRF,TSPO,HLA-A,C3,TMEM176A,C1S,FNDC1,MT2A,PLLP,PDZK1IP1,C4A,C1R,SELENBP1,ANXA3,ANXA8L1,VSIR,C19orf33,KLF4,FOSB,SAT1,C4B,PLAAT4,KLF2,WNT2,TFPI2,HTRA1,IGFBP6,CLDN15,CARD16,MT1E,GNG11,CFB,CEBPD,TNXB,MEDAG,SMPD3",lung,alveolar epithelial type 2 cells,F
He_2022,F42,"SFRP1,HMGA1,HOXA4,APOE,TUBB2B,MDFI,CD24",lung,alveolar epithelial type 2 cells,F
He_2022,F43,,lung,alveolar epithelial type 2 cells,F
He_2022,M6,"IGFBP2,CKB,MEG3,CD9,AKAP12,DST,MAP1B,AP1S2,TUBB2B,CADM1,TUBB2A,NNAT,S100B,MLLT11,CD24,DPYSL3,UCHL1,CRMP1,KIF21A,PLP1,PCBP4,ASCL1,NKAIN4,TUBB3,BEX1,CRABP1,SCG5,CDH6,FLRT3,LINC02381,GFRA1,SYT11,METRN,ANK2",lung,neuroendocrine cells,M
He_2022,F38,"PHOX2A,SYT1,CD24,ELAVL4,CHRNA3,STMN2,BEX1,INA,DCX,GAL,TLCD3B,RAMP1,TAGLN3,PCSK1N,HEBP2,GDAP1L1,APLP1,TLX2,DLL3,MAPK10,CHRNA7,SLIT3,BEX2,SCG2,KIF21A,RTN1,RAB3A,GAP43,ATCAY,ELAVL3,SCG3,STMN4,GNG3,EEF1A2,CNTFR,FAM162B,PODXL2,TMEM59L,SCG5,NEFM,ANK2,NSG1,ENO2,PRPH,ISL1,YPEL3,SNAP25,CAMK4,SEZ6L2,NCOA7",lung,pulmonary neuroendocrine cells,F
He_2022,F39,"VCAN,PLS3,POSTN,TYMS,HMGA2,PTPRZ1,CKS2,EDNRB,GYPC,PTBP1,LINC01198,ZWINT,CENPU,MYO10",lung,unknown,F
He_2022,F40,"COL1A2,ANXA2,CRYAB,S100A10,S100B,SEMA3B,IFITM3,PMP22,RPS4Y1,ALDH1A1,MPZ,TMEM176A,EGFL8,S100A11,OLFML2A,TSC22D4,COL1A1,ARPC1B,EEF1G,PDLIM4,FXYD1,FBLN2,TMEM176B,COL3A1,AHNAK,IGFBP4,IGFBP7,NR4A1,RHOC,GSN,PLP1,ERBB3,EMP2,CDH19,HSPG2,LAMA4,TSPO,TXNIP,GFRA3,RGCC,ANXA1,EGFLAM,CMTM5,NDRG2,C1orf198,PMEPA1,COL4A1,LAMB1,MATN2,COL14A1",lung,neuroendocrine cells,F
