Data,Cluster,Markers,Organization,cell_type,level
Herring_2022,M5,"GRIK1,GALNTL6,SPOCK3,CNTN5,ZNF536,ZNF385D,SLC24A3,GRIP1,KIAA1217,PTPRM,SLC6A1,KCNC2,NXPH1,KIF26B,KCNAB1,INPP4B,CDH9,SYNPR,HCN1,PLD5,KCNIP1,RAB3C,MTUS2,GRIN1,SHISA6,DLX6-AS1,ZMAT4,SNRPN,PTCHD4,MEG8,RBMS3,PAM,VWC2,RCAN2,NHS,CACNG2,GAD1,ELAVL2,GRIN3A,UBASH3B,KSR2,RPH3A,GAD2,KCNJ3,BTBD11,KCND3,IGF1,ANK1,GRIN2D,SCN1A",brain,GABAergic neurons,M
Herring_2022,F29,"SOX6,TRHDE,PDE1A,GRIK3,WLS,STXBP6,PLCH1,BCL11A,UNC13C,COL25A1,GRM1,PCSK5,MAN1A1,SST,EPHB6",brain,SST-expressing GABAergic neurons,F
Herring_2022,F33,,brain,GABAergic neurons,F
Herring_2022,F31,"SLIT2,TMEM132C,SLC9A9,NDST3,PLCL1,MYO5B,ADAMTS17,CNTNAP3,SAMD5,CNTNAP3B,CPLX1",brain,GABAergic neurons,F
Herring_2022,F28,"ADARB2,OLFM3,VWC2L,NR2F2-AS1,PROX1,CALB2,CHRNA2,NFIB,EGFR,PDE3A",brain,GABAergic neurons,F
Herring_2022,F30,"CXCL14,CNR1,IL1RAPL2,HS3ST5,EGFR,NR2F2-AS1,MAML3,ADRA1A,PID1,PRR16,THSD7B,COBL,CHRNA7,PRELID2,NFIX",brain,GABAergic neurons,F
Herring_2022,F32,"UNC13C,FBXL7,TOX,ALK,PRELID2,SGK1,NXPH2,EGFR,BRINP2,NTNG1,COBL,IGSF11,HTR1E,BCL11B,SPHKAP,MAP3K5,TOX2,HS3ST4,EPHA3,NFIA,CDH20,ADAMTSL3,EEPD1,AJAP1,FREM1,NFIX,ST6GAL2,EYA4,SYNDIG1,KIT,GRIK4,DOK5,CDHR3,PTPRB,PKP2,KCNH5,SV2C,PDGFD,MAML3,TRPC3,TACR1,LINC00298,ARHGAP31,LAMP5",brain,GABAergic neurons,F
Herring_2022,M6,"NXPH1,SOX4,DLX6-AS1,TUBB2B,DCX,GAD1,NNAT,ARL4C,SOX11",brain,developing neurons,M
Herring_2022,F35,"ADARB2,CNR1,THSD7A,NR3C2,PID1,KCNH8,PDE4B,BTG1,CHD7",brain,developing neurons,F
Herring_2022,F34,"NXPH1,SOX6,LHFPL3,PAM,PRKG1,NXPH2,XYLT1,SEMA6A,HSPA1A,CDH11,HSPH1",brain,developing GABAergic neurons,F
Herring_2022,F36,"LUZP2,PTPRG,GRIN2A,SGCZ,XIST,GABRG3,TMTC2,KCNIP4,MGAT4C,PBX3,NR3C2,FBXL7,DGKB,SGCD,DCC,CDH4,DSCAM,FRY,CACNA2D1,C8orf34,KCNMA1,TMEM132D,LINGO2,SLC35F4,NTNG1,GRIK4,CHSY3,PDZD2,NHS,UNC5C,SGK1,RAPGEF4,SLC24A3",brain,developing glutamatergic neurons,F
Herring_2022,M0,"PLP1,MBP,CTNNA3,RNF220,ST18,SLC24A2,SPOCK3,ZNF536,PIP4K2A,MAN2A1,CLDN11,MOBP,EDIL3,FRMD4B,GAB1,DOCK10,TF,DOCK1,POLR2F,C10orf90,PTGDS,PRUNE2,DOCK5,KCNH8,FGFR2,TMEM165,PLEKHH1,CREB5,ENPP2,TMEM144,PXK,LINC00609,PSEN1,LMCD1-AS1,AK5,LPAR1,CLMN,CDK18,USP54,GPRC5B,SORT1,GSN,HIPK2,NCOA7,SCD,FAM107B,UGT8,PCSK6,FA2H,CNTNAP4",brain,oligodendrocytes,M
Herring_2022,F0,XIST,brain,female oligodendrocytes,F
Herring_2022,F2,"SGCZ,OPCML,FAM155A,GRIK2,CNTN1,PLCB1,CELF2,GPM6A",brain,unknown,F
Herring_2022,F1,"CRYAB,ACTB,FTL,PEBP1,GLUL,MARCKSL1,HSPA1A,ERMN,S100B",brain,oligodendrocytes,F
Herring_2022,M2,"NRG1,SATB2,NELL2,FGF13,IL1RAPL2,CHN2,MYO16,PLXNA4,CCBE1,KLHL1,CUX2,SYBU,ACTG1,C8orf34,TTTY14,CACNA1E,DOK5,STMN2,FAM189A1,MARCKSL1,FNBP1L,STMN1,GAP43,KLHL29,CRMP1,CASC15,PCDH11Y,TUBA1A,PRKAR2B,DPYSL3,CCDC85A,KIAA1211,ELMOD1,FBXL2,SOX4,RIT2,SAMD5,MIR137HG,MPPED1,LINC01122,PKIA,C11orf80,CLMP,EML1,PCDH11X,UST,NSG2,VSTM2L,PGM2L1,TMSB4X",brain,neurons,M
Herring_2022,F17,"GALNTL6,CNTN5,NRGN,SGCD,SLIT3,FMN1,CDH18,NDST3,NPTXR,CPNE8,GRIN1,SIPA1L1,CAMK2A,ADAMTS17,MED12L,CUX1,CACNG3,PRR16,CPNE4,DGKB,GRIK4,AK5,EVI5,KSR2,FSTL4,SYT17,AC105402.4,CMTM4,NEK10,RERGL,VSNL1,SPARC,KCNMB2",brain,neurons,F
Herring_2022,F18,,brain,neurons,F
Herring_2022,F16,"SGCZ,POU6F2,TMEM132D,SLC24A2,XIST,PDZRN4,ESRRG,NRGN,EPHA7,RXFP1,SULF1,PDGFC,AK5,SLC35F3,PCDH17,CDH6,ATP8B1,BACE2,MICAL2",brain,neurons,F
Herring_2022,F13,"HMGCS1,HSPA1A,CSRP2,EIF1B,FDFT1,MSMO1,NPNT,AMER2,FABP7,HSPA1B",brain,neurons,F
Herring_2022,F14,"HS3ST4,TRPM3,TLE4,NCKAP5,DSCAML1,ZNF385D,CDH18,KIAA1217,EPHA7,SORCS1,ZFPM2,COL12A1,GRIK3,SEL1L3,BCL11B",brain,neurons,F
Herring_2022,F15,"FOXP2,XIST,NRGN,SGCD,NPTXR,PTPRR,MICAL2,TMTC2,CAMK2A,HS3ST2,TRHDE,LGI1,KCNH1,NTNG1,AC005592.2,TMEM132D,RARB",brain,neurons,F
Herring_2022,M3,"HS3ST4,EFNA5,CDH18,MIAT,RBFOX3,TRPM3,CLSTN2,EPHA5,SORCS1,GABRB2,CDH12,MIR137HG,RAPGEF4,NELL1,SORCS3,LINC01122,LINGO2,SLC35F3,HCN1,OLFM3,PDZRN4,SV2B,KCNH1,GAS7,CDH9,NPAS2,PRICKLE1,GABRG3,CDH8,PTPRR,ADAM23,CAMK2B,KCNJ3,KSR2,SHANK2,OLFM1,SH3GL2,PACRG,CABP1,CADPS2,KLHL29,CA10,BMPER,EML6,SATB2,CPNE4,DNM1,PAK1,ZFYVE28,EPHA4",brain,neurons,M
Herring_2022,F23,"TLE4,DLC1,TOX,SEMA3E,SULF1,CNTNAP3B,NRP1,MCC,SEMA5A,CNTNAP3,WLS,SYT6,SGCG,PCSK5",brain,neurons,F
Herring_2022,F25,"LY86-AS1,PDZRN3,ARHGAP10,CUX2,PDE7B,DLGAP1-AS4,RFTN1",brain,neurons,F
Herring_2022,F20,"TLE4,DLC1,PCSK5,GRIK3,ZFHX3,DACH1,COL12A1,FAM160A1,KLHL1,GFRA1,HCRTR2,OLFML2B",brain,neurons,F
Herring_2022,F22,"PCDH15,GLIS3,XIST,SPHKAP,NKAIN3,CCBE1,LRP4,FTL,NNAT,EIF4A2,RERGL,PCSK1N,SLC26A3,THRA,YPEL3,TOX3,EIF1,PLEKHA7,NACA,IGFBP5,BEX1,DRAXIN,SOX11,CARTPT,HPCAL1,BHLHE22,STK31",brain,neurons,F
Herring_2022,F21,"TOX,DLC1,TLE4,SEMA3E,NCKAP5,SRGAP1,KCNIP1,MCC,COL12A1,BCL11B,GRIK3,KIAA1211",brain,neurons,F
Herring_2022,F19,"INPP4B,KLHL1,SYNPR,TRPC5,RXFP1,DACH1,TRPC4,MYO1B,SLC24A4,VSTM2B,BDNF,SYNJ2,NTNG2,SHISA6,CRTAC1,DYSF,TESC,STK32B,ITGB8,PLD5,MYOM2,GBE1,NR4A2,HPSE2,OLFML2B,ITGA11,ATP10A,THEMIS,MCTP2,MOXD1",brain,neurons,F
Herring_2022,F24,"TSHZ2,VWC2L,PTCHD4,CHRM2,RORB,PLCH1,PHLDB2,OTOGL,ARHGAP15,PARM1,MYLK,PCBP3,ITGA11,FOXO1,COL22A1",brain,neurons,F
Herring_2022,M1,"PTPRZ1,FBXL7,MAML2,CDH20,SOX6,GPC5,NKAIN3,C1orf61,PREX2,PTN,SEMA5A,LINC00511,SLC4A4,MMD2,ZEB1,TCF7L2,LRIG1,TOX,KAT2B,SPATA6,ITPR2,CRB1,PARD3B,TTYH1,RFX4,ZHX2,PARD3,DOCK1,DGKG,BCAN,TNS3,PON2,CABLES1,PDE7B,LIFR,MYO10,ARHGAP31,CSPG5,RGS20,BMPR1B,ATP13A4,ATP1B2,CACHD1,SLCO1C1,GLIS3,SLC1A3,CLU,EYA2,ADAMTS17,PDLIM5",brain,astrocytes,M
Herring_2022,F4,"TNR,KCNMB2,FGF14,ADARB2,LHFPL3,ATRNL1,GRIK1,GRM7,GRM5,VCAN,XYLT1,FGF12,ARPP21,XKR4,CACNA1A,GPR158,CA10,PDZD2,MTSS1,BCAS1,DSCAM,LDLRAD3,STXBP5L,SEMA5A,TMEM132C,PCDH15,PID1,LRRN1,SCN1A,COBL,GALNT13,PDZRN4,HECW1,MEGF11,ERC2,SHC3,KCTD16,CNTN5,FAM49B,KIAA1217,ZNF704,SEZ6L,RNF144A,SHISA9,TNK2,ANO4,CCSER1,CACNG4,HIP1R,GRIA3",brain,neurons,F
Herring_2022,F6,"LINC00299,SLCO1C1,VAV3,DIO2,HSPA1A,LTBP1,SCG3,AC105402.4,F3,WIF1,TIMP3,RGMA,BICC1,HES5,ID2,AQP4,METRN,CXCL14,PI4K2B,UTY,RGS20,JUN,ROR1,SLC39A12,PPP1R3C,NPNT,ID4,OSBPL3,AGT,SOX9,LYN,MFGE8,ABCD2,AMER2,GLI3,ELOVL5,PAQR8,SLC15A2,RORB,PTAR1,C4orf19,EEPD1,SLC7A11,MERTK,FGFR2",brain,astrocytes,F
Herring_2022,F8,"PTGDS,WIF1,NAT8L,GJA1,FAM107A,DGKZ,RERG,METTL7A,GRIN2C",brain,astrocytes,F
Herring_2022,F3,"HPSE2,RYR3,ZNF98,TRPM3,TENM2,PTGDS,ARHGAP24,NDRG2,PAMR1,RANBP3L,CALN1,ALDH1A1,GNA14,SLC39A11,GABRA2,PDE3B,GALNT18,KCNN3,CPQ,WIF1,RERG,TPD52L1,DNAH7,PRODH,CDHR3,ACSBG1,ARHGAP26,ACOT11",brain,astrocytes,F
Herring_2022,F7,"MMP16,CA10,NXPH1,GALNT13,SH3D19,PCDH15,CSMD2,NCALD,ERC2,TUBA1A,CHRM3,LHFPL3,CDH13,DSCAML1,RNF144A,KCNH7,DOCK10,SMOC1,SYN3,EDIL3,DISC1,SHISA9,SGK1,SLC2A13,BASP1,PCDH11X,RAPGEF4,SORCS3,PTPRO,FRMD4B,TMEFF2,SCN3A,GPR158,CNTNAP5,TMEM163,CTTNBP2,BCAS1,KHDRBS3,KCNQ1OT1,KCNH8,SCN1A,DGKI,COL9A1,FGF12,TNR,ZNF804A,ELMO1,MARCH1,DSCAM,CACNG4",brain,unknown,F
Herring_2022,F5,"TNC,TUBA1A,EEPD1,LINC00609,DCLK1",brain,astrocyte progenitor cells,F
Herring_2022,F9,"DAAM2,ARHGAP26,SHISA6,GFAP,PAMR1,FAM189A2,LAMA1,AQP4-AS1,ST6GALNAC5,PLCE1,SNED1,EEPD1,HS3ST3A1,LINC00609,DCLK1",brain,astrocytes,F
Herring_2022,F10,"ZNF98,ARHGAP24,HPSE2,GFAP,TFRC,DNAH7,PRODH,ITPKB,BCL6,PFKP,LINC00499,PFKFB3,TPD52L1,STAT3,ASRGL1,NEK6,MRVI1,CYSTM1,ANGPTL4,MIDN,ARL17B,PAMR1,ZNF331,NR4A3",brain,astrocytes,F
Herring_2022,F12,"NLGN4Y,KIF26B,SORCS3,DISC1,MEGF11,PTPRT,SORCS1,DOCK10,RNF144A,CERS6,RAPGEF4,LHFPL3,NELL1,KIAA1217,CACNA1D,SULF2,NTN1,IGSF21,U91319.1,SMOC1,CHRM3,PLEKHH2,GHR,DSCAM,ABHD3,LHFPL2,WWP2,ERGIC1,HSPH1,ST3GAL6,AFAP1L2,DNAJB6,GNAL,PTGES3,LINC00937,MYH14,STK32A,NXPH1,KIAA1549,CELF5,PRICKLE1,TNR,HSPB1,HUNK,MRPS6,HSPA4L,MMP16,DNAJB1,CA10,KLHL25",brain,astrocytes,F
Herring_2022,F11,"AQP4,XIST,FTH1,MT3,SCG3,AC105402.4,HSPA1A,ITM2B,ID4,GRAMD1C,FAM107A,GAPDH,HSP90AB1,PPP1R3C,PCDH9-AS2,NPL,FTL,MT2A,CD81,PPM1K,OAF,CAMK2N1,ALDH1L1,PEBP1,HOPX,AK3,HEPN1,UGP2,DYNLL1,SEC62,S100B,SERP1,H3F3B,AQP4-AS1,TMBIM6,ENHO,ANGPTL4,SPRY2,SQSTM1,RGCC,SLC3A2,SLC26A3,TMSB4X,PBXIP1,ZFYVE21,CCPG1,HSPH1,EAF2,HSPA5,LDHB",brain,astrocytes,F
Herring_2022,M9,"ITPR2,PLXDC2,SFMBT2,SLC9A9,HS3ST4,PREX1,ARHGAP24,ST6GAL1,MAML3,BMP2K,ARHGAP22,FOXP2,ZFHX3,DISC1,HTRA1,AKAP13,CYFIP1,MERTK,TNS3,AFF1,RASGEF1C,SAT1,IPCEF1,SLC4A7,DISP1,RNF213,LHFPL2,APBB1IP,MGAT4A,DOCK8,ARHGAP15,AOAH,LYN,USP6NL,ZFP36L1,ZNF710,MANBA,AP1B1,IL6ST,ARHGAP12,MAF,CTSB,ABCC4,RUNX1,RYR1,LRRK1,MKNK1,NPL,ATP8B4,MARCH3",brain,microglia,M
Herring_2022,F43,XIST,brain,microglia,F
Herring_2022,F42,"RBFOX1,CSMD1,CNTNAP2,LRRTM4,MEG3,ROBO2,DLGAP1,DPP10,FAM155A,GPM6A,ANKS1B,CCSER1,NEGR1,LRRC7,CTNNA2",brain,neurons,F
Herring_2022,F44,"HSP90AA1,HSPH1,P4HA1,HSPA1A,OLR1,HSP90AB1,LGMN,SRGN,PTGES3,CD83,DNAJB6,HSPD1,TRA2B,UBC,HIST1H2AC,MSN,ZC3HAV1,CLK1,FOS,HIF1A,FAM118A,JUN,USPL1,HSPB1,HSPA1B,DNAJA1,DNAJB1,PPP1R15A",brain,activated microglia,F
Herring_2022,M4,"CA10,CDH18,CUX2,NRGN,SLIT3,CBLN2,CACNG3,NDST3,ENC1,MLIP,ARHGAP10,FSTL4,ANO3,AC019118.2,CAMK2A",brain,excitatory neurons,M
Herring_2022,F26,SORCS1,brain,excitatory neurons,F
Herring_2022,F27,"AC105402.4,HFM1,MTRNR2L12,DHFR,MTRNR2L8,HSP90AB1,CST3,HSP90AA1,SPHKAP",brain,excitatory neurons,F
Herring_2022,M7,"NEAT1,ATP1A2,RBMS3,PARD3,PTGDS,PARD3B,TMEM132C,SLC7A11,BICC1,LAMA2,PLEKHG1,PLCB4,ARHGAP10,ADAMTS9-AS2,LHFPL2,SNED1,RBMS1,KCNK2,ADAM12,NR2F2-AS1,SYNE2,UACA,COL4A2,TGFBR3,SVIL,MYO1B,LAMA4,COLEC12,ARHGAP29,NID1,COBLL1,FN1",brain,astrocytes,M
Herring_2022,F38,"PRKG1,DLC1,GPC5,PTPRK,GRM3,CACNA1C,PDE8B,EPS8,GRM8,PDE7B,CASC15,SGIP1,FRMD3,MYO1B,INPP4B,PDGFRB,SEMA5A,ARHGAP42,PTEN,SLC38A11,IGFBP7,RNF152,DGKB,CYTH3,HIP1,PLCL1,BCL2,PAG1,SLC6A12,MGLL,SLC12A2,RGS6,ARHGAP6,SNRK,PLCE1,NOTCH3,EPAS1,SLC30A10,TRPC3,CCDC3,CNTN4,MPPED2,PCBP3,CDH6,CACNB2,COL5A3,CLMN,CPE,GRK5,RGS5",brain,astrocytes,F
Herring_2022,F37,"PTGDS,PRKAG2,KCNK2,BICC1,TRPM3,FLRT2,ANKS1B,ARNT2,BNC2,CNTNAP2,KIAA1217,SLC6A20,LINC01088,MPP6,NLGN1,TMEM132C,RANBP3L,COL11A1,CTNNA2,CSMD2,MACROD2,LRRTM4,SLC13A3,EPHA7,BMP5,LRP1B,LHFPL2,DPP6,RALYL,NTRK2,GPC6,PTPN13,ASTN2,ALCAM,SLC22A6,NEGR1,COL1A2,CLDN11,THRB,PPP2R2B,ATRNL1,LCNL1,KIAA1671,GRIA4,LINGO2,ADAMTS17,PDE1A,TENM4,LRP1,KCNQ5",brain,astrocytes,F
Herring_2022,F40,"ATP1B3,PITPNC1,RGS6,CMSS1,TGFBR3,ZBTB16,COL18A1,COL4A1,AKAP12,NOVA1,SIK2,MCC,HDAC4,JAZF1,SLC22A23,FBN1,EGFR,CHST15,BCKDHB,PIK3R1,ABCA8,SAT1,SLC22A3,NOS1AP,JARID2,BMP6,STK24,COL15A1,SDK1,DIXDC1,KCNQ1OT1,FILIP1L,MICAL2,KLHL29,AHI1,ARID5B,USP47,SLC6A12,CBLB,ADAMTS9,PACS1,HNRNPC,SH3BP5,EPB41L3,FAM110B,SESN1,SFMBT2,GABPB2,PLXNA2,GNAL",brain,astrocytes,F
Herring_2022,F39,"FLT1,ABCB1,ATP10A,ST6GALNAC3,PRKCH,MYRIP,GPCPD1,EPAS1,SRGAP2,ESYT2,SLC39A10,GALNT18,DOCK9,SLC7A5,ANO2,CCNY,MECOM,LEF1,NFIB,ANKS1A,DNM3,FLI1,BMPR2,NXN,ST6GAL1,ELMO1,SAMD12,PAM,ABLIM1,CGNL1,SGMS1,PREX2,DACH1,BSG,RNF220,SLC7A1,ST8SIA6,CLDN5,ARL15,MYO1E,XAF1,LIMCH1,TBC1D4,PTPRB,ELOVL7,SEC14L1,LMBR1,RASSF8,CRIM1,NRP1",brain,astrocytes,F
Herring_2022,M8,"CST3,APOE,AC105402.4,NRGN,ENC1,CLU,SYNPR,FTL,TUBB2B,ITM2B,MARCKSL1,HSPA1A,PCSK1N,CXCL14,TMSB10,UCHL1,MT3,ATP1B2,VSNL1,CCK,GAPDH,BCAN,DHFR,TIMP2,NNAT,CALM3,NDRG2,MTRNR2L12,TMEM59L,PLEKHA7,DYNLL1,PTMS,SEZ6L2,TXNRD1,JUND,CD81,ITM2C,STMN4,EIF1,STMN1,LY6H,EEF1A1,PEBP1,ARPP19,SCG5,ATP6V0B,SLC26A3,TSPAN7,YPEL3,TMSB4X",brain,neurons,M
