Data,Cluster,Markers,Organization,cell_type,level
Hoo_2024,M3,"S100P,KRT19,EGFR,KRT7,COBLL1,SPINT2,TENM3,PERP,DSP,GATA3,XAGE2,CD55,XAGE3,FSTL3,MAST4,CLIC3,KIAA1217,GPX3,SLC38A1,FBN2,BZW2,CLDN4,TMEM40,PGF,GULP1,CPM,PRKCZ,MME,TINCR,GCSH,TUSC3,PAGE4,SLC2A1,FHL2,GDF15,PRSS8,TINAGL1,TPD52,HSD3B1,LIMA1,SYNE2,DUSP5,CLDN7,HMGB3,PIK3CB,OPHN1,GRAMD2B,ITIH5,HSPB8,PLAAT3",placenta,trophoblast cells,M
Hoo_2024,F10,"CYP19A1,HSPB8,TGM2,SIGLEC6,SEMA6A,KRT23,WWC1,ARL15,RHOBTB1,NHSL1,CSF3R,PRLR,STS,CRYBG1,SLC43A2,THSD7A,TBX3,ATP10D,SVEP1,TACC2,PAGE4,MED12L,ADIRF,SLC22A23,SH3BGRL2,ARRB1,FBN2,F5,SLC22A11,KCNN4,BCL2,GLDN,ARHGAP8,MPP1,HSD17B1,GSTA3,PPM1H,SLC40A1,SLC52A1,ACSS1",placenta,syncytiotrophoblast cells,F
Hoo_2024,F9,"HLA-G,QSOX1,DDIT4,NOTUM,DIO2,MYCNUT,HTRA4,LAIR2,PLAC8,LVRN,ITGA5,ISG15,AFAP1,LINC02246,TSPO,EBI3,RASGRF2,DIO2-AS1,TNFSF10,COL27A1,MCAM,TIMP2,NRN1,SLC2A3,GPR78,IL2RB,CD9,MMP2,TSC22D3,PAG1,HAPLN3,EPSTI1,KCTD12,SLCO2A1,TNFAIP2,IL10RA,HSPG2,PYCR1,LRRC32,MXRA8",placenta,extravillous trophoblast cells,F
Hoo_2024,M0,"TYROBP,FCER1G,LCP1,KYNU,FCGR2A,DOCK8,EPB41L3,CD68,FRMD4B,CTSS,MAILR,MCTP1,NPL,CCL13,PDE4B,MRC1,RNF130,DDX60L,LAPTM5,ALOX5AP,CD53,TLR2,CD83,LYVE1,CD86,SPI1,SLC9A9,HBEGF,DOCK2,BMP2K,MEF2C,PTPRJ,PTPRE,DOCK4,PLXDC2,CD163L1,PRKCB,CYBB,LYN,TRPS1,C1QA,MOB3B,PLEK,FOLR2,NCF2,NAIP,SLC11A1,NCKAP5,NCKAP1L,PIK3AP1",placenta,Hofbauer cells,M
Hoo_2024,F0,"MRC1,SYT1,SCN9A,TMEM117,IDH1,TMIGD3,CD163L1,MERTK,SCN1A-AS1,FOLR2,LIMCH1,CR1,STAB1,PROS1,MS4A6A",placenta,Hofbauer cells,F
Hoo_2024,F1,"CXCL5,HLA-DRA,EREG,S100A10,SLC7A11,SERPINB2,THBS1,BASP1,HLA-DRB1,PID1,LYZ,ITGB8,AQP9,SLC44A1,CDK14,SEMA3C,MGST1,ZNF438,TNFAIP6,MET,HLA-DPA1,unknown,CD48,LSP1",placenta,Hofbauer cells,F
Hoo_2024,F3,"HK2,KHDRBS3,HILPDA",placenta,Hofbauer cells,F
Hoo_2024,F2,"IRF1,BHLHE41,CCL20,STEAP4,unknown,GADD45G,GADD45A,LYRM4,SLC41A2,G0S2,GBP2,SLC2A6,SLC1A3,NFKB2,TNFAIP6,IL1RN,CARD16,CD40,MFSD2A,PTGS2,CLEC4E,DUSP2,RASGRP1,unknown,SNAPC1,RIPK2-DT,IL32,HPN,SGPP2,TNFRSF4,NR1D1,ZP3,TAMALIN,SLAMF1,LRRC32,BTG3,IL1A,TXLNB",placenta,Hofbauer cells,F
Hoo_2024,M1,"HGF,PRKG1,MEG3,EXT1,DCN,COL6A2,EGFL6,LUM,AREG,PLCB1,STC1,CDH11,COL6A1,COL5A2,RND3,PLOD2,NR2F1,GPC3,DLC1,CLMP,IL24,LAMA2,NR2F1-AS1,SOX5,DLK1,SELENOM,FILIP1L,COL1A2,IL1R1,PLAGL1,MYO1B,PDE3A,SDC2,LOXL2,MEG8,COL14A1,PLAT,PDZRN3,MAGI2,WNT2,ID4,ITGA1,PDPN,ABI3BP,NID2,MEIS1,PAG1,COL1A1,CACNA1C,PDLIM3",placenta,fibroblast,M
Hoo_2024,F5,"SERPINE2,CLMP,FGF7,PDPN,LOX,PID1,GJA1,MME,PTGDS,MEDAG,CFD,FAP,ABI3BP,CXCL14,MFAP4,SVEP1,PLA2G4A,GAS7,MME-AS1,VTN,RDH10",placenta,fibroblast,F
Hoo_2024,F4,"PDE3A,LAYN,SEMA3A,CACNA1C,ARHGAP26,CCDC102B,FOXP1,PDE8B,CNTN4,AKT3,COX4I2,GJA4,BMPR1B,INPP4B,CCDC68,ADAMTS18,AGTR1,WNT6,ESAM,TRPC6,PXYLP1",placenta,fibroblast,F
Hoo_2024,M2,"DOCK4,TM4SF1,MMP1,ANGPT2,MAGI1,TCF4,CAV1,SPTBN1,GNG11,CLEC2B,ZEB1,RGCC,CDH13,RAPGEF5,AKAP12,PECAM1,MIR181A1HG,SPARCL1,CDC42BPA,COL15A1,MAST4,WWTR1,ARHGAP29,CDH5,TCIM,ZBTB20,GJA1,KITLG,PRSS23,CD9,ADGRL2,NFIB,NEDD9,FBXL7,CAV2,JAM3,PLEKHG1,LDB2,HSD17B2,ETS1,PRKCH,FLI1,EMP1,IL32,EXOC6,TTC28,KDR,ADGRL4,CD34,ZFPM2",placenta,endothelial cells,M
Hoo_2024,F8,,placenta,endothelial cells,F
Hoo_2024,F6,"RPS4Y1,PRKY,DDX3Y,UTY",placenta,unknown,F
Hoo_2024,F7,"PGF,CCND1,FOSL1,EDN1,ODC1,LINC00513,PSMD2,C2CD4B,NME1,GRPEL1,MRPL47,ATP1B1,ESM1,EBNA1BP2,CDKN2A,CD274,LNCOG,POU2F2,FSIP1,SLC38A1,TRAF1,NEK10",placenta,placental endothelial cells,F
Hoo_2024,M4,"C5AR1,HBG2,PLXDC2,HBA2,HBG1,SLC16A10,HBA1,PTPRC,HBB,SLCO2B1,SLC9A9,C1QC,MRC1",placenta,Hofbauer cells,M
