Data,Cluster,Markers,Organization,cell_type,level
Ivanova_2021,M10,"IL32,LTB,IL7R,CD3E,CD3D,LCK,CD3G,ISG20,TCF7,ACAP1,NOSIP,TRBC2,TRAF3IP3,FLT3LG,PIM1,LAT,GIMAP4,GIMAP7",blood,naive T cells,M
Ivanova_2021,F3,"SELL,CCR7,LEF1,MAL",blood,naive T cells,F
Ivanova_2021,F5,,blood,naive T cells,F
Ivanova_2021,F4,"KLRB1,NKG7,CCL5,GZMA,GZMK,CST7,DUSP2,CTSW,TRAV1-2,PRF1,CD8A,NCR3,LYAR,KLRG1,ALOX5AP,ID2,CTSC,GBP5,PLEK,HOPX",blood,effector memory CD8+ T cells,F
Ivanova_2021,M2,"unknown,MTRNR2L8,LTB,CD3E,IL7R,KLF2,H1-10,IL32,GZMK,ETS1,TCF7,JUND,FYN,SPOCK2,SMAP2,FAM107B,SUN2,MT-ATP8,KLRB1,PIK3IP1",blood,naive T cells,M
Ivanova_2021,F32,"SELL,LEF1,RCAN3",blood,naive T cells,F
Ivanova_2021,F33,"NR4A2,DDX21,PTP4A1,YPEL5,HIF1A,SNX9,ZNF331",blood,unknown,F
Ivanova_2021,F31,"NKG7,CCL5,KLRB1,GZMK,CTSW,DUSP2,CST7,GNLY,GZMA,CD8A,PRF1,GZMM,KLRG1,EFHD2,MYBL1,NCR3",blood,effector memory CD8+ T cells,F
Ivanova_2021,M0,"RPS4Y1,LEPROTL1",blood,unknown,M
Ivanova_2021,F0,,blood,unknown,F
Ivanova_2021,F2,"SLC2A3,NR4A2,FAM177A1,CCR7,CREM,PDCD4,RGS10,NDFIP1,CD55,GIMAP7,STK4,OAZ1,RGCC,CYTIP,CD6,S1PR1,CAPZB,XRCC6,CCND3,SRSF2,RNF125,RSRP1,TUBA4A,WDR74,OCIAD2,SATB1,CHMP1B,BRD2,HSPH1,LBH,ZNF331,FBXO34,TNFRSF1B,SKIL,SC5D,SCML1,GPR132,RRM1,TMBIM6",blood,unknown,F
Ivanova_2021,F1,"KLRB1,CCL5,DUSP2,S100A4,NKG7,CTSW,CREM,LYAR,PIK3R1,RORA,CST7,MAP1LC3B",blood,unknown,F
Ivanova_2021,M3,"unknown,IL7R,ETS1,GZMK,SPTAN1,TCF7,OGT,TC2N",blood,memory T cells,M
Ivanova_2021,F35,"SELL,TCF7,LEF1,MAML2,FOXP1",blood,central memory T cells (Tcm),F
Ivanova_2021,F34,"CCL5,KLRB1,NKG7,GZMK,CTSW,S100A4,ACTN4,PRF1,GBP5",blood,effector memory T cells,F
Ivanova_2021,F36,"GZMK,FCMR,H1-2,CAPZB,ACTR3,TLE5,TCF7,SPTBN1,CBLB,EIF3A,UCP2,SLFN5,LIMD2,RCSD1,MACF1,SEPTIN6,SLC9A3R1,SAMD3,GYPC,CLIC1,PSMB8,ARPC3,S100A10,CD27,LEF1,GPSM3,PECAM1,SRGN,ESYT1,RHOH,GBP2,SEPTIN1,ARHGEF6,OPTN,CD28,MOB1A,PTPN6,FOXP1,ARHGAP25,PPP2R5C,SASH3,BAZ2A,SUMO2,VCP,PPP1CA,NUCB2,ANP32B,GPR183,CAPZA1,ZNF207",blood,memory T cells,F
Ivanova_2021,M17,"NKG7,CST7,GZMA,CCL5,PRF1,HCST,LGALS1,CTSW,GZMB,DUSP2,GZMH,PLEK,MT2A,IFITM3,KLRD1,PLAAT4,CCL4,FGFBP2,GZMM,PSME2,TRBC2,CD53,HOPX,MBP,TRBC1,SELENOW,ANXA6,APMAP,ICAM3,CMC1,CD7,UQCR10,DHRS7,PLAC8,PRKCH,CD3G,SLC9A3R1,BST2,PSMB3,HLA-F,SHISA5,PAXX,TPI1,DAD1,PGAM1,GNG2,ADGRG1,PPP1CA,CD247,TRDC",blood,Natural Killer (NK) cells,M
Ivanova_2021,F20,"CD3D,CD3G",blood,unknown,F
Ivanova_2021,F24,"RPS4Y1,ZBTB1",blood,unknown,F
Ivanova_2021,F25,"CD8A,GZMK,CD8B,HLA-DRA,TRAC,LAG3,COTL1,ANXA5,LIME1,MCUB,GBP2,RGS10,NDUFS2,CLDND1,CD27,THEMIS,SIT1,SIRPG,CAMK4",blood,CD8+ T cells,F
Ivanova_2021,F23,"TRDV1,TRGV4,CD3D,TRAC",blood,gamma-delta (γδ) T cells,F
Ivanova_2021,F22,"STMN1,KLRC1,MYOM2,TYMS,NASP,FCER1G,IGFBP7",blood,Natural Killer (NK) cells,F
Ivanova_2021,F21,"FCER1G,TYROBP,KLRB1,IGFBP7,AREG,C1orf162,SH2D1B",blood,Natural Killer (NK) cells,F
Ivanova_2021,M15,"MTRNR2L8,XIST",blood,unknown,M
Ivanova_2021,M18,"HLA-DRA,HLA-DRB1,HLA-DPB1,HLA-DQB1,CD79A,MS4A1,CD83,HLA-DRB5,BANK1,HLA-DQA1,LINC00926,HLA-DMA,IGHM",blood,B cells,M
Ivanova_2021,F26,"RPS29,PCBP2,RPS10,RPS4Y1,RPL36A,TMA7,VAMP2,RSL24D1,YPEL5,SQSTM1,RNMT,ATP6V0C,EIF1B",blood,unknown,F
Ivanova_2021,F27,"MT-ND6,MTRNR2L8,unknown,H1-4,MYH9,MT-ATP8,RALGPS2,SELL,FCMR,LSP1,RIPOR2,GDI2,MSN,HCLS1,ACTR2,PTPN6,ATF7IP,LCP1,AHNAK,UCP2,BANK1,ANKRD44,CD79B,SEPTIN9,SP140,RAC2,HVCN1,ITGA4,DDX17,SP110,OGA",blood,memory B cells,F
Ivanova_2021,M6,"NKG7,GNLY,CST7,CTSW,PRF1,GZMB,CCL5,GZMH,FGFBP2,KLRD1,ACTN4,FCGR3A,SYNE1,GZMA,PRKCH,IL2RB,AOAH,CX3CR1,TGFBR3,ITGAL,CD247,ETS1,SPON2",blood,natural killer (NK) cells,M
Ivanova_2021,F46,"IL32,CD3E,CD52,MTRNR2L8,KLF2,TRGV9,ZFP36L2,EFHD2,YBX1,SUN2,PTP4A2,CXCR4,CD3G,GNAI2,CD3D,DUSP2,ABHD17A,JUND,HLA-DPB1,RPL38,HNRNPD,PCBP1,CD81,FMNL1,TBX21,ATP5F1D,GNAS,YPEL3,PABPN1,RPS29,DUSP1,SSBP4,JUN",blood,NK-like T cells,F
Ivanova_2021,F43,"TRGV9,CD3G",blood,gamma-delta T cells,F
Ivanova_2021,F44,"TYROBP,EFHD2,TGFB1,MTRNR2L8,JAK1,ZFP36L2,KLRB1,FCER1G,NFKBIA,CLIC3,KLF2,GNAI2,ABHD17A,STK17A,ID2,PCBP1,TBX21,DUSP2,IGF2R,SFPQ,RBM38,PTP4A2,H1-10,FOS,ARPC5L,SUN2,DUSP1,YPEL3,HNRNPL,ARF6,YBX1",blood,natural killer (NK) cells,F
Ivanova_2021,F45,MYOM2,blood,unknown,F
Ivanova_2021,F47,"TUBB,TPI1,DNMT1,TMPO,HMGN2,TUBA1B,DEK,SMC1A,RAN,PSMB8,PKM,ANP32B,SLC25A5,COX8A,MIF,HMGB2,LDHB,PSME2,H2AZ1,SNRPD2,PRKDC,HMGN1,ENO1,ARPC5,HNRNPD,PTBP1,NUCKS1,STMN1,ARL6IP4,ATP5MC3,RALY,IDH2,PSMA7,ANAPC11,IFI16,MACROH2A1,NASP,CCT6A,RBL1,DUT,MCM3,LIG1,PGAM1,MCM7,MCM5,DNAJC9,PCNA,ATAD5,MTHFD1,MCM4",blood,unknown,F
Ivanova_2021,M7,"PPBP,TLN1,NRGN,CALM3,CST3,TUBB1,TPM4,KIF2A,H2AC6,CAVIN2,TIMP1,LAMTOR1,MAX,CTSA,LIMS1,F13A1,ITGB1,SPARC,CLU,MPIG6B,NORAD,GRAP2,MYL9,PF4,RNF11,GNG11,ASAH1,RAB11A,TALDO1,CAPZA2,RGS10,RSU1,TUBB4B,APP,NCOA4,IFI27,RGS18,R3HDM4,MMD,NDUFAF3,TPST2,NT5C3A,GP9,RUFY1,PGRMC1,HACD4,THBS1,DYNLL1,CNST,TREML1",blood,platelets,M
Ivanova_2021,F49,"EEF1A1,RPS12,RPL28,RPS8,IFI27,RPL30,TMSB10,RPS15A,RPL13,RPL19,RPS14,RPS3,RPL39,RPS23,RPS13,RPS15,RPS19,RPL12,RPL37,RPL18A,RPL8,RPL7A,RPS3A,RPS7,RPS27,RPS18,S100A8,RPS6,RPL34,IFITM2,RPL11,IFITM3,RPS28,RPL6,IFITM1,LY6E,RACK1,RPL13A,RPL21,IFI6,S100A9,RPL3,RPL29,VIM,S100A4,RPL5,RPL26,RPS4X,RPS26,RPL14",blood,platelets,F
Ivanova_2021,F48,"MTRNR2L8,MT-ND5,MTURN,MT-ND6,MT-ATP8,TSPAN33,PTPRJ,STK24,CCDC92,TAF10,MFAP3L",blood,platelets,F
Ivanova_2021,F52,"NFE2,CNST,PDGFA,STON2,VPS37B,TAL1,PTP4A2,STK24,FAM110A,NCK2,SF3A1,SEC14L1,UBE2H,LYL1,KAT6A,SSX2IP,PRKCB,RBM38,LGALSL,GNA13,TACC3,EPB41,TENT5C,DSE,TSPAN33,ZEB2,PEAR1,ABI1,KIAA0513,SYTL4,INAFM2,EPS15,SLFN14,NFAT5,LRBA,DENND4C,TBXAS1,KCNA3,MADD,INKA2,FRMD4B,FLI1,PBX1,CCDC92,MOB1B,SLC2A3,ARRB1,PPP3R1,RBBP6,BICD2",blood,platelets,F
Ivanova_2021,F50,,blood,platelets,F
Ivanova_2021,F51,"PTCRA,FAM110A,CNST,ELF1,NEXN,ETFA,CARD19,ICAM2,PSTPIP2,IFRD1,VAPA,H2BC4,NDUFA6,GATA1,AKIRIN2,PDCD10,ARF4,XPNPEP1,TBXA2R,CD47,VASP,FRMD3,unknown,TBPL1,DERA,INKA1,UBAC2,SRSF6,EIF1B,VPS28,ATP5MJ,MEIS1,UBE2B,DNAJB6,MAP2K3,SEPTIN11,H2BC21,EMP3,IGF2BP3,H2BC12,JAK1,NAA38,CD82,STX7,KIFAP3,GMFG,CFLAR,UIMC1,EIF5,RILPL2",blood,platelets,F
Ivanova_2021,M4,"IL32,TUBA1B,TUBB,H1-3,HMGB2,H1-2,DEK,CALM3,H4C3,CD3D,MT2A,ANXA2,STMN1,H2AZ2,TMPO,DDX39A,TAF15,PSMB6,NUCKS1,TUBB4B,PPM1G,ANP32E,ZAP70,HMGA1,SRP9,HNRNPR,ILF2,ANAPC11,SIVA1,NDUFA2,SEPTIN1,RAD21,CD3G,ATP5PF,SOD1,CACYBP,ATP5IF1,SEM1,JPT1,PSMB10,TALDO1,ERH,PPP1R18,IDH2,PRDX1,KPNB1,ABRACL,SPN,PSMB8,CCT6A",blood,T cells,M
Ivanova_2021,F39,"unknown,SPOCK2,TCF7,CD4",blood,Naive CD4+ T cells,F
Ivanova_2021,F37,"CD8A,GZMH,GZMK,CD8B,PLEK",blood,cytotoxic T cells,F
Ivanova_2021,F38,"GNLY,GZMB,TYROBP,KLRD1,IGFBP7,FCER1G",blood,Natural Killer (NK) cells,F
Ivanova_2021,M1,"GNLY,NKG7,CCL5,CTSW,CST7,FGFBP2,GZMB,KLRD1,CCL4,GZMH,RAB5IF,GZMM,KLRB1",blood,natural killer (NK) cells,M
Ivanova_2021,F29,"CD3E,SRRT",blood,unknown,F
Ivanova_2021,F28,"KLRB1,TYROBP,MAP3K8,FOS,SPON2",blood,NK cells (CD56bright subset),F
Ivanova_2021,F30,"VIM,TGFB1,OAZ1,CREM,PGK1,TUBA4A,SRRT,ARID5A,CD8A,PDCD4,CORO1A,CYTIP,BRD2,SLA2,ZFP36L1,FAM177A1,PLAAT4,SLC38A1,TMBIM6,VPS37B,CD44,TRMT112,RGCC,CHST12,OASL,PSMB8,SLC9A3R1,RSRP1,FYN,SH2D2A,REEP5,CCSER2,NDUFS5,RBX1,CD3D,SLC7A5,BUB3,PSMB9,MGAT1,KIR3DL2,TRABD,SLC2A3,SCAF11,GABARAPL1,SH2D1B,NCOR1,HNRNPF,NFATC2,RNF149,GIMAP7",blood,NK cells,F
Ivanova_2021,M5,"LYZ,S100A9,TYROBP,S100A8,SAT1,NEAT1,CTSS,FCN1,ZEB2,AIF1,TKT,TALDO1,VCAN,S100A11,NPC2,SPI1,NCF1,TYMP,NINJ1,S100A12,APLP2,ANXA2,SERPINA1,FOSB,TSPO,ATP6V0B,CYBB,CNPY3,ATP2B1-AS1,NAMPT,RGS2,ASAH1,LGALS3,CD68,IFNGR2,CSTA,G0S2,STXBP2,PGD,GRN,CD14,HLA-DRA,MS4A6A,ANXA5,MNDA,COTL1,LGALS1,CTSB,PYCARD,GLUL",blood,monocytes,M
Ivanova_2021,F40,"unknown,MT-ND6,SAMHD1,unknown,FGL2,ADA2",blood,non-classical monocytes,F
Ivanova_2021,F41,"CXCL8,G0S2,RPS4Y1,THBS1",blood,unknown,F
Ivanova_2021,F42,"IFI27,IFI6,AREG,MT2A,IFITM1,CTSD,ATP6V0E1,DDIT4,PLSCR1,HMGB2,PLAC8,ISG15,DBI,H2AJ,ATP5PD,VAMP5,APOBEC3A,GLRX,CTSA,PSMB9,PRDX5,MX1,SULT1A1,BLVRA,UBE2L6,IRF7,IFI27L2,RNASE2,ARPC1B,BLOC1S1,NKG7,IFI44L,RNASE1,UQCR10,SIGLEC1",blood,interferon-activated monocytes,F
Ivanova_2021,M9,"LYZ,S100A8,S100A9,IGKC,IGKV3-20,HBB",blood,unknown,M
Ivanova_2021,F56,"unknown,CST3,NFKBIA,MT-ND3,MT-ND2,COTL1,MT-ND5,RPS4Y1,ZFP36,SAT1,H1-10,CD69,DUSP2,CIRBP,SF1,RBM3",blood,unknown,F
Ivanova_2021,F57,"IGKV3-20,IGKC,JCHAIN,IGLV3-1,IGKV1-5,H1-3,H4C3",blood,unknown,F
Ivanova_2021,F58,"HBB,HBA1,HBA2,UBB,OAZ1,GYPC,BNIP3L,LGALS3,SLC25A37,C9orf78,MKRN1,EIF1B,ALAS2,EPB41,RIOK3,FKBP8,TENT5C,FBXO7,GUK1,HBD,PRDX6,NCOA4,PRDX2,ADIPOR1,SLC25A39,RAD23A,BSG,GABARAPL2,EIF2AK1,R3HDM4,DCAF12,RNF10,PSMF1,GLUL,RNF11,PITHD1,SNCA,BLVRB,NUDT4,CCNDBP1,GSPT1,MAP2K3,MPP1,CTSB,WNK1,CA1,OPTN,TRIM58,YBX3,RBM38",blood,erythrocytes (red blood cells),F
Ivanova_2021,M14,"COTL1,FCER1G,CST3,IFITM3,AIF1,S100A11,PLEK,TYROBP,LYZ,FCGR3A,TIMP1,NPC2,PTPN6,S100A9,HLA-DRA,LST1,SPI1,ALDOA,RHOG,HLA-DPA1,DRAP1,NINJ1,CTSC,RNASET2,ASAH1,SERPINA1,CD68,CSTB,PTP4A2,TSPO,CD83,PECAM1,TMPO,RNH1,SPN,STXBP2,ZYX,ZFAND5,ANXA5,INSIG1,BCL2A1,CHCHD10,PYCARD,UBE2J1,GLUL,FGR,GNB2,MYO1F,ZEB2,C1orf162",blood,monocytes,M
Ivanova_2021,F15,"MT-ND6,CX3CR1,MTRNR2L8,ADA2,CSF1R,BEST1,PLCB2,RAB10,ITGAL,RIPOR2,NOTCH2,TGFBI,MT-ATP8,CDC42SE1,EHBP1L1,MACF1",blood,non-classical monocytes,F
Ivanova_2021,F16,"RPS4Y1,CDKN1A,G0S2,LITAF,SNHG15",blood,unknown,F
Ivanova_2021,F17,"S100A8,GIMAP4,DYNLL1,C4orf48,ATP5PF,RPS10",blood,monocytes,F
Ivanova_2021,M13,"CST3,HLA-DRB1,HLA-DRA,HLA-DPA1,HLA-DPB1,LYZ,COTL1,HLA-DRB5,HLA-DQB1,LGALS1,HLA-DQA1,TUBA1B,TPI1,HLA-DMA,ZYX,CTSS,GPR183,PRELID1,PCBP1,CEBPD,SPI1,GRB2,TIMP1,CD83,ID2,SYNGR2,CSTB,TKT,ARF6,RAC1,PTP4A2,RNH1,NPC2,AP1S2,LAPTM4A,FCN1,ARF5,BRK1,GNG5,S100A9,CNPY3,TXN,RNASET2,PLAUR,ANXA2,C1orf162,RNF130,CPVL,TYMP,GRN",blood,myeloid dendritic cells,M
Ivanova_2021,F11,"RPS4Y1,NINJ1",blood,unknown,F
Ivanova_2021,F12,"MTRNR2L8,MT-ND6,unknown,H1-10,CTSZ,unknown,TGFB1,CD1C,BRI3,JUND,TAMALIN,ITGAX,MT-ATP8,TAF10,TLN1,GNB1,CAPNS1,ENHO,TM9SF2,SRSF9,SMAP2,CIITA,PABPN1,PLCB2,PLEKHO1,ETV6,CDV3,AOAH,QKI,SULF2,ADA2,RTN1,NCOA4,ALYREF,MAP2K2,FAM102B,PIP4K2A,UBALD2,MXD4,XIST,HOOK2,RPS27AP5,PBX2,FGL2,TGFBI",blood,myeloid dendritic cells,F
Ivanova_2021,F13,"IFITM1,IGSF6,CASP1,CCND3,PSMB10,MNDA,CARD16,NCF2,BLOC1S1,CD33,CKLF,GABARAPL2,PSMB9,ATP6V0E1,DYNLL1,TNFSF13B,OSTF1,PSMB8,GBP1",blood,myeloid dendritic cells,F
Ivanova_2021,F14,"IRF8,BCL2A1,CPNE3,JPT1,WDFY4,C1orf54,DNASE1L3,CLEC9A,SLAMF8,HLA-DOB,TMEM14A,CADM1",blood,myeloid dendritic cells,F
Ivanova_2021,M12,"LYZ,HLA-DPB1,HLA-DPA1,SAMHD1,HLA-DRB5,HLA-DRA,HLA-DQA1,GDI2,ANXA2,NONO,HLA-DQB1,MT-ATP8,NCOA4,ITGA4,SELL,ZEB2,SPN,GRN,AOAH,unknown,CANX,H1-2,PRRC2A,MACROH2A1,PPT1,KLF10,PRPF8,CCT6A,CTNNB1,CASP1,AIF1,CYBB,YWHAE,GPI,ACTR2,EIF4G1,CTSS,OS9,SNRNP200,H1-3,OGT,SRP72,CPVL,ADA2,PTTG1IP,DOCK2,TPP1,LTA4H,PLCB2,RBBP4",blood,monocytes,M
Ivanova_2021,F8,"S100A4,TYROBP,SAMHD1,FCER1G,ZFP36,ANXA2,FCER1A,CASP1,JAML,ITGAX,CYBB,FCN1,CD1C,LYZ,VCAN,S100A11,GRN,ANXA5,LGALS1,NAIP,CD36,NCF2,AOAH,MS4A6A,FYB1,CLEC10A,PEA15,JUNB,IGSF6,FGR,CSF1R,CFP,MNDA,CTSB,RNF213,CAPG,TGFBI,HLA-DMB,GSN,CTSH,ZNF385A,TNFAIP2,S100A9,CD4,CX3CR1,LRP1,IL10RA,SERPINA1,LYST,DPYD",blood,non-classical monocytes,F
Ivanova_2021,F9,"CDK6,H1-0,ZFAS1,TXN,SMARCC1,GLUL,SLC40A1,TESPA1,IMPDH2,STMN1,ANKRD28,MIF,NSA2,SNHG8,PRSS57,CD34,CD69,SNHG7,NRIP1,GIHCG,SOX4,GATA2,NUCB2,MSI2,KDM5B,CTSW,VPS37B,ATP6V0A2,NPR3,MCTP2,CD82,ALDH1A1,EGFL7,RAB37,TFDP2",blood,monocyte-derived dendritic cells,F
Ivanova_2021,F10,"IRF8,WDFY4,CPNE3,SHTN1,SNX3,SELPLG,FLT3,FNBP1,RGS10,SFT2D2,LRRK2,ACSL5,DSE,NAV1,CYB5R3,ANPEP,CBL,GYPC,ITGAL,TRERF1,SLAMF7,ASAP1,ZNF366,NET1,IDO1,CSRP1,THBD,CLEC9A,CAMK2D,VAC14,DBN1,PTK2,SLAMF8,CLNK,XCR1,RAB7B,C1orf54",blood,dendritic cells,F
Ivanova_2021,M16,"IGKC,ISG20,P4HB,CD79A,MTDH,SPCS1,XBP1,UBE2J1,PEBP1,TRAM1,PSME2,SPCS2,RPN1,PDIA6,NCF1,COX5A,SPCS3,RPN2,JCHAIN,FKBP11,SEC61G,COPE,RPL22L1,DAD1,MYDGF,LMAN2,PSMD8,SND1,TMEM258,SRPRA,HM13,TENT5C,TMED9,SSR3,DDOST,PRDM1,RABAC1,PRDX5,SEC11C,PDIA4,UBXN4,PIM2,CD27,KRTCAP2,SSR1,AQP3,LMAN1,OSTC,SEC61A1,FKBP2",blood,plasma cells,M
Ivanova_2021,M11,"HLA-DRA,HLA-DRB1,LTB,HLA-DPB1,HLA-DQA1,HLA-DRB5,HLA-DPA1,CD79A,IGKC,CD53,HLA-DMA,FCMR,MS4A1,PLAC8,NCF1,ISG20,SYNGR2,LBH,SELENOH,RCSD1,SNX2,ANAPC16,SELL,IGHM,BANK1,HLA-DMB,MEF2C,CD79B,RALGPS2,LINC00926,SWAP70,HVCN1,CYB561A3,RNASET2,SP110,TCL1A,FCER2,NIBAN3,PTPN6,HLA-DQB1,FCRLA,CD19,VPREB3",blood,B cells,M
Ivanova_2021,F7,"AHNAK,S100A10,CTSH,ANXA2,PLEK,ITGB1,PRDX1,RHOG,AIM2,CLECL1,CTSC",blood,plasmablasts,F
Ivanova_2021,F6,"TCL1A,FCER2,IGHD",blood,naive B cells,F
Ivanova_2021,M8,"GZMB,FCER1G,TYROBP,CST3,HERPUD1,NPC2,PLAC8,SPCS1,IGKC,PPP1R15A,RNASET2,ALOX5AP,GPR183,HLA-DQA1,PLP2,GRN,C12orf75,VAMP8,HLA-DRA,HLA-DPA1,CTSC,SELL,APP,PTPRE,TRIM22,CNPY3,SIVA1,IRF8,TXN,JCHAIN,IRF7,CD68,CLIC3,CTSB,B4GALT1,CYBB,NCF1,STMN1,XBP1,RNF130,TMED10,TACC1,ERN1,RPN2,SPINT2,HLA-DMA,OS9,SYK,MAN2B1,LAPTM4A",blood,monocytes,M
Ivanova_2021,F53,"MTRNR2L8,H1-10,JUND,GNAI2,LYN,TLE5,BRI3,MT-ATP8,CTSZ,SULF2,TGFB1,IGF2R,GNB1,VEGFB,DUSP5,HNRNPL,MAP3K2,unknown,SEL1L3,PTP4A2,MIDEAS,PABPN1,PCBP1,TAF10,KHDRBS1,PHF3,PI4KA,QKI,TXNDC5,DNM2,RBM38,TXNL4A,TGFBR2,SRSF9,ZNRF2,PTEN,STK24,NBEAL1,TMEM268",blood,monocytes,F
Ivanova_2021,F54,"RPS10,S100A11,RHEX,IFITM2,CCND3,TALDO1,AP2S1,PSMB9,C4orf3,TRMT112",blood,monocytes,F
Ivanova_2021,F55,RPS4Y1,blood,unknown,F
