Data,Cluster,Markers,Organization,cell_type,level
Jansky_2021,M8,"DDX1,NBAS,RPL35A,RPL23A,RPL23,RPL27,IQCJ-SCHIP1,RPS3,RPS11,RPL18,RPS5,RPL29,RPL14,HDAC9,RPS25,KCTD16,RPS13,RPL5,RPS9,RPS4X,CHRM2,ARL17B,RPL4,KLHL13,RPL7A,RPL24,RPL15,XPO5,TMEM108,TENM2,DSCAM,EPHA6,EEF2,TOM1L1,GAL,RPSAP58,GNB2L1,RPS3A,PRKCA,NACA,PSD3,ST6GALNAC3,hsa-mir-490,RPL31,PDE5A,RP11-160H12.2,RPL10A,NBEAL1,ZNF90,RPS2",adrenal,unknown,M
Jansky_2021,F26,,adrenal,unknown,F
Jansky_2021,F27,"FGF13,PCDH15,CENPP,TULP4,ATRNL1,ARHGAP21,DLG1,ASH1L,SLIT2,FBXL20,PAK3,THADA,SEMA3A,ARID4B,RP11-761E20.1,QKI,SPAG9,GRIA1,SH3PXD2A,EHBP1,CDH8,PTPRN2,TRA2A,MAPK10,PCDH11X,CHD2,AC073283.4,DENND5B,LUZP2,XRN1,TBL1XR1,C11orf49,SPTAN1,ENOX1,NRP1,AC002454.1,MNAT1,GAB2,ZRANB2,ARL15,DCAKD,WHSC1,CASK,RP11-83A24.2,ESRRG,SUZ12,MDM4,WDR70,NSF,TMCC1",adrenal,unknown,F
Jansky_2021,M1,"NPY,NXPH1,SOX4,TMEM132C,PTPRD,ZFHX3,ZNF804A,CDK6,TUBB2B,CASC15,EBF1,ROBO2,AGBL4,NRXN1,TENM3,CADM1,MED13L,RYR2,TMTC2,SORBS2,AC074363.1,PCLO,RP11-611E13.2,FRMD5,DNM3,ERC2,ATXN1,GPATCH8,ELAVL2,RGS7,ANK3,LRRTM4,SSBP2,RP11-14N7.2,CCND1,EXT1,KALRN,PTPRN2,SPDYE3,SLIT2,CTNND2,FBXL7,GRM8,NREP,ELAVL4,HS3ST5,AHI1,CRLF3,RP4-678D15.1,TMEM178B",adrenal,unknown,M
Jansky_2021,F9,"DGKB,CASC15,ALCAM,NCAM2,ROBO2,DCC,KCTD16,UNC5D,CADPS,MACROD2,SEMA3D,SLIT3,ATP8A1,ADRBK2,TTTY14,ITGA8,RAPGEF5,DMD,EPB41L4A,TOX,FSTL5,LINC00693,PLCL1,INPP4B,GRIA1,ARL17B",adrenal,unknown,F
Jansky_2021,F10,"CASC15,CT60,CCND1,ORAOV1,ICA1,RP11-548L20.1,CHRM2,MDK,NFIB,PLCB1,OR4N2,SPDYE2B,XIST,HMGN2,PRKCA,DOCK10,LINC00478,HIST1H4C,KAZN,EZH2,HMGB2,MPPED2,NYAP2,TENM4,IGF2BP3,CASC14,CDK14,FARS2,RP11-554A11.8,PTPRG,NRG2,RNF150,WHSC1,RP1-137K24.1,TENM2",adrenal,unknown,F
Jansky_2021,F11,"CLSTN2,KCNQ1OT1,KCNQ1,TENM1,CDH4,SLC30A8,AC007392.3,AC023115.2,AC004540.5",adrenal,unknown,F
Jansky_2021,F8,"BRINP3,NNAT,FMN1,RP11-548L20.1,NTNG1,PRPH,RP11-79E3.3,AC007319.1,LDLRAD4,VSNL1,RP3-525N10.2,STARD4-AS1,RP11-305B6.3,CCBE1,AC010127.3,TUBB2A,CNKSR2,PCDH7,CREB5,SNURF.1,MEI4,NREP-AS1,SNRPN,RP11-173D3.1,LPAR1",adrenal,unknown,F
Jansky_2021,M5,"FGF14,ERBB4,LINC00276,CHGA,MT-CO3,LPIN1,MT-CO1,MT-CO2,ANKRD30A,ROCK2,PDIA6,TRIB2,PLD5,PDE10A,SST,KIAA0825,DDX1",adrenal,chromaffin cells,M
Jansky_2021,F21,"ANKRD30A,SST,CHGA,MT-CO1,MT-CO3,LINC00276,MT-CO2,CHGB,PDE10A,ACTB,RAP1GAP2,NBAS,TMEM181",adrenal,chromaffin cells,F
Jansky_2021,F22,"KCNQ5,CTNNA2,AUTS2,ALK,SLIT3,NRXN1,RPS27,LSAMP,PTMA,RP11-173D3.1,RPLP2,MYT1L,AGAP1,GREB1,MAGI2,CHRM3,HPCAL1,TXNRD1,NCAM1,KIF26B,RPS27A,ZFHX3,ARMC9,GLCCI1,CADM1,MAPT,GNG4,STMN2,LPHN3,RGS7,LINC00478,KALRN,BAI3,TCF25,FOXN3,PBX3,SEMA6D,BPTF,RPL6,DLG2,BMPR2,RPS3,RPL7,CREB5,SULF2,DLGAP1,RP11-761E20.1,CACNA1C,PITPNC1,TENM3",adrenal,chromaffin cells,F
Jansky_2021,M0,LRRC7,adrenal,unknown,M
Jansky_2021,F0,,adrenal,unknown,F
Jansky_2021,F5,"PFDN5,XRCC5,PDE5A,GALNT13,MYCBP2,SNX6,RFWD2,UQCRQ,ARHGEF7,MAPK8",adrenal,unknown,F
Jansky_2021,F4,"CUX2,GATA3,XRCC5,UNC79,CHN1,EIF4G2,FSCN1,NPM1,PTPRR,ANO6,CFL1,LENG8,YWHAZ,AP2B1",adrenal,unknown,F
Jansky_2021,F6,"RPS21,RPL7,CELF1,CLASP2,XKR6,RP4-723E3.1,PTPRN2,HSPA8,TSPAN5,SLC4A8,CPSF6,RPL24,CEP350,PDE5A,LINGO1,PCLO,EPB41L3,PKD1,CALD1,GALNTL6",adrenal,unknown,F
Jansky_2021,F1,"EIF4G2,KLHL23",adrenal,unknown,F
Jansky_2021,F7,"RPS25,HMGB2,NUCKS1,ASTN2,RPS29,SLC38A1,OST4,MMP16,PTMS,BCAS3,CDH18,PCDH9,PTPN12,FBXO11,COX7A2,CD46,MLLT11,NLGN4X,RUNX1T1,FTH1,XKR6,YWHAG,PCNXL2,ATP5L,FER,SRSF11,CPE,NDUFS5,RNF150,KCND2,RPSAP58,TSC22D1,COX7C,CNTNAP4,EML6,SFPQ,RPS3A,ERC1,PUM2,CHGB,CCND1,RPL4",adrenal,unknown,F
Jansky_2021,F2,"HDAC2,GOLGA8A,EVL,CENPP",adrenal,unknown,F
Jansky_2021,F3,SF3B1,adrenal,unknown,F
Jansky_2021,M2,"ROBO1,DGKB,CREB5,LRRTM4,SGIP1,MEIS1,FMN1,PCDH7,TH,MGAT5,SCG2,ARHGAP26,CHRNA7,ANO6,CCBE1,PAM,LINC00693,SPP1,PRUNE2,TLN2,RP11-40F8.2,ANKFN1,SLC44A5,GRID2,ST6GALNAC5,MGAT4C,NCKAP5,SEMA3E,PDE4B,RNF144A,PLXNA4,CPNE8,PRICKLE1",adrenal,chromaffin cells,M
Jansky_2021,M7,"DGKB,NEGR1,RTN1,UCHL1,RPS4X,ELAVL2,NRG3,HDAC9,PCSK1N,ASTN2,NRCAM,CHRM2,PPP2R2B,RGS5,DMD,B2M,EPHA5,KCNH7,DLGAP1,SLIT3,GRIA2,XIST,STMN4,DOCK3,CADPS,PRUNE2,ARHGAP21,TMEM66,UNC5D,NLGN4X,NGFRAP1,INPP4B,ATP8A1,DYNLL1,RP3-525N10.2,SLC44A5,STAC,DUOX1,MEIS1,UQCRB,PLXNA4,ITGA8,NDUFA4,APBA1,PMP22,PRR16,DBH,SLC8A1-AS1,UBB,SLCO3A1",adrenal,unknown,M
Jansky_2021,F24,"KCNQ5,DPP6,SLC8A1,CACNA2D3,MEIS1,FAM155A,PRUNE2,SLIT3,EML5,INPP4B,FGF13,EPHA5,CHRM2,KCNH7,IL7,PRR16,RP11-452H21.1,ELAVL4,UNC5D,DUOX1,EYA4,ARHGAP21,GAB2,RAP1GAP2,KIF26B,ERC1,APBA1,ITGA8,PTPRN2,FMN2,SRRM3,PLXNA4,CADPS,STAC,SLC8A1-AS1,AFF3,ATP8A1,MYT1L,DBH,PDE3A,TMOD1,RGS7,hsa-mir-490",adrenal,unknown,F
Jansky_2021,F25,"NRXN1,AGAP1,FRMD5,LRRTM4,XKR4,MAP4,EHBP1,KIRREL3,TCF12,SPATA6,AKAP13,IL1RAPL2,CASC15,ITGA1,ITGB1,NAALADL2,NEAT1,KCNMA1,PCDH9,NRXN3,SORCS1,ATP2B1,ANKRD10,PPAP2A,PLXDC2,ZEB2,ASAP2,BACH2,IL1RAPL1,MAML2,UTRN,SOX5,GPM6B,CDH19,ARHGAP24,SLC35F1,QKI,STARD13,COL18A1,FIGN,COL5A2",adrenal,unknown,F
Jansky_2021,M9,"IQCJ-SCHIP1,EYS,PCDH15,SORCS1,CT60,RP11-173D3.1,DSCAM,TENM2,SEMA3D,RP11-79E3.3,CEP112,RP11-206L10.9,RP11-215N21.1",adrenal,unknown,M
Jansky_2021,M6,"SLC26A3,INO80D,MT-CO3,MT-CO2,C4orf48,CSMD1,WASH4P,LINGO1,LENG8,LAMTOR4,NT5DC2,JUND,SLC27A6,MT-ND4,ATP6V0B,MT-ND3,MT-ND2,SORCS2",adrenal,unknown,M
Jansky_2021,M3,"NEAT1,CALD1,VMP1",adrenal,unknown,M
Jansky_2021,F15,"BICC1,C3,PTPRK,KIFC3,ANKRD36C,PKHD1,KRT18,TJP1,MLLT4,ABCC3,DOCK5,PLXNB1,SERPINA1,CRP",adrenal,unknown,F
Jansky_2021,F13,"CNTNAP2,B2M,RPL13,TMSB4X,RPL37A,TCF4,RPS19,EBF1,SDK1,NPY,IGFBP7,LDB2,RPL13A,FTH1,BCAS3,RPLP1,RPS8,RPL41,H3F3B,GTF2I,NBEAL1,RPS18,RERE,RPS6,FBXL7,RPL36,RPLP2,RPS27,RPL32,RPL11,ZFHX3,HLA-A,RPL34,RPS27A,TXNRD1,TUBA1A,PEAK1,RPL10,MEIS2,RPS14,AMBRA1,RPL19,STMN2,CACNA2D1,RPL31,RPL38,PLEKHA7,NFIB,RPL8,RPS24",adrenal,unknown,F
Jansky_2021,F16,"FAM155A,FGF14,ERBB4,UNC5C,MT-CO3,MT-CO1,BICD1,MT-CO2,LINC00276,LPIN1,THSD7A,CHGA,PDE10A,TRIB2,ROCK2,CHGB,PDIA6,ANKRD30A,SST",adrenal,chromaffin cells,F
Jansky_2021,F17,"MT2A,CRP,APOA2,CYP3A5,ACADVL,SAT1,NAMPT,ITIH3,SQSTM1,SERPINA1,IL32,MBNL2,ZFP36,APOC1,C3,A2M,ASGR1,ABCC3,SERPINE1,SLC20A1,MLXIPL,CP,KIFC3,FGB,PTP4A1,PCCA,MST1,SLC39A14,PLOD2,ARHGEF10L,LPGAT1,SLC38A2,MT1E,MCL1,MT1G,KRT18,ZFP36L1,ORM1,GADD45B,ABLIM1,FGG,MT1H,WWC1,VEGFA,CCNL1,SEPT9,KRT8,SOD2,SERPING1,IL4R",adrenal,unknown,F
Jansky_2021,F14,"AEBP1,THBS1,FOSB,NR4A1,SAA1,THBS2,DLGAP1",adrenal,unknown,F
Jansky_2021,M4,"B2M,MBNL1,ANKRD44",adrenal,unknown,M
Jansky_2021,F19,"NPY,ARHGAP15,BCL2,ZNF804A,UBB",adrenal,unknown,F
Jansky_2021,F18,"MEG3,ICA1,TSHZ2,BMPR1B,UNC5C,AGBL4,SDK1,TENM3,SLIT3,ALK,FGF14,MAML3,SPDYE2,GNGT1,ANK2,MSI2,GLCCI1,DPP6,RP11-344E13.3,AGAP1,ROBO2,PLEKHB2,NFIB,PTPRN2,CHGA,ASTN2,PTPRM,NCAM2,TMEM178B,TH,MYT1L,CDK5RAP3,CREB5,CACNA2D1,KCNH1,TMEM132C,THSD7A,PPM1E,MEIS2,JAZF1,HAND2-AS1,SRRM3,RP4-678D15.1,RUNX1T1,RIMS2,RP11-14N7.2",adrenal,chromaffin cells,F
Jansky_2021,F20,"SAT1,SLC8A1,DOCK4,PLXDC2,ZEB2,FTL,FMNL2,CD74,MYO9B,ETV6,C10orf11,ATG7,AOAH,DPYD,RBM47,PSAP,KCNMA1,ABR,HIF1A,WSB1,FRMD4A,CHST11,DAPK1,GNAQ,TBC1D5,FHIT,QKI,ARHGAP26,SNX29,EXT1,VMP1,LPP,UBE2E2,RAPGEF1,ZSWIM6",adrenal,unknown,F
