Data,Cluster,Markers,Organization,cell_type,level
Jones_2022_intestine,M2,"VIM,TSC22D3,CXCR4,SRGN,IL7R,PTPRC,CCL5,SARAF,SMAP2,TNFAIP3,CRIP1,RGCC,SYTL3,CD3D,FNBP1,ISG20,CYTIP,ITM2A,CNOT6L,CD2,PDE4B,CD69,GLIPR1,LEPROTL1,FAM107B,LINC01871,unknown,CD96,WIPF1,CD48,CD37,TGFB1,CD7,CREM,NAP1L1,EMP3,PARP8,GYPC,NR3C1,IDS,CD52,ANKRD28,LAPTM5,CD44,HCST,SAMSN1,FYN,CRYBG1,PHF20,STK17B",intestine,memory T cells,M
Jones_2022_intestine,F23,"PHGR1,CKB,CLDN3,KRT8,LGALS4,ELF3,KRT18,CLDN4,KRT19,C15orf48,AGR2,FXYD3,EPCAM,C19orf33,CLDN7,KLF4",intestine,intestinal epithelial cells,F
Jones_2022_intestine,F24,"JCHAIN,IGHA2,IGLC3,CYTOR,BIRC3,KLF2,LGALS1,SPCS2,SPCS1,SELENOS,XBP1,DUSP5,GADD45B,SSR3,TMEM258,PELI1,CD79A,SEC11C,MARCKS,MZB1,MIR155HG,TRIB1,TNFRSF13B,PRDX4,EIF2AK4,RRAD,CRELD2,SPAG4,CXXC5,TMEM120B,TIFA,MEF2C,CYRIA,SLAMF7,BASP1,ATOX1,GNG7,PDIA4,SPINK2,PLPP5,YIF1A,SEL1L3,MPG,FCGRT,CLPTM1L,DERL3,GALNT2,KLHL6,CTSH,AKR1A1",intestine,plasma cells,F
Jones_2022_intestine,F20,,intestine,intestinal memory T cells,F
Jones_2022_intestine,F21,"KLRD1,CCL4,CD8A,GZMB",intestine,CD8+ memory T cells,F
Jones_2022_intestine,F22,"CD74,HLA-DRA,KLF2,ARID5B,UCP2,HLA-DPA1,CD79A,YWHAH,HLA-DPB1,MARCKS,TNFRSF13C,CD83,CCR7,MS4A1,LY9,RALGPS2,BANK1,WEE1,SWAP70,TNFRSF13B,MEF2C,HLA-DRB1,GNG7,BLK,ARHGAP24",intestine,memory B cells,F
Jones_2022_intestine,F25,"HSPA1A,CRYAB,CLU,GPX3",intestine,unknown,F
Jones_2022_intestine,M0,"ELF3,IER3,CLDN3,HES1,TFF3,CLDN4,AGR2,ITM2C,SLC26A2,KLF4,CLDN7,MUC12,PCK1,ID1,RAB11FIP1,PHLDA2,CD24,RRBP1,NDUFB7,CAMK2N1,NRARP,DSP,TMEM238,SFN,C19orf33,DSC2,MUC13,KRT18,TMEM54,ARL14,C15orf48,CDC42EP5,TPM1,MISP,FABP1,CDX1,SPINK1,HSD11B2,SCNN1B,CDHR5,unknown,PIGR,H1-0,JUP,MGAT4B,AMN,CYP3A5,TST,ATP8B1,DSG2",intestine,intestinal epithelial cells,M
Jones_2022_intestine,F0,,intestine,intestinal epithelial cells,F
Jones_2022_intestine,F2,"GUCA2A,CA7,BEST4,KRT20,CA4,HES4,SPIB,MSLN,OTOP2,NEURL1",intestine,colonocytes,F
Jones_2022_intestine,F3,"EMP1,LAMA3,EREG,PLAUR,TM4SF1,RAP2B",intestine,intestinal epithelial cells (likely crypt or progenitor-like),F
Jones_2022_intestine,F5,"ZG16,MUC2,FCGBP,SYTL2,ST6GALNAC1,GSN,CLCA1,SCNN1A,KLK1,BCAS1,REP15,BEST2,SERPINA1,SPDEF,KCNMA1",intestine,goblet cells,F
Jones_2022_intestine,F6,"VIM,RPS4Y1,TSC22D3,NAP1L1,SARAF,SRGN,TNFAIP3,FAM107B,ANXA1,CD44,IL7R,CREM,RGCC,CXCR4,ARHGDIB,S100A4,CCL5,PTPRC,ARL4C,TGFB1,ZNF331,SYTL3,GPR183,RGS1,RORA,FYN,KLRB1,ORAI1,CD3D,CD3E,CD7,FXYD5,TRBC2,MSN,GLIPR1,CD37,TRBC1,ITM2A,CD69,CD48,CD2,GNG2",intestine,intestinal intraepithelial T cells,F
Jones_2022_intestine,F4,"GUCA2A,MT1G,CEACAM7,SLC26A3,XIST,MTCO1P12,CLCA4,KRT20,SELENOP,MS4A12,AQP8,TMIGD1,ENTPD8,SLC51B",intestine,colonocytes,F
Jones_2022_intestine,F9,"PCSK1N,MDK,XIST,PYY,VIM,NPDC1,SEC11C,CHGA,PCLO,TUBA1A,SMIM24,GCG,TNNC1,CEP126,CRYBA2,ERO1B,SCGB2A1,MS4A8,TPPP3,UCP2,CACNA1A,SCGN,SCG5,SCG2,DNAJC12,CPE,TFPI,SCT,CHGB,SYT7,PAM,PTPRN2,RAB3B,FEV,CDHR3,GNG2,UCN3",intestine,enteroendocrine cells,F
Jones_2022_intestine,F7,"UBE2S,HMGB2,CKS2,MRPL51,STMN1,MZT2A,FDFT1,PPP1CA,SNRPG,H2AZ2,BANF1,ERH,IGFBP2,TALDO1,HNRNPR,TUBB,SNRPD1,MDH1,RANBP1,CALM3,PLP2,RAD21,LSM4,SDHD,VPS29,EIF3E,OLFM4,NCOA7,LSM5,PSME2,LSM3,IDH2,PRDX3,CNBP,CKS1B,ADH1C,MAZ,FDPS,CENPF,MKI67,PTTG1,CENPW,DUT,MT1G,PSMB3,ALDH2,LDHB,ATAD2,KIF20B,unknown",intestine,proliferating intestinal epithelial cells,F
Jones_2022_intestine,F1,"MTND1P23,UGT2B17,RPL10P9,ADH1C,MT1G,unknown,RBM3,PEBP1,LEFTY1,MGST1,EIF3E,MLEC,ATP5PB,C1QBP,EIF1AX,NCOA7,CYB5A,SQOR,EDN1,RAN,PHB,PARK7,GPX1,TOMM20,ALDH2,CMBL,VDAC1,NDUFAB1,UQCRFS1,NUPR1,NDUFA10,SERPINB1,COA3,NDUFV1,SDHD,SUCLG1,PHB2,SCD,SDHAF3,GCSH,PDIA3,TUFM,NOX1,EIF3F,AK4,SUMO2,ATP23,PPIH,EPHB2,PSMB1",intestine,intestinal epithelial cells,F
Jones_2022_intestine,F8,"CA7,MT1G,MT2A,LEFTY1,RPL10P9,KRT20,CA4,unknown,SPIB,HES4,MT1X,XIST,EIF3E,ALDH2,GMNN,MT1M,BEST4,MSLN,CCND1,unknown,GNPTAB,OLFM4,OTOP2,NEURL1,RHOV,LYZ,PROX1,DMBT1,ADRA2A,CTSE,MEIS1,UNC5C",intestine,intestinal epithelial cells (likely BEST4+ enterocytes),F
Jones_2022_intestine,M1,"MGP,DCN,CFD,C11orf96,GSN,MT2A,LGALS1,EMP1,PDK4,SPARCL1,ZFP36L1,GPX3,CLU,SOCS3,IGFBP7,YBX3,CDKN1A,MAFF,TIMP3,IGFBP6,CCN1,SERTAD1,CALD1,KLF2,KLF9,IFITM3,NNMT,HSPA1A,NUPR1,ADH1B,IFITM2,IFI16,RBBP6,RARRES2,SERPING1,IL6ST,IGFBP5,SELENOM,FBLN1,TIMP1,PMP22,DST,S100A13,ANXA5,C1R,TIMP2,ADAMTS1,MFGE8,CRYAB,TMEM176B",intestine,fibroblast,M
Jones_2022_intestine,F11,"CD9,LGI4,GPM6B,ALDH1A1,PLP1,OGFRL1,MAL,CHL1,S100B,GPR155,NRXN3,SFRP5,SCN7A,RASSF4,RGCC,MLF1,CTNNAL1,HAND2-AS1,HBEGF,CADM2,TCIM,HAND2,PFKFB3,SEMA3C,BIRC3,PHACTR4,STMN1,KHDRBS3,NRXN1,FXYD1,AP1S2,CNP,MAP1B,GAS7,NPTX2,PMEPA1,CSRP1,KCNMB4,SORBS2,PLEKHB1,L1CAM,PCDH17,ANK3,WNT6,PRIMA1,RALGPS2,BCL2,ATP1B1,SOX10,ITGB8",intestine,enteric glial cells,F
Jones_2022_intestine,F10,"CFD,APOD,PLIN2,GPRC5A,PLA2G2A,MEG3,SFRP1,MGST1,PLAC9,SFRP2,SCARA5,MMP2,SLPI,ADH1B,GALNT15,CILP,UAP1,PLPP3,IGFBP4,COL6A3,HSPB8,FBLN1,TGFBR3,ADAMTS5,DDR2,AEBP1,C3,RSPO3,MMP14,OSR2,GPNMB,PRELP,IGFBP5,TNXB,SPON2,MEDAG,DCN,MGP,SERPINF1,GDF15,CTSK,C1R,ADM,NPR1,MFAP5,PTGES,FBLN2,TFPI,CYP4B1",intestine,fibroblast,F
Jones_2022_intestine,F13,"TLE4,CCDC71L,ETS2,CLDN3,KRT8,LGALS4,ELF3,CLDN4,KRT18",intestine,epithelial cell,F
Jones_2022_intestine,F15,"SRGN,EZR,TNFAIP3,LRRFIP1,CD44,FAM107B,IL7R,CREM,SARAF,REL,YPEL5,FYN,CRIP1,SYAP1,AREG,SMCHD1,LINC-PINT,CXCR4,ISG20,ARL4C,SMAP2,PPP2R5C,PTPRC,ARHGDIB,CNOT6L,GLIPR1,FNBP1,ADGRE5,SYTL3,CCL5,RGS1,STK17B,CDC42SE2,PDE4B,GPR183,KLRB1,SLC38A1,unknown,ORAI1,CD7,TRBC2,CD3E,CRYBG1,PDE4A,CD3D,PARP8,SAMSN1,TRBC1,CD2,RUNX3",intestine,unknown,F
Jones_2022_intestine,F14,"CDH19,TCIM,CCN5,ABL2,SPP1,ID4,RCAN1,MYOT,NRXN1,PHACTR4,LGI4,BCYRN1,BIRC3,PMEPA1,GPM6B,MAL,FGL2,EGR3,KCTD12,AHR,NRXN3,NCAM1,GLIS3,RC3H1,IQGAP2,RPGR,COL28A1,TUBB2B,DKK3,CHL1,PTK2,NPTX2,CAPS,SORBS2,NFATC2,ARID5A,PDGFA,PLP1,ANK3,PAPPA,SERPINA5,GPR155,SCN7A,CADM2,HAND2",intestine,fibroblast,F
Jones_2022_intestine,F16,"MFAP5,FBLN1,SERPINF1,SFRP1,PRELP,PLAC9,LUM,DPT,SCARA5,CCN5,MFAP4,TAGLN,COL1A2,GPNMB,CYBRD1,OGN,CYP4B1,ADAMTS5,FBLN5,TGFBR3,ABI3BP,PID1,FHL1,LGALS3BP,CCDC80,PTN,ITM2A,FBN1,SMIM14,EFEMP1,OLFML3,ADH5,CAVIN3,MTND1P23,C3,CD248,SCPEP1,GSTO1,OSR2,ABLIM1,FN1,EBF1,CRTAP,FBLN2,CILP,GAS1,ALDH2,CTSK,PLA2G2A,HIGD1A",intestine,fibroblast,F
Jones_2022_intestine,F12,"CCL2,CCL11,C7,RGS2,DPT,PDGFRA,SPRY1,PID1,TSHZ2,KCNN3,RAMP1",intestine,fibroblast,F
Jones_2022_intestine,F17,"CXCL14,PDGFRA,SLC2A3,TPM2,GDF15,ETS2,PLAT,A2M,IL1R1,NBL1,CAV1,COL6A3,PDLIM1,F3,NEXN,CFH,CYTOR,LIMS1,RBPMS,EDNRB,LDLR,PALLD,RUNX1,DSE,TBC1D22A-DT,OSBPL1A,SOX6,CYGB,PRKAR2B,DEFB1,ITGA10,FOXF1,RCAN2,PTCH1,CCDC68,PRDM1,POSTN,TRPA1,ARHGAP18,FENDRR,FHL2,TM4SF1,SPRY4,BMP5,RCSD1,ABCC4,AFF3,NSG1",intestine,fibroblast,F
Jones_2022_intestine,F18,"TM4SF1,IGFBP4,ICAM1,SRGN,IFI27,CAV1,NEDD9,KCTD12,EPAS1,ETS2,GNG11,LRRFIP1,DEPP1,TNFSF10,PDLIM1,FABP5,CRIP2,ARL4A,SYNE2,LY6E,FAM107A,MYH9,TMOD3,RAMP2,CD74,WWTR1,ELK3,ITM2A,TJP1,SLC9A3R2,MTUS1,PDCD4,GJA1,CLDN5,LIFR,CPE,FOXC1,APOLD1,CD320,NPDC1,RNASE1,THBD,CAVIN2,PECAM1,ACKR1,PTPRB,JAM2,VWF,PRXL2A,CALCRL",intestine,fibroblast,F
Jones_2022_intestine,F19,"ADIRF,TAGLN,MYL9,MT1A,MT1M,TPM2,ADAMTS4,CSRP1,TM4SF1,LPP,CAV1,FLNA,CSRP2,CREM,NEXN,TNS1,LRRFIP1,ACTA2,CRIP1,PHLDA2,LBH,COX7A1,EPS8,LMOD1,PALLD,CAVIN3,CD151,RRAD,MYH11,PLEKHO1,ACTN4,FABP4,CNN1,MTHFD2,HES4,SYNE2,PPP1R14A,FOXC1,CPE,RCAN2,APOLD1,SYNPO2,MCAM,RERGL,SLC7A2,MYLK,PLN,CAV2,GUCY1A1,BGN",intestine,fibroblast,F
Jones_2022_intestine,M4,"SAMSN1,CLU,RGS1,RGS2,CD74,LAPTM5,ELL2,NFKB1,LCP1,ZEB2,VEGFA,SKIL,ANXA5,ALOX5AP,TIMP1,PLAUR,NINJ1,BIRC3,TNFAIP8,CD83,BCL2A1,DUSP6,CAPG,BASP1,TPSAB1,ACSL4,CCDC88A,FCER1G,IRAK3,TYROBP",intestine,macrophages,M
Jones_2022_intestine,F30,"TPSB2,TPSAB1,CPA3,CLU,IL1RL1,HPGDS,MS4A2,SLC26A2,GATA2,CD52,CD69,ANKRD28,PMEPA1,GPR65,KIT,CAPG,LTC4S,PNMT",intestine,mast cells,F
Jones_2022_intestine,F31,"CXCL8,C5AR1,PLAUR,CD163,CXCL3,THBS1,IL1R2,IER3,C1QA,unknown,LYZ,C1QB,HLA-DRA,CXCL2,NAMPT,ACSL1,MRC1,C1QC,PDE4B,CD74,ATP2B1,MAFB,BASP1,G0S2,PTPRE,EREG,TNFRSF1B,ETS2,CD14,FCGR2A,CTSS,HLA-DPA1,MARCKS,CTSB,AIF1,FGL2,RNASE1,ATP13A3,CEBPD,HLA-DPB1,CTSL,SH3BP5,ITGAX,VSIG4,APLP2,MS4A6A,MAP2K3,B4GALT1,TLR2,SELENOP",intestine,macrophages,F
Jones_2022_intestine,M3,"MTND1P23,MTCO1P12,MT-TL1,MTCO3P12,MTCO2P2,MTCO2P12,unknown,MTND4P12",intestine,unknown,M
Jones_2022_intestine,F29,"SH2D6,IRAG2,FYB1,ITPR2,TRPM5,PTPN18,PLCG2,MARCKSL1,PSTPIP2,FUS,CCSER1,IL17RB,TLE4,BMX,RASSF6,HCK,AZGP1,TUBA1A,ALOX5,AVIL,ANXA13,COL27A1,RPL39,H1-10,SH2D7,B4GALNT4,POU2F3,PBXIP1,TAMALIN,AFAP1L2,IGKC,ELAPOR1,IGHA1,SNHG5",intestine,tuft cells,F
Jones_2022_intestine,F26,,intestine,unknown,F
Jones_2022_intestine,F28,"RPL5,NPM1,RPL6,ADH1C,RPL7,ATP5F1C,AGR2,ATP5PB,FTL,RPSA,NACA,MGST1,CHP1,TSPAN8,SPINT2,EEF1B2,RPS13,UGT2B17,COX6A1,AGR3,SDHB,GSTP1,VDAC3,SQOR,CYCS,COX4I1,MDH1,AKR1C3,S100A16,SLC25A5,EIF3K,LGALS3BP,RAN,CMBL,ATP5MC1,ECH1,HERPUD1,NDUFS2,FABP5,ENO1,MYDGF,VDAC2,LEFTY1,COA3,SLC25A3,MYL12B,DAD1,PSMB3,RAC1,KLF6",intestine,unknown,F
Jones_2022_intestine,F27,,intestine,unknown,F
