Data,Cluster,Markers,Organization,cell_type,level
Jones_2022_blood,M2,"GNLY,CCL5,CD52,JUN,ARL4C,IL32,CD69,SYNE2,LTB,TLE5,H1-3,ETS1,GAS5,PNN,CXCR4,TRBC2,CTSW,ISG20,CD247,PCED1B-AS1,CD2,CD3E,RUNX3,CD7,SLC38A1,H1-4,LCK,ANKRD12,IKZF3,H4C3,HINT1,RPL17,SLFN5,NOP53,TRAF3IP3,SKAP1,NPM1,LBH,HNRNPA1,NCL,GZMM,EVL,SRSF7,EIF4A2,TSTD1,FCMR,HMGN1,CLEC2D,PLAC8,HLA-F",blood,Natural Killer (NK) cells,M
Jones_2022_blood,F8,"KLRD1,TYROBP,KLRB1,AREG,FCER1G,CD7,PRF1,GNLY,FGFBP2,FCGR3A,DUSP2,SPON2,CMC1,KLRF1,EFHD2,CD247,CLIC3,NKG7,GZMB,HOPX,CTSW,TXK,CCL4,PYHIN1,CST7,IL2RB,RUNX3,GNPTAB,ZEB2,DIP2A,CEBPD,MATK,PTPN12,CCL5,IGFBP7,GZMM,PTGDR,MAPK1,GZMA,SYNE1,C1orf21,PLEK,ID2,METRNL,CEP78,MYO1F,SAMD3,ADGRG1,GNG2,S1PR5",blood,Natural Killer (NK) cells,F
Jones_2022_blood,F11,"GZMA,CD3D,CD3G,LYAR,GZMH,TRAC",blood,Natural Killer (NK) cells,F
Jones_2022_blood,F10,"CD74,HLA-DRA,CD79A,IGHM,HLA-DPA1,HLA-DPB1,MS4A1,IGHD,YBX3,CD79B,TCL1A,IGLC2,BANK1,HLA-DRB1,POU2F2,TNFRSF13C,RALGPS2,TLE1,LINC00926,IRF8,STX7,MEF2C,P2RX5,MARCHF1,SNX2,HLA-DQB1,HLA-DMB,BCL11A,HLA-DMA,AFF3,STAG3,HLA-DQA1,FCRL1,HVCN1,CD22,SWAP70,VPREB3,FCER2,BLK,LINC02397,ADAM28,PAX5,CD24,ARHGAP24,NIBAN3,TCF4",blood,B cells,F
Jones_2022_blood,F9,"IL7R,LTB,NOSIP,CD3E,BCL11B,IL32,TCF7,PRKCQ-AS1,NDFIP1,TRAT1,CD3G,MAL,SOCS3,CD3D,CAMK4,INPP4B,TRAC",blood,T cells,F
Jones_2022_blood,F12,"TRAC,CD3G,C6orf62,TOB1,MT-TP,RPL41P1,TMSB4XP8,RPS2P5,unknown,EEF1A1P5,HMGB1P5,RPL41P5,RPL13AP5,TMSB4XP4,RPS15P4,unknown,MTND2P28,RPL32P18,MTCO1P12,unknown,RPS28P7,RPS7P1,RPS3AP6,unknown,RPL14P1,FTH1P10,RPL26P19,unknown,unknown",blood,Natural Killer (NK) cells,F
Jones_2022_blood,F13,"TYROBP,FCER1G,LYZ,CEBPD,CEBPB,CST3,SDCBP,S100A12,TKT,APLP2,ARRB2,VMP1,RGS2,LYN,NIBAN1,RNF149,PYCARD,AIF1,SLC25A37,unknown,STXBP2,NAMPT,MNDA,VSIR,TIMP1,GRN,ASAH1,GCA,IL1R2,LST1,CSF3R,VCAN,BASP1,TYMP,FCN1,SPI1,SLC11A1,FPR1,SERPINA1,VNN2,CD163,IRAK3,MS4A6A,FCGR2A,NCF2,NAIP,LRRK2,CR1,ACSL1,MBOAT7",blood,unknown,F
Jones_2022_blood,F14,"IGHA1,JCHAIN,XBP1,LGALS1,IGLC3,PDIA6,FKBP11,SEC11C,SPCS3,PRDX1,MYDGF,TXN,SSR3,SDF2L1,TOP1,PPA1,MZB1,LMAN1,UBE2J1,ATF4,VCP,IGLC2,PIM2,ROMO1,SELENOS,CHCHD10,TMED9,RPN2,RRBP1,ATP5MC1,HM13,KDELR2,DANCR,DDOST,MANF,YWHAE,SRM,PDIA4,SSR1,ERLEC1,VOPP1,MLEC,HDLBP,AQP3,MRPL52,CLPTM1L,OSTC,HNRNPAB,CRELD2,ITM2C",blood,Plasma cells,F
Jones_2022_blood,F15,"YBX3,SNHG7,IGFBP7,SPN,TXN,NUCB2,TKT,AMD1,MACROH2A1,LIMS1,PRDX1,TALDO1,APLP2,TPM4,APEX1,CCT8,CLTA,NAA38,TUBB,CCT4,unknown,YWHAE,STMN1,AIF1,GDI2,HSPD1,IMPDH2,GLUL,HMGA1,ANKRD28,CDK6,CAT,NRIP1,RNF130,SPINT2,CCT2,PCDH9,EBPL,LYL1,CAVIN2,FAM30A,GIHCG,SOCS2,PRKAR2B,SOX4,SYNGR1,RGS18,IRAK3,PKIG,PAWR",blood,Natural Killer (NK) cells,F
Jones_2022_blood,M1,"VCAN,CST3,FCN1,LGALS1,AIF1,S100A10,unknown,CYBB,SERPINA1,CTSB,SPI1,CD163,ZEB2,LST1,LYZ,AHNAK,TIMP1,CEBPB,SAMHD1,GLIPR1,IRAK3,CTSZ,C5AR1,PLBD1,NRGN,CFD,TKT,MAFB,ZFAND5,PYCARD,MTDH,AP1S2,DPYD,PGAM1,MARCHF1,RPL10P9,TYMP,MS4A6A,EIF3H,ANXA1,EIF4B,CAST,KCTD12,RNASE2,LILRB2,HIGD2A,SH3BGRL,EIF3E,PRELID1,MNDA",blood,monocytes,M
Jones_2022_blood,F7,MTND1P23,blood,unknown,F
Jones_2022_blood,F6,"PPBP,unknown,MTCO1P12,PF4,ITGA2B,TUBB1,H2AC6,PRKAR2B,CAVIN2,SPARC,GNG11,TREML1,PF4V1,GP9,MPIG6B,PDLIM1,CMTM5,ITGB3,TMEM40,CTTN",blood,platelets,F
Jones_2022_blood,F5,"HBA2,HBA1,H1-4,THBS1-IT1",blood,unknown,F
Jones_2022_blood,M0,"MNDA,S100P,FPR1,unknown,MXD1,ALOX5AP,CYSTM1,ABHD5,MMP9,RTN3,ANXA3,MSRB1,ARG1,LRRK2,SYNE1,TMEM154,FAM126B,ACSL1,MCTP2,PYGL,PADI4,CREB5,ASPH,PGLYRP1,NIBAN1,PROK2,DYSF,CKAP4,CYP4F3,S1PR4,NABP1,CPD,FCGR2A,STX3,RAB27A,C5AR1,IFRD1,SORL1,STEAP4,ABTB1,MAPK14,IRAK3,RNF24,PPP4R2,SOS2,SLC16A3,IFITM1,AQP9,RGS2,SLC2A3",blood,neutrophils,M
Jones_2022_blood,F1,"HBA2,HBA1,MT-TP,IGKC",blood,unknown,F
Jones_2022_blood,F2,"IFITM3,GABARAP,ALDOA,ATP6V0C,G0S2,NCF1,BCL3,GNG10,MMP25-AS1,DNAJC25-GNG10",blood,neutrophils,F
Jones_2022_blood,F0,,blood,unknown,F
Jones_2022_blood,F3,"LTF,LCN2,MMP8,RETN,PGLYRP1,CD24,CYBB,OLFM4,CPNE3,RPL32,RFLNB,HMGN2,HP,CEACAM8,RPL21,UGCG,CRISP3,RPS24,RPS15,RPL35A,RPL9,RPL8,RPS13,RPS19,RPL26,RPL7,RPS29,RPL13A,RPS23,RPL18A,RPL36,RPS8,BPI,MTDH,ADSS2,RPS25,RPS20,LGALS3,RPS28,TCN1,RPL12,RPL29,TOMM7,RPL18,RPL23,SNHG29,RPL24,RPLP2,GPI,RPL11",blood,neutrophils,F
Jones_2022_blood,F4,"PTMA,OLFM4,CD24,RPL10,MT-ND5,RPS3,RPL14,HCST,RPS4X,NKG7,HMGN2,HBA1,RPS8,H1-4,RAP1B,HBA2,RPL27A,CEACAM8,RPS12,RPL23,RETN,MTATP6P1,RPS21,MIR23AHG,RPL18,ATM,RPL12,MACF1,MTDH,CIRBP,RPL5,ID2,YME1L1,TOMM7,PLAC8,RPS16,PRMT2,HNRNPD,HNRNPDL,RPS18,FUS,GNLY,PPIB,RPL35,RPS5,RPL10A,PSMB1,COX4I1,RPL18A,C9orf78",blood,neutrophils,F
Jones_2022_blood,M3,"YBX3,HBD,GYPC,SLC25A39,SNCA,AHSP,ALAS2,GLRX5,MPP1,HBM,RNF10,FAM210B,EPB41,TRIM58,GMPR,DCAF12,RBM38,PRDX2,BCL2L1,EIF2AK1,SELENBP1,GSPT1,ADIPOR1,DMTN,PDZK1IP1,HBQ1,STRADB,SMIM1,NFIX,FECH,EPB42,FBXO7,CA1,BPGM,MXI1,BAG1,SLC4A1",blood,erythroid progenitor cells,M
Jones_2022_blood,F16,,blood,erythroid progenitor cells,F
Jones_2022_blood,F18,EIF1AY,blood,unknown,F
Jones_2022_blood,F17,,blood,unknown,F
Jones_2022_blood,F19,"GPX4,TUBB1,HLA-E,H2AC6,NAP1L1,GNG11,TPM4,MYL12A,YWHAH,CALM3,RGS10,PRKAR2B,CAVIN2,HLA-C,RGS18,ITGA2B,NRGN,TPM3,TIMP1,ARHGDIB,PTMA,GP9,LAMTOR1,RAP1B,TLN1,FERMT3,TGFB1,SAT1,MYL9,CMTM5,PGRMC1,ACTG1,LIMS1,PKM,ACRBP,TUBA4A,RUFY1,ARPC1B,GAPDH,SRGN,TSC22D1,MPIG6B,CALM1,FLNA,CTSA,UQCRH,MTURN,CFL1,MMD,IFITM3",blood,megakaryocyte progenitor cells,F
Jones_2022_blood,M4,"TNFAIP2,MT-ND6,STAB1,PER1,RPL13P12,TMSB4XP8,MTND2P28,unknown,TMSB4XP4,MTCO1P40,RPS28P7,RPL3P4,unknown,FTLP3",blood,unknown,M
