Data,Cluster,Markers,Organization,cell_type,level
Kim_2020,M2,"TYROBP,FCER1G,AIF1,CCL4L2,ALOX5AP,LYZ,GRN,HLA-DQB1,CXCL8,LST1,HLA-DMA,GPR183,PLAUR,CCL3L3,S100A9,CTSZ,HLA-DQA1,SOD2,MS4A6A,IL1B,ITGB2,CCL4,SERPINA1,CTSS,SPI1,CD14,FABP5,ACP5,CAPG,ALDH2,CCL3,MS4A7,PYCARD,KLF4,C1orf162,G0S2,CD83,HLA-DMB,TGFBI,CSTA,CXCL16,BCL2A1,PLEK,FCGR2A,GMFG,RNASET2,CTSL,RNF130,VSIG4,TREM2",lung,macrophages,M
Kim_2020,F26,"IFI6,GLUL,CD14,FCGR2A,MS4A7,CFD,TREM2,CYBB,CTSL,CCL3L3,CXCL2,FCGR3A,CXCL3,C1QC,IGSF6,CEBPB,CCL3,PLIN2,S100A8,IL1B,OLR1,CCL4",lung,alveolar macrophages,F
Kim_2020,F23,"FABP4,MCEMP1,SCD,S100A13,CYP27A1,IGFBP2,PDLIM1,RHBDD2,VAT1,RND3,PLAAT3,SFTPB,INHBA,SCGB3A2,SFTPA2,SFTPA1,PHLDA3",lung,alveolar macrophages,F
Kim_2020,F25,"PLAC8,LTB,JCHAIN,SERPINF1,IRF7,MPEG1,DDIT4,PLD4,GZMB,PPP1R14B,PAXX,LDLRAD4,CCDC50,AREG,DUSP5,TCF4,SOX4,APP,C12orf75,SLC20A1,UGCG,N4BP2L1,IL3RA,CYB561A3,SLC7A5,ITM2C,SELL,SLC15A4,TSPAN13,PMEPA1,CLIC3,RUBCN,TRAF4,SPIB,LILRA4",lung,plasmacytoid dendritic cells (pDCs),F
Kim_2020,F22,"LGALS2,IRF8,BASP1,SERPINF1,C1orf54,LIMD2,PTPRE,S100B,MZT2A,FNBP1,TAP1,RAB11FIP1,DUSP4,CNN2,CYB5R3,ICAM3,NAAA,LTB,TACSTD2,CPNE3,CCND1,WDFY4",lung,alveolar macrophages,F
Kim_2020,F24,"CCL17,BIRC3,SAMSN1,MARCKSL1,IL7R,IL32,CYTIP,CSF2RA,STK4,BASP1,VOPP1,DUSP4,FNBP1,CST7,CCR7,GPBP1,ERICH1,DUSP5,PTPN1,GRSF1,NUB1,RAB9A,RELB,ANXA6,FSCN1,GADD45A,DAPP1,SIAH2,CCL22,CCL19,TBC1D4,LAMP3,CD1E,ZBTB10,ANTXR2,NR4A3",lung,dendritic cells,F
Kim_2020,M1,"CD52,CXCR4,TRAC,LTB,CORO1A,CD37,CD69,NKG7,CD48,LSP1,CD2,CD7,RAC2,LAPTM5,TRBC1,CD3D,CD53,CD3E,CYTIP,LIMD2,DUSP2,TRBC2,IL2RG,ACAP1,PTPRC,HCST,LCK,EVL,FYB1,CCL5,GMFG",lung,T cells,M
Kim_2020,F17,"HLA-DQB1,HLA-DQA1,CD79A,CD83,IGLC3,MS4A1,HLA-DMA,IGHM,VPREB3,CD79B,HLA-DMB,SMIM14,BANK1,TNFRSF13C,IRF8,LY86,ADAM28,MEF2C,JCHAIN",lung,B cells,F
Kim_2020,F14,IL7R,lung,unknown,F
Kim_2020,F18,"GNLY,CCL4,GZMH,GZMB,CST7,CTSW,CCL4L2,TYROBP,NKG7,CCL3,PRF1,HBB,CD247,PLAC8,HOPX,FGFBP2,CMC1,KLRD1,GZMM,TRDC,BIN2,XBP1,MYO1F,FCER1G,XCL2,CCL3L3,IFNG,SPON2,CLIC3,FCGR3A,KLRF1,MYOM2,PLEK,C12orf75,GZMA,ADGRG1,TTC38,KLRB1,S1PR5,MATK",lung,Natural Killer (NK) cells,F
Kim_2020,F15,"NKG7,CCL5,CCL4,GZMB,CTSW,CD8A,GZMA,GZMH",lung,CD8+ cytotoxic T cells,F
Kim_2020,F20,"HMGB2,TUBB,H2AZ2,DEK,STMN1,C12orf75,GNG5,JPT1,NUCKS1,H4C3,TUBB4B,DUT,BUB3,SIVA1,HMGA1,TPM4,CBX3,HLA-DMA,LSM5,TALDO1,CKS2,RPA3,PTTG1,MRPL51,BANF1,SLBP,CARHSP1,FABP5,LSM3,SMC4,PCNA,RALY,ANAPC11,CKS1B,ANXA5,IDH2,PCLAF,LSM4,MACROH2A1,TMEM106C,TYMS,SNRNP25,DTYMK,CENPM,MCM5,KIF22,NUSAP1,MCM7,EZH2,PHF19",lung,unknown,F
Kim_2020,F16,"CD27,TNFRSF4,PMAIP1,CORO1B,TIGIT,TNFRSF18,BATF,CARD16,GLRX,LAIR2,DUSP4,DNPH1",lung,regulatory T cells (Tregs),F
Kim_2020,F21,"HBB,TXNIP,HBA2,SOCS3,GIMAP7,NBEAL1,TMEM123,NOSIP,SELL,GIMAP4,HBA1",lung,unknown,F
Kim_2020,F19,"NKG7,CCL5,GZMH,GZMA,CST7,HBB,CCL4L2,CD8A,CTSW,C12orf75,HBA2,FGFBP2,MYO1F,GZMM,RAP1B,TRGC2,GNLY,KLRG1,KLRD1,PRF1,PLEK,GZMB",lung,CD8+ cytotoxic T cells,F
Kim_2020,M0,"WFDC2,KRT19,KRT7,KRT18,SLPI,SFTPB,NAPSA,CLDN4,MGST1,ELF3,KRT8,AGR2,TACSTD2,S100A14,HOPX,SPINT2,MUC1,AGR3,SFTA2,CYB5A,CXCL17,FXYD3,CD24,MAL2,GPRC5A,EPCAM,CD9,SLC34A2,PHLDA2,CEACAM6,OCIAD2,APLP2,TCIM,GDF15,SDC4,C15orf48,TSTD1,CLDN3,SFTPD,MRPL14,ATF3,SFTPA2,ATP1B1,SMIM22,S100A13,TFPI,PCBD1,C19orf33,SFN,CCND1",lung,lung epithelial cells (likely alveolar type II cells),M
Kim_2020,F6,"SFTPA2,IGKC,SFTPC,SFTPA1,FOLR1,C16orf89,IGHA1,FABP5,C4BPA,PEBP4,PGC,LAMP3,AQP4,ALPL",lung,alveolar type II cells,F
Kim_2020,F1,"SFTPA2,SFTPA1,SERPINA1,SCGB3A1,HPGD,TFPI2,CHI3L1,SFTA1P,AQP5,TM4SF4,ASCC2,C16orf89,GNG11,ARNT2",lung,alveolar type II cells,F
Kim_2020,F0,"BIRC3,CRABP2,TNNC2,MMP7,FBXO2,FAM83A,NUPR1,CXCL14,LY6D,IGFBP3,S100P,ASS1,NAPRT,IL20RB,PSCA,METRN,STEAP2",lung,alveolar type II cells,F
Kim_2020,F13,"CAPS,TPPP3,MORN2,RSPH1,C5orf49,C9orf116,PIFO,IGFBP7,TUBA1A",lung,lung epithelial cells (likely alveolar type II cells),F
Kim_2020,F7,"H1-2,STMN1,APOE,H2AC6,EFEMP1,TAC3,CCDC186,MSLN,VASP,RHOBTB3,BASP1,DDAH2,APOC1,SMC3,DSP,ID3,PLEKHA1,MAGED1,SMC4,ARL3,PHACTR2,MDFI,ID2,LIPH,IGF2BP2,MS4A15,SLC2A3,UPK2,TPM2,CLDN6,KLHDC3,H2AC8,WIF1,GSTM3,GTSF1,PPP1R14A,THSD7A,AXL,ANKRD29,PHGDH,COL2A1,PLBD1",lung,alveolar type II cells,F
Kim_2020,F4,"S100A2,CXCL1,KRT17,CLU,AQP5,BTG2,SAA1,MT1X,ADIRF,PRSS23,IGFBP2,IGFBP7,TFF3,BPIFB1,ALDH1A1,BPIFA1,AKR1C1",lung,alveolar type II cells,F
Kim_2020,F12,"S100P,LY6D,IGKC,KRT17,PSCA,S100A2,MUC4,IGHA1,SNCG,DUSP5,B3GNT7,PRSS23,PTGR1,IGHG4,LAD1,GCLC,FN1,VSTM2L,IGHG3,IGLC2,AKR1C2,GPX2,AKR1C1,LSP1",lung,lung epithelial cells (likely alveolar type II cells),F
Kim_2020,F11,"S100A2,IGFBP3,CDKN2A,COL1A1,LCN2,EREG,ADIRF,TNFSF10,TM4SF4,CD44,SNCG,GADD45A,DSP,GPX3,TNFRSF21,LRATD2,FBXO32,FN1,ADGRF1,KRT16,TREM1,COL6A2",lung,alveolar type II cells,F
Kim_2020,F2,"IGKC,ADIRF,CXCL8,CD44,AQP1,IGHA1,TSPAN8,PDLIM4,SAA1,F3,GPX3,AZGP1,CCT2,HP,IRX2,IGLC2,PLAUR,IL13RA1,COL1A1,MBOAT2,PAM,MDM2,RAB21,SH3BGRL,CAND1,GLRX,HIF1A,SLC6A14,GNS,LLPH,TMEM176B,MAGT1,RAP1B,KRT6A,PKIB",lung,alveolar type II epithelial cells,F
Kim_2020,F9,"MMP7,IGKC,DUSP6,PTGS2,B3GNT7,NTS,CYP1B1,IGHA1,S100A2,SDCCAG8,IGLC2,IGHG4,ADGRF5,LIMD2",lung,unknown,F
Kim_2020,F8,"CDKN2A,COL1A1,PLAT,CEACAM5,PTGS2,CRIP1,MARCKS,STMN1,TNFSF10,SPP1,S100A2,CCL2,CAMK2N1,APOD,CREB5,PDLIM3",lung,alveolar type II cells,F
Kim_2020,F10,"SCGB3A1,SFTPC,C16orf89,C4BPA,FOLR1,PLAT,CLU,SELENBP1,C11orf96,BTG2,CLIC3,GGTLC1,DRAM1,CYBRD1,SOD3,PLA2G1B,SUSD2,NFIX,CYP4B1",lung,alveolar type II cells,F
Kim_2020,F3,"IGFBP3,IGKC,PSCA,CPM,CRIP1,IGHA1,VSTM2L,IGLC2,NUDT14,ALCAM,IGHG4,MTA1,TIMP2,DDB1,SLC52A2,IGHG3,HSPA1B,SLC2A3,PFKFB3,IGF2,MAFF,IGLC3,SYT8,IGHG1,DSP",lung,plasma cells,F
Kim_2020,F5,"APOE,RGS10,IDH2,RALA,ATP6AP2,EIF4EBP1,ATP6V1E1,ID2,EMP3,GLRX,LIMS1,ATP6AP1,ACP5,GNS,ITGAV,CAVIN3,TMEM70,TPP1,TCIRG1,TYROBP,SPP1,ATP6V1A,MAP4K4,TWF2,ATP6V1H,ANPEP,ACTN1,ACO2,MMP14,FCER1G,GNPTAB,RAC2,ATP6V1B2,COL6A2,MMP9",lung,alveolar macrophages,F
Kim_2020,M6,"MGP,IGFBP7,DCN,FN1,LUM,COL1A1,NUPR1,C3,TUBA1A,COL1A2,SELENOM,A2M,TMEM176B,SERPING1,SPARC,CCN1,COL3A1,CALD1,TPM1,TSC22D1,SELENOP,NBL1,RARRES2,ADIRF,SERPINF1,SPARCL1,FBLN1,BGN,C1S,NFIC,TMEM176A,C1R,C11orf96,MYL9,TIMP3,TAGLN,CCDC80,PDLIM2,COL6A2,NNMT,PMP22,MFAP4,TGM2,LBH,CCN2,SERPINH1,MMP2,TIMP2,SOD3,CAVIN1",lung,fibroblasts,M
Kim_2020,F36,"SFRP2,IGF1,COL14A1,CYP1B1,IGLC3,IGHG4,MEG3,RSPO3,IGHG3,CPXM1",lung,fibroblasts,F
Kim_2020,F38,"MYH11,NDUFA4L2,EGFL6,CSRP2,DES,PLN,TINAGL1,PTP4A3",lung,myofibroblasts,F
Kim_2020,F35,"ADH1B,GPC3,TCF21,PPP1R14A,SCN7A,INMT",lung,fibroblasts,F
Kim_2020,F39,"SRGN,ARHGDIB,HLA-DPA1,FXYD5,TNFAIP3,CXCR4,RGS1,HLA-DQA1,CD52,CD37,LTB,CD3D,TRBC2,CORO1A,ALOX5AP,IL7R,GPSM3",lung,unknown,F
Kim_2020,F37,"MMP11,IGFBP3,COL10A1,IFI27,SULF1,INHBA,TNFRSF12A,PMEPA1,COL12A1,MXRA5,PLAU,POSTN,COL11A1",lung,fibroblasts,F
Kim_2020,F40,"SFRP4,MYH11,COL4A1,COL4A2,TGFBI,PMEPA1,IGFBP2,MT1X,ACTG2,TMEM204,WFDC1,PCSK1N,ROBO2,TYRP1,RASL11B",lung,fibroblasts,F
Kim_2020,F41,"IFI27,PLA2G2A,CPE,SULF1,TM4SF1,PRSS23,OGN,CPXM1,NPDC1,PTGIS,CFI,ISOC2,RGS5,MGST1,MDH1,EZR,TSPAN3,SLPI,PRG4,GAS1,EBPL,MEST,KRT18,SH3GLB1,PRDX3,HEG1,HP,KRT19,VAMP8,KRT8,PROCR,BCAM,TNFRSF12A,AQP1,TFPI2,OCIAD2,BCHE,HAS1,CFB,KRT7,ITLN1,CLIC3",lung,fibroblasts,F
Kim_2020,M3,"IGLC2,IGHA1,IGHG3,JCHAIN,IGHG1,IGHG4,IGLC3,ISG20,SEC11C,CD79A,PRDX4,IGHA2,SDF2L1,CD27,MANF,DNAJB9,ITM2C,IGHM,FKBP11,MZB1,CD79B,DERL3,IGHG2",lung,plasma cells,M
Kim_2020,F28,,lung,plasma cells,F
Kim_2020,F27,,lung,plasma cells,F
Kim_2020,M4,"FCER1G,TPSB2,TYROBP,ALOX5AP,CD69,RGS1,TPSAB1,SAMSN1,CLU,TMEM176B,HPGD,DUSP6,LAT,CPA3,CD82,LMO4,ITM2C,HPGDS,MS4A2,RGS13,GATA2,LTC4S,VWA5A,FCER1A,RHEX",lung,mast cells,M
Kim_2020,F29,,lung,mast cells,F
Kim_2020,F31,"HLA-DPB1,ZFP36L2,HLA-DPA1,CORO1A,PTPRC,RGCC,CXCR4,IL32,LTB,TRAC,CD3D,EVL,TRBC2,LSP1,CD2",lung,T cells,F
Kim_2020,F30,"IGLC2,IGHA1,CDC42EP3,IGHG3,IGHG4,AMD1,SFPQ,TNFRSF12A,IGLC3,IGHG1",lung,plasma cells,F
Kim_2020,M5,"IFI27,IGFBP7,TM4SF1,MGP,RNASE1,FABP5,MARCKSL1,A2M,IGFBP4,ID1,S100A16,TFPI,CRIP2,VAMP5,SPARC,ID3,PDLIM1,CCL2,SPARCL1,TNFSF10,ADIRF,TGM2,CAV1,EMP1,EMP2,TIMP3,APP,AQP1,BCAM,SLC9A3R2,CLU,NNMT,GPX3,GIMAP7,MARCKS,CAVIN1,GNG11,SH3BP5,NPDC1,CNN3,SPTBN1,ETS2,PRSS23,TCF4,MGST2,CAV2,NFIB,EGFL7,EPAS1,PECAM1",lung,endothelial cells,M
Kim_2020,F33,"ACKR1,CLU,POSTN,C7,DUSP23,RGS5,CCN2,CPE",lung,endothelial cells,F
Kim_2020,F32,"RGCC,ENPP2,FCN3,ACE",lung,lung capillary endothelial cells,F
Kim_2020,F34,"CCL21,FABP4,TFF3,GYPC,EFEMP1,STMN1,MMRN1,RBP1,CCND1,AKAP12,LAPTM5,NUPR1,PPFIBP1,ANGPT2,FXYD6,PDPN,CISD1,NRP2,MTUS1,RGS16,SHC1,CYTOR,PPP1R2,PRXL2A,FLT4,PROX1,RARRES2,MFAP2,MRC1,IGF1,CCDC80,PGM5,SLC38A1,SMYD2,FRMD6,SEMA3A,NR2F1,SIRPA,COLEC12,TBX1,DMTN",lung,lymphatic endothelial cells,F
