Data,Cluster,Markers,Organization,cell_type,level
Kock_2024,M1,"NKG7,GNLY,CTSW,PRF1,GZMH,GZMB,FGFBP2,KLRB1,CST7,CCL5,GZMA,HOPX,CCL4,CMC1,SPON2,IL2RB,KLRK1,SAMD3,MATK,APMAP,FCGR3A,ADGRG1,SYNE1,TBX21,S1PR5,ZAP70,GZMM,KLRD1,TGFBR3,SYNE2,PRKCH,CD247",blood,natural killer (NK) cells,M
Kock_2024,F6,"TYROBP,FCGR3A,SPON2,CLIC3,FCER1G,KLRF1",blood,natural killer (NK) cells,F
Kock_2024,F7,"SELL,TYROBP,FCER1G,GZMK,XCL2,XCL1,COTL1,TRDC,TCF7,KLRC1,IFITM3,LTB,GATA3,ITGAX,CAPG",blood,natural killer (NK) cells,F
Kock_2024,F5,"CD3D,CD3G,CD8A,KLRG1,CD5",blood,cytotoxic T cells,F
Kock_2024,F8,"MKRN1,HBB,RNF10,SLC25A39,ADIPOR1,BNIP3L,HBA1,YBX3,S100A9,HBA2,BLVRB,DCAF12,SLC25A37,MPP1,DMTN,FAM210B,STRADB",blood,unknown,F
Kock_2024,M3,"CST3,LYZ,TYROBP,S100A9,FCER1G,IFI30,S100A8,AIF1,LST1,HLA-DRA,CTSS,CEBPD,FCN1,SPI1,HLA-DRB1,IFITM3,RGS2,TYMP,NPC2,HLA-DQA1,HLA-DQB1,HLA-DRB5,GRN,ANXA2,LGALS1,KLF4,PLEK,CD68,CTSZ,SERPINA1,CD83,BRI3,PYCARD,MIR23AHG,GLIPR1,NFKBIZ,PTPRE,VCAN,ATP6V0B,MACROH2A1,RHOB,CYBB,C1orf162,ZFAND5,NAMPT,MNDA,RNF130,CTSB,LYN,FCGRT",blood,monocytes,M
Kock_2024,F12,"S100A8,VCAN,S100A12,CD14,CXCL8,SLC2A3,CSF3R,unknown,LRP1,FPR1,FCN1,SLC11A1",blood,classical monocytes,F
Kock_2024,F13,"FCGR3A,CDKN1C,PELATON,RHOC,C5AR1,MS4A7,CSF1R,LRRC25,MTSS1,MT2A,LILRB1,BCL2A1,LILRA5,SLC7A7,TCF7L2,HES4,ABI3,HK3,CXCL16,ITGAL,VAMP5,SIGLEC10,RRAS,LILRA1,FAM110A,DUSP6,HMOX1,SLC11A1,SECTM1,PILRA,LINC02432,CTSL,NEURL1,MAFB,CD79B,UICLM,CALML4",blood,non-classical monocytes,F
Kock_2024,F15,"FCER1A,CLEC10A,GSN,CD1C,CIITA,ENHO,CACNA2D3,CLIC2,COL9A2",blood,conventional dendritic cells (cDC2),F
Kock_2024,F16,"RGCC,BASP1,DUSP2,CPNE3,LMNA,LGALS2,WDFY4,DNASE1L3,SHTN1,PPA1,MARCKSL1,TAP1,CDK2AP1,MZT2A,ANXA6,REPIN1,FLT3,TAP2,SLAMF7,GYPC,ASAP1,C1orf54,TSPAN33,BATF3,CLEC9A,IDO1,NET1,CD59,NAV1,CD38,HLA-DOB,CLNK,PALM2AKAP2,ZEB1,CADM1,PLEKHM3,TOMM34,SCML1,TMEM14A,CTTNBP2NL,KIF16B,FAM135A,CCSER1,CD40,MAGEF1,SLAMF8,TMEM238,DBN1,LACC1,SUSD3",blood,non-classical monocytes,F
Kock_2024,F14,"GZMB,JCHAIN,ITM2C,PLD4,PPP1R14B,UGCG,APP,TCF4,CCDC50,ALOX5AP,LILRA4,PLAC8,IGKC,SERPINF1,C12orf75,NIBAN3,IRF8,MZB1,CLIC3,MAPKAPK2,BCL11A,DUSP5,IRF4,SELENOS,IL3RA,LIME1,TPM2,SLC15A4,DERL3,TRAF4,CYB561A3,VEGFB,XBP1,OGT,RNASE6,CLEC4C,SPIB,STMN1,RGS1,B4GALT1,GPR183,LILRB4,FCHSD2,LRRC26,TSPAN13,RRBP1,HIGD1A,PTPRS,OFD1,SCT",blood,plasmacytoid dendritic cells (pDCs),F
Kock_2024,M0,"IL32,IL7R,CD3E,CD3G,SPOCK2,CD7,LEF1,CD3D,CAMK4,TCF7,LCK,PIK3IP1,GIMAP7,LIME1,LAT",blood,naive T cells,M
Kock_2024,F0,ITGB1,blood,naive T cells,F
Kock_2024,F1,"CD8A,CD8B,KLRK1,LINC02446",blood,naive CD8+ T cells,F
Kock_2024,F4,,blood,naive T cells,F
Kock_2024,F2,"KLRB1,NKG7,GZMA,CD8A,GZMK,CST7,CTSW,GBP5,KLRG1,PRF1,ALOX5AP,NCR3,CCL5,TRAV1-2,CEBPD,SLC4A10,ZBTB16,LTK,EFHD2",blood,mucosal-associated invariant T (MAIT) cells,F
Kock_2024,F3,"GZMK,GPR183,MT2A,KLRK1,GZMA,NUCB2,SPTBN1,SAMD3,SH2D1A,BRD7,LGALS3,LYST,FXYD2,PGM2L1,FABP5,DTHD1,unknown",blood,effector memory T cells,F
Kock_2024,M5,"JCHAIN,CD79A,IGKC,XBP1,IGHA1,ITM2C,UBE2J1,CD27,SPCS2,TENT5C,TXNDC5,MZB1,ITGB7,PDIA6,SPCS3,PIM2,SEC11C,LMAN2,SSR3,AQP3,RPN1,ZNF706,FKBP11,PRDM1,HSH2D,HM13,PDIA4,MEF2C,MYDGF,SELENOS,TMED9,LMAN1,SEL1L3,SDF2L1,OSTC,MANF,SEC61A1,DERL3,EAF2,ZBP1,IRF4,TXNDC11,POU2AF1,KDELR2,IGHA2,CPNE5,CD38,TP53INP1,RAB30,PDK1",blood,plasma cells,M
Kock_2024,F22,,blood,plasma cells,F
Kock_2024,F21,"STMN1,RRM2,MKI67,MYBL2,H2AC13,TYMS,H1-3,H1-5,NUCKS1,FABP5,H2AC14,H2AX,MCM7,NASP,PTTG1,PCLAF,UBE2C,CDC20,CENPF,TK1,H2AC12,TOP2A,H3C2,BIRC5,ASPM,CCNB1,CENPM,TPX2,CCNB2,H3C3,CDK1,PLK1,MAD2L1,CENPE,ZWINT,BUB1,GINS2,CDKN3,H2BC7,MCM4,CENPW,ATAD2,CLSPN,CCNA2,KIFC1,GTSE1,FBXO5,CENPU,SMC2,PKMYT1",blood,proliferating plasma cells,F
Kock_2024,M4,"HLA-DRA,HLA-DRB1,HLA-DQA1,CD79A,HLA-DQB1,HLA-DRB5,MS4A1,HLA-DMA,CD83,NCF1,BANK1,IGHM,POU2F2,MEF2C,CD79B,IGKC,RALGPS2,HLA-DMB,SNX2,NIBAN3,SYK,HVCN1,LINC00926,AFF3,SWAP70,SPIB,P2RX5,FCRLA,CD19,FCER2,ADAM28,CD22,BLK,POU2AF1,GNG7,FCRL1,TNFRSF13C,BLNK,FCGR2B,PAX5,HLA-DOB",blood,B cells,M
Kock_2024,F20,ITGB1,blood,unknown,F
Kock_2024,F19,"DUSP2,UBALD2,PELI1",blood,unknown,F
Kock_2024,F17,"TCL1A,FCER2,PLPP5,IL4R",blood,memory B cells,F
Kock_2024,F18,"RGS2,FCRL3,ZEB2,FGR,FCRL5,IGHA1,TNFRSF1B",blood,memory B cells,F
Kock_2024,M2,"PPBP,NRGN,GP1BB,TUBB1,PF4,CAVIN2,H2AC6,LIMS1,GNG11,PRKAR2B,SPARC,CTSA,VCL,CLU,RGS18,F13A1,GRAP2,MPIG6B,GP9,MYL9,ACTN1,ITGA2B,MAP3K7CL,MARCHF2,PTGS1,PGRMC1,ACRBP,MTURN,MMD,TREML1,MPP1,BEX3,ITGB3,H3C10,RNF11,unknown,SNN,PARVB,CDKN1A,TUBA1C,TSC22D1,RAB32,PDLIM1,CMTM5,TSPAN33,TRIM58,LMNA,NCK2",blood,platelets,M
Kock_2024,F11,"NKG7,IFITM1,PTPRC,HSP90AA1,GNLY,IER2,HCST,CD74,CD52,CYBA,S100A4,CTSW,DUSP2,ITGB2,ZEB2,S100A6,YWHAB,LITAF,RPL8,ARL4C,CST7,RPS16,RPS28,IFITM2,DUSP1,LSP1,LCP1,RPS26,H1-4,HSP90B1,GADD45B,CD3G,CALR,CD69,ID2,KLF2,HLA-DPB1,SRSF7,PSMB9,PNISR,RPL18,NCL,HNRNPDL,CD8A,ABHD17A,HLA-DPA1,GZMM,CD81,GZMA,PLAAT4",blood,unknown,F
Kock_2024,F10,"RPL10A,RPS9,ZFP36L2,RPS16,LTB,RPL24,SARAF,RPL11,VIM,IL7R,CD69,RPL36,RPL27,TCF7,RPS26,TNFAIP3,GAS5,RPL12,RPL19,TOMM7,RPL34,NFKBIA,ZFP36,RPL18A,RPSA,unknown,COMMD6,PCED1B-AS1,RPS25,LIMD2,RPS14,FOSB,DUSP1,EIF3E,JUND,TUBA1A,RPS2,LDHB,BTG1,IL32,LEPROTL1,RPL29,RPS10,DNAJB1,FOS,HNRNPDL,C12orf57,EIF3H,RPL14,NOSIP",blood,unknown,F
Kock_2024,F9,"VCL,CMTM5,MPP1,ACRBP,TREML1,PTGS1,MMD,PGRMC1,TMEM40,GP9,TSC22D1,RGS18,unknown,ITGA2B,ITGB3,YWHAH,PARVB,GSTO1,ESAM,MPIG6B,C2orf88,CDKN1A,H3C10,THBS1,MFSD1,TUBA8,unknown,PDLIM1,ARHGAP18,RAB32,SLC40A1,TUBA1C,GP1BA,PLEK,GUCY1B1,RAB27B,SNCA,TRIM58,SEPTIN5,CA2,H2BC11,CD9,SH3BGRL2,LINC00989,LY6G6F,ETFA,MYLK,CD151,TSPAN33,TPM1",blood,platelets,F
