Data,Cluster,Markers,Organization,cell_type,level
Krishna_2021,M2,"CST3,TYROBP,GPX1,LYZ,FCER1G,HLA-DRA,AIF1,CTSS,CD68,GLUL,S100A9,NPC2,GRN,MS4A6A,HLA-DQA2,CTSB,LST1,C1QC,RGS10,C1orf162,C1QB,HLA-DRB5,TYMP,C1QA,FCGRT,SERPINB1,MS4A7,SERPINA1,ATP6V0B,RNASET2,SGK1,COTL1,ARRB2,RGS2,MAFB,FGL2,CTSH,AP2S1,CAPG,RHOG,TKT,IFNGR1,CEBPD,SPI1,SAMHD1,CD14,CFD,HMOX1,TALDO1,SOD2",kidney,macrophages,M
Krishna_2021,F15,HSPA6,kidney,unknown,F
Krishna_2021,F11,"THBS1,AREG,GPR183,IL1B,CLEC10A,NR4A3",kidney,M2-like macrophages,F
Krishna_2021,F12,"S100A8,FCN1,VCAN,S100A9,LGALS2,CFP,S100A12,CD36,RBP7,SELL,THBS1,CDA,LILRA5",kidney,macrophages,F
Krishna_2021,F10,"C1QC,C1QA,PDK4,TREM2,RNASE1,DAB2,A2M,VSIG4,CPM,STAB1,C1QB,SLCO2B1,SELENOP,PLTP,MSR1,SERPINF1,C3,GPNMB,GPR34,APOE,CD81",kidney,macrophages,F
Krishna_2021,F14,"LGALS2,LMNA,ZFAND2A,DUSP2,IRF8,FNBP1,TAP1,RGCC,BASP1,SERPINB9,HMGA1,SHTN1,C1orf54,CPNE3,NAPSA,MARCKSL1,CAMK2D,CCND1,WDFY4,SEPTIN6,SLAMF7",kidney,macrophages,F
Krishna_2021,F13,"WARS1,CYTIP,BCL2A1,IFITM1,POU2F2,CUX1,ARL4A,STXBP2,C19orf38,CFP,BID,LILRA5,PLAC8,LYST,MYO1G,SEPTIN9,MTSS1,RIPOR2,RAB24,PAG1,LRRC25,UNC119,APOBEC3A,OAS1,ADGRE2,ICAM2,TCF7L2,CPPED1,CNIH4,CDKN1C,SLC44A2,FCN1,FPR2",kidney,macrophages,F
Krishna_2021,M1,"LTB,CD69,IL7R,CD3D,CD3G,SPOCK2",kidney,T cells,M
Krishna_2021,F7,"HSPA1A,HSPA1B,HSPH1,CREM,FAM177A1,NR4A2,DUSP4,RGCC,PTGER4,DUSP2,ZNF331,CSRNP1,SERTAD1",kidney,activated T cells,F
Krishna_2021,F5,"NKG7,GZMA,GZMK,CD8A,CST7,CD8B,CTSW",kidney,CD8+ cytotoxic T cells,F
Krishna_2021,F9,"HLA-DPA1,HLA-DRA,HLA-DRB1,HLA-DPB1,HLA-DRB5,FCMR,HLA-DQB1,HLA-DQA1,SYNGR2,SP110,NCF1,SNX3,CTSS,MS4A1,CD79A,HLA-DQA2,MTPN,HLA-DMA,SYPL1,CD79B,SNX2,PTPN6,POU2F2,BANK1,LINC00926,RALGPS2",kidney,B cells,F
Krishna_2021,F6,"GIMAP7,SELL,NOSIP,CCR7,PRKCQ-AS1,TCF7,RIPOR2,LEF1,MAL,LINC00861,GIMAP5,GIMAP1,TMEM123",kidney,naive T cells,F
Krishna_2021,F8,"HSPA1A,HLA-DRB5,CTSC,DUSP4,BATF,STAT1,GBP5,CARD16,CXCR3,TNFRSF1B,SIRPG,GBP2,TIGIT,SLAMF1,TNFRSF4,CTLA4,TNFRSF18,FOXP3,DNPH1",kidney,regulatory T cells,F
Krishna_2021,M0,"NKG7,CST7,CTSW,GZMA,PTPRCAP,CMC1,PRF1,ITM2A,APOBEC3G,CD27,LYST,CD7,IL2RG,GZMH,CD8A,GZMK,LCK,CD2,SH2D2A,CD3G,CD8B",kidney,CD8+ cytotoxic T cells,M
Krishna_2021,F2,"GNLY,GZMB,FGFBP2,KLRD1,ANXA1,FCGR3A,TYROBP,SPON2,SAMHD1,KLRF1,FCER1G,PLAC8,KLRB1,CLIC3",kidney,CD8+ cytotoxic T cells with NK-like features,F
Krishna_2021,F1,"GNLY,FOS,IER2,HOPX,KLRB1,PPP1R15A,GZMM,FCER1G,NR4A2,SPON2,GADD45B,FOSB,MATK,SLC2A3,KLRD1,SERTAD1,PLAC8,ZEB2,TYROBP,TGFB1,CITED2,MBP,ANXA1,GZMB,FCGR3A,CLIC3",kidney,CD8+ cytotoxic T cells with NK-like features,F
Krishna_2021,F0,"CXCL13,GZMK,FABP5,TNFRSF9,SIRPG,CD27,SIT1,CXCR3,PDCD1,VCAM1",kidney,CD8+ cytotoxic T cells with exhausted phenotype,F
Krishna_2021,F4,"TUBA1B,TUBB,DUSP4,HMGB2,FABP5,ANP32B,STMN1,PLP2,CACYBP,SNRPB,H1-4,TUBB4B,DUT,H2AZ2,RAD21,CALM3,SIVA1,JPT1,TMPO,H2AX,NASP,CARHSP1,ANP32E,PRDX3,LSM2,DDX39A,H1-3,HSPD1,NAP1L1,H1-2,SMC4,PTTG1,SNRPG,SNRPD1,MRPL52,NUCB2,COTL1,BANF1,MRPL51,SMC3,HSPB11,CENPX,CKS2,RANBP1,MACROH2A1,PSMB2,TPM4,SNRPA,NUDT1,SAE1",kidney,unknown,F
Krishna_2021,F3,"MTRNR2L8,DUSP4,LAG3,LTB,HSPH1,CD82,RGS2,ITM2C,TTN,VCAM1,HNRNPLL,TNFRSF9",kidney,exhausted CD8+ cytotoxic T cells,F
Krishna_2021,M3,"CRYAB,NDUFA4L2,IFITM3,IGFBP7,PDK4,APP,CLU,LMAN2,SLC9A3R1,PLIN2,SOD2,KDELR1,TMEM176B,GPX3,FXYD2,ADIRF,CXCL14,HM13,TMEM176A,LAMTOR5,METTL26,OCIAD2,CD151,SDHC,PDIA6,NDUFC1,ANXA4,CALD1,CAV1,IFI27,HSPA9,CYSTM1,VCAN,CYB5A,HAX1,ATP1A1,MPC2,HCFC1R1,MICOS13,YWHAE,ALKBH7,LAPTM4A,GPI,H1-2,TPM1,DDT,GRINA,MRPL23,SPP1,C12orf75",kidney,proximal tubule epithelial cells,M
Krishna_2021,F18,"HSPA6,CREB5,MEG3,BGN,MX1,ARL4C,GLIS3,COL21A1,IFI16,XIST,TNIK,MBNL1,IFI44L,IFITM1,IFIT3,SLC2A2,NAV1,PTPN14,VCAN,XAF1,TRIM22,LGALS9,IFIT1,NCKAP5,EPHA7,DCDC2,CDK6,COL1A1,ISG15,MLLT3,TRIO,RFX3,HGF,GPC6,DCBLD2,COL6A1",kidney,proximal tubule epithelial cells,F
Krishna_2021,F21,"APOE,GATM,MT1G,MT1E,SMIM24,GSTA2,NAT8,GSTA1,BBOX1,SELENOP,MIOX,DDC,CUBN,ALDOB,GLYAT,ACSM2B,SLC6A13,SLC5A12,GPD1,DPYS,AZGP1,ALDH6A1,PCK1,HPD,MT1H,FBP1,APOM,FTCD,DPEP1,GLYATL1,ALDH4A1",kidney,proximal tubule epithelial cells,F
Krishna_2021,F17,"CD44,SLPI,ECM1,MAP1B,EPHA7,CERCAM,TM4SF1,TPM4,DCBLD2,NAV1,MTRNR2L2,COL21A1,TNNT1,TUBA1A,TM4SF4,COL6A2,MEG3,DCDC2,MLLT3,PLPP1,COL1A2,ZEB2,MYLK,PBX1,CDK6,PDGFRA,VCAN,MRTFA,CAPRIN1,ARHGAP29,USP3,AKT3,SHISA4,TPGS2,SLIT3,DDAH2,COL6A1,HGF,GJA1,CCDC80,CCN3,MATN2,CHRDL1,SERPINH1,BGN,EEA1,CYBRD1,DST,CHIC1,FSCN1",kidney,proximal tubule epithelial cells,F
Krishna_2021,F16,"PDK4,RARRES2,TMEM176A,GPX3,GATM,IGFBP3,CLTRN,P3H2,CHCHD10,VAMP8,PCSK1N,TSPAN1,TIPARP,TFPI,SLC22A5,MT3,SLC3A1,TMEM176B,SERPINA1,IL20RB,RBP5,PDZK1,SLC47A1,CP,KCNMA1,CMBL,AQP3,TMEM37,HPN,CES2,LINC00887,SLC16A12,TCN2,FXYD2,BHMT,LINC02888,EFNA1,PRDX2,FABP3,SLC28A1,DEFB1,SLC39A5,AOC1,MT1E,CDA,SERPINE1,PPP1R1A,DPYS,WFDC2,LGALS2",kidney,proximal tubule epithelial cells,F
Krishna_2021,F20,"LINC01320,TACSTD2,PIGR",kidney,proximal tubule epithelial cells,F
Krishna_2021,F19,"HLA-DPB1,S100A4,HLA-DQB1,SRGN,LAPTM5,ARHGDIB,FYB1,PTPRCAP,CD3E,RGS1,CD52,LSP1,CORO1A,HCST",kidney,unknown,F
Krishna_2021,M4,"IFITM3,IGFBP7,SPARC,RNASE1,APP,PDK4,IFI27,ID3,DSTN,GSN,A2M,IGFBP5,MGP,ADIRF,TGFBR2,FN1,SELENOM,CALD1,PLPP1,TSC22D1,CD9,STOM,TIMP3,ENG,CD59,SERPING1,CRIP2,IL6ST,SPTBN1,SPARCL1,EPAS1,PRSS23,SELENOP,TPM1,ID1,TM4SF1,CD151,PTTG1IP,RAMP2,GNG11,EMCN,PLPP3,SEC14L1,TMEM204,IGFBP4,COL4A2,CNN3,ADGRF5,CAVIN1,BCAM",kidney,fibroblasts,M
Krishna_2021,F23,"RGS5,MYL9,BGN,NDUFA4L2,TPM1,TPM2,FRZB,MAP1B,PHLDA1,GJA4,TAGLN,MFGE8,SERPING1,PLAC9,COL6A2,CSRP2,MYH11,CRYAB,CPM,SOD3,CPE,CSRP1,MYLK,GEM,EPS8,CAV1,PDGFRB,PPP1R14A,HCFC1R1,KCNE4,FILIP1L,TNS1,MYO1B,PGF,LPP,LBH,NOTCH3,NR2F2,RAB31,ERGIC3,ISYNA1,COL3A1,ANXA6,PDLIM5,EFHD1,SEPTIN4,CRISPLD2,GUCY1A1,PLXDC1,COX4I2",kidney,pericytes,F
Krishna_2021,F22,"S100A4,LYZ,HLA-DQB1,TYROBP,APOE,LAPTM5,TNFAIP3,CXCR4,NR4A2,RGS1,CCNH,LSP1,ITGB2,PTPRC,CORO1A,LCP1,CD37,HCST",kidney,fibroblasts,F
Krishna_2021,F25,"PLAT,CRHBP,FCN3,MT1E,SYNE1,SOST,SLC9A3R2,EHD3,GIMAP7,KDR,AQP1,ETS2,MT1M,ARRDC2,NOSTRIN,BTNL9,MEIS2,NTN4,TCIM,LIMCH1,TSPAN7,SLC14A1,F8,HLA-DQA2,LIFR,TEK,HECW2,EFNB1,CMTM8,TM4SF18,TNFSF10,ROBO4,CLEC3B",kidney,fibroblasts,F
Krishna_2021,F24,"PLVAP,CAVIN2,RAMP3,RGCC,MT1X,DNASE1L3,MT1M,TMEM88,FAM167B,TM4SF18,LIMS2,EGFL7,TEK,ROBO4,CEACAM1,CA4,TNFSF10,LIFR,EFNB1,EHD4,RBP5,LIMCH1",kidney,fibroblasts,F
Krishna_2021,F26,"PLVAP,VWF,IGFBP3,FLT1,ENPP2,SPRY1,RGCC,ESM1,ANGPT2,RBP7,INSR,ECSCR,S1PR1,PLK2,HSPG2,PIK3R3,ADGRL4,EDNRB,ITGA6,EFNA1,S100A16,COL8A1,GJA1,STC1,HTRA1,CDH13,IVNS1ABP,ITGA5,CA2,EMP1,GRB10,CDC42EP3,CLDN5,DOCK9,LAMA4,CYYR1,CD93,VWA1,DLL4,SPOCK2,BTNL9,CDH5,NOTCH4,CLEC14A,PLXND1,THBS1,PDGFD,TIE1,EFNB2",kidney,endothelial cells,F
Krishna_2021,F27,"SLC9A3R2,AQP1,KLF2,ADGRL4,CLDN5,HYAL2,ICAM2,FAM107A,CD93,PPP1R14A,TIE1,ADAM15,SLC14A1,DOCK9,PALMD,MMRN2,ASS1,LTBP4,AIF1L,SEMA3G,SERPINE2,KCTD12,SLC6A6,IGF2",kidney,fibroblasts,F
Krishna_2021,F28,"VWF,CCN2,RAMP3,FAM167B,CPE,CLU,PRCP,MMRN2,COL3A1,ITGA6,NFIB,TFPI,CRIM1,TGM2,COL8A1,SLCO2A1,CYYR1,ACTN1,NNMT,ELK3,PALMD,CD55,YBX3,SERPINE1,MTUS1,EMP1,ASS1,GASK1B,MPZL2,XIST,NFIA,PPIC,FLNB,ARL4A,VCAN,DIPK2B,DUSP23,DOCK9,TCN2,ACKR1,EFEMP1,CLEC14A,IL33,FBLN2,ABLIM1,CFI,HTRA1",kidney,fibroblasts,F
Krishna_2021,F29,"MT1X,ZFP36L2,EGR1,GLUL,ANXA1,COL1A2,COL6A2,PLAC9,BTG2,RASD1,CLU,GPX3,SOCS3,CPE,CCN1,LGALS3,LGALS3BP,CLEC3B,TIMP2,COL1A1,PRDX6,CEBPD,TNFSF10,COL3A1,AKAP12,NFKBIZ,ITM2A,ARID5B,STAT3,SOD3,FSTL1,EPHX1,RNH1,ZBTB16,CD248,PMP22,COL6A1,NNMT,HNRNPF,NFIB,CITED2,BZW1,COL6A3,S100A13,NFIC,RTL8C,CYB5A,CFD,CTSH,MYC",kidney,fibroblasts,F
Krishna_2021,M6,"ISG20,CD27,BTG2,SSR3,SPCS2,XBP1,ERGIC3,NCF1,HM13,FKBP2,TMED2,MYDGF,SEC11C,KDELR2,ITM2C,LMAN1,NUCB2,TRAM1,OSTC,SPCS3,SELENOS,ARF4,SDF2L1,AKR1A1,SSR1,SELENOM,FKBP11,HDLBP,SEC13,ERN1,PIM2,UBE2J1,DNAJC3,PDIA4,ERLEC1,RRBP1,MANF,DNAJC4,ICAM2,DNAJC1,PRDX4,TMEM208,CD59,DNAJB9,ATF4,DERL1,TXNDC15,TENT5C,UFM1,CD38",kidney,plasma cells,M
Krishna_2021,M8,"RGS1,FCER1G,NR4A1,CLU,CD9,AREG,NFKBIZ,LMNA,SYTL3,SAMSN1,PLAUR,TSC22D1,ARHGAP18,TNIK,ALOX5,MIR23AHG,LTC4S,ACSL4",kidney,macrophages,M
Krishna_2021,M5,TTN,kidney,unknown,M
Krishna_2021,M7,"IGFBP7,LGALS3,CAPG,RTN4,CD9,PRDX6,CRYAB,DHRS7,NDUFA6,ATP6AP2,VDAC1,C12orf75,FXYD2,APP,NDUFV2,ATP1A1,MRPS6,TUBB4B,MTRNR2L2,LAPTM4A,COX7A2L,APLP2,MRPL33,ITM2C,ACADVL,CYSTM1,MGST3,CHCHD10,NDUFS8,AURKAIP1,GABARAPL1,SELENOM,TPM1,NDUFAB1,ID3,NDUFA5,UQCRC1,NDUFB6,EIF1B,HSPA9,NFE2L2,CD46,LRPAP1,PHB,TMCO1,TUFM,ATP1B1,BHLHE40,MRPL20,COA3",kidney,proximal tubule epithelial cells,M
Krishna_2021,F32,"ATP6V1G3,IGFBP5,ATP6V0D2,PLAAT4,ATP6V1C2,IL18,SMIM6,LINC01187,SMIM24,HEPACAM2,ADGRF5,SLC26A7,ATP6V0A4,ARHGAP18,FOXI1,SLC4A9,EPS8,RARRES2,APOE,RCAN2,ACAT1,CDA,MUC20,OXCT1,FAM24B,ERP27,ITGA6,UAP1,APOC1,CA8,PLCG2,SLC4A1,KIT,RHCG,PACRG,DSG2,CLEC3B,STAP1,LIMA1,KIF21A,CLNK,DMRT2,TMPRSS2,G0S2,FOXP1,ITIH5,TMEM101,MSI2,SPINK1,SLC43A2",kidney,intercalated cells (kidney),F
Krishna_2021,F33,"PCSK1N,SPP1,CLDN10,KCNJ1,TMEM176B,TMEM176A,CRIP2,SLC12A1,KRT19,SERPINA5,GSTM3,UCHL1,IVNS1ABP,KCNJ16,ADIRF,TMPRSS4,CPVL,BBOX1,FGL2,TCIM,NQO1,ACSL4,AOC1,ANXA2,CTSC,FOLR1,TSC22D3,KLHL13",kidney,proximal tubule epithelial cells,F
Krishna_2021,M9,MTRNR2L2,kidney,unknown,M
