Data,Cluster,Markers,Organization,cell_type,level
Kumar_2023,M1,"IGFBP7,CEBPD,ADIRF,SPARCL1,IFITM3,TM4SF1,CD59,CAV1,AZGP1,NNMT,EMP1,TIMP3,CALD1,CLU,HSPB1,DSTN,SELENOM,CD9,KRT18,APP,TPM1,TSC22D1,GSN,CAVIN1,CNN3,IL6ST,PDLIM1,NFIB,YBX3,TACSTD2,WWTR1,PAWR,SOX4,SBDS,TNFRSF12A,ARHGAP29,LIMA1,CCN1,S100A16,PTMS,KRT7,MT1X",breast,fibroblasts,M
Kumar_2023,F7,"AZGP1,KRT18,CD24,AREG,KRT8,MUCL1,S100A14,PIP,SPINT2,TCIM,ELF3,TFF3,ANKRD30A,RUNX1,CLDN7,FAM107B,KRT19,ATP1B1,AGR2,UGDH,VAMP8,FXYD3,RAB11FIP1,MAGED2,FHL2,SLC39A6,GSTM3,DSP,ITGA2,CYB5A,MYO6,STC2,SYTL2,CIB1,CLDN4,EFHD1,MGST1,SMIM14,ELOVL5,CDH1,DYNLT1,AGR3,PERP,WFDC2,EZR,TACSTD2,DNAJC12,EPCAM,TMC5,BATF",breast,unknown,F
Kumar_2023,F9,"SPARCL1,IFI27,CD74,ID3,A2M,SRGN,GNG11,CLDN5,ID1,HLA-DRB1,HLA-DRA,ADAMTS1,EPAS1,CAVIN2,BST2,KLF2,ITM2A,GJA1,TGFBR2,SPRY1,THBD,FABP4,RAMP2,MTUS1,CD36,PECAM1,ADGRL4,AQP1,NEDD9,C2CD4B,TMEM70,ADAMTS9,KCTD12,VWF,CD93,CDC42EP3,BCAM,RBP7,LIFR,ENPP2,NPDC1,EMCN,SEC14L1,ECSCR,HLA-DPA1,HLA-DPB1,FLT1,PALMD,GIMAP7,CLEC2B",breast,fibroblasts,F
Kumar_2023,F10,"TAGLN,KRT17,KRT14,TPM2,SAA1,ACTA2,SFRP1,APOE,CRYAB,CXCL14,SFN,PTN,ITGA2,MYL9,TSHZ2,MYLK,KRT5,FHL2,STK17A,ECRG4,FBXO32,CNN1,ACTG2,OXTR,COL17A1",breast,myofibroblasts,F
Kumar_2023,F11,"CLDN5,TFF3,TFPI,AKAP12,CCL21,ANGPT2,CAVIN2,PPFIBP1,RGS16,TSHZ2,GYPC,ARL4A,FABP5,RAMP2,MMRN1,STMN1,AKR1C3,EFEMP1,PLPP1,PTPRE,ECSCR,KLF2,NRP2,ELK3,GNG11,PROX1,LYVE1,EGFL7,NR2F2,GMFG,LAPTM5,RASGRP3,FABP4",breast,fibroblasts,F
Kumar_2023,F6,"DCN,APOD,COL1A2,LUM,S100A4,COL3A1,COL1A1,GEM,FBLN1,CCDC80,CCN2,COL6A2,MEG3,SERPINF1,IGFBP6,SERPING1,PLAC9,CXCL12,CXCL14,C1S,COL6A1,IGF1,ITM2A,TIMP2,OGN,C1R,RARRES2,APOE,COL6A3,FN1,FSTL1,COL14A1,SFRP2,AEBP1,CTSK,SPARC,ID3,C3,GPRC5A,FXYD1,KCNQ1OT1,DPT,MFAP4,LRP1,VCAN,HTRA1,PCOLCE,CFH,GPNMB,EMP3",breast,fibroblasts,F
Kumar_2023,F5,"CLDN4,WFDC2,SLPI,SAA1,SFRP1,CRYAB,SCGB2A2,LTF,MGST1,ELF3,SDC4,MMP7,KRT15,TACSTD2,EPCAM,SLC25A37,CCL28,CLDN3,ALDH1A3,PIGR,NDRG2,KRT7,CLDN7,SNORC,S100A1,KRT18,KRT19,GABRP,KRT23,FXYD3,PDZK1IP1,KRT8,AZGP1,S100A14,SPINT2",breast,unknown,F
Kumar_2023,F8,"C11orf96,TAGLN,MT1A,IGFBP5,TPM2,ACTA2,ADAMTS1,MYL9,CPE,MAP1B,COL4A1,ADAMTS4,MT1M,A2M,PRRX1,FABP4,NR2F2,RGS5,RGS16,EPS8,MCAM,S100A4,CRISPLD2,IL6",breast,cancer-associated fibroblasts (CAFs),F
Kumar_2023,F12,"SERPINE1,TCF4,HMOX1,STC1,CLEC2B,IL32,SRGN,SPRY1,CXCL8,FABP5,GNG11,PNP,DEPP1,CDC42EP3,MGLL,CD74,PECAM1,MCAM,PLS3,PKIG,MGST2,UPP1,CALCRL,PCAT19,CD93,JAG1,PGF,ESAM,ANGPT2,ADAMTS9,IFI27,PLVAP,SOX17,CLDN5,BCL6B",breast,fibroblasts,F
Kumar_2023,F13,"TNFAIP6,DCN,AKR1C1,IL6,CTSL,PLIN2,C1R,DDIT4,IGFBP6,CFD,SERPINF1,MMP2,C1S,MEG3,G0S2,EMP3,GSTO1,C11orf96,MEDAG,CLEC2B,COL6A2,SLC7A2,MMP3,CYP1B1,CSF3,TYMP,IL32,MPZL1,LUM,SLC39A14,SERPINE2,CXCL1,PDGFRA,SRM,AEBP1,BASP1,PDPN,THBS2,BNIP3,GYPC,FST,CLMP,PHC2,SLC43A3,FBLN1,PTGES,PRRX1,TWIST2,SERPINE1,RFLNB",breast,cancer-associated fibroblasts (CAFs),F
Kumar_2023,M2,"HLA-DRA,CST3,HLA-DRB1,HLA-DPB1,CD74,HLA-DPA1,HLA-DQA1,CXCL8,TYROBP,IL1B,FCER1G,HLA-DQB1,CXCL3,CCL3,CTSB,APOE,GPR183,METRNL,HLA-DRB5,ZEB2,ARL4C,CTSZ,CTSS,FCGRT,CTSD,C15orf48,FGL2,ETS2,PLIN2,LYZ,COTL1,MAFB,EMP3,CD83,C1QA,MS4A7,TYMP,PLAUR,CTSL,BCL2A1,SERPINB9,RNASET2,CD68,C1QC,CD163,PLEK,AIF1,HMOX1,HLA-DMA,FNIP2",breast,macrophages,M
Kumar_2023,F16,"GPNMB,S100A9,RAB13,HILPDA,SDC2,S100A8,CCL20,SLC16A10,P4HA1,UGP2,BNIP3,RNASE1,SLC11A1",breast,tumor-associated macrophages (TAMs),F
Kumar_2023,F15,"APOE,OLR1,C3,SDS,A2M,FCGR3A,FCGBP,CD9,CAPG,SRGAP1,APOC1,PLXDC2,TREM2,NR4A3",breast,TREM2+ macrophages,F
Kumar_2023,F14,"CXCL3,SELENOP,MRC1,CCL3L1,LYVE1,FOLR2,F13A1,CXCL1,GCLM,THBD,STAB1,PLTP,RNASE1,CCL4L2,CCL2",breast,M2-like macrophages,F
Kumar_2023,F18,"FABP4,CD52,KLF4,CD36,PDK4,CRIP1",breast,macrophages,F
Kumar_2023,F19,"S100A9,EREG,FCN1,S100A8,VCAN,SLC11A1,SERPINA1,LILRB2,CD300E,CORO1A,CD52,PELATON,STXBP2,CD48,LILRA5",breast,tumor-associated macrophages (TAMs),F
Kumar_2023,F20,"PPA1,DUSP4,CRIP1,LGALS2,IDO1,RAB11FIP1,C1orf54,SHTN1,unknown,IRF8,SEPTIN6,MARCKSL1,DAPP1,CPNE3,TACSTD2,DNASE1L3,S100B,WDFY4,CLEC9A,LSP1,C1orf21",breast,macrophages,F
Kumar_2023,F17,"IL7R,CCR7,IL1R2,FCER1A,EREG,GPAT3,unknown,CLEC10A,LSP1,RALA,CST7,CD1C,DUSP4",breast,macrophages,F
Kumar_2023,M0,"IL7R,PTPRC,CCL5,IL32,ARL4C,ARHGDIB,CD2,ETS1,CXCR4,HCST,STK4,FYN,CNOT6L,TRBC2,CD48,CD3D,CD69,CD7,LEPROTL1,CDC42SE2,STK17B,IKZF1,PPP2R5C,DUSP2,CD3E,CYTIP,SYTL3,LCP1,CD52",breast,T cells,M
Kumar_2023,F0,LTB,breast,unknown,F
Kumar_2023,F1,"METRNL,CD8A",breast,CD8+ T cells,F
Kumar_2023,F2,"GNLY,NKG7,CCL4,KLRD1,GZMA,GZMB,CTSW,CST7,GZMH,CMC1,PRF1,KLF2,CD247,HOPX,TYROBP,FGFBP2,EFHD2,ZEB2,GZMM,ITGB2",breast,cytotoxic T cells,F
Kumar_2023,F3,"PLCG2,HSPA1A",breast,unknown,F
Kumar_2023,F4,"AREG,KLRB1,ZNF331,XCL1,XCL2,NFKB1,TMEM123,TIPARP,RANBP2,SEC11A,GADD45A,CCDC107,BST2,FOSL2,TYROBP,TNFRSF18,MACROH2A1,AHI1,CDKN1A,MAP3K8,NINJ1,AHR,KIT,IL4I1",breast,Type 1 regulatory T cells (Tr1),F
Kumar_2023,M3,"IGKC,IGHA1,IGLC2,SMAP2,HLA-DQB1,CD37,HLA-DQA1,CD79A",breast,B cells,M
Kumar_2023,F21,"HLA-DRA,HLA-DPB1,HLA-DRB1,CD37,REL,HLA-DPA1,LTB,LAPTM5,CD52,HLA-DQB1,MS4A1,CXCR4,HLA-DQA1,CD83,BANK1,ZFP36L1,TNFRSF13C,SMCHD1,CCR7,PTPRC,RCSD1,FOXP1,SWAP70,STK17A,HLA-DRB5,IGHM",breast,memory B cells,F
Kumar_2023,F22,"IGHA2,JCHAIN,SRGN,CYTOR,ANKRD28,DDIT4,SEC61B,MZB1,FKBP2,LGALS1,SELENOS,DNAJB9,SSR3,PELI1,MCL1,ATF4,MANF,SLC3A2,ERN1,PRDM1,TXN,DUSP5,TRAM1,SPCS2,PDIA6,DERL3,PPIB,SDF2L1,RABAC1,TRIB1,CCPG1,GSTP1,MTHFD2,S100A11,HM13,CREB3L2,CRELD2,TNFRSF17,SEL1L,SELENOK,TMEM59,SLAMF7,FKBP11,A1BG,TXNDC15,TNFRSF18,SEC61A1,FNDC3B,SPCS3,EIF2AK4",breast,plasma cells,F
Kumar_2023,F24,"GPR183,AREG,BCL11A,TCF4,NPC2,PPP1R14B,PRKCB,IRF8,CCDC50,TAMALIN,STMN1,TBCA,IRF4,SNX3,DUSP5,RGS2,HMGN2,CST3,RAB11FIP1,RRBP1,VAMP8,CXXC5,IRF2BP2,FYTTD1,GLIPR1,UCP2,SPIB,PPM1K,DSTN,ARPC1B,SMIM14,HNRNPUL1,OFD1,SEL1L3,PLAC8,SRSF6,EID1,RNASE6,SH3KBP1,SOX4,SEPTIN6,SPINT2,CNPY3,RNF149,UGCG,ALOX5AP,PLEK,THEMIS2,VEGFB,TSPAN13",breast,Plasmablasts,F
Kumar_2023,F23,"IGHG1,IGHG3,IGHG2,IGHG4,MZB1",breast,plasma cells,F
Kumar_2023,M5,"CLU,KRT18,CLDN4,CD24,KRT15,KRT19,HES1,LTF,ELF3,SFRP1,MFGE8,SCGB3A1,PIGR,S100A1,KRT8,KRT7",breast,luminal epithelial cells,M
Kumar_2023,F29,"LALBA,CSN1S1,CSN3,CSN2,LTF,SPP1,S100A9,FDCSP,ZG16B,HLA-DRA,PLIN2,FABP3,SLC25A5,ARPC3",breast,luminal epithelial cells (milk-producing),F
Kumar_2023,F30,"SLC25A3,LGALS3,EZR,SPTSSA,S100A10,PFN1,SEC61G,EIF3F,EIF3L,EIF3H,SF3B6,FXYD3,PCBP2,TUBA1C,YWHAH,EPCAM,GNG5,CDC42,PPP1R14B,PPP1CB,RSL24D1,IMPDH2,RSL1D1,EIF1AX,RCAN1,PSMA7,MYL12A,YWHAB,CUTA,EIF3E,CD59,YWHAE,SUMO2,SSR2,CLIC1,RAB14,MGST1,SNRPB2,AGO2,MTPN,MRPL36,ADRM1,PSMD7,ADSS2,ABCE1,SRPRA,RAN,ATP6V1G1,ARPP19,SLK",breast,luminal epithelial cells,F
Kumar_2023,F28,"PLCG2,FOSB,ELF3,MAFB,XIST,NEAT1,HES1,SOX4,HEXIM1,PPP1R15A,GADD45B,H4C3,CSKMT,SLC38A2,IER3,RND3,IER5L,EGR1,SNORC,CCNL1,PPP1R10,FUS,TLE4,ANKRD36C,PLK2,MTRNR2L8,INTS6,NR4A1,RSRP1,HSPA2,DST,POLR2A,GOLGA8A,HSPA1B,ARGLU1,BTG2,NFKBIZ,ID4,TRA2B,BRD2,AHNAK,HSPA1A,IFRD1,PNN",breast,luminal epithelial cells,F
Kumar_2023,M4,"KRT8,HMGB2,STMN1,KRT19,KRT7,KRT15,DUT,SFRP1,NUSAP1,CENPW,CD24",breast,luminal epithelial cells,M
Kumar_2023,F26,"CXCR4,BTG1,PTPRC,HLA-E,ARHGDIB,SRGN,IL32,SH3BGRL3,NKG7,CCL5,CORO1A,GZMA,TSC22D3,EMP3,TXNIP,ID2,IFITM2,GMFG,CALM3,CREM,S100A4,CCL4,NUCB2,CD52,TLE5,CD99,MSN,SARAF,CRIP1,SYNE2,RAC2,SON,TNFAIP3,H1-2,IQGAP1,ARL4C,FXYD5,FAM107B,CD44,ISG20,PPP2R5C,SMAP2,AKAP13,SMC4,PSMB9,GYPC,ANP32E,PSIP1,MBNL1,NEAT1",breast,unknown,F
Kumar_2023,F25,"KRT18,CD24,KRT7,KRT8,KRT19,TM4SF1,KRT15,MMP7,TACSTD2,MGST1,CITED4,AZGP1,SFRP1,TNFRSF12A,EPCAM,S100A16,S100A13,TSC22D1,SCGB3A1,CRABP1,CRYAB",breast,luminal epithelial cells,F
Kumar_2023,F27,"HLA-DRA,CD74,CST3,HLA-DPB1,HLA-DRB1,HLA-DPA1,SAT1,SRGN,NPC2,TYROBP,AIF1,S100A4,LYZ,FABP5,C1QB,FCER1G,DUSP1,COTL1,PSAP,HLA-DQB1,LAPTM5,CTSB,HLA-DRB5,ALOX5AP,C1QA,RGS1,LCP1,APOE,BRI3,HLA-DQA1,C1QC,CXCL8,GMFG,GPR183,CTSZ,HLA-DMA,CTSD,CAPG,FCGRT,RGS2,TYMP,GSN,PLAUR,OGFRL1,ARPC1B,GNAI2,GLUL,ARHGDIB,MS4A6A,SDCBP",breast,macrophages,F
Kumar_2023,M6,"FCER1G,RGS2,TYROBP,ANKRD28,CDC42EP3,ARHGAP18,ACSL4,PTGS2,HPGD,IL1RL1,KIT,TPSB2,TPSAB1,GATA2,CTSG,CPA3",breast,mast cells,M
Kumar_2023,M7,"CXCL8,TYROBP,G0S2,S100A9,LCP1,PLAUR,BASP1,RGS2,C5AR1,BCL2A1,ALOX5AP,TNFAIP6,RNF149,SLC25A37,MXD1,LST1,ACSL1,S100A8,PHACTR1,ANP32A,PLEK,FCER1G,SERPINA1,PTGS2,RIPOR2,ITGAX,MYO1F,NCF1,MNDA,FPR1,CSF3R,AQP9",breast,neutrophils,M
