Data,Cluster,Markers,Organization,cell_type,level
Kumar_2022,M0,"JCHAIN,IGHA1,IGKC,IGLC2,IGHA2,IGLC3,MZB1,PIM2,IGLL5,FKBP2,DERL3,FKBP11,UBE2J1,CD79A,SEC11C,POU2AF1,TNFRSF17,TENT5C",pancreatic,plasma cells,M
Kumar_2022,F0,,pancreatic,unknown,F
Kumar_2022,F1,"PGC,LIPF,PGA5,CST3,KCNQ1OT1,MT1G,PIGR,PGA3,AGR2,LYZ,CYSTM1,XIST",pancreatic,unknown,F
Kumar_2022,F2,"CXCR4,CREM,CCL5,IL32,COTL1,CD52,CD7,CD3D,CD3E",pancreatic,unknown,F
Kumar_2022,M1,"IL32,CCL5,CD7,IL7R,PTPRC,CORO1A,HCST,NKG7,CD3E,CD2,LAPTM5,CD37,CXCR4,STK17B,LCK,TRBC2,PTPRCAP,CD52,RAC2,EVL,GZMA,SPOCK2,ARHGDIB,CREM,CYTIP,SAMSN1,CCL4,CD69,FYB1,LCP1,LEPROTL1,ZNF331,CST7,DUSP2,STK17A",pancreatic,T cells,M
Kumar_2022,F3,,pancreatic,unknown,F
Kumar_2022,F10,"CCL4L2,PGA3,EGR1,PGC,LIPF,MT1G,PGA5",pancreatic,unknown,F
Kumar_2022,F4,"LTB,BATF",pancreatic,unknown,F
Kumar_2022,F6,"GNLY,AREG,GZMB,PRF1,KLRD1,CTSW,TNFRSF18,HOPX,IL2RB,TYROBP,FCER1G,KIR2DL4,SLA2,MAP3K8",pancreatic,mucosal-associated invariant T (MAIT) cells,F
Kumar_2022,F8,"IGHA1,IGKC,KLF2,UBE2S,SMAP2,FAM133B,IGLC2",pancreatic,unknown,F
Kumar_2022,F9,"TUBB,STMN1",pancreatic,unknown,F
Kumar_2022,F7,"GZMB,GZMK,GZMH,CD8B,ITM2C,HLA-DPA1,LAG3,HLA-DRB1,HLA-DRB5,SLA2,HLA-DRA,HLA-DPB1",pancreatic,cytotoxic CD8+ T cells,F
Kumar_2022,F5,,pancreatic,unknown,F
Kumar_2022,M3,"CST3,MUC5AC,KRT8,KRT18,PGC,CYSTM1,KRT19,TFF1,IFI27,SPINK1,ELF3,LYZ,ID1,TFF2,MUC1,CD151,CD24,GKN1,S100P,CLDN18,GPX2,SMIM22,EPCAM,C19orf33,ANXA10,VSIG2,KLF5,CA2,TSPAN1,MT1E,SFN,SLC44A4,SPINT2,PHLDA2,DSP,SMIM24,NQO1,MT1G,PIGR,TSPAN8,RNASE1,FXYD3,LGALS4,STARD10,CTSE,AGR2",pancreatic,pancreatic ductal epithelial cells,M
Kumar_2022,F17,"PGC,PGA3,LIPF,MUC6,PGA5,CLU,CXCL17,IGFBP2,PGA4,REG1A,FMOD,C16orf89,KCNE2",pancreatic,pancreatic ductal epithelial cells,F
Kumar_2022,F21,"SERPINA1,PCSK1N,FABP1,GSTA1,CTNNB1,CCL20,BZW2,SNRPB2,DDAH2,MRPS26,IFITM1,TMEM230,CPNE1,MKKS,APOA1,CLDN7,CKS2,SNRPD1,XRN2,APOA2,TM4SF5,CDKN2A,IGF2.1,LGALS2,CD7,FAM83D,SCT,FN1,WFDC2,PLA2G2A,SLC39A5,STMN1,MYL9,APOC1,GPC3,TGM2,GAL,TTR",pancreatic,pancreatic ductal epithelial cells,F
Kumar_2022,F22,"CXCL3,CXCL2,SERPINA1,IFITM1,TFF3,HLA-DRB1,LY6E,CCL20,TESC,HLA-DRA,S100A4,AGPAT2,FCGBP,DUSP2,TM4SF1,TIMP1,CXCL1,FHL2,ZG16B,CDC42EP1,IFITM2,PLP2,PDCD5,IFI6,NUPR1,GPI,CLDN3,CD44,BST2,SOD2,SET,UBD,SNHG7,ACP1,C1QBP,STOML2,TRIB1,HLA-DPB1,PSMB5,NAA10,PDZK1IP1,DPP7,PHLDA1,HLA-DPA1,ASPH,SUMO1,MYC,LGALS1,ANXA1,EMD",pancreatic,pancreatic ductal epithelial cells,F
Kumar_2022,F18,"MUC5AC,GKN1,GKN2,MUCL3,CAPN8,FCGBP,ANKRD36C,MSMB,RASEF,AKR1B10,VSIG1,SYTL2,TFF2",pancreatic,pancreatic ductal epithelial cells (mucin-producing subset),F
Kumar_2022,F19,"IFITM1,S100A4,ANXA1,VIM,DUSP2,SRGN,NR4A2,TNFAIP3,TSC22D3,IFITM2,CCL5,RGCC,CXCR4,CREM,ELF1,CD7,ARHGDIB,CD69,TUBA1A,ZNF331,RGS1,CD52,RAC2,NKG7,PTPRCAP,IL7R,CORO1A,CD3E,PTPRC,LAPTM5,CST7,AC016831.7,CD3D,LSP1,HCST,CLEC2B,SAMSN1,FYB1,CD37,EVL,GNG2,LIMD2,TRBC2",pancreatic,T cells,F
Kumar_2022,F16,"TFF3,CLDN4,REG4,IL32,S100A14,CLDN3,CLDN7",pancreatic,pancreatic ductal epithelial cells,F
Kumar_2022,F20,"PCSK1N,CLDN3,SERPINA1,TTR,CHGA,DEPP1,PTMS,ZKSCAN1,TUBA1A,NR4A2,TMEM176B,EGR3,STMN1,SCG5,WFDC2,PAM,MS4A8,KCTD12,TM4SF4,HEPACAM2,KIAA1324,CRYBA2,CHGB,CPE,VGF,SCG3,PFN2,SCGN",pancreatic,pancreatic endocrine cells,F
Kumar_2022,F23,"IGHA1,JCHAIN,IGKC,VIM,TSC22D3,IGHA2,ISG20,SRGN,IGKV3-20,FKBP11,IGKV1-5,RGS1,MZB1,EMP3,LSP1,IGLL5,DERL3,PRDM1,CD79A",pancreatic,plasma cells,F
Kumar_2022,F24,"PGA3,LIPF,ALDH1A1,LDHB,CKB,GSTA1,DUSP4,IDH2,KCNE2,NDUFA5,TXNIP,ISCU,C4orf48,GIF,FGD4,NDUFA10,MPC1,ACO2,HADHB,HADH,PLEKHB2,REXO2,AKR7A3,AK3,STX12,SNX6,GOT1,GPRC5C,PDHA1,SLC25A4,HPCAL1,ATP4B,PXMP2,GABARAPL1,ARHGAP18,GLOD4,ACAT1,KIAA1191,G0S2,ATP4A,C18orf32,ECI2,CLIC6,RAP1GAP",pancreatic,pancreatic ductal epithelial cells,F
Kumar_2022,F25,"PGA3,ALDH1A1,LIPF,CHGA,SERPINA1,IFI6,WFDC2,AZGP1,PTMS,PDIA2,C4orf48,STMN1,EID1,DEPP1,STRAP,KLK11,TMEM14A,GPR160,UCP2,DNAJB9,TUBA1A,RNASE4,SERINC1,BEX3,BCAM,PKIB,MS4A8,NUCB2,CAVIN3,ERO1B,GPX3,QDPR,ACSL1,KCTD12,KIAA1324,CPE,PCSK1N,MAOB,GPRC5C,DNASE1,CHGB,SCG3,HDC,CCKBR",pancreatic,pancreatic ductal epithelial cells,F
Kumar_2022,M6,"CD69,GLUL,CD37,ALOX5AP,FCER1G,SAMSN1,AREG,CD9,CLU,CAPG,TYROBP,RGS10,CD83,TPSAB1,TPSB2,CD82,HPGD,CPA3,NSMCE1,PTGS2,TPSD1,ACSL4,BHLHE40,LTC4S,PTGS1,GATA2,IL1RL1,VWA5A,HDC,ALOX5,HPGDS,KIT,MS4A2",pancreatic,mast cells,M
Kumar_2022,F40,"FOSB,LMNA,CLU,NFKBIZ,SDCBP,NR4A1,KDM6B,RPS4Y1,VWA5A,CREM,MCL1,NR4A3,RGS13,SLC18A2,DDX3X,BTG2,AC020916.1,DNAJB6,SKIL,AKAP13,RHEX,MYADM,SGK1,NR4A2,ZNF331,PNRC1,EGR1,CD83,STK17B,REL,CDKN1A,CDC42EP3",pancreatic,mast cells,F
Kumar_2022,F41,"MT2A,APOC1,RPS10,HSPA6,EBI3,ATP5ME,PNMT,IFITM1,BATF,CD48,PRG2,MT1X,NDUFB1,SOX4,ALAS1,MT1E,RAD21,DCXR,NDUFA13,ATOX1,NDUFC2,UQCR10,RBX1,HLA-DRB1,NUCKS1,SRI,TMEM176A,IL2RG,CD38,NDUFA3,EIF4A1,MTHFD2,UQCRC2,SNRPB2,ATP5MPL,SNRPD3,RHOC,TMEM176B,PSMB2,FABP5,NDUFA11,IL17RB,APRT,NOP10,RPN2,P4HB,STMP1,ECH1,PSMA4,RDH10",pancreatic,mast cells,F
Kumar_2022,M5,"HLA-DRA,HLA-DRB1,HLA-DPB1,SOD2,HLA-DPA1,TYROBP,CXCL8,NPC2,IL1B,FCER1G,NAMPT,APOE,C1QB,C1QC,CXCL3,HLA-DQA1,C1QA,LCP1,HLA-DQB1,BCL2A1,GRN,GLUL,TYMP,AIF1,CTSS,RGS10,CD68,G0S2,CCL3,S100A9,APLP2,CD83,CD53,CCL4,GRINA,PLAUR,CCL4L2,CD14,PLEK,LYZ,LAPTM5,CTSH,HLA-DMA,MAFB,MS4A6A,CTSZ,GK,MS4A7,ASAH1,SPI1",pancreatic,macrophages,M
Kumar_2022,F39,"CCL5,IFITM1,CST7,IL32,CD69,ISG20,NKG7,CD7,PTPRCAP,CD3E,CD3D,GZMA",pancreatic,unknown,F
Kumar_2022,F36,"S100A8,EREG,IL1RN,FCN1,SLC25A37,SLC11A1,VCAN",pancreatic,macrophages,F
Kumar_2022,F35,"C1QC,ACP5,SELENOP,PLD3,MMP9,LIPA,SLC40A1,FGL2,PLA2G7,DAB2,STAB1,A2M",pancreatic,macrophages,F
Kumar_2022,F37,"SPP1,APOE,APOC1,FN1,MARCO,FCGR2B,FCGR3A,HAMP,PLTP,TREM2,VSIG4,CYP27A1,FCGR1A,P4HA1,GPNMB,SLC2A5,ADM,NUPR1",pancreatic,macrophages,F
Kumar_2022,F38,PPA1,pancreatic,unknown,F
Kumar_2022,M2,"HLA-DRA,HLA-DRB1,CXCR4,HLA-DPA1,HLA-DPB1,CD52,LAPTM5,CD83,CD37,HLA-DQA1,HLA-DQB1,LTB,LIMD2,HLA-DMA,CD79A,GPR183,HLA-DRB5,MEF2C,RHOH,LY9,MS4A1,CD69",pancreatic,B cells,M
Kumar_2022,F11,HLA-DRB5,pancreatic,unknown,F
Kumar_2022,F12,"IGKC,KLF2,IGLC2,HLA-DQA2,IER5,FAM133B,UBE2S,IGHG4",pancreatic,plasma cells,F
Kumar_2022,F14,"TUBB,ANP32B,UBE2J1,HMGA1,STMN1,POU2AF1,ROMO1,SET,PRDX6,PARP1,CD22,LDHB,H2AFV,HMGB2,CCT8,FABP5,GNG5,CSK,JPT1,COX5A,SNRPD3,METAP2,SEM1,MMADHC,NDUFA1,ATP5IF1,UQCR10,CSNK2B,HMGN3,MRPL52,LSM8,PGAM1,UQCRQ,RANBP1,LRMP,MTHFD2,MRPL51,TRAPPC1,ARPC5L,TCL1A,GABARAPL2,CALM3,ATP5MD,WDR1,ATP5F1A,MDH1,PHB2,TBCA,RBBP4,ATP5MPL",pancreatic,B cells,F
Kumar_2022,F13,"IFITM1,RGCC,LDHA,TNFAIP3,S100A4,GNG2,CITED2,DUSP4,LY6E,CLEC2B,EVL,CCL4,IL32,CCL5,HCST,ANXA1,NKG7,IL7R,CD3E,BATF,CD7,CST7,FYN,CD3D,FYB1,CD2",pancreatic,unknown,F
Kumar_2022,F15,"AREG,NR4A3,RGS1,LDLRAD4,SEC61B,S100A6,NR3C1,TCF4,PPIB,IRF7,SPCS1,SPIB,PLP2,SELL,TXN,EIF4A3,CD99,CCDC50,ZC3HAV1,ATF3,PARK7,ATP6V0B,NPC2,PLAC8,ALOX5AP,CST3,GSTP1,SEC61G,ERP29,AKAP13,S100A4,IFRD1,IRF2BP2,SIVA1,IRF4,GNG5,BHLHE40,PAXX,GPR65,PPP1R10,SLC3A2,CAPG,THUMPD3-AS1,RAC1,RANBP2,HSP90B1,ATP1B3,DRAP1,MTPN,ATP5MD",pancreatic,Plasma cells,F
Kumar_2022,M4,"IFITM3,IGFBP7,SPARC,TIMP1,IFI27,COL1A1,COL3A1,ID3,MGP,COL1A2,IGFBP4,SPARCL1,CALD1,GSN,DCN,A2M,TUBA1A,RARRES2,TM4SF1,COL6A2,CD59,RHOC,SERPING1,EID1,CCDC85B,CRIP2,C1S,APP,COL4A2,HSPG2,NNMT,TPM2,PRSS23,GNG11,S100A13,ITGB1,PLPP1,CAV1,TPM1,PDLIM1,COL6A1,ENG,CD151,TCF4,COL4A1,TIMP3,SPRY1,BGN,CYB5R3,RAB13",pancreatic,pancreatic stellate cells,M
Kumar_2022,F27,"RAMP2,PECAM1,AQP1,VWF,CLDN5,EGFL7,RNASE1,BCAM,CALCRL,CLEC14A,ECSCR,RGCC,ESAM,HSPG2,HYAL2,ARHGAP29,CDH5,ADGRL4,SLCO2A1,CD34,TIE1,CD93,MCAM,COL15A1,SHANK3,MCTP1,ADAM15,HLA-DRB1,PLVAP,RAMP3,CXorf36,ITGA6,EMCN,VWA1",pancreatic,endothelial cells,F
Kumar_2022,F29,"RGS5,MCAM,MAP1B,TINAGL1,PPP1R14A,CSRP2,ITGA1,PDGFRB,NR2F2,NOTCH3,MYO1B,NDUFA4L2,GJA4,FRZB,CD36,EFHD1,CD248,FAM162B,OLFML2B",pancreatic,pancreatic stellate cells,F
Kumar_2022,F30,"PLVAP,FABP5,IGHA1,RNASE1,RGCC,PGA3,RGS5,RAMP2,CD320,SLC9A3R2,SRGN,LIPF,PECAM1,PGC,CD36,EGFL7,VWA1,FLT1,CAVIN2,ADGRL4,RAMP3,EMCN,SLCO2A1,FAM167B,CD34,HLA-DRA,ITGA6,THBD,EHD4,TM4SF18,CYYR1,ITM2A,NQO1,GIMAP7,TMEM88,CA4,ICAM2,HLA-DRB1,PODXL,RBP7,PTPRB,ADGRF5,SEC14L1,FAM107A,HLA-DPA1,CALCRL,SLC14A1,VWF,KDR,EXOC3L2",pancreatic,pancreatic stellate cells,F
Kumar_2022,F26,"LUM,IGFBP5,DCN,TMEM176B,RARRES2,TMEM176A,MMP2,MFAP4,CXCL14,FBLN1,LTBP4,APOD,PDGFRA,SPON2,CYGB,TCF21,TGFBI,POSTN,DKK3,F3,SERPINF1,GGT5,CTSK,RBP1,FHL1,EDIL3,SDC2,EMILIN1,BMP4,AGT,HSD17B2,FOXF1,PDPN,DPT,RGS10,ECM1,CFD,GPX3,AC245595.1,FENDRR,TRPA1,TMEM119,LSP1,PTGER2,FBLN5,EMID1,VCAN,MXRA5,GEM,APOE",pancreatic,pancreatic stellate cells,F
Kumar_2022,F33,"CFD,C3,SERPINF1,S100A4,EFEMP1,CCDC80,PCOLCE,CXCL12,CXCL14,CLU,PLA2G2A,FBLN1,PLAC9,GPX3,COL6A3,CD34,OLFML3,LSP1,RARRES1,ITM2A,CTSK,THBS2,CD248,FBN1,ANGPTL4,FBLN5,RASD1,SFRP2,MXRA8,DPT,APOD,ISLR,AC245595.1,MFAP4,SRPX,LIMA1,TNXB,AKAP12,MGST1,FBLN2,HSPB6,ADD3,MFAP5,IGF2.1,COL14A1,MEG3,CPXM1,COL12A1,FGF7,PIGT",pancreatic,pancreatic stellate cells,F
Kumar_2022,F31,"C3,SLPI,RARRES1,KRT19,KRT18,KRT8,CLU,PLA2G2A,HP,CFB,PROCR,KCNQ1OT1,EZR,PRG4,CALB2,IL1R1,TMEM98,LMO4,ID4,PTGDS,CCDC80,CHI3L1,KRT7,RAMP1,OGN,MSLN,UPK3B,PHGDH,CLDN15,CLDN1,C19orf33,MZT2A,KLK11,GAS1,WFDC2,DSP,EFEMP1,BCHE,PDZK1IP1,RAB11FIP1,IL18,ITGB8,LINC01133,DSG2,CXCL6,DSC2,PTPRF,VTN",pancreatic,pancreatic stellate cells,F
Kumar_2022,F28,"CCDC80,VCAN,TGFBI,MDK,EFEMP1,THBS2,MFAP2,CTHRC1,NUPR1,PDLIM3,CPE,LXN,KRT19,CRABP2,FN1,P4HA1,CLEC11A,PLTP,MEST,HILPDA,CERCAM,RARRES1,CLU,LOX,KRT8,EGLN3,CFB,CA12,PLOD2,SLC12A8,BCAT1,CA9,MT1E,C3,BNIP3,AK4,WISP1,SERPINE2,ANGPTL4",pancreatic,pancreatic stellate cells,F
Kumar_2022,F32,"SRGN,LSP1,TNFAIP3,NR4A2,CXCR4,DUSP2,CREM,CCL4,CCL5,IL7R,CD69,RGS1,CD7,PTPRC,NKG7,CD52,CORO1A,PTPRCAP,CD3E,TRBC2",pancreatic,activated T cells,F
Kumar_2022,F34,"TMEM176B,S100A4,CLU,DKK3,CRYAB,PRNP,HLA-DRB5,RGS16,FXYD1,PMEPA1,SPP1,COL8A1,DST,MATN2,SAMHD1,EPB41L2,SORBS2,KDSR,AP1S2,ALDH1A1,FSTL3,NDRG2,GNG2,SEMA3B,ARHGAP15,SLC22A17,LGI4,GPM6B",pancreatic,pancreatic stellate cells,F
