Data,Cluster,Markers,Organization,cell_type,level
Kürten_2021,M2,"IFITM3,IGFBP7,IFI27,HSPB1,S100A2,KRT17,PERP,ANXA2,CD9,TM4SF1,SPARC,GSTP1,FXYD3,CEBPD,CALD1,LMNA,DSTN,SFN,ANXA1,KRT5,CD59,LAPTM4A,CD63,ADIRF,LGALS3,CDKN2A,ID1,TACSTD2,PDLIM1,RAC1,YBX3,TSC22D1,SEM1,SOX4,S100A16,ID3,SELENOM,MDK,PRDX5,S100A9,PTMS,RHOC,EGR1,CAV1,HES1,HMGN3,C1R,APP,KRT18,EIF4A1",head and neck,epithelial cells,M
Kürten_2021,F16,"KRT19,CSTA,CDKN2A,SPRR3,S100A9,NTS,ATP1B1,RHCG,CLDN4,ERO1A,SLPI,TACSTD2,H2AFJ,ECM1,KRT13,SLC2A1,CXCL17,SPRR2A,OAS1,LCN2,SDC1,CENPW,HMGA1,CLDN1,CEACAM5,SERPINB1,MAP3K13,SERINC2,SPRR1B,MALL,MUC4,F3,C19orf33,KRT7,PLAC8,RSF1,SMIM22,IGKC,MGST1,HIST1H1C,DSP,KRT24,NECTIN4,PDZK1IP1,CEACAM6,GPRC5A,PRSS22,TMPRSS11D,S100A8,FAM3D",head and neck,squamous epithelial cells,F
Kürten_2021,F15,"FDCSP,TACSTD2,CCL20,CD24,SFN,CALML3,FBLN1,KRT15,KRT5,CALML5,MAL2,CLDN3,VCAM1,ALDH2,LTF,PITX1,CSTA,CLDN7,IL1R2,CDC42EP4,AHCY,WFDC2,IGFBP2,KRT19,CARS,SAP25,CYP24A1,SLPI,ELF3,TINAGL1,S100A14,KREMEN2,CLDN4",head and neck,basal epithelial cells,F
Kürten_2021,F10,"LUM,DCN,COL6A2,COL1A1,COL1A2,COL6A1,CTHRC1,C1S,MMP2,C1R,RARRES2,S100A4,COL6A3,SFRP2,AEBP1,CTSK,MMP1,FSTL1,PMP22,EMP3,INHBA,CCDC80,SPON2,SPARC,COL3A1,FN1,CPE,SERPING1,TNFAIP6,TIMP2,TAGLN,FBLN1,C11orf96,MT1E,MFAP2,TWIST2,FBLN2,MYL9,STEAP1,VCAN,TMEM45A,SERPINF1,HTRA3,COL5A1,MXRA8,MEG3,LOXL1,GPM6B,WNT5A,FBN1",head and neck,fibroblasts,F
Kürten_2021,F17,"S100A8,KRT15,LY6D,IGFBP3,TCIM,AQP3,KRT19,CALML5,WFDC2,DSC3,CXADR,HPV_E5,CALML3,ELF3,FDCSP,CSTA,KRT13,CCL20,SLPI,CLDN7",head and neck,epithelial cells (likely stratified squamous epithelial cells),F
Kürten_2021,F14,"SPARC,HLA-DRB1,SPARCL1,RAMP2,ENG,VWF,CTGF,COL4A1,MGP,PRSS23,HSPG2,PLVAP,ACKR1,COL4A2,A2M,PRCP,VAMP5,KLF2,ECSCR,PECAM1,FSTL1,GNG11,PCAT19,RGCC,CLEC14A,COL15A1,RAMP3,VWA1,HYAL2,RNASE1,AQP1,SLC9A3R2,SERPINE1,NPDC1,COTL1,EPAS1,CALCRL,INSR,THBS1,ARHGDIB,ADGRL4,CD93,SELE,ESAM,SRGN,CD34,MCAM,ENTPD1,C1orf54,GMFG",head and neck,endothelial cells,F
Kürten_2021,F19,"CLDN4,KRT16,S100A14,TCIM,IGFBP2,CALML5,COL6A1,GADD45A,IGFBP3,ALDH2,FDCSP,SERPINF1,TINAGL1,TSHZ2,PTN,ALDH1A1,VCAM1,TRIB1,KREMEN2,HPV_E5,LTBR,CTSH,GDF15,SOX9,DHRS3,MMP7,PPHLN1,BLCAP,LGALS7B,PRSS8,CXXC5,PLPP5,NCCRP1,PLTP,CUL1,ING4,SLPI,HPV_E1,TAPBPL,EZH2,RNF207,NGFR,PKMYT1,AC004233.2,APOC1,ATP6V0E2,ZNF212",head and neck,squamous epithelial cells,F
Kürten_2021,F18,"KRT19,SLPI,WFDC2,CLDN4,ELF3,TACSTD2,CLU,CALML3,LCN2,AQP3,CLDN7,C19orf33,KRT7,VAMP8,ALDH3A1,CXCL17,KLF5,SERPINB3,TSPAN1,AGR2,DEFB1,MUC4,MPZL2,MMP7,SMIM22,MGST1,TSTD1,ASS1,SERPINB1,CD24,FAM3D,RARRES3,PIGR,PSCA,MUC1,ZG16B,PITX1,CP,GABRP,KRT13,SPINT1,LY6D,MSLN,FUT2,KRT23,C15orf48,ST6GALNAC1,BICDL2",head and neck,mucosal epithelial cells,F
Kürten_2021,F9,"CCL21,GNG11,CLDN5,TFPI,NNMT,CCL2,ANGPT2,EFEMP1,PDPN,TFF3,FN1,EGFL7,ECSCR,ENG,RGS16,RAMP2,HYAL2,C4orf48,MMRN1,ARHGAP29,PCAT19,DUSP6,IFITM2,GMFG,TIMP3,GYPC,LAMA4,VAMP5,ARL4A,TIE1,PTPRE,CTHRC1,CAVIN2,PPFIBP1,MYCT1,NRP2,AKAP12,CXorf36,PECAM1,TGFB1,TUBA1A,ADD3,LY96,TMEM255B,GIMAP4,PROX1,SPTBN1,LAPTM5,KANK3,LYVE1",head and neck,lymphatic endothelial cells,F
Kürten_2021,F13,"KRT14,HLA-DRA,HLA-DRB1,MMP1,RBP1,TGFBI,TPM2,KRT6A,KRT6B,IGFBP6,CTSC,SELENOP,LGALS3BP,MT1E,TNC,INHBA,MMP10,ITGA6,DSP,PLAU,STAT1,SLC2A1,FKBP4,PRNP,WARS,C12orf75,ADM,PLEC,LAMB3,CTSV,HLA-DQB1,SERPINE2,HLA-DPA1,COL17A1,LIMA1,TAP1,PTHLH,HMGA1,GJB2,AREG,SYNE2,TUBA4A,VPS35,PFN2,ITGB4,PSMD12,LAMC2,SERINC2,GBP1,CLCA2",head and neck,basal epithelial cells,F
Kürten_2021,F12,"SPARCL1,MGP,COL4A1,NDUFA4L2,TPM2,TAGLN,SERPINF1,BGN,DCN,TPM1,MYL9,LUM,COL4A2,A2M,PCOLCE,TFPI,SERPING1,CRIP1,C1S,COL18A1,THY1,C11orf96,IFITM1,TINAGL1,LHFPL6,COX7A1,MFGE8,PRRX1,ACTA2,COL3A1,ID4,EMP3,SH3BGRL,ASPN,EPAS1,NR2F2,RGS5,S100A4,ARHGDIB,MAP1B,TPPP3,FSTL1,SOD3,EHD2,MEF2C,DKK3,SDC2,PPP1R12A,GPM6B,TGFB1I1",head and neck,myofibroblasts,F
Kürten_2021,F20,"IGFBP2,CXCL14,NDUFA4L2,NTS,KRT14,HMGA1,CD44,CSTA,CKS2,UBE2S,HSPA1B,SERPINB5,ITGB4,SNHG7,LY6K,PTHLH,LAMC2,C12orf75,MRPL12,COL17A1,CENPX,ODC1,TSTD1,NT5C,DCXR,TMEM141,SQLE,UGDH,TK1,VAMP8,TNNT1,OVOL1,PSAT1,GPC3,HIST3H2A,HAS3,KCNMA1,FOXE1,SERPINI1,RAC3,PAGE2",head and neck,basal epithelial cells,F
Kürten_2021,F11,"KRT19,KRT15,CALML5,KRT14,KRT6A,AKR1C1,ALDH3A1,AKR1C2,CBR1,CXCL14,GSTM3,LGALS7B,GPX2,AKR1C3,SOX2,NQO1,THOC3,PGD,COA6,TBL1XR1,EPHX1,DCXR,PARL,SAP25,TXNRD1,DCUN1D1,ADH7,GSTA1,TNFRSF18,AKR1B10,DMKN,UCHL1,NTS",head and neck,basal epithelial cells,F
Kürten_2021,M0,"IL32,CD3D,TRAC,SRGN,NKG7,CCL5,TRBC1,TRBC2,CD2,CD7,PTPRC,EVL,CD3E,HCST,CD69,CD37,CST7,LCK,FYB1,CD3G,ALOX5AP,GZMA,CORO1A,CD52,RAC2,ACAP1,IL2RG,LAT,CXCR4,CD27,ITM2A,LTB,CCL4,LSP1,CD53,RGS1,CD48",head and neck,T cells,M
Kürten_2021,F3,"TNFRSF18,PMAIP1,TNFRSF4,BATF,CORO1B,CTLA4,BIRC3,PBXIP1,MIR4435-2HG,ICOS,UGP2,PIM2,ARID5B,TNFRSF1B,LMNA",head and neck,regulatory T cells,F
Kürten_2021,F0,"NKG7,GZMK,CD8A,CD8B,ITM2C",head and neck,CD8+ cytotoxic T cells,F
Kürten_2021,F4,"GNLY,CTSW,KLRB1,PRF1,KLRD1,CMC1,GZMB,TGFB1,HOPX,TYROBP,FCER1G,FGFBP2,KLRF1",head and neck,Natural Killer (NK) cells,F
Kürten_2021,F1,"LTB,IL7R",head and neck,naive T cells,F
Kürten_2021,F2,"GNLY,GZMB,CXCL13,ALOX5AP,LINC01871,LAG3,CD63,IFNG,CTSW,CCL3,KLRD1,RBPJ,PRF1,GZMH,TYMP,CD8A",head and neck,cytotoxic CD8+ T cells,F
Kürten_2021,F5,"TUBA1B,H2AFZ,HMGB2,TUBB,CALM3,SLC25A5,H2AFV,ARL6IP1,ANP32B,SNRPG,DEK,HIST1H4C,NUCKS1,HNRNPR,FABP5,BLOC1S1,CXCL13,STMN1,JPT1,GNG5,NAA38,PTTG1,LSM5,BUB3,RAD21,BANF1,SIVA1,DCTN3,CARHSP1,TUBB4B,LSM4,IDH2,HLA-DRB5,ANP32E,RPA3,RALY,YWHAH,H2AFY,DDX39A,LSM3,IFNG,SMC4,DUT,UBE2S,NDUFA2,C12orf75,TMPO,CKS2,YWHAQ,SNRPD1",head and neck,unknown,F
Kürten_2021,M4,"IGKC,IGLC2,IGHA1,HERPUD1,CD79A,ITM2C,XBP1,IGHG1,IGLC3,SSR3,IGHG3,MANF,SDF2L1,JCHAIN,SEC11C,FKBP11,PRDX4,IGHG4,MZB1,IGHG2,TENT5C,DERL3,IGHGP,POU2AF1",head and neck,plasma cells,M
Kürten_2021,F30,,head and neck,plasma cells,F
Kürten_2021,F29,,head and neck,unknown,F
Kürten_2021,M1,"HLA-DRA,HLA-DPA1,HLA-DPB1,HLA-DQB1,CD37,HLA-DQA1,HLA-DMA,IGLC2,CD79A,IGHM,IGHA1,LTB,MS4A1,CD79B,HLA-DMB,IGKC,MEF2C,NCF1,IRF8,VPREB3,TNFRSF13C,BANK1",head and neck,B cells,M
Kürten_2021,F6,VIM,head and neck,unknown,F
Kürten_2021,F7,"IGHM,TCL1A,IGHD,FCER2",head and neck,naive B cells,F
Kürten_2021,F8,"TUBA1B,TUBB,MARCKSL1,H2AFZ,PKM,HMGB2,SLC25A5,PRDX1,RAN,ANP32B,EIF5A,HNRNPH1,HMGA1,DBI,PARP1,HIST1H4C,ATP5MC3,TCL1A,POMP,SNRPG,HNRNPM,DUT,S100A10,SNRPE,RBX1,COX5A,SNRPD1,LSM3,SRSF9,UBE2J1,PRDX6,STMN1,LRMP,H2AFV,SNRPF,CAPZA1,ERH,CBX3,C1QBP,PSMB3,DEK,EIF3I,PGAM1,RTRAF,METAP2,MRPL51,RANBP1,RGS13,PTTG1,CCT8",head and neck,unknown,F
Kürten_2021,M3,"CST3,HLA-DRA,HLA-DPB1,LYZ,TYROBP,HLA-DQB1,FCER1G,HLA-DQA1,NPC2,CTSB,GPR183,GRN,CTSS,GLUL,S100A8,GSN,CXCL8,AIF1,RNASET2,S100A9,TIMP1,CAPG,RGS10,HLA-DPA1,RGS2,LCP1,TGFBI,PYCARD,C15orf48,PLAUR,CTSH,LITAF,LST1,FCGRT,CD14,CTSZ,ASAH1,SOD2,CCL3,HLA-DRB5,HLA-DMB,BRI3,CD68,GADD45B,SERPINB1,TMEM176B,AC020656.1,MS4A6A,SPI1,IL1B",head and neck,macrophages,M
Kürten_2021,F22,"FCN1,VCAN,CFP,S100A12",head and neck,macrophages,F
Kürten_2021,F21,"CD14,SPP1,CD9,MMP12,FCGR3A,C15orf48,MMP9,C1QA,CTSL,FPR3,ACP5,APOE,CXCL10,IL1RN,C1QC,CXCL2,APOC1,FCGR2A,C1QB,MMP14",head and neck,M2-like macrophages,F
Kürten_2021,F28,"TPSAB1,TPSB2,CD9,AREG,CD69,ITM2C,CPA3,FOXP1,ALOX5,CLU,LTC4S,TSC22D1,LMO4,SOCS1,NSMCE1,BEX4,HPGDS,CD82,MS4A2,DUSP10,PTGS1,HPGD,LAT,VWA5A,BEX3,ITM2A,GMPR,GATA2,ALDH1A1,TMEM154,RGS13,SLC18A2,CSF1,RHEX,CTSW,KRT1,HDC,AL157895.1,SLC26A2,GRAP2,CNRIP1,SMYD3",head and neck,mast cells,F
Kürten_2021,F24,"HLA-DQA2,JAML,LTB,S100B,CPVL,CLEC10A,AXL,FCER1A,PKIB,CD1C",head and neck,dendritic cells,F
Kürten_2021,F23,"GZMB,PLAC8,JCHAIN,IRF7,IRF8,LTB,ITM2C,SERPINF1,IFI44L,PPP1R14B,TCL1A,TSPAN13,LILRA4,PLD4,TCF4,SELL,STMN1,C12orf75,SOX4,CCDC50,CYB561A3,IL3RA,SLC20A1,CLIC3,UGCG,RAB11FIP1,MZB1,GAS6,APP,LDLRAD4,BCL11A,BAG1,SPIB,DNASE1L3,PAXX,HIGD1A,SLC15A4,OPN3,PHB,SMPD3,PTCRA,SCT,IRF4,CXCR3,LINC00996,IDH3A,IGHM,TPM2,DERL3,TRAF4",head and neck,plasmacytoid dendritic cells (pDCs),F
Kürten_2021,F25,"IL32,MMP12,CD3D,TRAC,CD7,CD2,CD3E",head and neck,T cells,F
Kürten_2021,F27,"PLIN2,RGCC,UPP1,G0S2,CARD19,SLC25A37,FOSL2,INSIG1,THBS1,GABARAPL1,ATP2B1,S100A12,SNHG15,ATP2B1-AS1,JARID2,FCN1,HK2,HOTAIRM1",head and neck,M2-like macrophages,F
Kürten_2021,F26,"MARCKSL1,BIRC3,CSF2RA,CCL19,FSCN1,IL32,IDO1,BASP1,IL7R,CST7,CCR7,PMAIP1,STK4,CYTIP,ANXA6,FNBP1,VOPP1,RASSF4,TSPAN13,DUSP5,TUBA1C,TNFAIP2,GPBP1,NABP1,NUB1,LAMP3,GRSF1,DUSP4,RELB,NFKB1,ERICH1,CCL22,PTPN1,MAP3K13,RAB8B,PLA2G16,RAB9A,SIAH2,DAPP1,GADD45A,EBI3,SINHCAF,AOC1,TBC1D4,MGLL,KIF2A,LY75,NAA25,LAD1,TRIP10",head and neck,dendritic cells,F
