Data,Cluster,Markers,Organization,cell_type,level
Laughney_2020,M6,"CCL5,NKG7,CCL4,GZMA,CST7,GZMB,GZMH,PRF1,KLRD1,CTSW,CD8A,CD3E,TRBC1,CD2,KLRB1,CD7",lung,cytotoxic CD8+ T cells,M
Laughney_2020,F33,"HLA-DRB1,FABP5,CD8B,LAG3,XIST,CD27,HLA-DQB1,LYST,TIGIT,RAB27A,CHORDC1,GBP2,HAVCR2,HLA-DQA1,IGKC,PTMS,VCAM1,CXCL13,CTLA4",lung,exhausted CD8+ T cells,F
Laughney_2020,F29,,lung,cytotoxic CD8+ T cells,F
Laughney_2020,F34,"DUSP4,CCL3,IFNG,CXCL13,CRTAM,ITM2A,RPS4Y1,SERPINH1,RBPJ,PRDM1,CD27,TANK,HSPA1B,CARD16,DEDD2,FKBP1A,HAVCR2,TNFRSF9,BAG3,PHLDA1,ZFAND2A,LAG3",lung,exhausted CD8+ T cells,F
Laughney_2020,F31,"GNLY,KLF2,FGFBP2,KLRB1,TYROBP,FCGR3A,CCL3,PLAC8,CLIC3,SPON2,FABP4,FCER1G,KLRF1",lung,cytotoxic CD8+ T cells with NK-like features,F
Laughney_2020,F32,"FGFBP2,TYROBP,FCGR3A,CD247,KLRB1,PLAC8,KLRF1,FCER1G,RPS4Y1,PYHIN1,SPON2,MYO1F,TRDC,CLIC3,IGFBP7,EFHD2,APMAP,GNLY",lung,natural killer (NK) cells,F
Laughney_2020,F30,"HSPA1A,HSPA1B,HSPH1,HSPD1,HSPA6,CACYBP,PPP1R15A,FOSB,LMNA,NR4A1,FKBP4,DEDD2,AHSA1,MRPL18,HSPB1,CHORDC1,EIF4A3,ZFAND2A",lung,heat-stressed cytotoxic CD8+ T cells,F
Laughney_2020,F35,"AREG,TYROBP,HLA-DRB1,PLAC8,IGKC,SEC61B,PLP2,CLIC3,FCER1G,HSP90B1,VAMP8,GPR183,TXN,C12ORF75,HLA-DQB1,PSAP,LTB,DSTN,GPX1,DUSP5,SEC61G,CTSS,ITM2C,HLA-DQA1,C8ORF59,NPC2,PRMT9,RAC1,RNASET2,VIMP,ZNF706,KDM6B,NR4A3,LDLRAD4,OSTC,CD83,SSR3,CST3,HLA-DMA,FKBP2,CXCR3,CTSB,STMN1,RAB11FIP1,RRBP1,IRF2BP2,IRF7,SELL,GRN,IRF4",lung,unknown,F
Laughney_2020,M4,"SFTPB,HOPX,IFITM3,CEBPD,WFDC2,CD9,SERPINA1,SLPI,PRDX5,CYB5A,NAPSA,SCGB3A2,MT1E,CD59,DSTN,RNASE1,KRT18,TKT,CXCL2,APLP2,MGST1,PPA1,TSTD1,HSBP1,ATP1A1,OCIAD2,SPINT2,KRT8,CLU,MDK,P4HB,SEPW1,KRT7,FIS1,KRT19,CTSH,CST3,SOX4,NENF,YBX3,HES1,IFI6,CXCL17,IGFBP2,AQP3,FKBP2,CD24,EMP2,CTSZ,ELF3",lung,Type II pneumocytes,M
Laughney_2020,F17,"SAA1,LGALS1,CAV1,NNMT,AZGP1,CHI3L1,CAV2,MET,HLA-DQB1,IRX2,AREG,RRAD,PLTP,CMBL,VSTM2L,SAA2,SMIM19,C5ORF38,PDLIM4,CPD,CXCL3,EREG,SDR16C5,FLNA,TES,CAPG,CXCL8,DCBLD2,HLA-DQA1,GPX3,SLC16A3,ADIRF,COL6A2,C1R,ITPKA,FSCN1,S100A2,ELOVL6,FBLN1,AGT,GGT5,CXCL1,PODNL1,PROS1,CDH11,CMTM3",lung,Type II pneumocytes,F
Laughney_2020,F20,"SFTPC,SFTPA2,SFTPA1,SFTPD,FABP5,C4BPA,CLDN18,PIGR,PEBP4,LRRK2,ABCA3,LAMP3,FGGY,PLA2G1B,SCGB3A1,CA2",lung,Type II pneumocytes,F
Laughney_2020,F16,"PGC,SOD3,SERPINF1,AKR1C2,MSLN,TIMP3,VMO1,IGFBP6,ALPL,IGFBP5,PCP4,AKR1C1,CPM,HSPA6,KLK11,PCSK1N,TXNRD1,XIST,S100P,MT-ND6,SCGB3A2,CIT,PRELID3B,LPIN2,FASN,CHRNA5,FAM217B,GEM,SLC12A7,UGDH,ITM2C,S100A9,GDF15,DUSP6,PLAUR,TAC4,HELZ2,LGSN,COL9A2,SLC16A14,TFPI2,HSD17B13,PCSK2,C11ORF96,ATP6V1C2,PKP1,PTK6,GFRA3,TMEM59L,ENO3",lung,Type II pneumocytes,F
Laughney_2020,F25,"SCGB1A1,PIGR,IGKC,IGHA1",lung,Club cells,F
Laughney_2020,F22,"SCGB3A1,SPINK5,IGKC,XIST,MMP7,SFTPD,C4BPA,AGR3,HLA-DQA1,HLA-DRB5,IGHA1,DMBT1,MMP1,CTSE,SFTPC,IGLC2,CXCL14,AQP5,C9ORF135,TM4SF4,TSPAN1,LGALS4,JCHAIN,IGHG4,RBP1,LY6D",lung,Club cells,F
Laughney_2020,F21,"TFF3,CALCA,PCP4,SPINK1,AKR1C1,PCSK1N,FGL1,GSTA1,ID2,CPE,ASCL1,RPS4Y1,COTL1,AKR1C3,RASD1,GADD45G,TMEM176B,CEACAM5,RGS2,TMEM176A,RP11-462G2.1,IGFBP5,PHLDA1,FGG,AKR1B1,LSM6,PFN2,DNAJC12,MRPS35,SCG5,ABCE1,UCHL1,QPCT,ZNF330,BEX1,FGB,UBE2V2,GPX2,LLPH,UCP2,HES6,TUBB2B,GPC3,TPM2,ADM,GRP",lung,Neuroendocrine cells of the lung,F
Laughney_2020,F24,"AGR3,ALPL,CYP4B1,SPINK5,SCGB3A1,AQP1,LRRK2,HSD17B6,FGGY,HSPG2,HPGD,COL8A1,IGF2,ZNF385B,ATP13A4",lung,Type II pneumocytes,F
Laughney_2020,F19,"TPPP3,CAPS,IGFBP7,AGR3,C20ORF85,C9ORF24,TMEM190,TSPAN1,C1ORF194,FAM183A,RSPH1,TUBA1A,ODF3B,PIFO,GSTA1,MORN2,C11ORF88,C5ORF49,ALDH1A1,CTSS,RGCC,LRRIQ1,C9ORF116,C12ORF75,SCGB1A1,DYNLRB2,DNAAF1,PLAC8,CAPSL,SNTN,MRPS31,ZMYND10,MS4A8,CTGF,FABP6,C2ORF40,EFHC1,KIF9,CST6,FAM229B,CFAP126,FOXJ1,WDR54,CCDC170,ALDH3B1,FAM92B,CCDC146,FAM174A,DNALI1,SLC44A4",lung,Ciliated epithelial cells,F
Laughney_2020,F18,"S100A2,CST6,RPS4Y1,FXYD5,LAMB3,G0S2,CRABP2,HMGA1,PDLIM4,PRSS23,HLA-G,C15ORF48,COTL1,EMP3,TGM2,KRT6A,IGFBP3,TGFBI,PAEP,PRKCDBP,CDA,KRT81,MIR4435-2HG,PLAT,LY6K,LAMC2,ANXA3,LY6D,TAP1,PLAU,SYT8,RBP1,IGKC,CAMK2N1",lung,Type II pneumocytes,F
Laughney_2020,F23,"CAV1,AGER,IGFBP7,TIMP3,CAV2,RGCC,CLDN18,CYP4B1,SLC39A8,CST6,MYL9,ANXA3,CADM1,NTM,PLLP,AQP4,ANKRD29,FAM105A,METTL7A,RTKN2,UPK3B,GGTLC1,SCEL,HBEGF,VSIG2,SPOCK2,PDLIM2,DAPK2,GKN2,DLC1,SLC2A3,EFEMP1,ATOH8,DENND3,SPARC,FSTL3,ADRB2,TNNC1,SEMA3B,COL8A1,WFS1,ARHGEF26,NCKAP5,PDPN,NDNF,CLIC5,TTLL7,COL4A3,AQP1,SFTPD",lung,Type II pneumocytes,F
Laughney_2020,M0,"IL7R,LTB,TRAC,TRBC2,CD3D,KLRB1,CD2,CD3E",lung,T cells,M
Laughney_2020,F2,"BATF,PMAIP1,TIGIT,TNFRSF4,TNFRSF18,CD27,CARD16",lung,regulatory T cells (Tregs),F
Laughney_2020,F1,,lung,unknown,F
Laughney_2020,F0,"HSPA1B,NR4A1,DEDD2",lung,unknown,F
Laughney_2020,F5,"KLRB1,AREG,TNFRSF18,CD63,CD83,SEC11A,CTSW,PLAC8,TYROBP,LST1,XCL1,FCER1G,MAP3K8,XCL2",lung,mucosal-associated invariant T cells (MAIT),F
Laughney_2020,F3,"CCL4,SERPINH1,RPS4Y1,HSPA6,LGALS3,FABP5,DUSP5,SCGB1A1,APOC1,APOE,FABP4,ANKRD28",lung,unknown,F
Laughney_2020,F4,"CCL4,HMGN2,HLA-DPB1,DEK,TUBB,PSMB9,HLA-DRB1,GZMA,HLA-DPA1,NUCKS1,PSME2,CALM3,STMN1,ANXA5,FABP5,SMC4,DUT,SET,PTTG1,PGAM1,CBX3,SIVA1,LY6E,UQCR10,RANBP1,PPP1CA,NKG7,ATP5J,PSMB8,IDH2,GNG5,PCNA,COX5A,ARPC5,GZMB,GZMH,PSMA1,SNRPF,POMP,UQCRQ,DNAJC9,NUSAP1,STRA13,NUDT1,PKM,PRDX3,CKS1B,ATP5J2,ERH,FKBP1A",lung,cytotoxic T cells,F
Laughney_2020,M1,"HLA-DQB1,HLA-DQA1,CD83,LTB,CCR7,IGHM,CD79A,SMIM14,MS4A1,IRF8,LY9,BANK1,VPREB3",lung,B cells,M
Laughney_2020,F7,CD79B,lung,B cells,F
Laughney_2020,F6,"HSPA1A,DNAJB1,HSPH1,HSPD1,HSPA1B,HSPB1,SQSTM1,MRPL18,PMAIP1,CACYBP,TUBA1A,FKBP4,NR4A1,DNAJB6,ANKRD37,CCR7,DEDD2,AHSA1,GPBP1,JUND,ATP1B3,CHORDC1,NFKBID,GADD45B,ZFAND2A,CCT4,IER5,TUBB4B,TCP1,EIF4A3,KDM6B,CKS2",lung,unknown,F
Laughney_2020,M3,"TYROBP,LYZ,CST3,HLA-DRB1,FCER1G,HLA-DQB1,AIF1,APOC1,CTSS,C1QB,LST1,C1QC,C1QA,HLA-DMA,ITGB2,S100A9,CTSB,CD68,PLAUR,CD9,CEBPD,FABP5,PSAP,ANXA5,GPX1,ALDH2,BRI3,TYMP,NOP10,C1ORF162,HLA-DQA1,MS4A7,RAC1,CEBPB,MS4A6A,ARPC5,HLA-DQA2,GSTO1,CSTA,H2AFY,IL1B,TIMP1,SPI1,SOD2,C15ORF48,SH3BGRL,TKT,COX5A,NPC2,GNG5",lung,macrophages,M
Laughney_2020,F11,"GPR183,IGKC,RGS1,SPP1",lung,macrophages,F
Laughney_2020,F15,FCN1,lung,FCN1+ macrophages,F
Laughney_2020,F13,"FN1,FOLR3,MCEMP1,PDLIM1,CYP27A1,SERPING1,GCHFR,PPARG,FABP4,LGALS3BP,VMO1,S100A13,GYPC,AQP3,IGFBP2,LPL,PLA2G16,RETN,PCOLCE2",lung,alveolar macrophages,F
Laughney_2020,F12,"FABP4,MARCO,CCL18,GCHFR,CES1,NUPR1,SCGB1A1,RPS4Y1,RETN,CXCL3,S100A13,TFRC,LPL,GYPC,SERTAD1,MT1E,ZFAND2A,PHLDA2,LGALS3BP,IGFBP2,GS1-600G8.5,CYB5A,SERPING1,MCEMP1,IFI27,CCL20,PDLIM1,FN1,MTRNR2L1,INHBA,PLA2G16,CYP27A1,IL1A",lung,alveolar macrophages,F
Laughney_2020,F14,"BIRC3,BASP1,LGALS2,C1ORF54,NAAA,SERPINF1,DUSP4,CST7,SERPINB9,TAP1,MARCKSL1,S100B,CCL17,CPNE3,TACSTD2,IDO1,LTB",lung,alveolar macrophages,F
Laughney_2020,M8,"IFITM3,IFI27,FKBP1A,CD9,IGFBP7,ITM2A,CD59,FCGRT,RNASE1,GIMAP7,MARCKSL1,CCDC85B,RHOC,VAMP5,YBX3,MYH9,ID3,ATOX1,STOM,RAB11A,TSC22D1,MGP,S100A13,HES1,PDLIM1,TIMP1,CAV1,RAB13,TACC1,CD151,SPARC,RHOB,TM4SF1,TIMP3,EMP2,APP,ICAM2,ID1,C8ORF4,A2M,RDX,SEC14L1,TGFBR2,MGST2,PECAM1,IGFBP4,S100A16,SPARCL1,TCF4,SERPINH1",lung,endothelial cells,M
Laughney_2020,F41,,lung,endothelial cells,F
Laughney_2020,F43,"CCL21,FABP4,TFF3,FABP5,STMN1,ANGPT2,AKAP12,RGS16,APOD,MMRN1,LAPTM5,NRP2,CLU,PROCR,FAM213A,ERICH1,EFEMP1,PDPN,SLC38A1,PROX1",lung,lymphatic endothelial cells,F
Laughney_2020,F42,"CDKN1A,RGS5,PCDH17,SLC2A3,MIDN,GPX3,C11ORF96,IGFBP2,BGN,MT1X,ZFAND5,MYL9,GAS6,ZC3HAV1,MDK,ADAMTS1,EFNB2,CA4,ACE,INSIG1,MAP1B,TMEM70,SOX7,ADAMTS9,PHLDA1,MT1A,HBEGF,C4ORF32,ARID4B,RBBP6,HIST1H4C,APOLD1,IFI44L,CRK,NDUFA4L2,MYC,KLF9,ZBTB16,MT1M,TINAGL1,PRDM1,RBP7,FOSL2,LHFP,MGLL,BAG3,CSRP2,ABL2,DPYSL2,MYLIP",lung,endothelial cells,F
Laughney_2020,M7,"CST3,TIMP1,DSTN,FN1,EGR1,CD59,IGFBP7,LGALS3BP,MT1E,ATP1B1,NENF,SERPING1,SELM,CYSTM1,PHPT1,NNMT,IFI27,S100A13,COL1A1,SPARC,MDK,SLPI,COL1A2,DCN,SOX4,CALD1,COL3A1,SEPP1,CD151,RARRES2,MTRNR2L12,TM4SF1,TPM1,NBL1,COL6A2,MYL9,FKBP2,S100A16,BGN,C1R,TPM2,SERPINF1,C1S,COL6A1,TFPI,CNN3",lung,fibroblasts,M
Laughney_2020,F36,"PTGDS,MGP,C1R,BGN,A2M,MFAP4,RARRES2,MMP2,C1S,NUPR1,CTGF,CCDC80,NNMT,SERPING1,LUM,DCN,PMP22,C7,SPARCL1,ELN,VIM,MXRA8,COL8A1,POSTN,ID2,MT1X,FMO2,CXCL12,FSTL1,GPX3,IGFBP7,COL6A3,APOE,SFRP2,COL6A2,SOD3,CTSK,DPT,C10ORF10,FBLN1,SERPINF1,PCOLCE,FN1,PTRF,AEBP1,PRELP",lung,fibroblasts,F
Laughney_2020,F38,"MYL9,SPARCL1,RGS5,NDUFA4L2,APOE,COL4A1,PPP1R14A,GPX3,CAV1,COL4A2,COL18A1,LHFP,ADIRF,HIGD1B,FILIP1L,EGFL6,PDGFRB,ACTA2,PLAC9,MAP1B,COX4I2,CRIP2,ARHGDIB,SOD3,NR2F2,SDC2,STOM,CCDC102B,TPPP3,FRZB,PTN,ITGA1,NOTCH3,MFGE8,MGP,MEF2C,TINAGL1,GJA4,PLXDC1,MCAM,EBF1,ANGPT2,PTP4A3,CHN1,A2M",lung,fibroblasts,F
Laughney_2020,F39,"MMP11,COL1A1,FN1,LUM,COL1A2,CTHRC1,VCAN,CTSK,RARRES2,COL3A1,COL10A1,COL6A3,FBLN1,MMP2,TCF4,COL5A2,ISLR,CHN1,AEBP1,COL5A1,MARCKS,PALLD,SULF1,CYR61,ANTXR1,THBS2,HCFC1R1,COL6A2,SPARC,MMP14,RGCC,CDH11,COL12A1,TIMP2,EMP3,MFAP2,CLEC11A,TAGLN,STMN1,FILIP1L,SPRY1,SCGB3A1,DCN,RBP1,COL8A1,LBH,PDLIM2,PLAU,C9ORF3,ECM1",lung,fibroblasts,F
Laughney_2020,F37,"TFF1,TFF3,SMIM22,CEACAM5,CEACAM6,MGST1,S100P,KRT7,MSLN,SLPI,LCN2,KRT18,C19ORF33,KRT17,MUC1,AKR1C1,SFTA2,CD24,GPX2,AKR1C3,OCIAD2,WFDC2,TMC5,AKR1C2,ISG20,AGR2,MUC5B,MUC13,CLDN3,KRT8,CTSS,PLA2G10,CXCL17,CLDN7,TM4SF1,LGALS4,CLDN4,SPINK1,S100A14,VAMP8,ERBB3,TACC2,FXYD3,MUC5AC,GPRC5A,LMO7,TESC,DPCR1,EPCAM,AGR3",lung,unknown,F
Laughney_2020,F40,"PGC,SPINK4,CD24,LYZ,SPINK1,PLA2G2A,CTSE,IGFBP2,TSPAN8,CA2,ATP1B1,CXCL17,CLDN18,EPCAM,PIGR,ISG20,FXYD3,SPINT2,TM4SF5,CA9,LGALS4,MSMB,MUC13,ELF3,TESC,REG4,TFF2,MUC6,AGR2,KRT19,KLK11,VSIG1,MSLN,NQO1,MAL2,MAD1L1,FAM177B,SMIM24,S100P,RNASET2,SERPINA1,VSIG2,AKR7A3,KRT8,RP11-462G2.1,LSR,MUC1,CLDN7,CPS1,MUC5B",lung,unknown,F
Laughney_2020,M2,"IGKC,IGHA1,IGLC3,IGLC2,RPS4Y1,JCHAIN,IGHG1,PLCG2,IGHG3",lung,plasma cells,M
Laughney_2020,F9,"MZB1,XBP1,HERPUD1,DERL3,HSP90B1,SEC11C,CD79A,FKBP2,FKBP11,SPCS2,GSTP1,SSR3,PRDX4,LGALS1,AL928768.3,CD63,IGLV3-1,RRBP1,TNFRSF17,UBE2J1,ERLEC1,IFI6,SPAG4,PLPP5,FCRL5,SLAMF7,CREB3L2,MEF2C,SDC1,TXNDC15",lung,plasma cells,F
Laughney_2020,F8,"IL32,CD52,TRAC,TRBC1,CD3D,RPS4Y1,CCL5,CD2,PTPRC,LTB,IL7R,GIMAP7,TRBC2,HCST,CD3E,CORO1A,ANXA1,CD48,RARRES3,FYB,PIK3IP1,LAPTM5,COTL1",lung,T cells,F
Laughney_2020,F10,"HMGN2,TUBA1B,H2AFZ,HLA-DPB1,HLA-DRA,HIST1H4C,HMGN1,HLA-DPA1,HMGB2,TUBB,LIMD2,SLC25A5,HLA-DRB1,SLC25A3,DEK,TPI1,HNRNPA3,DBI,DUT,PKM,BRK1,PARP1,SERBP1,EIF3M,LCP1,POMP,SRSF3,RPL22L1,EZR,RANBP1,RBM8A,ZFP36L1,SNRPG,REL,SNRPD1,RHOH,HNRNPF,HNRNPH1,ERH,SET,SFPQ,ARPC4,HMGA1,LSM3,HNRNPA0,TUBB4B,SNU13,PSIP1,H2AFY,PGAM1",lung,plasma cells,F
Laughney_2020,M5,"FCER1G,CAPG,CD9,LAPTM4A,TPSB2,TPSAB1,MIR24-2,GPR65,CLU,CPM,HPGD,CPA3,HPGDS,FCER1A,MS4A2,VWA5A",lung,mast cells,M
Laughney_2020,F28,"HSPA1B,HSPA6,ZFAND2A,ELOVL5,NFKB1",lung,unknown,F
Laughney_2020,F26,TXNIP,lung,mast cells,F
Laughney_2020,F27,,lung,mast cells,F
