Data,Cluster,Markers,Organization,cell_type,level
Lee_2020,M3,"FABP1,CD24,TM4SF1,PERP,SPINK1,PIGR,AGR2,ID1,CKB,ELF3,SFN,PHGR1,LCN2,LGALS4,GPRC5A,IFI27,SLPI,PRAP1,MGST1,S100A14,SLC12A2,GGH,GDF15,FXYD3,MPST,EBPL,CEACAM6,TPM1,TMEM141,MYC,SDC4,TSPAN8,C10orf99,PFDN4,CLDN7,EPCAM,PRELID3B,KRT19,MISP,TNFRSF12A,GPX2,OLFM4,TRIB3,PRSS3,CLDN3,S100P,RNF43,CEBPA,PPP1R14D,RUBCNL",intestine,intestinal epithelial cells,M
Lee_2020,F15,"IGFBP2,KRT20,OLFM4,PLCB4,SLC38A5",intestine,intestinal stem cells,F
Lee_2020,F14,"CXCL14,XIST,SAA1,RBP1,PPBP,KRT17,TACSTD2,LGALS1,PRSS22,WFDC2,SERPINB5,CDA,KCNK6,RARRES2,ANXA1,CCL3,MSLN,IFI6,TFF2,MMP7",intestine,intestinal epithelial cells (likely secretory or goblet cell subtype),F
Lee_2020,M0,"SRGN,CREM,HLA-DPB1,HLA-DPA1,FCER1G,LAPTM5,ARHGDIB,CORO1A,GPR183,HLA-DRB5,HLA-DQB1,ALOX5AP,CD3D,TRAC,CCL4,HLA-DQA1,HCST,IL1B,CD52,CXCR4,CD37,LSP1,RAC2,EMP3,ITGB2,VIM,LCP1,FYB1,PTPRC,CCL3L3,RGS1,CD48,GMFG,CD53,RGS2,SAMSN1",intestine,activated T cells,M
Lee_2020,F3,"LTB,TRAC,TNFRSF4,TNFRSF18,BATF,ICOS,TIGIT,ARID5B,RORA,CD27,CD7,CD2,IL2RA,PBXIP1,RHBDD2,SPOCK2,CTLA4,FOXP3,LCK",intestine,regulatory T cells (Tregs),F
Lee_2020,F0,"G0S2,FCER1G,TYROBP,TIMP1,C15orf48,SOD2,CST3,NPC2,AIF1,IER3,PSAP,HLA-DRB5,IFITM3,CTSS,CCL3L3,FABP5,NINJ1,CEBPB,CTSL,HLA-DQA1,CTSZ,GLUL,IL1RN,CD83,FCGR2A,CXCL3,ASAH1,LST1,CD68,LIMS1,MARCKS,FOSB,PPIF,CCL4,ITGB2,CD14,MACROH2A1,ATOX1,CREG1,PLD3,SGK1,CALHM6,CAPG,GRN,GSTO1,AREG,LITAF,BRI3,SERPINB1,APOC1",intestine,unknown,F
Lee_2020,F1,"KLRB1,CD3D,TRBC2,SPOCK2,RORA,CD3G,LTB,CD2,LCK,CD3E,TRAC,TRBC1",intestine,mucosal-associated invariant T (MAIT) cells,F
Lee_2020,F2,"CCL5,CD3D,NKG7,GZMA,GZMB,CST7,CD3E,CLEC2D,CD3G,IFNG,GZMK,GZMH,CD8A,FYN,CTSW,ITM2A,LAG3,PRF1,TUBA4A,GNLY,CD8B",intestine,activated CD8+ cytotoxic T cells,F
Lee_2020,F4,"IGLC3,CD79A,SMIM14,CD79B,MEF2C,MS4A1,BANK1",intestine,B cells,F
Lee_2020,F5,"LYZ,SPP1,CCL3L3,PLAUR,CXCL3,G0S2,LST1,AIF1,CD83,CXCL8,CST3,CD14,FCER1G,APOE,FCGR3A,SERPINA1,CD9,MS4A7,FCGR2A,CCL4L2,CTSZ,MS4A6A,C1QC,TFF3,IGHG4,IGHG3,HIF1A,SPI1,TGFBI,GSN,LY96,PPT1,CD68,MARCKS,CLDN4,THAP2,PTGS2,SGK1,TNF,OLR1,KLF4,KYNU,ABL2,FCGRT,GPNMB,HLA-DMB,CPVL,NFKBIZ,TYROBP,IL1B",intestine,unknown,F
Lee_2020,F7,"GZMB,AREG,LDLRAD4,NR3C1,C12orf75,NR4A3,HLA-DQA2,PLAC8,SLC7A5,STMN1,JCHAIN,ZC3HAV1,IRF2BP2,SOX4,GNA15,HLA-DMB,ITM2C,IRF7,BID,SYNGR2,DSTN,SIVA1,GPR65,RAB11FIP1,AP3S1,SPINT2,IRF8,PTPN1,SELL,LILRB4,RANBP2,THBD,PPP1R14B,N4BP2L1,THEMIS2,MPEG1,CLIC3,DUSP5,SLC20A1,CCDC50,TRAF4,ANKRD11,RNASE6,TSPAN13,CYB561A3,ETV3,TCF4,APP,SEL1L3,MZB1",intestine,activated regulatory T cells,F
Lee_2020,F6,"KLRB1,GNLY,NKG7,AREG,TNFRSF18,CCL5,LDLRAD4,HOPX,CD247,CTSW,CD96,IL2RB,NSMCE1,TMIGD2,XCL2,GZMB,KRT86,KLRC1,TRDC,MATK",intestine,mucosal-associated invariant T (MAIT) cells,F
Lee_2020,M2,"VIM,IGFBP7,SPARC,COL1A1,COL1A2,COL3A1,LUM,CALD1,ID3,SELENOM,DCN,RARRES2,COL6A2,TAGLN,CCL2,TPM2,FN1,MYL9,BST2,BGN,CCN2,IGFBP4,PRSS23,MGP,VAMP5,SERPINH1,SOCS3,S100A13,TUBA1A,COL6A1,FLNA,CTHRC1,NNMT,BEX3,TCEAL9,C11orf96,COL4A1,MMP2,COL6A3,IGFBP5,C1S,CRIP2,A2M,SERPINF1,ACTA2,CCN1,THY1,C1R,POSTN,CAVIN3",intestine,fibroblasts,M
Lee_2020,F12,"FBLN1,GJB2,TFF3,MMP11,SFRP2,C3,EPYC,IGFL2,MXRA5,ANTXR1,COL11A1,COL10A1,C1QTNF3,CPE,INHBA,SPINK4,SFRP4,IGLC7,TFF1,CHPF,SDC1,CLDN4,ASPN,FAP,MFAP5,AGR2,MFAP2,REG4,FBLN2,HTRA3,ISLR,THBS2,ITLN1,OLFML3,MT1E",intestine,fibroblasts,F
Lee_2020,F13,"ACTG2,CLU,CNN1,MYH11,SYNM",intestine,fibroblasts,F
Lee_2020,F10,"PLVAP,SPARCL1,PECAM1,VWF,RNASE1,TM4SF1,RAMP3,ENG,RAMP2,NPDC1,RGCC,CLDN5,SRGN,CD93,SERPINE1,VWA1,ARHGDIB,ESAM,MCAM,FAM167B,C1orf54,APLNR,CLEC14A,HLA-DRB1,ADGRL4,PCAT19,HYAL2,ICAM2,CD34,UPP1,ADAM15,INSR,CDH5,BCAM,EFNA1,RND1,CALCRL,TMEM255B,FLT1,PCDH17,DIPK2B,PODXL,EMCN,ITGA6,MALL,SLCO2A1,CYYR1,MMRN2,EGFL7,TIE1",intestine,endothelial cells,F
Lee_2020,F9,"DCN,CXCL14,SPON2,VCAN,TMEM176B,INHBA,MEG3,ISLR,CTSK,SERPINF1,EMILIN1,TMEM176A,PDPN,FBLN1,PTGDS",intestine,fibroblasts,F
Lee_2020,F11,"RGS5,NDUFA4L2,ADIRF,CPE,PPP1R14A,ADAMTS1,MCAM,IGFBP2,TFPI,PDGFRB,TPPP3,NOTCH3,ID4,FRZB,PGF,MAP1B,GJA4,MEF2C,TINAGL1,ITGA1,NR2F2,ADAMTS4,PLXDC1,COX4I2,SMOC2,KCNJ8,CCDC102B,HIGD1B,MAP3K7CL,PDGFA,ARHGAP15,FOXS1,TBX2,FAM13C,PTGIR,ENPEP,GJC1",intestine,fibroblasts,F
Lee_2020,M1,"LYZ,LCN2,S100P,REG4,MAL2,TACSTD2,SERPINA1,PLAC8,EDN1,FAM3D,MMP7,FHL2,GPRC5A,PLAAT3,NPDC1,AGR3,PPP1R1B,S100A13,ACAA2,RAB25,DSG2,STARD10,SFN,KRT17,TATDN1,KRT7,IGFBP2,NDUFA4L2,TFF2,AQP5,MDK,TMEM54,ANXA13,NMU",intestine,intestinal epithelial cells,M
Lee_2020,M5,"HSPA6,OLFM4,BAG3,NUPR1,SPINK1,ASCL2,PIGR",intestine,intestinal stem cells,M
Lee_2020,F19,"TOX3,NUPR1,BST2,HOXB8,SOD3,SLC26A3,RPS4Y1,FAM3B,HLA-DRB1,HOXB9,PCCA,NKD1,CYLD,PIGR,KLF2,L1TD1,SBSPON,FSIP1,HOXB-AS3,SMOC2,REG1A,SNX20,GMPR,BARX1,WHRN,SNRPN,MELTF",intestine,intestinal stem cells,F
Lee_2020,F20,"FABP1,RAB20,ING1,CARS2,EREG,TFF1,PLCB4,CA9,CES2,HULC,PCK1,OLFM4,PCP4,DMKN,SUSD3,SLC17A9,RBP2",intestine,intestinal stem cells,F
Lee_2020,F21,"MTRNR2L1,KRT23",intestine,intestinal stem cells,F
Lee_2020,M7,"IGLC2,JCHAIN,IGHA1,IGHG1,IGHG3,IGHG4,IGLC3,ISG20,MZB1,IGHA2,IGHG2,FKBP11,IGHM,IGHGP,CD27,CD79A,DNAJB9,DERL3,CD38,CD79B",intestine,plasma cells,M
Lee_2020,F24,XIST,intestine,plasma cells,F
Lee_2020,F23,"HSPA1A,HSPB1,DNAJB1,HSPA1B,HSPA6,HSPH1,BAG3,RPS4Y1,EIF1AY",intestine,unknown,F
Lee_2020,M6,"ALOX5AP,TUBA1A,BUB3,SOX9,IVNS1ABP,ZNF428,IL13RA1,RBM38,FBXO32,SERPINA1,AZGP1,PTPN18,TPD52L1,NMU,LRMP,TSPAN13",intestine,unknown,M
Lee_2020,M4,"IGHG3,SPINK1,IGHG4,CEACAM6,TFF1,REG4,SPINK4,SERPINA1,SELENOM,TACSTD2,FAM3D,XIST,KRT20,NPDC1,AGR3,HES6,TSPAN13,QSOX1,F3,ITLN1,SERINC2,WFDC2,FCGBP,RAP2B,LAMC2,GSN,KLK1,AQP3,CYP3A5,TFF2,CDH1,LAMB3,F11R,C19orf33,MUC13,H1-2,LMO7,SERPINB5,LUM,MUC5B,AQP5,IGLC7,RBP4,PRSS2,B3GNT7",intestine,goblet cells,M
Lee_2020,F16,"IFI27,PIGR,FABP1,DPEP1,LYPD8",intestine,goblet cells,F
Lee_2020,F18,"TFF1,ITLN1,TACSTD2,REG4,LYZ,TFF2,IGLC7,CPE,SERPINB5,IGHG3,PRSS2,AQP5,DUSP4,F3,IGHG4,RBP4,RAMP1,MUC5B,CRIP1,NEDD9,CST6,PRSS22,MELTF,HSPA1A,C16orf54,ECM1,FOXC2,COL3A1,KCTD12,COL1A2,FAP,ANXA1,EMP3,MUC1,LUM,COL1A1,CDKN2A,SPARC,TIMP2,RARRES2,NRN1,ADAM8,HOXB2",intestine,goblet cells,F
Lee_2020,F17,"REG1A,NPW,ANXA13,PRAC1,MYC,ID3,CDX2,PAICS,GUCA2A,GGH,ASCL2,DPEP1,PTP4A3,VSNL1,PDGFRA,HMGCS2",intestine,intestinal goblet cells,F
