Data,Cluster,Markers,Organization,cell_type,level
Liu_2021,M2,"NKG7,CCL5,GNLY,GZMA,IL32,CTSW,CST7,CD2,GZMH,CMC1,KLRD1,PRF1,FGFBP2,GZMB,HOPX,GZMM,CD7,TRBC2,CD3E,TRBC1",blood,natural killer (NK) cells,M
Liu_2021,F15,"LTB,HLA-DRA,GZMK",blood,NK cells with adaptive features,F
Liu_2021,F19,"IGLC2,IGHG1,JCHAIN,IGHG2,MZB1",blood,plasma cells,F
Liu_2021,F21,"FCER1G,KLRB1,KLRF1,IGKC,JAK1,PYHIN1,FCGR3A,XIST,MBP,CLIC3,TLE4,CAST,PLEK,SYNE1,SCAF11,UTRN,EFHD2,TLN1,ZEB2,SYNE2,ADGRG1,TAOK3,ITGAL,REL,IL2RB,CEP78,BPTF,ZC3H13,SLFN5,GNPTAB,CX3CR1,MT-ND6,XAF1,H4C3,MACF1,PRPF4B,SPON2,ANKRD11,AKAP13,RAB11FIP1,ETS1",blood,natural killer (NK) cells,F
Liu_2021,F16,"RPS4Y1,ATP5F1EP2,IGLV3-25",blood,unknown,F
Liu_2021,F20,"IGKC,AKAP13,RBM25,IL7R,JCHAIN,RBMX,AKAP9,SRRM2,IKZF3,NKTR,PRPF4B,KTN1,TPR,H4C3,SMCHD1,GABPB1-AS1,BPTF,KMT2A,ANKRD11,IGHG3,ETS1,PCM1,MACF1,RESF1,UTRN",blood,unknown,F
Liu_2021,F17,"KLRB1,TYROBP,PLAC8,FCER1G,TRDC,KLRF1,IL2RB,CLIC3,CTSD,KLRC1,MATK,RHOC",blood,natural killer (NK) cells,F
Liu_2021,F18,"IGLC2,IGLC3,GADD45B,HLA-DQB1,IGLV5-45",blood,unknown,F
Liu_2021,M0,"LTB,IL32,TRAC,CD3D,TRBC1,IL7R,TRBC2,NOSIP,CD2,CD3E",blood,T cells,M
Liu_2021,F1,"JUN,IER2,NFKBIA",blood,activated T cells,F
Liu_2021,F0,"HBA2,HBA1,IGHA1",blood,unknown,F
Liu_2021,F3,BAX,blood,unknown,F
Liu_2021,F4,"HBA1,IGHG4,ATP5F1EP2,EEF1G",blood,unknown,F
Liu_2021,F2,"IGLC2,IGHG1,JCHAIN,IGHG2",blood,unknown,F
Liu_2021,F5,"NKTR,KTN1,ATRX,TTC3,AKAP13,ETS1,XIST,AKAP9,ANKRD11,MYCBP2,PRPF4B",blood,unknown,F
Liu_2021,M1,"IGHG3,IGHG1,JCHAIN,MZB1,IGHG4,IGHG2,IGHA1,SPCS2,HERPUD1,XBP1,HSP90B1,SEC11C,FKBP2,MEF2C,CFLAR,ISG20,FKBP11,SSR3,TNFRSF17,LINC01781,DNAJC1,MYDGF,PDIA6,SELENOS,SELENOK,DERL3,ITM2C,ZBTB38,PRDX4,MANF,FOSB,LMAN2,IGHGP,COMMD3,H1-2,CREB3L2,FCRL5,ANKRD28,UBE2J1,PRDM1,CPNE5,PLPP5,CD59,FRZB,EAF2,SEL1L,MLLT3,RABAC1,TPD52,TMED9",blood,plasma cells,M
Liu_2021,F9,"IGHG4,LAMP5,IGLL5,IFITM1,IGHV3-7,XIST,CRIP1,CST3,RASSF6,CDKN2C,IGKV4-1,RGS13,MACROD2,GBP2,SERINC2",blood,plasma cells,F
Liu_2021,F13,"STMN1,IGHV3-33,HMGB2,BIRC3,CTHRC1,CCND1,HP1BP3,LAPTM5,CARMIL1,FKBP5,H4C3,MS4A1,SMC4,RAD21,H2AZ2,RPA3,SMAP2,MIS18BP1,TOP2A,PCNA,HNRNPAB,SMC3,NASP,TMPO,RFC1,CBX5,USP1,CD40,MKI67,CKS1B,DNMT1,SMC2,TTN,NUSAP1,ANKRD36C,CENPF,ATAD2,DEK,ASPM,JAK1,TYMS,HELLS,IGHM,SYNE2,BRCA1,RALGPS2,ERAP2,TK1,CCDC34,PRC1",blood,proliferating plasma cells,F
Liu_2021,F6,"CD40,IGHV3-33,BIRC3,CCND1,RGS1,PPP1R10,IGHM,ABCB9,IGKV1-12,CTSW,AHNAK,FKBP5,PRKCB,BHLHE41,SMAP2,CPNE5,CARMIL1,LAPTM5",blood,plasma cells,F
Liu_2021,F12,"CCND1,XIST,FAM30A,JSRP1,RAB11FIP1,TXNDC5,MIR29B2CHG,MARCKS,IGKV2D-29,TMEM176B,SLC8A1,TSIX",blood,plasma cells,F
Liu_2021,F7,"IGHA1,CCL3,IGKV3-15,TIMP1,CST3,S100A9,CCND2,S100A8,FGFR3,IGHV3-30,NSD2,IGHA2,KLF4,PCSK1N,IGLV3-1,RNASE6",blood,plasma cells,F
Liu_2021,F14,IGLC3,blood,plasma cells,F
Liu_2021,F10,"IGLC3,IGLV5-45,PBXIP1,DDIT4,G0S2,AZGP1,CITED2,ITGB7,CCND2,JSRP1,ATF5,SLC3A2,AP1S2,RHOB,PLAAT4,GADD45B,PPA1,ASS1,S100A10,MDK,SPN,PMVK,GLRX,PHGDH,FCGRT,CST3,PSAT1,DEPTOR,MTHFD2,RAC1,EIF4EBP1,EZR,PLAAT3,CREG1,RBP7,PYCARD,RBP1,CST6,TIMP1,S100A11,HSPA1B,MYBPC2,SLC7A5,PRNP,COCH,BCHE,TCN2,IGLC7,PIP5KL1,ORAI3",blood,plasma cells,F
Liu_2021,F11,"IGLV5-37,TIMP1,IFITM1,ATF5,BGLAP,IFI27,ASS1,IGLVI-70,IGLC3,WFDC2,ACY3,PGAM2",blood,plasma cells,F
Liu_2021,F8,"MS4A1,LAMP5,XIST,G0S2,IFI27,HBD,PMAIP1,MYC,RANBP1,IFITM1,CDKN2C,IGLL5,QPCT,FCRLA,AHSP,TIMM8B,CCDC85B,IER3IP1,PPP1CC,FKBP8,EDNRB,FAM174C,S100A8,CAV1,PTP4A3,S100A9,SNRPF,TCF4,TIMM13,ACY3,HBM,SOCS3,LILRB4,CRIP1,ADM",blood,plasmablasts,F
Liu_2021,M3,"TYROBP,AIF1,LYZ,LST1,CTSS,FCN1,S100A8,VCAN,CSTA,GPX1,IFITM3,TYMP,HLA-DQB1,SERPINA1,NPC2,S100A11,MNDA,CFD,CTSD,LCP1,PYCARD,HLA-DRB5,S100A12,STXBP2,CYBB,COTL1,NAMPT,PKM,ZEB2,FKBP1A,ASAH1,VSIR,SERPINB1,ACTR2,CD68,APLP2,TKT,CLEC7A,GNAI2,SDCBP,MT2A,IQGAP1,CD14,C1orf162,MPEG1,IFI30,CD36,CSF3R,DUSP6,CLEC12A",blood,monocytes,M
Liu_2021,F27,"HBA2,HBA1,HLA-DRB5",blood,unknown,F
Liu_2021,F22,"G0S2,IFI44L,ATP2B1-AS1,IL1B,RPL39L",blood,activated monocytes,F
Liu_2021,F26,"MT-ATP8,SLC2A3,CRTAP,RNASEK,IL17RA,LRP1,NME2,EEF1G,CCDC88A,TRAPPC5,ATP6V0C,MAN2B1,NBPF26",blood,monocytes,F
Liu_2021,F23,"IGLC2,JCHAIN,RETN,IGHG1,XIST,CD163,THBS1,MZB1,IGHG2,SPARC,VSIG4,IGLV5-37",blood,plasma cells,F
Liu_2021,F24,"CXCR4,SBDS,ARL4A,IER3,IRS2,CD163,ZNF90,MAP3K8,FKBP5,THBS1,IL1R2",blood,non-classical monocytes,F
Liu_2021,F25,"XAF1,MX2,DPYD,RAB11FIP1,XIST,POLR2J3,NKTR,PRPF4B,KMT2C,ATRX,MIS18BP1,AKAP9",blood,monocytes,F
Liu_2021,M4,"IFITM1,CD3E,MT-ATP8,CD99,SELL,CD7,MT-ND6,IL7R,PLAAT4,KLF2,ZFP36L1,EIF4B,CD69,JAK1,LCK,MYH9,SYNE2,GABARAP,RCSD1,GIMAP7,EEF1G,ANXA6,CNN2,ANXA11,IL32,LAT,PPP1R18,RIPOR2,CD3G,ARL4C,GIMAP4,ARHGEF1,ADD3,LINC00861,APBB1IP,EVL,LBH,RESF1,RNASEK,SKAP1,SEPTIN9,ARHGAP30,ACAP1,SLFN5,NCOR1,NME2,SEPTIN6,PRMT2,LEF1,TC2N",blood,naive T cells,M
Liu_2021,F30,"LEF1,AQP3,IL7R,MAL,TCF7,CCR7,FLT3LG,RGCC,RCAN3,TRABD2A",blood,naive T cells,F
Liu_2021,F28,"NKG7,CCL5,GZMA,CST7,GNLY,GZMK,CD8A,CTSW,PRF1,KLRD1,HOPX,PLEK,DUSP2,CCL4,GZMM,GZMH,CD8B,SYNE1,CMC1,IL2RB,MATK,SAMD3,MYO1F,AOAH,KLRB1,TBX21,PTGDR,RHOC,FGR,EOMES",blood,effector memory CD8+ T cells,F
Liu_2021,F29,"HLA-DRB1,HLA-DRA,HLA-DPB1,HLA-DPA1,HLA-DQA1,HLA-DQB1,CD79A,MS4A1,HLA-DRB5,BIRC3,CXCR4,NCF1,HLA-DMA,CD79B,POU2F2,IGHM,LINC00926,TCL1A,SNX2,IL4R,NIBAN3,UVRAG,SYPL1,CTSS,CALHM6,CYB561A3,BACH2,PLPP5,SMC6,BANK1,RALGPS2,ADK,HVCN1,LAT2,ARHGAP17,FCER2,MEF2C,HLA-DMB,SMIM14,LYN,SWAP70,AFF3,MARCHF1,SYK,ADAM19,CD72,EAF2,VPREB3,IGKC,IGHD",blood,B cells,F
Liu_2021,M5,"HLA-DRB1,HLA-DPA1,HLA-DPB1,HLA-DQB1,HLA-DRB5,HLA-DQA1,HLA-DMA,CD79A,IGHM,CD79B,MS4A1,HLA-DMB,IGHD,BANK1,IGLC3",blood,B cells,M
Liu_2021,F31,"MS4A1,CD79A,VPREB3,TCL1A,LINC00926,IGHD,IGHM",blood,naive B cells,F
Liu_2021,F33,"SBDS,ZNF90,C1orf56",blood,unknown,F
Liu_2021,F32,"CST3,VIM,LYZ,GPX1,TYROBP,FCER1G,SRGN,LST1,AIF1,TUBA1B,GSTP1,S100A11,PSAP,C1orf162,LGALS1,FOS,NPC2,H2AZ1,COX8A,ARPC1B,FKBP1A,FCER1A,ANXA2,RAC1,VAMP8,MACROH2A1,GRN,CSTB,MNDA,AP1S2,DBI,ANXA1,CD63,SAMHD1,SLC25A5,UQCR10,COX7B,SEC61B,FCGRT,RBX1,SEC11A,PPIB,ID2,SEM1,FCN1,MS4A6A,CAP1,HSP90B1,BRK1,LGALS2",blood,unknown,F
Liu_2021,F34,"RBMX,SMCHD1,RALGPS2,SWAP70,AKAP9,MYCBP2,IKZF3,AKAP13,JMJD1C,ARHGAP24,ITSN2,BPTF,H4C3,XIST,RNF213,ANKRD11,FCRL5,PRPF4B,MT-ND6,PTPN1,TTN",blood,memory B cells,F
