Data,Cluster,Markers,Organization,cell_type,level
Ma_2019,M2,"SPARCL1,IGFBP7,SPARC,VIM,MGP,ADIRF,TAGLN,ACTA2,MYL9,ID3,CAV1,SOCS3,GNG11,GSN,RAMP2,BGN,TCF4,ID1,CNN3,PLPP1,CAVIN1,ENG,HSPG2,COL4A1,PLVAP,SELENOM,EGFL7,TPM2,CCDC85B,ANXA1,PPP1R14A,EMP1,A2M,SPRY1,SH3BGRL,SLC9A3R2,EPAS1,CRIP2,COL4A2,SERTAD1,RNASE1,CD9,NDUFA4L2,TIMP3,RAMP3,IGFBP4,ARHGAP29,TUBA1A,PECAM1,MEF2C",liver,hepatic stellate cells,M
Ma_2019,F5,"DNASE1L3,RAMP3,PLPP3,ITM2A,VWF,TM4SF18,THBD,GIMAP7,PRCP,FAM167B,GMFG,ICAM1,RGCC,CYYR1,FSCN1,NRP2,ECSCR,PLVAP,RNASE1,CD34,KDR,CLEC14A,ITGA6,LIMCH1,TMEM88,EFNA1,RBP7,EMCN,GIMAP4",liver,liver sinusoidal endothelial cells,F
Ma_2019,F6,"NDUFA4L2,FRZB,ACTA2,MFGE8,CRISPLD2,PTN,GPX3,PGF,RGS16,NOTCH3,TPM2,TAGLN,COX4I2,SEPTIN4,ANXA6,ISYNA1,LGALS3BP,PDGFRB,AGT,MAP3K20,PHLDA1,PLN,PLA2G5,FILIP1L,CRYAB,MTHFD2,ITM2C,EHD2,MYLK,MYH11,FAM162B,PACSIN2,UBA2,HIGD1B,MT1E,EPS8,MCAM,TGFB1I1,DCN,SMOC2,GPR20,CSRP2,MAP3K7CL,HCFC1R1,NUPR1",liver,hepatic stellate cells,F
Ma_2019,F7,"COL1A2,COL3A1,COL1A1,LUM,CCN2,SOD3,CTHRC1,VCAN,FSTL1,ASPN,ATP5F1D,C4orf48,XIST",liver,activated hepatic stellate cells,F
Ma_2019,F9,"NDUFA4L2,CRISPLD2,HIGD1B,PTN,COX4I2,NOTCH3,PDGFRB,MAST4,APOLD1,ADAMTS4",liver,hepatic stellate cells,F
Ma_2019,F8,"CLDN5,ICAM2,CXCL12,MAST4,STMN1,IGFBP3,HEG1,KCTD12,CXCL2,PALMD,ABL2,ADAM15,PTPRB,LMCD1,EFNB2,PPA1,TIE1,LTBP4,ARL15,JAM2,PCSK5,ACE,SEMA3G,FBLN2,MECOM,GIMAP1,HEY1,FBLN5,STC1,GJA5",liver,liver sinusoidal endothelial cells,F
Ma_2019,M6,"RBP4,AMBP,APOA2,TTR,MTRNR2L10,HP,TF,PRAP1,RARRES2,MGST1,APOH,SERPINC1,FGG,APOC3,MTRNR2L2,AHSG,ALDOB,FGA,ORM1,KNG1,CYP3A5,ANG,SERPINF1,GLUL,RPS4Y1,SERPING1,EPHX1,HPX,ASGR1,CES1,APOA1,CFH,F2,APOB,GATM,A1BG,FGB,SAT2,MTRNR2L1,AZGP1,C1S,H1-2,ADI1,AGT,AGXT,TMEM176B,SDS,APOC2,CPB2,DCXR",liver,hepatocytes,M
Ma_2019,F19,"ALDOB,AGXT,TM4SF4,HRG,SDS,INSIG1,TAT,ORM2,CYP2D6,DEFB1,EGR1,ACSM2A,CYP2A7,PDK4,CYP2A6,IL32,LEAP2,SLC22A1,TDO2,FOSB,ERRFI1,SERPINA4,FXYD1,IGF2,SLC17A4,HMGCS2,SERPINA6,FAM99A,SERPINH1,HSD17B13,CP,PCK1,SERPINA5,CD14,CYP17A1,KRT7,FTCD,IGSF23,SCGN,FGGY,MT1E,ZBTB16,CYP4A11,SLC22A7,FBXO2,NR0B2,LINC01554,SLPI,MRC1,HGFAC",liver,hepatocytes,F
Ma_2019,F20,"SPP1,REG3A,GPX2,CYP2E1,APCS,GGH,ALDH3A1,AKR1B10,AKR1C2,LINC01474,TSPO,CHI3L1,SPARCL1,RBP1,RHBG,PERP,REG1A,ADH4,LDHB,NENF,PART1,CFHR5,S100A11,LY96,CD36,SNCG,NQO1,ACTN2,C1QTNF3,CD163,RHOBTB1,CABYR,ASF1A,ODAM,HBB,SHISA4,UGT2B11,PYROXD2,NRG1,ME1,COX7B2,NPL,RUNX1,DHRS2,DNAJC12,AK4,ZNF503,TBX3,SGK1,RASSF4",liver,hepatocytes,F
Ma_2019,M1,"SPP1,VTN,FXYD2,PDZK1IP1,S100A14,SLPI,KRT7,CRP,APCS,C8G,SLC12A2,CLDN10,TFF1,CXCL1,FXYD3,CXCL6,TESC,MUC1,LCN2,ABCC3,DSG2,ONECUT2,CLDN1,GPX2,SOX9,ANPEP,ARL4C,CPD,HBB,XIST",liver,hepatocytes,M
Ma_2019,F4,"ORM1,FGG,APOE,FGA,CPB2,BICC1,FN1,ATOX1,IFI6,AQP1,CYTOR,SDF2L1,TCEAL9,FGB,TP53INP1,PDIA4,LMAN2,CITED4,TMED9,GC,NHP2,GMNN,PRDX4,CYC1,APOC1,PPA1,APOB,SMIM26,ND4L,GLUL,DPM3,GSTK1,ORM2,ITIH5,MANF,HSD17B2,RBM8A,DNAJB9,SNRPB,LRG1,TACSTD2,LY6E,AMBP,CPE,TNFSF10,ITIH2,TMEM45A,SCTR,AADAC,RBP4",liver,hepatocytes,F
Ma_2019,F3,"TFF1,MUC1,C12orf75,LYZ,ONECUT2,DSG2,CCND1,KRT19,GATM,LGALS4,VEGFA",liver,hepatocytes,F
Ma_2019,M5,"KRT19,FN1,SPINK1,TPM2,MTRNR2L1,CLDN10,CP,KRT17,XIST,POLR2J3,IGFBP3,CXCL8,KMT2E,EPCAM,VCAN,ABCC3,DSP,MMP7,NNMT,FAM3C,ASL,PLOD2,COL6A1,ND6,RNF213,PNN,DST,ZNF655,ASH1L,KRIT1,BAZ1B,RBM33,EFNA5",liver,hepatocytes,M
Ma_2019,F17,"ND3,SPP1,SPINK1,MTRNR2L1,CRP,ND6,TM4SF4,ATP8,OLFM4,NFKBIZ,GPX2,SLC12A2,CXCL8,DCDC2,LYZ,PTPRG,HMGCS1,SIPA1L2,PIK3C2G,CFH,KCNQ1OT1,LGALS4,FOS,ASGR2,LYPD6B,FOSB",liver,hepatocytes,F
Ma_2019,F18,"KRT17,MT2A,TPM4,TAGLN,LGALS1,MAP1B,MYH9,AHNAK2,CD9,TCEA1,RHOA,PDLIM4,RBP1,DYNLRB1,HEBP2,CD99,AKAP12,MAP4,GPC6,PDLIM1,TBCA,RSL24D1,SERPINE1,MGST3,MT1X,CDH2,SREK1IP1,SNRPB,YWHAH,TGFBI,EMP3,DHRS7",liver,hepatocytes,F
Ma_2019,M0,"APOA2,APOE,SPINK1,NUPR1,MDK,TF,NTS,CHCHD10,PLIN2,CRP,GC,ORM1,VCX2,G0S2,AMBP,IGFBP3,BNIP3,SERINC2,TSTD1,TMEM176A,GDF15,GPC3,ANGPTL8,DDIT3,SDC2,RARRES2,WFDC2,MRPL12,EIF4EBP1,SERPINA5,GCHFR,PRAP1,NDUFA4L2,CCL20,PPP1R14B,CDK4,APOH,CHPT1,LAGE3,NAXE,ATF5,ORM2,SDCCAG8,FGL1,F2,AGTR1,HBA2,AGT,SERPINF1,DCXR",liver,hepatocytes,M
Ma_2019,F0,,liver,hepatocytes,F
Ma_2019,F1,"HILPDA,NDUFA4L2,UPP1,ERRFI1,ADM,VEGFA,SERPINE1,LOX,INSIG2,CA9",liver,hypoxic hepatocytes,F
Ma_2019,F2,,liver,hepatocytes,F
Ma_2019,M7,"ADIRF,MDK,KRT19,BRI3,TFF2,C19orf33,GNB2,CD9,TSPAN8,S100A14,PERP,SPINK1,EZR,HMGA1,S100P,CLTB,KRT7,FXYD3,LYZ,CEACAM6,CYP3A5,S100A4,SPINT2,MAL2,PHLDA2,SMIM22,TNFRSF12A,C4orf48,CD44,PHGR1,RNASET2,EMP1,MUC1,LCN2,SLC9A3R2,CAMK2N1,PLAAT3,CAPG,PPP1R14B,PLP2,EPCAM,SFTA2,CLDN4,POP7,CDA,LGALS3,IGFBP2,C12orf75,AGR2,ITGA6",liver,hepatocytes,M
Ma_2019,M3,"HLA-DRA,HLA-DRB1,SRGN,HLA-DPB1,HLA-DPA1,TYROBP,ARHGDIB,S100A4,HLA-DQB1,AIF1,FCER1G,CD52,CD44,PLAUR,CTSS,HLA-DRB5,LAPTM5,HLA-DMA,EMP3,CXCR4,GMFG,LST1,C1QA,CREM,CAPG,PYCARD,NR4A2,COTL1,RGS2,CD68,RGS1,CORO1A,HCST,GPR183,FAM49B,ALOX5AP,ANXA1,CTSC,CD83,MS4A6A,AP1S2,PTPRC,S100A9,ITGB2,LSP1,C1orf162,HLA-DMB,MS4A7,RGS10,LCP1",liver,Kupffer cells,M
Ma_2019,F14,"APOE,C1QB,C1QA,C1QC,TMEM176B,IFI27,NUPR1,LIPA,YWHAH,RNASE1,SPP1,ACP5,PLD3,ATP5F1D,TMEM176A,VSIG4,BRI3,C4orf48,CHCHD10,FCGR3A,GCHFR,GPNMB,TREM2,TXNIP,CEBPB,NENF",liver,Kupffer cells,F
Ma_2019,F10,"IL1B,IER3,SELENOP,APOA2,APOC3,MS4A7,CXCL2,FCN1,ALB,TNFAIP3,NINJ1,CXCL3,C5AR1,MARCKS,CFD,ARL4A",liver,Kupffer cells,F
Ma_2019,F11,,liver,Kupffer cells,F
Ma_2019,F12,"S100A9,S100A8,TMEM176B,MNDA,FCN1,RETN,CYBB,ND4L,VCAN,HBEGF,MARCO,OLR1,IFI6,IGSF6,MRC1,FBP1,FCGR3A,FN1,CXCL2,ALDH2,PLAC8,TMEM176A,CTSL,CAST,CLEC12A,C5AR1,MS4A4A,RANBP2,SPP1,IFI30,CXCL3,ETS2,CSTA,FCGR2A,TFDP2,TLN1,NCF2,SLC11A1,HIF1A,LAMP2,PTTG1IP,PLXDC2,MCEMP1",liver,Kupffer cells,F
Ma_2019,F13,"IL32,CCL5,GZMA,CD3D,LTB,NKG7,CD2,CD69,PLAAT4,RAC2,IL2RG,EVL,DUSP4,CTSW,ITM2A,CD3E,CST7,TUBA4A,BATF,LCK,APOBEC3G,SPOCK2,ISG20,CD3G,TBC1D10C,SEPTIN1,LAT,CD96,C12orf75",liver,T cells,F
Ma_2019,M4,"RARRES2,SPP1,SLPI,GC,TMEM176B,AGT,TMEM176A,DEFB1,CD24,SPINT2,PTGDS,FGA,CXCL2,FXYD2,C8G,NNMT,CCL20,EFNA1,FGG,AKR1C3,ARHGAP29,LGALS3BP,H1-2,FGB,ELF3,C1S,CFH,VTN,CP,TESC,LGALS4,IFI16,IGFBP1,ORM1,GPX2,WFDC2,CCN1,SNRPN,AKR1B1,LBP,TCEAL4,AKR1C1,PON2,DST,BIRC3,C1R,CFI,ORM2,PLPP2,MMP7",liver,hepatocytes,M
Ma_2019,F16,"CRP,FXYD2,ITIH2,CPB2,SUCNR1,CLDN10,FGL1,XIST,NPW,CSPP1,BEX3,APCS,CEACAM7,HABP2,CA9,SMIM24,HBB,ASGR2,CYP2C8,SMIM22,AQP3,LCN2,HBA2,PLCG2,RBP4,SAP25,NENF,PLD1,TMEM141,SCGB3A1,KLK11,GJB1,PTMS,SNORC,GDF15,CEBPD,LAMP1,LDHB,PGAM2,GAL3ST1,BCAM,AADAC,PBX3,F5,TCEAL9,CDH6,SLC39A4,EPCAM,PROC,SERPINF1",liver,hepatocytes,F
Ma_2019,F15,"IFI27,MTRNR2L8,S100A4,TFPI,ORM1,MTRNR2L10,FGG,CP,GSTP1,FGB,MTRNR2L1,CXCL6,AKR1B1,RPS4Y1,PCSK1N,IFI6,TM4SF1,TSPAN8,CES1,TMEM45A,C4BPA,LBP,IGFBP1,CXCL8,TPM4,CHML,BIRC3,FBXO2,NQO1,TGM2,ORM2,CXCL5,CNN3,ITIH5,OPTN,ND6,TPR,CYP1B1,MMP7,TOR1AIP2,MT2A,ARL4A,SPINK1,CTSS,CFD,NDUFA4L2,SMYD3,TCIM,ASPH,CXCL1",liver,hepatocytes,F
