Data,Cluster,Markers,Organization,cell_type,level
Madissoon_2019,M0,"GNLY,NKG7,CCL5,GZMB,PRF1,CTSW,CST7,GZMH,XCL2,FGFBP2,GZMA,SPON2,IFNG,KLRD1,PLAC8,CD7,KLRB1,FCGR3A,IL2RG,C12orf75,EVL,ITGB2,CMC1,HOPX,LCK,BIN2,TRBC2,GZMM,CD247,TRBC1,LIMD2,GIMAP7",lung,natural killer (NK) cells,M
Madissoon_2019,F1,"TRAC,CD3D,CD3E,TRGC2,CD8A",lung,gamma-delta T cells,F
Madissoon_2019,F0,"FCER1G,KLRF1,CLIC3,TRDC",lung,natural killer (NK) cells,F
Madissoon_2019,F2,"IFITM1,TIMP1,S100A9,IGKC,S100A8,IFITM3,HLA-DRA,CD3D,HLA-DRB1,HLA-DPA1,SCGB3A1,SCGB1A1,LYZ,MGP,TPSB2,CCL2,TPSAB1,IGHG3",lung,unknown,F
Madissoon_2019,F3,"TUBB,HMGN2,HMGB2,HMGN1,DEK,PSMA2,NUCKS1,H2AZ2,TUBB4B,ANP32B,LSM3,BLOC1S1,PA2G4,RANBP1,NAP1L1,CALM3,SNRPE,MACROH2A1,IDH2,STMN1,SET,SNRPD1,DUT,LSM4,SIVA1,PCNA,TXN,HNRNPR,RPA3,PRDX2,ERH,SNRPF,COX5A,USP1,NUDT1,SMC4,CKS1B,MCM7,TMEM106C,CENPK,MCM5,MCM3,FEN1,NDUFB11,GMNN,CBX3",lung,unknown,F
Madissoon_2019,M2,"SFTPA1,IFITM3,IGFBP7,MGP,SFTPB,SLPI,DCN,SFTPA2,NUPR1,CYB5A,CEBPD,NAPSA,GSN,RNASE1,MT1X,CTSH,SELENOW,ID1,RABAC1,ADIRF,CD9,ID3,YBX3,ROMO1,P4HB,PPA1,APLP2,TMED2,CCN1,SLIRP,LAPTM4A,DSTN,MYL9,KDELR2,C3,TFPI,MT1E,EGR1,CD151,EFEMP1,C12orf57,IGFBP4,TCIM,ATP5MC1,SSR3,TCEAL9,PRDX6,SDC4,CAVIN1,AK1",lung,Type II pneumocytes,M
Madissoon_2019,F8,"SERPINA1,HP,HOPX,CHI3L2,LAMP3,CHI3L1,SLC39A8,CXCL17,ABCA3,NAPSA,DMBT1,SFTA2,MUC1,TMEM125,SFTPD,AGR3,ALPL,SDR16C5,SERPINB1,KRT18,SDC4,SFTA3,ZDHHC3,C4BPA,NRGN,MFSD2A,AGR2,CLDN7,SLC22A31,CHCHD7,ORM1,S100A14,AQP3,MACROD2,DMKN,SCGB3A2,WFDC2,LRRK2,SPINT2,HHIP,SLC34A2,TSTD1,S100A9,CTSE,unknown,PPP1R1B,PRR15L,FXYD3,ICA1,PIGR",lung,Type II pneumocytes,F
Madissoon_2019,F7,"CFD,DCN,IGFBP6,LUM,RARRES1,GSN,CCDC80,SERPINF1,COL1A2,APOD,EFEMP1,FSTL1,COL3A1,FBLN1,SPARC,SFRP2,NBL1,BGN,PLAC9,RPS4Y1,SERPINE2,IL32,PLA2G2A,PCOLCE,CFH,C7,FBLN2,LXN,THY1,IFI16,ELN,CRIP1,COL1A1,STEAP1,ARID5B,MFAP5,EMP1,FN1,CRYAB,MFAP4,IGF1,IFITM1,UAP1,OGN,FGF7,FBN1,MXRA8,SRPX,DPT,MEG3",lung,Fibroblasts,F
Madissoon_2019,F15,"TPPP3,AGR3,WFDC2,ELF3,FXYD3,TSTD1,SAA1,SMIM22,DMKN,CLDN4,RGCC,ALDH1A1,LCN2,CKB,CRNDE,CAPS,TMC5,TACSTD2,GDF15,PERP,MORN2,C12orf75,CES1,IGFBP2,NUDT4,CTSS,CFAP298,HSPB11,ODF2L,RUVBL2,ODF3B,MRPS31,TSPAN1,ALCAM,C9orf24,CLDN3,C20orf85,RRAD,IFT22,CYP4B1,CFAP276,FAM183A,KIF9,CD24,FAM229B,OMG,DPCD,KRT19,FAM174A,MLF1",lung,Type II pneumocytes,F
Madissoon_2019,F11,"TAGLN,TPM2,ACTA2,CRYAB,BGN,PPP1R14A,IGFBP5,FHL1,COL6A2,ACTG2,ACTN1,ADAMTS1,MYLK,DES,COX7A1,PDLIM3,AEBP1,MFGE8,THBS1,CCN2,TINAGL1,PDLIM7,GEM,CRIP2,TGFB1I1,MAP1B,CNN1,LPP,MYH11,NEXN,FN1,RAMP1,PLN,A2M,PALLD,MCAM,WFDC1,MFAP4,SYNPO2,CAV2,SBSPON,LMOD1,KCNMB1",lung,myofibroblasts,F
Madissoon_2019,F10,"GPX3,RARRES2,C1S,RGCC,MFAP4,MMP2,G0S2,BGN,PTGDS,APOE,COL6A3,EMILIN1,FN1,FBLN1,GYPC,VCAN,COL6A1,CFD,CCL2,GPC3,TUBB6,NBL1,C7,ENG,PMP22,RARRES1,TCF21,COL1A1,CCN2,SERPINF1,PLAC9,SCN7A,AEBP1,COL1A2,LUM,SPARC,A2M,TIMP3,FHL1,DCN,COL6A2,IGF1,STEAP1,COL3A1,CXCL12,PCOLCE,PLPP3,FGF7",lung,Fibroblasts,F
Madissoon_2019,F6,"RNASE1,PIGR,SCD,CXCL17,LPCAT1,MALL,MUC1,PGC,S100A14,HOPX,C16orf89,MFSD2A,SFTPD,LAMP3,SPINT2,SLC34A2,TMEM125,HHIP,ATP1B1,NAPSA,MAL2,DHCR24,FGGY,AQP3,CLDN18,WIF1,unknown,ABCA3,WFDC2,SFTA2,SFTA3,SLC39A8,LRRK2,AGR2,TSTD1,ELF3,GKN2,PEBP4,FASN",lung,Type II pneumocytes,F
Madissoon_2019,F9,"IFI27,TM4SF1,CLDN5,ACKR1,GNG11,DEPP1,BST2,CRIP2,RAMP2,SLC9A3R2,EGFL7,PECAM1,PCAT19,NPDC1,HYAL2,ECSCR,ESAM,MARCKSL1,CLEC14A,VWF,ICAM2,RAMP3,PLVAP,FAM167B,CALCRL,KLF2,TSPAN7",lung,Endothelial cells,F
Madissoon_2019,F14,"GNG11,CCL21,CRIP2,TGM2,GYPC,RAMP2,TUBB6,PCAT19,AKAP12,ACTN1,ECSCR,SLC9A3R2,CAVIN2,KLF2,HYAL2,MARCKSL1,EGFL7,MGST2,STMN1,PDPN,THBD,MARCKS,ARL4A,SNCG,FABP4,PROCR,LIMS1,CARHSP1,CLDN5,PPFIBP1,GIMAP7,GMFG,FXYD6,TFF3,PPP1R2,FSCN1,EMCN,LAPTM5,NRP2,MMRN1,DIPK2B,TIE1,GPR146,ELK3,TM4SF18,GIMAP4,VAMP5,TM4SF1,NRN1,TMEM255B",lung,Lymphatic endothelial cells,F
Madissoon_2019,F13,"SRGN,SCGB3A1,CXCL8,SCGB1A1,CCL3,CD52,GNLY,S100A8,NKG7,FCER1G,TYROBP,LYZ,PLAC8,PRF1,GZMA,CD53,RAC2,ITGB2",lung,unknown,F
Madissoon_2019,F12,"SFTA2,SCGB3A2,KRT18,KRT8,PGC,AGR3,RPS4Y1,KRT19,CLDN18,SFTA1P,C19orf33,FOLR1,KRT7,TACSTD2,CLIC3,LMO7,CCND1,EPCAM,AGER,CEACAM6,GKN2",lung,Type II pneumocytes,F
Madissoon_2019,M5,"TPSB2,TPSAB1,SAMSN1,CAPG,BIRC3,MIR23AHG,GATA2,CPA3,TMEM176B,HPGD,HPGDS,KIT,VWA5A,MS4A2,HDC",lung,mast cells,M
Madissoon_2019,F28,"CCL4,GNLY,NKG7,CD74,CCL3,S100A8,S100A9,KLF2,IGKC,S100A10,HLA-DRA,CCL5,SCGB1A1,SCGB3A1",lung,unknown,F
Madissoon_2019,F27,,lung,mast cells,F
Madissoon_2019,M4,"LYZ,TYROBP,S100A9,HLA-DRA,S100A8,CST3,CXCL8,HLA-DPB1,FCER1G,IL1B,GPX1,G0S2,HLA-DRB1,HLA-DRB5,AIF1,PLAUR,IER3,HLA-DQB1,COTL1,BCL2A1,LST1,CTSB,HLA-DQA1,CXCL2,CEBPB,SOD2,FABP5,TYMP,CTSS,NAMPT,CD83,EREG,GRN,SOCS3,ANXA5,C1orf162,PLEK,C1QB,C15orf48,ZFAND5,GSTO1,CD14,FCN1,SPI1,CD55,MGAT1,AP2S1,STXBP2,APOC1,CXCL3",lung,macrophages,M
Madissoon_2019,F23,"CCL2,RETN,S100A12,NKG7,PLAC8,GNLY,SCGB3A1,SCGB1A1,CCL5",lung,alveolar macrophages,F
Madissoon_2019,F21,RGS1,lung,macrophages,F
Madissoon_2019,F22,"FCN1,CH25H,PLAC8,CD300E,S100A12,LGALS2",lung,inflammatory macrophages,F
Madissoon_2019,F20,"unknown,RNASE1,HLA-DQA2,PTGS2,RPS4Y1",lung,alveolar macrophages,F
Madissoon_2019,F24,"FABP4,APOC1,MARCO,APOE,IFI6,CTSL,LY6E,CD9,NUPR1,MCEMP1,MSR1,GCHFR,CXCL16,INHBA,CD163,CES1,TREM1,LDHB,SERPING1,SNX10,PEBP1,TFRC,STMN1,ARL6IP1,C1QB,ALOX5,ACP5,DOK2,MICOS13,CD81,RAB13,MS4A4A,IFI27,PTMS,DSTN,CREG1,TMED9,LGALS3BP,AQP3,RBP4,GYPC,MRPL51,FDX1,FBP1,HMGN1,SNX2,TMED10,CD59,NMB,ECH1",lung,alveolar macrophages,F
Madissoon_2019,F25,"CCL18,APOC1,C1QB,ACP5,MARCO,FBP1,HLA-DQA2,IFI27,CD9,ALDH2,FABP4,GPNMB,GCHFR,PELATON,unknown,PLD3,FCGR3A,MGP,SERPING1,PEBP1,MCEMP1,CYP27A1,PLBD1,LIPA,TREM2,RBP4,UBE2L6,NUCB1,PDLIM1,LGALS3BP,CYB5A,VSIG4,PTPMT1,AQP3,NUPR1,DSTN,GYPC,TREM1,C1QC,CD59,FABP3,PCOLCE2,INHBA,DEFB1,PARAL1,PPIC,CCL23,C2,unknown,FN1",lung,alveolar macrophages,F
Madissoon_2019,F26,"RGS1,BIRC3,HLA-DQA2,CCL17,BASP1,PPA1,LAP3,ISCU,YPEL5,DUSP5,PEA15,CSF2RA,MARCKS,PMAIP1,MIR155HG,ANXA6,TMEM176B,NFKBID,IL32,CD86,MARCKSL1,RAB11FIP1,IL7R,RASSF4,MYO1G,ANXA7,CST7,CCR7,NRP2,TMEM176A,RELB,VOPP1,RAB9A,SIAH2,IL4I1,NABP1,FSCN1,NUB1,GRSF1,SERPINF1,TRADD,CLIC2,DAPP1,IRF8,DUSP4,MGLL,PPP1R14A,FNBP1,IRF4,CHD3",lung,alveolar macrophages,F
Madissoon_2019,M3,"IGKC,HLA-DQB1,LTB,HLA-DQA1,CD83,GPR183,HLA-DMA,PMAIP1,BIRC3,IRF8,IGHM,RHOH,CD79B,LY9,MS4A1,CD79A",lung,B cells,M
Madissoon_2019,F16,"LGALS1,IGHA1,CRIP1",lung,plasma cells,F
Madissoon_2019,F18,"CCL4,CCL3,HLA-DQA2,RBM3,CD63,S100A11,GSTP1,EGR1,GNLY,NKG7,S100A8,S100A9,IGHG3,FCER1G,GZMB,CTSH,CCL5,SCGB1A1,SCGB3A1,SLPI,PRF1,GZMA,CTSW",lung,unknown,F
Madissoon_2019,F17,"CLEC2B,IGHD",lung,B cells,F
Madissoon_2019,F19,"RGS1,PLAC8,JCHAIN,GPX1,SEC61B,SSR4,COX6B1,SPIB,NPC2,SEC61G,PARK7,AREG,VAMP8,CCDC50,ALOX5AP,PPIB,TMEM258,SPCS1,PSMA2,HSP90B1,SNRPE,RAC1,CNPY3,HNRNPM,TSPAN13,RAB11FIP1,PLP2,RTN4,H4C3,GZMB,CST3,SKIL,SOCS3,EIF3G,SPCS2,CDKN1A,ATP5MC3,PAIP2,GSTP1,GRN,FCER1G,ARF4,IRF7,XBP1,LAPTM4A,MTDH,TYROBP,CDC37,STMN1,PDIA3",lung,plasmablasts,F
Madissoon_2019,M1,"IL32,TRAC,CD3D,TRBC2,LTB,CD3E,IL7R,CD2,ACAP1",lung,T cells,M
Madissoon_2019,F4,LTB,lung,unknown,F
Madissoon_2019,F5,"CCL5,CCL4,MTRNR2L8",lung,unknown,F
Madissoon_2019,M6,"MGP,DCN,CLU,LUM,CFD,IGFBP4,NNMT,FBLN1,PLA2G2A,COL1A2,PTGDS,IGFBP6,SERPINH1,RARRES1,TPM2,SERPING1,COL1A1,BGN,COL3A1,IGFBP7,C1R,RARRES2,PLAC9,SPARCL1,SERPINF1,GPX3,CCDC80,SPARC,C1S",lung,fibroblasts,M
Madissoon_2019,M7,"IGKC,FKBP2,MANF,SDF2L1,SSR3,SEC11C,ISG20,FKBP11,SPCS3,IGHA1,PIM2,IGHM,PDIA4,PRDX4,IGLC2,SELENOS,IGLC3,IGHG3,JCHAIN,CD79B,ITM2C,CD27,CD79A,IGHG1,CD38,EAF2,MZB1,SEL1L3",lung,plasma cells,M
Madissoon_2019,F30,"HSPB1,TIMP1,MGP",lung,unknown,F
Madissoon_2019,F31,"CD38,HMGB2,DNAJB11,UBE2L3,PEBP1,CYTOR,SMC4,MIR4435-2HG,LILRB4,GGH,SEC24D,H1-4,SELL,PCLAF,SYK,RNGTT,MT-ND6,TIPRL,KRAS,TMEM106C,VPS25,PMPCB",lung,plasma cells,F
