Data,Cluster,Markers,Organization,cell_type,level
Moreno_2022,M4,"GPM6B,CRYAB,GSN,MBP,PLP1,S100B,MARCKSL1,STMN1,RNASE1,SLC44A1,APP,SELENOP,CD9,CLU,ARHGAP21,TSC22D4,TBCB,DYNC1I2,LAMP2,PTGDS,FIS1,VAMP2,OLIG1,CLDND1,AMD1,FEZ1,NDRG1,APOD,CNP,ANKS1B,CAMK2N1,PMP22,FAM107B,SHTN1,PRNP,C4orf48,SLC24A2,NENF,QDPR,SPARC,SLAIN1,NTM,ATP1B1,MAP1B,TLE4,EVI2A,ARPP19,PEA15,TMEM144,RGCC",brain,oligodendrocytes,M
Moreno_2022,F42,"C4orf48,RPL10,RPL18A,RPL18,ABCA2,RPS14,RPL35,RPL36,RPS15,COX5B,RPS3,RPL8,RPL28,ELOB,SIRT2,GUK1,COX4I1,RPLP0,RPS26,LHPP,NDRG1,S100A1,POLR2F,GPX4,RABAC1,LMNA,RPS10,ATOX1,NDUFS7,NDUFA3,COPS9,MIF,UQCR11,NDUFA11,POLR2I,NDUFC2,BLOC1S1,MAPK8IP1,RNH1,TTYH1,CIAO2B,LGALS3BP,CDK18,HAPLN2,PPIB,LAMTOR4,PRDX5,IFI27L2,PHPT1,COPE",brain,oligodendrocytes,F
Moreno_2022,F43,"CD74,HLA-DRA,CTSB,ZFP36,BTG2,CCL4,VIM,HSPH1,RGS1,XIST,HERPUD1,HSPA5,KLF4,SRGN,TPM4,MT-ATP8,PICALM,MARCKS,C1QC,ID2,HNRNPD,MCL1,CTSL,C1QB,TXNIP,ARPC2,SDCBP,ATF3,AIF1,HLA-DRB1,ANP32A,ZFP36L1,YWHAH,CAPZA1,ENPP4,IFNAR1,S100A11,APLP2,SNHG5,AKR1B1,SOD2,RGS2,H2AFY,LENG8,HBEGF,HMGB2,MFSD1,FAM120A,FCER1G,PLXDC2",brain,microglia,F
Moreno_2022,M0,"PTPRZ1,CLU,PTN,GPM6A,S100B,TUBB2B,CRYAB,GFAP,BCAN,SOX4,MT1X,MAP1B,STMN1,MAP2,PMP2,BEX3,SCRG1,SRI,METRN,CALD1,SOX2,PRDX2,MARCKSL1,SPARCL1,BAALC,NOVA1,TSC22D4,NDUFC2,HSBP1,FABP7,HOPX,GPM6B,IGFBP2,FXYD6,NES,OLIG1,ZNF428,MRPL51,RAMP1,RBP1,POLR2J,TTYH1,UCHL1,BEX1,S100A16,CKB,MT3,MDH2,EGFR,KRT10",brain,astrocytes,M
Moreno_2022,F9,AQP4,brain,astrocytes,F
Moreno_2022,F0,"CENPF,TOP2A",brain,proliferating astrocytes,F
Moreno_2022,F6,"PDGFRA,ID3,C1QL1,CHIC2,VGF,NTM,ID1,ASIC4,SULF2,SPOCK1,LNX1",brain,astrocytes,F
Moreno_2022,F8,"EEF1G,MTRNR2L8,NME2,SOX2-OT,GABARAP,CTNNB1,MTRNR2L1,GAS5,RNASEK,MAT2A,CLK1,SRSF6,C18orf32,DAZAP2,TUBB3,ANKRD10,UBA1,NGRN,RBM4,EIF2S3,DDX39B,PSMA6,MRPS24,MTRNR2L10,SEC61A1,PCDHGC3,MATR3,ORC4,RPN1,UGDH-AS1,METTL21A,SCHIP1,SNHG1,GPI,MTRNR2L6,ASTN2,NPIPA1,UPK3BL1,LINC-PINT,ZNF460,TRO,GRIK2,MTRNR2L3,KCNN3,SHISA9,ZKSCAN8,SLITRK3,RIPOR1,NOL4L,EIF3C",brain,astrocytes,F
Moreno_2022,F3,"CHI3L1,EEF1G,NME2,NAMPT,GABARAP,SEPTIN2,ANXA1",brain,astrocytes,F
Moreno_2022,F7,"VOPP1,NTRK2,NRXN1,APOD,SLC1A2,LANCL2,CSPG5,SCG2,CD82,KHDRBS3,ITGAV,TIMP3,NCAN,CHL1,BCAT1,TNR,FJX1,DUSP6,ABHD2,ALDOC,CRISPLD1,GPR37L1,CCDC50,NAV1,CPEB4,SEMA5A,IL1RAP,ZFHX4,SMOC1,PLLP,ARHGAP21,SEZ6L,GRIA3,SPATA6,SDC3,AZGP1,PDZD2,RPH3A,MBOAT2,CACNG7,GALNT13,PCDH7,LMCD1,PLPPR4",brain,astrocytes,F
Moreno_2022,F5,"C1QL1,DLL3,CDK6,KCNQ2,FJX1,SDC3,SEMA5A,DCLK2,HIP1,CHD7,UBE2M,TRIM24,NKAIN4,TMEM158,CCND1",brain,astrocytes,F
Moreno_2022,F4,"PDGFRA,APOD,NME2,SOX2-OT,EEF1G,C1QL1,GABARAP,CHIC2,SNHG29,PLP1,AKAP12,SNHG6,RNASEK,C18orf32,MMP16,H19,MAGEH1,DCX,TM4SF1,SEPTIN2",brain,astrocytes,F
Moreno_2022,F1,"APOD,IFI6,MT1E,RPS4Y1,ISG15,PDGFRA,OLIG2,NTRK2,MT1M,CCND1,STMN2,CD74,DNER,ARC,BASP1,TRIO,APOC1,TRAF4,CADM2,SNHG8,TCEAL2,CENPV,PRXL2A,SIRT2,TM4SF1,CSPG5,MEA1,SNHG25,MT1F,RIC3,SLC44A1,THUMPD3-AS1,ZSCAN16-AS1,PLEKHB1,ANAPC16,NDRG2,PLLP,ALDOC,LRRC4C,CCL4,HDGFL3,AC010642.2,GPX3,S100A1,SOX10,ITM2A,PHACTR3,AC004158.1,SYT1,C1QC",brain,astrocytes,F
Moreno_2022,F2,"EEF1G,SNHG29,HES1,CENPF,SNHG6,GAS5,TOP2A,NUSAP1,PCLAF,TMSB15A,SNHG5,SARNP,CENPW,LINC01551,EMX2",brain,proliferating astrocytes,F
Moreno_2022,M2,"LSAMP,NLGN1,DOCK4,NPAS3,CADM2,LRP1B,MIR99AHG,PPP2R2B,TRIO,ADGRL3,ADGRB3,TCF12,DPP6,FMNL2,FTX,MAML2,FRMD4A,SLC8A1,SIK3,LHFPL3,MAGI2,ZSWIM6,PCDH9,DPYD,MARCH1,LRMDA,GNAQ,DLG2,SOX6,TANC2,SNTG1,CADM1,NOVA1,CTNND2,MKLN1,FHIT,DTNA,MED13L,ZFAND3,IMMP2L,NCKAP5,IL1RAPL1,CTNNA2,BICD1,DST,ALCAM,PSD3,ANK2,LDLRAD4,TRPS1",brain,neurons,M
Moreno_2022,F15,"RGS6,DENND2A,SLC4A4,EYA2,GRB10,MEIS1,DPF3,CDH4,DCLK1,STK33,KALRN,FMN2,EGFR,SOX2-OT,SLC1A2,ROBO2",brain,neurons,F
Moreno_2022,F28,"FTL,TPT1,HSPA1A,EEF1A1,ELL2,FTH1,TMSB4X,PTMA,HLA-DRA,TMSB10,ZNF331,APOE,HSP90AB1,HLA-DRB1,H3F3B,C1QB,APOC1,HSPH1,LIMS1,EIF1,KLF6,REL,PABPC1,CST3,HSPA1B,FAU,TYROBP,ITM2B,MTRNR2L12,B2M,HSPD1,HSPB1,C1QA,SAT1,SGK1,UBA52,DNAJB1,RNASET2,CCL4,CYBA,CD83,H3F3A,RANBP2,FOXP1,C1QC,FMN1,NPC2,BTG1,NACA,HMOX1",brain,microglia,F
Moreno_2022,F27,"RASGEF1B,MEG3,LRP4,ADGRV1,RPL10,LINC-PINT,PTCHD1-AS,USP39,AC092691.1,SLC26A3,LINGO1",brain,neurons,F
Moreno_2022,F30,"FGF14,GRID2,OPCML,PLCB1,LRRTM4,MDGA2,MMP16,TNS3,NXPH1,SEMA5A,KCND2,TMEM178B,ANKS1B,DLGAP1,CSMD2,TMEM132B,PCDH7,CSMD1,SLC2A13,CTTNBP2,BRINP3,TMEFF2,ERC2,CNTN1,RIMS2,XKR4,PCDH15,GRID1,LUZP2,DGKB,GALNT13,NLGN4X,SCN1A,SLC35F1,ZNF804A,IGF2BP3,GRIK2,CSMD3,TRERF1,CACNA2D1,CDH20,ATRNL1,FAM110B,KCNQ1OT1,TMEM163,MARCKS,PPP1R9A,MEGF11,PHACTR3,GLCCI1",brain,neurons,F
Moreno_2022,F19,"SDK1,SLC35F1,XIST,CADPS,MEG3,NRXN3,GPC6,MIR100HG,TENM4,PDZRN3,CSMD2,RNF19A,TNC,UST,DGKI,RFX4,FAM155A,NFKB1,RIMS2,PAM,CACNA1C,GLIS3,LINC01473,TRERF1,CD44,PLXNA4,GRB10,SP100,TSHZ2,CHI3L1,CCND3,ADAMTS9,WTAP,HIVEP2,NFKBIA,DNER,GPR158,GSAP,ULK4,MAP3K13,TTLL5,NRP2,SOD2,CDH11,ADCY2,PTPRM,SLC25A37,UGCG,NTN1,PLEKHG1",brain,neurons,F
Moreno_2022,F16,"LRMDA,ARHGAP24,MEF2C,DOCK8,APBB1IP,BMP2K,FYB1,SLC11A1,PTPRC,MSR1,TBXAS1,ARHGAP15,ABR,RBM47,BNC2,ZFP36L1,DLEU1,SRGN,ST6GAL1,RNF149,MGAT4A,DOCK2,AOAH,KCNQ3,NRP1,MAML3,LYN,ARHGAP18,FOS,C3,ATP8B4,SP100,TLR2,CPM,NPL,FMN1,CD163,SOCS6,DISP1,SKAP2,LNCAROD,SUSD6,TNS3,TPRG1,LHFPL2,SLCO2B1,ENTPD1,MYO1F,PIK3R5,GRK3",brain,microglia,F
Moreno_2022,F17,"NRXN3,DLGAP1,DCC,KCNIP4,ROBO2,SOX2-OT,NKAIN3,LANCL2,KALRN,CHL1,SH3RF3,KIRREL3,SNHG14,MIR100HG,NEDD4L,PLCB1,TENM1,CSMD1,MEIS2,PTPRN2,SETBP1,SEMA6D,PLXNA4,SEZ6L,CACNA2D1,SNTG1,CERS6,DPF3,CASC15,KCNH7,AFDN,ATRNL1,KIAA1211,BACH2,LINC00461,DAAM1,AFF3,ESRRG,SGIP1,PAK3,XKR4,CLSTN2,SYNE2,CARMIL1,PTPRS,MIRLET7BHG,LRRC7,KIF5C,IGF2BP3,PDZRN3",brain,neurons,F
Moreno_2022,F31,"FGF14,SOX2-OT,MDGA2,CHL1,TNR,FAM155A,LRRTM4,LHFPL3,SNHG14,PDZD2,SPOCK1,RGS6,CSGALNACT1,PPP1R9A,MEG3,MIR100HG,IGF1R,DGKG,MMP16,TMEM132B,PARD3,ATRNL1,MEIS2,USP54,SLAIN1,CHRM3,CDH13,LIFR,KHDRBS3,KCNMB4,IL1RAP,SGCD,KLF12,SEMA5A,SHROOM4,SCN1A,SHISA9,KCNQ5,SASH1,ADAMTS9-AS2,PPFIBP1,ASB3,LINC01473,AKAP12,RIMS2,DANT2,NALCN,BAALC,ZFHX4,TENT5A",brain,neurons,F
Moreno_2022,F24,"TNR,GRIA4,GALNT13,PCDH15,CNTNAP2,GRID2,SEZ6L,OPHN1,LINC00511,DSCAML1,DPP10,LHFPL3,NTRK3,DCC,DSCAM,FAM155A,KAZN,LRRTM4,FAM110B,ERC2,CSMD2,CACNA1A,LINC00609,MAPT,MMP16,CDH13,NTM,NLGN4Y,USP54,SLC24A3,KLF12,CSMD3,RGS7,BRINP3,PARD3,MICAL3,VCAN,PID1,XYLT1,TTTY14,SGIP1,CACNA1C,RFTN2,SMOC1,ENTPD1-AS1,SGCD,UPF3A,LRRTM3,DPYSL3,RAPGEF4",brain,neurons,F
Moreno_2022,F29,"RNF220,IL1RAPL1,ST18,TMTC2,PTPRK,PRUNE2,DNM3,SLC24A2,FRMD5,NKAIN2,PTPRD,ANK3,SLC44A1,UNC5C,ANKS1B,MAN2A1,MAP7,DLC1,DSCAML1,KIRREL3,EDIL3,PEX5L,SPOCK3,TJP1,PKP4,ZNF536,PIP4K2A,CDK19,ST6GALNAC3,TTLL7,DOCK1,CTNNA3,DNAJC6,TRIM2,C10orf90,CNTNAP2,SHTN1,GRID1,SLCO3A1,SPOCK1,DOCK5,LIMCH1,SHROOM4,LINC00609,SLAIN1,MYO6,PLCL1,PCSK6,KCNH8,SORT1",brain,neurons,F
Moreno_2022,F33,"DLGAP1,GRID2,FGF12,DPP10,PCDH15,GALNT13,ATRNL1,KCND2,BRINP3,NRG3,ZNF804A,LUZP2,OS9,SGCD,SCN1A,CDH13,GPR158,SMOC1,ADGRV1,KCNQ5,SORCS3,ACAP3,KCNT2,MDGA2,PTPRO,CHIC2,DNM1,CDK4,EPHB1,SLC44A5,MARCH9,BCAN,DCTN2,COL11A1,DCC,CTDSP2,AVIL,DTX3,TNR,B4GALNT1",brain,neurons,F
Moreno_2022,F34,"KCNIP4,DCC,LHFPL6,SEC61G,MIR100HG,NKAIN3,LINC00461,PRKD1,PARD3B,LAMA2,SOX2-OT,VIM,RNF180,GAS7,KIF21A,SOBP,CACNB2,SEMA5A,ZFHX4,TCF7L2,CDH2,LINC01322,PDZRN3,NLGN4Y,SPOCK1,SORT1,DLC1,TSC22D1,LRP1,PAM,CRADD,GPR158,ABLIM1,OSBPL3,RAC1,MCC,NFIX,NOS1AP,CHSY3,TMBIM6,CEP112,SLC4A4,GDAP1,CLSTN2,STK33,GRIA3,NIBAN1,AC233296.1,KCNT2,RHOBTB3",brain,neurons,F
Moreno_2022,F32,"XIST,UNC5C,CACNB2,MIR100HG,RYR3,SNHG14,SLC4A4,TSHZ2,GRID2,KALRN,NAV3,MT-CYB,GRIA4,PTPN13,ZFPM2,SYT1,IGF1R,FAT3,LAMA2,WWTR1,TENM1,CD44,TSPAN5,LINC01473,GRIA1,CACNA1C,PAM,RIMS2,MT2A,KCNIP1,DANT2,OSBPL3,EYA2,SORBS1,MRTFB,RBMS1,CHSY3,CD63,MT-ND4,STK33,CEP112,TLN2,IGFBP7,PPP1R9A,PDGFC,ASB3,KLHL4,MT-CO2,ZFHX4,LHFPL6",brain,neurons,F
Moreno_2022,F26,"RGS1,TMSB4X,FTH1,HLA-DRA,OLR1,CST3,TMSB10,LAPTM5,APOC1,SGK1,PTMA,FTL,EIF1,FOS,FAU,SAT1,HLA-A,ACTG1,A2M,SLCO2B1,CD63,ID2,GPR183,ADAM28,HSPA8,C6orf62,CTSB,PLAUR,RPL41,ANXA5,GSN,HERPUD1,RPLP1,CD74,HLA-E,RPL10,ATP5F1E,MTRNR2L8,NACA,CYBA,EEF1A1,H3F3B,HAVCR2,C3,CTSD,CSF1R,FCER1G,IFNGR1,TMBIM6,PLIN2",brain,microglia,F
Moreno_2022,F25,"DSCAM,TNS3,MBP,DGKB,MDGA2,DGKG,MDM2,AC025159.1,TRIM2,TMEM108,PKP4,MOB3B,ST18,NFASC,TCF7L2,CLIC4,SEMA6D,SGCD,MICAL3,OS9,MAPT,SLC35E3,SASH1,SH3RF3,ARHGAP5,TMEM163,PPFIBP1,IGF2BP3,BCAS1,ZKSCAN1,UTY,ENSA,LRRC7,TMEM135,TAF1D,PTPRM,TOX,GABPB1-AS1,IGF2BP2,PACS2,NCKAP1,C11orf58,CDK18,NUP107,NFIX,LINC01004,LINC-PINT,TMEM132B,POLR2F,BMPER",brain,oligodendrocytes,F
Moreno_2022,F20,"CLU,PLP1,SLC44A1,ST18,MBP,NKAIN2,RNF220,KCNMB4,ITM2B,PTPRD,PTPRK,CALM1,TF,SQSTM1,GLUL,NUCKS1,SLC24A2,TMSB4X,CRYAB,CLIC4,FTL,FRMD5,TMTC2,DOCK5,H3F3A,SLAIN1,MTRNR2L12,UNC5C,PRUNE2,DLC1,BNIP3L,CALM2,CTNNA3,SHTN1,YWHAZ,CKB,ST6GALNAC3,KIF5C,H3F3B,LAMP2,TMBIM6,HSPA1A,UBB,UBL3,SESTD1,PTGDS,MAP7,SERF2,PIP4K2A,TUBA1A",brain,oligodendrocytes,F
Moreno_2022,F18,"PRUNE2,PLCL1,DOCK5,NKAIN2,GSN,ANKS1B,KCNMB4,TRIM2,DSCAML1,TMEM144,EDIL3,ENOX1,PIP4K2A,UNC5C,FOXP1,CDH20,DNAJC6,SLAIN1,LINC00609,ZNF708,CNTNAP2,SPOCK3,ZDHHC20,LPAR1,CNTNAP4,KCNH8,SLC44A1,ST6GALNAC3,OSBPL1A,GRID1,CTNNA3,LRRTM3,AC118549.1,MBNL2,TLE4,GNAO1,ATP10B,SGIP1,PLEKHH1,SYNJ2,PLP1,LINC-PINT,FGFR2,INSR,RAPGEF5,PDE1A,PEX5L,GALNT13,COL4A5,PKP4",brain,neurons,F
Moreno_2022,F21,"CSMD1,RBFOX1,NRXN3,FAM155A,ANKS1B,DLGAP1,KCNIP4,FGF12,KCNQ3,FGF14,OPCML,KCNMA1,CNTNAP2,ANK3,MEG3,OXR1,DOCK3,PHACTR1,NRG3,MACROD2,NKAIN2,LIMCH1,SYT1,KALRN,MEF2C,MAP7,RIMS2,PLCB1,CHRM3,RGS7,ERC2,CACNA1A,CACNA1C,NAV3,PTPRN2,DPP10,KCNQ5,TMEM132B,GRIA1,SLC24A2,MDGA2,PLEKHA5,CSMD3,CACNB2,NTRK3,NTRK2,PCDH7,NEGR1,DAB1,FMN1",brain,excitatory neurons,F
Moreno_2022,F22,"EGFR,MDM2,DENND2A,PDZD2,KCNMB4,SEC61G,LRRTM4,TSHZ2,AC025159.1,OS9,TNR,GRIK3,CACNA1A,PCDH15,RBFOX1,FGF14,MT-ND2,IGF2BP2,LIMA1,RAB3IP,MT-ND4,ALOX12-AS1,GFAP,SNHG14,SLC24A3,ST8SIA5,TSPAN31,RPL19,GRIP1,COL20A1,NRXN2,MMD2,OPCML,BEST3,HMGA2,AGAP2,SEZ6L,CDH4,CACNB1,ACAP3,STAC2",brain,neurons,F
Moreno_2022,F23,"CSGALNACT1,SYNDIG1,NAV3,SRGAP2,FMN1,MERTK,DOCK8,FYB1,ST6GALNAC3,MAP3K5,LRMDA,SMAP2,ARHGAP24,A2M,SFMBT2,SDK1,SPTLC2,OLR1,C3,SOCS6,GLDN,GAREM1,PCDH15,SRGAP2B,RTTN,INPP5D,PACSIN2,WASF2,CCND3,LHFPL2,SYK,GNB4,RBM47,SH3RF3,USP53,FMNL3,NCK2,SAMSN1,LINC-PINT,NAIP,IL6ST,SRGAP2C,BIN1,MYO1F,ENTPD1,TBC1D1,UTY,RREB1,HDAC8,LRRK1",brain,neurons,F
Moreno_2022,M3,"DUSP1,CXCL8,C1QB,CTSB,PNRC1,IL1B,HLA-DRA,CD163,TYROBP,PTPRC,RGS2,HMOX1,PLAUR,MEF2C,SLC11A1,HLA-E,PLIN2,MS4A7,CTSS,ALOX5AP,LAPTM5,CEBPB,RNASET2,HLA-DQB1,S100A9,BCL2A1,RGS10,SPI1,C1QC,CEBPD,SERPINA1,VAMP8,BTG2,HERPUD1,BST2,LILRB4,CSF2RA,TSC22D3,C1orf162,KCTD12,CTSZ,VSIG4,MS4A4A,CD37,NR4A1,CD83,S100A4,S100A11,TMIGD3,CD74",brain,microglia,M
Moreno_2022,F35,"ANXA1,LGALS3,CD44",brain,activated microglia,F
Moreno_2022,F36,"PDK4,CH25H,SERPINE1,CX3CR1,EGR3,AC007952.8,SRGAP2,P2RY13,SPRY1,ST6GAL1,IL6ST,SRGAP2C,NAV3,SRGAP2B,ADGRG1",brain,activated microglia,F
Moreno_2022,F41,,brain,microglia,F
Moreno_2022,F37,"APOC2,GABARAP,EEF1G,FN1,NME2,RNASEK,ATP6V0C,SNHG5,SNHG29,GNG10,GAS5,SNHG6,PCED1B-AS1,TRAPPC5,SEPTIN2",brain,microglia,F
Moreno_2022,F38,IL32,brain,unknown,F
Moreno_2022,F39,"HMGB2,HIST1H4C,TUBB4B,STMN1,TUBA1C,DUT,SIVA1,RANBP1,SNRPE,IDH2,SNRPD1,LSM4,PARP1,PTTG1,CKS1B,PCLAF,CDK1,CENPF,TOP2A,MKI67,NUSAP1,MCM7,HMGB3,LMNB1,ITGB3BP,UBE2C,TK1,DNAJC9,TACC3,TYMS,CENPU,ATAD2,TMEM106C,CENPW,PHF19,GMNN,RRM1,ZWINT,BIRC5",brain,proliferating microglia,F
Moreno_2022,F40,"MTRNR2L12,CX3CR1,MT-ATP8,SELPLG,ADGRG1,SRGAP2C,ADAM10,TMEM119,KCNQ1OT1,SPATA13,SIGLEC8,PDGFB,ZMAT3,TLR7,SORT1,P2RX7,XIAP,DIP2A,AGO3,CACNA1A,KCNK6,LRRC58,RPAP2,UGGT1,ZNF90,DDX10,MAB21L3,RPS6KA5,GABPB2,LINC00504,MFSD4B,TBC1D8B",brain,microglia,F
Moreno_2022,M1,"S100A4,TNFAIP3,CCL5,HCST,IL32,PTPRC,CD69,CD52,RPS4Y1,CORO1A,PSME1,FXYD5,DUSP2,LCP1,NKG7,ARHGDIB,GZMA,LY6E,GMFG,CD2,CD3D,LEPROTL1,STK17B,LSP1,CXCR4,CD3E,GZMK,TRAC,CST7,TRBC2,CD48,CD7,CD37,CYTIP,CRIP1,RAC2,GIMAP7,LIMD2,IFITM2,PLAAT4,CTSW,ACAP1,IFITM1,IL2RG,LCK,TUBA4A,ISG20,GZMM,CD3G",brain,T cells,M
Moreno_2022,F12,"JUND,KLF2,CD81,SMAP2",brain,unknown,F
Moreno_2022,F10,"SPP1,APOE,IGKC",brain,unknown,F
Moreno_2022,F11,"MT-ND4L,MT-ATP8,EEF1G,GABARAP,ATP6V0C",brain,unknown,F
Moreno_2022,F13,"GNLY,TYROBP,KLRD1",brain,natural killer T cells,F
Moreno_2022,F14,"AREG,RGS2,CTSD,FOXP1,FCER1G,CAPG,GLUL,NDUFC2,CTSB,CST3,LAPTM4A,PLIN2,STMN1,TIMP1,TGFBR2,NR4A1,EGR1,GRAP2,CD84,LMO4,ASAH1,NSMCE1,HPGD,TYROBP,TPSAB1,CLU,TPSB2,ACSL4,CD9,LTC4S,RNF130,CPA3,HPGDS,MS4A2,SLC44A1,VWA5A",brain,unknown,F
Moreno_2022,M9,,brain,unknown,M
Moreno_2022,F55,"NEAT1,CD81,CEBPD",brain,unknown,F
Moreno_2022,F56,"RPS17,IFI27,IFITM3,ISG15,ENO1,CORO1A,IFI6,PGK1,S100A8,S100A9,PKM",brain,unknown,F
Moreno_2022,M6,"IGFBP2,MT1X,CRYAB,SPARCL1,VEGFA,IGFBP5,CALD1,SPARC,MT3,FN1,IGFBP7,AKAP12,NDRG1,ADM,CNN3,CHI3L1,HILPDA,BEX3",brain,astrocytes,M
Moreno_2022,F47,"IGFBP5,VEGFA,CHI3L1,GAP43,HILPDA,PTPRZ1,MT3,TUBB2B,ENO2,CRYAB,NRN1,C1orf61",brain,reactive astrocytes,F
Moreno_2022,F50,"FN1,MT1E,SERPINE1,FABP7,COL1A2,MDK,TNFRSF12A,EEF1G,S100B,COL6A2,POLR2L,SCG2,COL1A1,PTGDS,COL6A1,VGF,HNRNPH1,GABARAP,NME2,IER3,SNHG29,ATOX1,MT1M,COL3A1,SCRG1,GSN,UCHL1,C1orf122,RBP1,NNMT,NAA38,COX20,CYTOR,GAS5,C7orf50,BEX1,SNHG6,CXCL8,JPT1,KRTCAP2,UPP1,MT1G,PPP1R14B,PDIA4,ARPC1B,RNASEK,TGFBI,C4orf48,SELENOM,POLR2F",brain,astrocytes,F
Moreno_2022,F49,"IGFBP7,FN1,COL1A2,NDUFA4L2,TAGLN,COL4A1,MGP,DCN,BGN,COL4A2,TPM2,TPM1,RGS5,COL6A2,COL1A1,THY1,COL3A1,CYBA,UACA,COL6A1,GNG11,MYL9,MIR4435-2HG,SELENOM,FSTL1,C11orf96,LHFPL6,PCOLCE,IGFBP4,HES4,SEPTIN11,ZEB1,MFGE8,ARHGDIB,COL18A1,PPP1R14A,COL5A2,HIGD1B,LAMA4,EPS8,OLFML3,FRZB,NID1,ITGA1,NR2F2,NOTCH3,PDGFRB,PLXDC1,FBLN1,CD248",brain,pericytes,F
Moreno_2022,F48,"IGFBP7,CCL4,CD74,SRGN,A2M,CLDN5,HLA-E,C1QB,RGCC,CXCL8,ITM2A,CCN2,APOC1,IFI27,C1QA,HLA-DRA,CYBA,GNG11,COL4A2,COL4A1,ANGPT2,IER3,CA2,SGK1,KLF2,HLA-DRB1,CTNNB1,IFITM2,MYH9,INSR,VWF,SPRY1,JMJD1C,SEC14L1,APOLD1,FLT1,RNASE1,ITGA1,ARHGDIB,PECAM1,ENG,BTG2,LAPTM5,SPTBN1,ADGRL4,ESAM,ABCG2,MTUS1,TSC22D3,PODXL",brain,astrocytes,F
Moreno_2022,M7,LYZ,brain,unknown,M
Moreno_2022,F52,"RPL8,RPS14,RPL7A,KRT19,RPS16,RPL18,RPS5,KRT18,KRT8,GSTP1,HSPA8,SSR4,HSPB1,COX5A,CD9,TUBB4B,CD24,IFI27,AHNAK,ATP5MC3,PRDX2,ZFAS1,CLU,SERP1,TM4SF1,HSPA1A",brain,unknown,F
Moreno_2022,F51,"HLA-DRA,LYZ,CD74,C1QA,C1QB,HLA-DRB1,GLUL,SRGN,MT-ND6,CD163,THBS1,HLA-DRB5,CD14,S100A9,C1QC",brain,microglia,F
Moreno_2022,F53,"DCTN2,PCNT,SOX4,CDK4,SEC61G,CCND1,SNORC,TUBA1A,SKP1,PMEPA1,MMP11,PFN1,OS9,SLC26A2,NCL,CAND1,CCNL1,FAM118A,SSBP3,MARCH9,GUSB,ATP5MF,CDKN2A,TCEA2,CLTA,SUB1,EMP2,CYCS,TSPAN31,SEPTIN7,MEG3,DDX24,DYRK2,TPM1,COX7A2,LGALS1,SEC62,STMN1,COX6A1,SLC35E3,NDUFS5,MLEC,KLF2,PSMA4,NUP107,COX6B1,TBCA,HNRNPK,PLD3,MARCKS",brain,unknown,F
Moreno_2022,M5,"ATXN1,SIK3,RABGAP1L,CCL5,CHST11,PIP4K2A,STAG1,PTPRC,DOCK10,ARHGAP15,PITPNC1,UTRN,LCP1,ANKRD44,VPS13B,SMCHD1,IL32,FYN,CASK,DOCK8,ARAP2,FNBP1,PPP2R5C,CDC42SE2,SYNE2,IKZF1,LRBA,ANK3,EML4,BTBD9,CDKAL1,ARL15,RUNX1,DOCK2,COG5,ZEB1,CD2,BCL2,NCOA2,FBXW7,CCND3,PAN3,DYRK1A,DLEU2,GNG2,DENND4A,CCSER2,VTI1A,ZC3HAV1,INPP5D",brain,microglia,M
Moreno_2022,F45,"TPT1,EIF1,MTRNR2L12,DNAJA1,FAU,ZNF331,SARAF,SYTL3,TNFAIP3,H3F3B,HSPH1,JUNB,RACK1,FTL,HSP90AB1,EEF1B2,FTH1,UBC,FOXP1,DNAJB1,NACA,KLF6,NPM1,HSPD1,REL,UBA52,HSPA8,HSPA1B,RNF125,SH3BGRL3,TSC22D3,IER2,ELL2,PPP1R15A,PFDN5,SERF2,ANXA1,ARHGDIB,SLC38A1,CD69,HSPA1A,SLC2A3,S100A4,GADD45B,EEF1D,SRSF7,SMAP2,H3F3A,SAT1,FOSB",brain,activated microglia,F
Moreno_2022,F44,"MALAT1,MT-CO3,MT-CO1,LRP1B,PTPRZ1,MBD5,MT-ND4,MT-CO2,RPS6KA3,HERC4,MT-CYB,MT-ND3,NLGN1,PCDH9,MT-ATP6,IMMP2L,JPX,FBXL17,MT-ND1,MT-ND2,STK39",brain,microglia,F
Moreno_2022,F46,"RPS27,RPLP1,RPS15A,RPL28,RPL10,RPS12,RPS3,RPS19,RPL39,RPS15,RPL13,RPS27A,RPL11,RPLP2,RPS14,RPS29,RPL19,RPL37,RPL30,RPL41,RPL32,RPS8,RPL18A,STMN1,RPS24,RPS2,RPL34,TUBA1B,RPS23,RPS28,HMGB2,MT-CO2,RPS21,RPL23A,RPL21,MT-CO1,RPL13A,RPS4X,HMGN2,RPL18,RPS7,RPL7A,RPS16,RPS6,RPS3A,MT-ATP6,MT-CYB,RPL3,RPL37A,MT-ND1",brain,unknown,F
Moreno_2022,M8,"EGR1,MT-ND4L,FOSB,MS4A6A,LYZ,HLA-DRB5,TNFAIP3,CXCR4,IL1B,KLF2,FCER1G,PLP1,CTSS,FABP7,C1QC,MAFB,SGK1,TXNIP,SPARC,RGS1,RHOB,NR4A2,IER3,CXCL8,HERPUD1,HMGB2,SELENOP,ALOX5AP,IER5,APP,STMN1,GPNMB,TUBB2B,BTG2,FYB1,C5AR1,GPM6A,EGFR,CCL3L1,KCTD12,FCGR3A,MT-ATP8,CPVL,KLF4,PMP2,MS4A4A,DDX3X,LGMN,ANXA1,IRS2",brain,microglia,M
