Data,Cluster,Markers,Organization,cell_type,level
Morse_2019,M2,"CCL2,IGFBP7,IFI27,MT1E,MGP,TM4SF1,SPARCL1,CLDN5,MT1M,GPX3,EMP1,TIMP3,MT1X,EGR1,NNMT,EPAS1,ICAM1,ADIRF,TFPI,CAV1,GNG11,CNN3,A2M",lung,endothelial cells,M
Morse_2019,F9,"RNASE1,VWF,CXCL1,BST2,CLEC14A,FAM107A,AQP1,ENPP2,ARID5A,ICAM2,CDC42EP3,THBD,TCIM,EGFL7,SOX17,LRRC32,TSPAN7,PTPRB,TNFSF10,LDB2,ESAM,CD93",lung,endothelial cells,F
Morse_2019,F10,"ACKR1,CLU,VWF,SRPX,PRSS23,CSF3,C7,RAMP3,CCL23,ADAMTS9,ADAMTS4,PECAM1,CYP1B1,RNASE1,PTPRB,CALCRL,PCAT19,UPP1,SH3BP5,PLAT,MMRN1,NPDC1,CTNNAL1,THBD,LIFR,IL1R1,SELE,CPE,MYH9,PTGDS,PRCP,NCOA7,HSPG2,VCAM1,FXYD5,IL6ST,SLCO2A1,PLVAP,ECSCR,CD93,PLA1A,RDX,KCTD12,CLEC14A,TNFAIP3,TINAGL1,AQP1",lung,lung endothelial cells,F
Morse_2019,F8,"DCN,CFD,LUM,RGCC,FBLN1,CCN1,SERPING1,CCN2,SELENOP,C1R,ADH1B,C1S,IGFBP6,RARRES2,FN1,APOD,SERPINF1,COL6A2,PRELP,MFAP4,COL1A2,C7,C11orf96,ARID5B,NBL1,ARL6IP5,CRISPLD2,FMO2,CRYAB,COL6A1,FBLN5,LITAF,FHL1,MMP2,PTGDS,NUPR1,SELENOM,THBS1,SOD3,EFEMP1",lung,fibroblasts,F
Morse_2019,F7,FCN3,lung,endothelial cells,F
Morse_2019,F13,"LGALS3,PSAP,HLA-DPA1,CYBA,THBS1,GPX4,NOP10,TYROBP,CTSD,FCGRT,ATP1B3,GRN,C1QB,CXCL3,HLA-DRB1,PLAUR,C1QA,HLA-DPB1,ZNF706,LYZ,SARAF,CD52,LITAF,PCBP1,ARPC1B,ATP6V1F,ARPC2,CTSB,CD44,FCER1G,CTSC,GLUL,TYMP,COX6B1,EMP3,ATP5MJ,ATP6V0B,S100A4,SERP1,EIF3H,LAPTM5,BRI3,AP2S1,ASAH1,AREG,MTDH,COX7B,SH3BGRL,LRRFIP1,ATP6V1G1",lung,unknown,F
Morse_2019,F11,"CCL21,GNG11,CAVIN2,ADIRF,CD9,AKAP12,TFF3,KLF6,APP,THBD,ECSCR,MYC,MMRN1,FABP4,RGS16,PPFIBP1,GYPC,TUBA1A,MGST2,CD151,SNCG,SLC38A2,PTMS,ARID5B,ARL4A,RAB11A,PLPP1,STMN1,TGFBR2,APOLD1,RBM3,COX8A,BCAP31,PPP1R2,SYPL1,CD47,YWHAH,AP2M1,ZNF706,LAPTM5,PROCR,TUBB,LIMS1,KANK3,GRN,REXO2,GGT5,LYVE1,FABP5,EDNRB",lung,lymphatic endothelial cells,F
Morse_2019,F12,"TAGLN,MYL9,TPM2,ACTA2,PPP1R14A,CRYAB,BGN,SOD3,LPP,DES",lung,vascular smooth muscle cells,F
Morse_2019,M0,"FABP4,C1QA,C1QB,HLA-DRB1,HLA-DQB1,ALDH2,SERPINA1,CD81,GLIPR2,CKLF,MARCO,ANXA11,LTA4H,INHBA,BAX,CCL18,CFD,SPI1,BCL2A1,SERPING1,PYCARD,HLA-DQA1,BBLN,GNB2,VASP,COMT,HLA-DRB5,SH3BGRL,APOC1,LAMTOR1,RNASET2,NUPR1,PLAAT3,AKR1B1,MTPN,SFT2D1,REX1BD,TFRC,STOM,GPNMB,TMEM219,ACP5,TKT,ALOX5AP,PRR13,EVI2B,LRPAP1,FBP1,NCF2,BRI3",lung,Alveolar macrophages,M
Morse_2019,M1,"CXCR4,CCL4,RGS1,CCL5,DUSP2,CD69,IL32,CD7,CST7,ISG20,CORO1A",lung,activated memory T cells,M
Morse_2019,F3,"IL7R,BIRC3,RGCC,SAMSN1,TRAC,CD3D,CD2",lung,activated memory T cells,F
Morse_2019,F4,"GZMB,GNLY,NKG7,CCL3,PRF1,KLRD1,TYROBP,FGFBP2,GZMH,CMC1,FCGR3A,AREG,CTSW,FCER1G,CD247,ITGB2,HOPX,KLRF1,PLAC8,SPON2,GZMA",lung,activated memory cytotoxic T cells,F
Morse_2019,F5,"JUN,DNAJB1,RPS4Y1,HSPA1A,PMAIP1,MIR23AHG",lung,unknown,F
Morse_2019,F6,"CD74,TYROBP,S100A11,HLA-DRA,ARPC3,FCER1G,CEBPB,GLUL,GPX4,PLIN2,CTSD,RAC1,CSTB,HLA-DPA1,ANXA2,HLA-DPB1,HLA-DRB1,ENO1,HSP90B1,ATP6V0B,LGALS3,ARPC5,CD63,PSAP,ATP6V1F,TSPO,GPX1,SOD2,ATP1B3,RPS27L,NAMPT,SNX3,ATP6V0E1,POMP,TMEM59,MGST3,TIMP1,CTSS,ATP5MC3,CEBPD,RNF149,ATP5PF,ZNF331,ZFAND5,FABP5,GLRX,NPC2,TPI1,NOP10,GPR183",lung,unknown,F
Morse_2019,M7,"STMN1,CKS2,CKS1B,PTTG1,TMPO,FAM111A,SKA2,TMEM106C,CENPW",lung,proliferating cells,M
Morse_2019,F28,"FABP4,APOC1,ACP5,MARCO,FBP1,CD52,FN1,RPS27L,unknown,GCHFR,TXNIP,ALDH2,INHBA,CD68,C1QB,GRN,SNX10,MS4A7,KLF6,APLP2,TREM1,MCEMP1,CTSZ,MIR3945HG,MGST1,PDLIM1,HLA-DMA,PSAP,CRIP1,LY6E,CFD,VSIG4,MSR1,FHL1,PLIN2,MMP19,HNMT,CCDC88A,GLRX,GPNMB,CYP27A1,PHLDA1,HLA-DRB5,LYAR,SELENOH,CHCHD10,GYPC,AKR1C3,ATF4,CYB5A",lung,proliferating macrophages,F
Morse_2019,F29,,lung,unknown,F
Morse_2019,M3,"APOE,C1QC,HMOX1,MS4A6A,GPR183,PPT1,MS4A7,MRC1,SNX10,VSIG4,CTSZ,ACP5,CCL18,TFRC,MARCO,GPNMB,CD163,MMP19,OLR1",lung,alveolar macrophages,M
Morse_2019,F16,"RNASE1,NUPR1",lung,alveolar macrophages,F
Morse_2019,F14,"RGS1,INSIG1,DUSP2,DUSP4,DDIT4,IL1R2",lung,alveolar macrophages,F
Morse_2019,F15,"MT1X,MT1E,MIR3945HG,MT1G,STOM,SLC3A2,FABP4",lung,alveolar macrophages,F
Morse_2019,M10,,lung,unknown,M
Morse_2019,F1,"FABP4,HLA-DPB1,HLA-DRB1,LYZ,ALOX5AP,CD52,C1QC,FBP1,HLA-DMA,CD9,HLA-DRB5,HLA-DPA1,ITM2B",lung,unknown,F
Morse_2019,F2,"SOD2,NEAT1,RNASE1,AREG,S100A8,KCNMA1,HMOX1,CTSZ",lung,unknown,F
Morse_2019,M9,"S100A8,AIF1,THBS1,G0S2,IL1B,EREG,VCAN,CD14,C5AR1,FCN1,GPR183,unknown,CD300E,MXD1,PPIF,RGS2,LST1",lung,monocyte-derived macrophages,M
Morse_2019,F34,"SERPINB2,CYP1B1,PTGS2,unknown,SLC44A1",lung,monocyte-derived macrophages,F
Morse_2019,F33,"ALOX5AP,CCL20,OLR1,MRC1,FABP5,RETN,RGCC,CAPG,VSIG4,GCHFR,ACP5,FBP1,APOC1,GPNMB,HEXB,NDUFAB1,MCEMP1,LRPAP1,PHLDA1,CTSC,PDIA6,ALCAM,EIF5A,MIF,TUBB,LMNA,HSPE1,MYDGF,PDXK,HSPB1,MS4A4A,NDUFS6,CTSZ,MARCO,PLIN2,CD164,TMEM147,CD99,LAMP1,CHCHD10,MGST3,RAN",lung,monocyte-derived macrophages,F
Morse_2019,F32,S100A12,lung,monocyte-derived macrophages,F
Morse_2019,M4,"SLPI,SFTPB,RNASE1,HOPX,SCGB3A1,MGST1,EMP2,NAPSA,SFTA2,WFDC2,KRT18,KRT19,KRT7,KRT8,EGR1,TACSTD2,ELF3,AGR3,FXYD3,GPRC5A,CLDN4,SLC34A2,AGR2,CXCL17,SFTA3,AK1,SPINT2,FOLR1,MUC1,LMO7,EPCAM,TSTD1",lung,alveolar type 2 cells,M
Morse_2019,F21,"MT1E,PGC,SOD2,SFTPA2,CXCL8,CCL20,NBEAL1,PIGR,PLIN2,MT1X,PHLDA2,ERRFI1,S100A14,TXNIP,AQP3,C11orf96,SELENOK,NAMPT,PTP4A1,SFTPA1,CYP1B1,SDCBP,ODC1,NAPSA,ZFAND5,SLC6A14,CD44,SPTSSA,SERPINB1,SERPINA1,TOP1,TFPI,WIF1,TCIM,TXNRD1,XIST,AREG,SNRPF,ARPC5L,TXNDC17,TRAM1,RNF145,DUSP6,DDX21,GLS,ALPL,SLC34A2,CHP1,HLA-DRB1,HLA-DPB1",lung,alveolar type 2 cells,F
Morse_2019,F22,"SCGB1A1,SCGB3A1,BPIFB1,CXCL1,LCN2,TFF3,MGP,S100P,KLK11,TSPAN8",lung,club cells,F
Morse_2019,F17,"TPPP3,CAPS,C9orf24,C20orf85,TMEM190,RSPH1,CETN2,FAM183A,CFAP276,HOATZ,PIFO,C5orf49,ODF3B,MORN2,LRRIQ1,DNAAF1,C9orf116,UFC1,CLU,SNTN,MS4A8,MRPS31,C12orf75,FAM229B,NUDC,HES1,ZMYND10,NUCB2,IK,IGFBP7,ANKRD44-AS1,CAPSL,SLC44A4,DYNLT2B,CIBAR2,KIF9,CD24,CFAP126,CFAP157,PSENEN,SOX4,EFHC1,LRRC23,MLF1,DNPH1,HSPB11,CDHR3,C11orf97,RSPH9,FAM216B",lung,ciliated cells,F
Morse_2019,F18,"FABP5,NAPSA,SLC34A2,SFTPD,S100A14,MUC1,PEBP4,CTSH,SERPINA1,CXCL2,PGC,SNHG8,SNHG32,SFTPA1,NOP53,AK1,LRRK2,EIF3H,ABCA3,DCXR,EIF3F,MID1IP1,AGPAT2,EIF3L,IFITM2,SPTSSA,AKAP13,unknown,DDT,LPCAT1,RGS16,SFTPA2,TMEM243,DHCR24,SELENOP,SDR16C5,POLR1D,TKT,VEPH1,TCIM,SLC39A8,CITED2,SELENBP1,NKX2-1,RNF145,BRI3,LAMP3,ALOX15B,C16orf89,HHIP-AS1",lung,alveolar type 2 cells,F
Morse_2019,F19,"AGER,CAV1,CEACAM6,MYL9,CAV2,CLIC3,ANXA3",lung,alveolar type 2 cells,F
Morse_2019,F20,"SFTPA1,RPS4Y1",lung,alveolar type 2 cells,F
Morse_2019,F23,"VIM,LGALS1,HLA-DPA1,SH3BGRL3,CYBA,S100A9,HLA-DPB1,APOC1,C1QA,C1QB,CXCL3,TYROBP,FABP4,FCER1G,LYZ,CTSS,CTSB,SRGN,CD44,TIMP1,TSC22D3,PLIN2,CD52,FKBP1A,ATP1B3,TYMP,ATP6V0B,GRN,AP2S1,ARPC5,LITAF,HLA-DRB5,SH3BGRL,KLF4,HLA-DQB1,PRR13,CHCHD10,GSTO1,CAPG,REEP5,CTSC,PRELID1,CTSL,TPM3,YWHAZ,ACSL1,HLA-DMA,ALOX5AP,APOE,ACP5",lung,alveolar macrophages,F
Morse_2019,M5,"RGS1,CD69,RGS2,BIRC3,CLU,HPGD,RHOH,GPR65,CPM,TPSAB1,SOCS1,TPSB2,HPGDS,GATA2",lung,mast cells,M
Morse_2019,F24,SOCS1,lung,mast cells,F
Morse_2019,F25,"HLA-DRA,CD74,CST3,APOC1,CSTB,C1QA,C1QB,PSAP,NOP10,FABP4,ELOB,RGCC,POMP,VAMP8,ARPC1B,RAC1,HLA-DPA1,CD68,GSTO1,PSMA7,RHOA,HLA-DPB1,GCHFR,ANXA2,LYZ,FBP1,TXNIP,ZNF706,CDC42,FKBP1A,GNG5,PDIA6,REX1BD,GRN,CTSB,NDUFA6,AP2S1,ATP5MJ,COX8A,HINT1,LAMTOR5,CTSS,GLRX,HEXB,APOE,CD164,CXCL16,HMGN2,PYCARD,BAX",lung,alveolar macrophages,F
Morse_2019,M8,"CCL18,C1QC,CXCL8,CCL20,FABP4,CCL3,HLA-DRB5,VSIG4,HSPA1A,DNAJB1,DUSP2,HLA-DQA1,SERPINA1,CCL4,APOE,CD163,SNX10,SERPING1,IER2,C15orf48,INHBA,TREM1,CD37,CD14,NUPR1,CITED2,LTA4H,SLC11A1,CTSH,BCAP31,HLA-DQA2,PSMB9,CCL4L2,SOCS1,CD83,GRINA,ALDH2,FCGR2A,PLSCR1,MS4A7,ATP6AP1,AKR1B1,CTSA,IFI30,ECH1,CAPG,NDUFA13,COMT,PHLDA2,GCHFR",lung,alveolar macrophages,M
Morse_2019,F30,"C15orf48,SDC2,PHLDA2,CCL3,SOCS1,GABARAP,HBB,CYTOR",lung,unknown,F
Morse_2019,F31,"MT-ND3,FHL1,CSTA,EIF4G2,PDK4,ANKRD28,TSC22D2,TRIM44,LTBP3,SYNCRIP,REST,MICAL1,NSMAF,MYD88,PSMD1,DDX17,GATAD1,PTEN,TRIM4,RB1CC1,GPATCH8,ABHD2,FNIP2,KCTD12,EVI5,MIR22HG,MYO6,PLEKHA2,PFDN4,CCDC186,RUFY1,ASH1L",lung,alveolar macrophages,F
Morse_2019,M6,"ISG20,IGKC",lung,unknown,M
Morse_2019,F27,"MT2A,S100A10,LGALS1,S100A4,ANXA2,TXN,TYROBP,JCHAIN,CSTB,ELOB,EMP3,MCL1,SEC61G,TMEM59,RPS27L,COX6B1,CTSD,C1QB,GPX1,CST3,COX5A,POMP,SSR3,GUK1,FABP4,ZNF706,CEBPB,MANF,COX8A,NOP10,NPC2,KDELR2,SGK1,CD9,LYZ,NDUFB7,S100A11,LAMTOR1,MICOS10,CALR,APOC1,METTL9,MGAT1,HSP90B1,ANKRD28,LGALS3,PPIB,ATP5MC3,XBP1,HM13",lung,unknown,F
Morse_2019,F26,"CD83,MS4A1,CD69,IGHM",lung,unknown,F
