Data,Cluster,Markers,Organization,cell_type,level
Nam_2019_2,M3,"HBD,BLVRB,RPS4Y1,KLF1,AHSP,GATA1,APOC1,FAM178B,APOE,HBB,EPCAM,ENG,CA1,TRIB2",blood,erythroid progenitor cells,M
Nam_2019_2,M0,"SPINK2,CD52,SELL,ITM2C,HOPX",blood,hematopoietic stem cells (HSCs),M
Nam_2019_2,F2,"RPS4Y1,CD69,FOS,EIF1AY,HLA-DRB5,DUSP1",blood,unknown,F
Nam_2019_2,F1,"JUN,DUSP1,FOS",blood,unknown,F
Nam_2019_2,F3,"LGALS1,FOS,LYZ,CST3,CXCR4,HCST,IRF8,COTL1,GRN,C12orf75,CAPG,PLD4,MPO,FCGRT,FCER1G,RNASE6,SAMHD1,BLNK,CCDC50",blood,myeloid progenitor cells,F
Nam_2019_2,F4,"DNTT,RPS4Y1,LTB,CXCR4,MZB1,CD79B,ADA,CCND3,CMTM7,UHRF1,VPREB1,CARHSP1,PTTG1,ZCCHC7,CD79A,VPREB3,EIF1AY,BLNK,PAG1,ID3,CYGB",blood,pro-B cells,F
Nam_2019_2,F0,,blood,unknown,F
Nam_2019_2,M7,"PLEK,RP11-354E11.2,ITGA2B",blood,unknown,M
Nam_2019_2,F18,"ZFP36L2,HLA-DRA,CYTL1,IER2,ICAM3",blood,unknown,F
Nam_2019_2,F17,"CD36,CD9,LAT,CA2,GP9,C6orf25,FCGR2A,CMTM5,PPBP,CLEC1B,RHAG,LTBP1,TUBB1",blood,platelets,F
Nam_2019_2,M4,"MPO,SPINK2,LYZ,SMIM24,MGST1,C1QTNF4,PRTN3,ELANE,CTSG,AZU1,VAMP5,CFD,RAB32,RNASE2,MS4A3,CST7,CEBPD,CSTA",blood,neutrophils,M
Nam_2019_2,F12,"AZU1,ELANE,CFD,PRTN3,CST7,MS4A3",blood,neutrophils,F
Nam_2019_2,F11,"UBE2C,TUBB4B,TOP2A,PTTG1,CKS1B,ARL6IP1,CENPF,TUBA1C,NUSAP1,BIRC5,CCNB1,TUBA1A,BUB3,SMC4,HN1,KPNA2,MKI67,CCNB2,CDKN3,CDC20,CDK1,HP1BP3,HMGB3,RAD21,MAD2L1,DDX39A,HMMR,ASPM,CENPA,CCNA2,PLK1,CENPE,CDCA8,DLGAP5,MXD3,CDCA3,GTSE1,PRC1,NDC80,AURKA,KIFC1,CDC25B,PTMS,TROAP,REEP4,SGOL1,DEPDC1,RACGAP1,RNF26,BUB1",blood,proliferating neutrophils,F
Nam_2019_2,M2,"LGALS1,TPSAB1,LMO4,HDC",blood,mast cells,M
Nam_2019_2,F9,"TPSB2,CLC,MS4A3,ALOX5AP,RPS4Y1,FOS,CD69,DUSP1,CXCR4,HBB",blood,mast cells,F
Nam_2019_2,F8,"PCNA,TYMS,CKS1B,MCM3",blood,unknown,F
Nam_2019_2,F7,,blood,mast cells,F
Nam_2019_2,M1,"FCER1A,MINPP1,STXBP6,CNRIP1",blood,plasmacytoid dendritic cells,M
Nam_2019_2,F5,"TK1,BIRC5",blood,unknown,F
Nam_2019_2,F6,,blood,plasmacytoid dendritic cells,F
Nam_2019_2,M5,"JUN,DDIT4,SNHG25,AP001171.1",blood,unknown,M
Nam_2019_2,F15,"ID3,ZFP36L2,IGHM,CD52,AVP",blood,unknown,F
Nam_2019_2,F13,,blood,unknown,F
Nam_2019_2,F14,"ZEB2,PLIN2,CTNNBL1,EIF4G2",blood,unknown,F
Nam_2019_2,M6,LRRC75A,blood,unknown,M
