Data,Cluster,Markers,Organization,cell_type,level
Nam_2019_1,M1,"SPINK2,AVP,HOPX,SELL,CD52",blood,hematopoietic stem cells (HSCs),M
Nam_2019_1,F2,"JUN,ID1,JUNB,ID2,HIST2H2BE",blood,hematopoietic progenitor cells,F
Nam_2019_1,F3,"RPS4Y1,MT-ND4L,GNAS,JUND,DDX17,LAPTM4B,PTPRC,LMO2,PPP1R14B,ARGLU1,CDK6,MTRNR2L12,S100A10,C1orf228,SYPL1,IQGAP2,RAP1B,HCST,SOCS2,EIF4B,SRP9,CD81,PABPN1,ZNRF1,DYNLL1,ARL6IP5,SFPQ,IL1B,HNRNPU,C1orf63,MAZ,MATR3,MT-ATP8,MAP2K2,BOD1L1,MAT2A,PCBP2,UQCR10,RNASET2,ZRANB2,DAD1,LYSMD2,CD46,SHFM1,NCOA4,S1PR4,LENG8,URI1,STAG2,S100A11",blood,hematopoietic progenitor cells,F
Nam_2019_1,M3,"MPO,SPINK2,IGLL1,C19orf77,C1QTNF4,CTSG,JUN",blood,unknown,M
Nam_2019_1,F7,KIAA0125,blood,unknown,F
Nam_2019_1,F8,"ELANE,LYZ,AZU1,CFD,PRTN3,CTSG,RNASE2,CSTA",blood,neutrophils,F
Nam_2019_1,F10,"PRTN3,ELANE,ATF7IP2,UROD,BLVRB,LINC00152,AZU1,HBB,LMNA,TRMT2A,DSTYK,LYZ,KIAA0947,SF3B3,TPM1,FAM208A,HBD,TST",blood,neutrophils,F
Nam_2019_1,F9,"MT-ND4L,JUND,DDX17,SNHG7,MIS18BP1,HNRNPF,MATR3,RPS4Y1,PPP1R14B,ITGA4,PRKDC,GNAI2,MAZ,SPN,EIF3A,HNRNPH1,KTN1,CBX3,MYC,S100A10,MTRNR2L12,MT-ATP8,VPS13C,IRAK3,PPIP5K2,CITED4,TAF10,UBE3A,NBN,COPB1,RNF213,LYSMD2,UBE2M,TM9SF3,RANBP2,PTEN,EVA1B,PPP1R35,PAFAH1B1,OGT,CEP350,SMG1,C6orf62,CD46,ADSS,STXBP3,SAFB,S1PR4,ESYT2,TFEC",blood,unknown,F
Nam_2019_1,M4,"CORO1A,FOS,TYROBP,LSP1,CXCR4,FCER1G,IRF8,SAMHD1,PLD4,LGALS1",blood,plasmacytoid dendritic cells (pDCs),M
Nam_2019_1,F13,"DNTT,LTB,VPREB1,VPREB3,CD79A,CD79B,IGLL1",blood,B-cell precursors (pro-B cells),F
Nam_2019_1,F12,,blood,plasmacytoid dendritic cells (pDCs),F
Nam_2019_1,F11,"LYZ,S100A6,S100A10,SAMHD1,ANXA2,FOS,RPS4Y1,S100A11,COTL1,CEBPD,CFD,MNDA,RNASE2,CSTA,JUNB,MS4A6A,JUND,EMP3,C20orf27,FCGRT,FLNA,CTSZ,MCL1,TYROBP,PTPRC,RNH1,AHNAK,ANXA5,ATP6V0E1,FGL2,CD48,TYMP,ITGB2,BLVRB,MPO,BRI3,APLP2,RAB32,SPI1,EFHD2,MT-ND4L,FCER1G,CTSH,MRPL33,CPVL,ZFP36,KLF4,IGSF6,LYST,MTRNR2L12",blood,plasmacytoid dendritic cells (pDCs),F
Nam_2019_1,F14,"RPS4Y1,VPREB1,TCF4,IGJ,MTRNR2L12",blood,plasmacytoid dendritic cells (pDCs),F
Nam_2019_1,M7,HBB,blood,erythrocytes (red blood cells),M
Nam_2019_1,F18,,blood,erythrocytes (red blood cells),F
Nam_2019_1,F17,"TUBB4B,CKS1B,TK1,BIRC5,UBE2C",blood,unknown,F
Nam_2019_1,M2,"HBB,APOC1,AHSP,KLF1,CKS1B,FAM178B,SYNGR1,HBA1,EPCAM,APOE,MYC,MYL4,APOBEC3B,RFESD,HBD,TUBB2A,CA2",blood,erythroid progenitor cells,M
Nam_2019_1,F6,,blood,erythroid progenitor cells,F
Nam_2019_1,F4,"VIM,RPS4Y1,SERPINB6,PSMB9,FAM213A,FAM69B,CELF2,APPL1",blood,erythroid progenitor cells,F
Nam_2019_1,F5,"HBA2,HBM,ASPM,EIF1AY,GYPA,ALAS2,DLGAP5,HBG1,CTSE,HBG2,CR1L,SQRDL",blood,erythroid progenitor cells,F
Nam_2019_1,M5,"RNASE2,LMO4,TPSAB1,MS4A3,CLC,HDC,ALOX5AP,EXD3",blood,basophils,M
Nam_2019_1,M0,"PLEK,FCER1A,GATA2,RP11-354E11.2,PRKAR2B,TGFB1,HBD,TPM1,PDLIM1",blood,unknown,M
Nam_2019_1,F1,,blood,unknown,F
Nam_2019_1,F0,"SLC44A1,PF4,LTBP1,RAB27B,GSN,LAT,CD36,CD9,ACTN1,VWF,CLEC1B,CA2,PROS1",blood,platelets,F
Nam_2019_1,M6,"APOC1,KLF1,MYC,SLC40A1,CASP3,CNRIP1",blood,unknown,M
