Data,Cluster,Markers,Organization,cell_type,level
Neftel_2019,M2,"MARCKSL1,NOVA1,CKB,STMN2,NFIB,MAP1B,FXYD6,HIST1H4C,C1orf61,FEZ1,FSCN1,NFIA,PCSK1N,NNAT,GPM6A,KMT2E,PTMS,DNER,MEG3,MAGED2,APLP1,RCN2,TSPAN13,AKAP9,SCG3,APP,SOX11,ZNF428,PFN2,TCF4,BCAN,TERF2IP,SCD5,ODC1,SRPK2,PTPRZ1,ELAVL4,ZBTB20,STMN4,CPE,C7orf55,TAGLN3,RPAIN,ATP6V0E2,GPC2,TCEAL2,MATR3,TUBB2B,BEX1,DCX",brain,neurons,M
Neftel_2019,F13,"OLIG1,DLL3,NTRK2,RGCC,MTRNR2L1,PLP1,NKAIN4,CD9,APOD,PTGDS,THY1,OLIG2,CMTM5,FIBIN,RARRES2,C11orf96,TNR,TMEM100,FXYD7,IFITM10,TM7SF2,NEU4,FGF12,CD81,GPR17,LYRM5,RGMB,CTD-2339F6.1,AC114730.3,BCAS1,HRASLS,UGT8",brain,oligodendrocytes,F
Neftel_2019,F8,"DLX6-AS1,MTRNR2L1",brain,neurons,F
Neftel_2019,F11,"PTTG1,MTRNR2L1",brain,unknown,F
Neftel_2019,F7,"NNAT,BASP1,ENC1,XIST,MEIS2,LBH,THSD7A,ATP1B1,MYCBP2,HBB,SCG2,LY6H,CXADR,DCX,GNG3,DLX6-AS1,NDN,RIT2,CELF4,SYT1,SPINT2,KIF3A,MYT1L,DLX5,DLX2",brain,neurons,F
Neftel_2019,F14,"BASP1,OLFM2,RBFOX2,KLHDC8A,TTC9B,PAK3,RAB3A,SEZ6L2,OCIAD2,SCG2,ALKBH7,ATP1A3,SEPT11,FAM210B,ACOT7,TPM4,SNAP25,CHMP4B,PRPSAP1,CDKN2D,SMARCD3,MEX3A,THOC7,POU3F2,PHAX,PPP2R2B,CELF2,DAAM1,CHGB,NINJ1,SPOCK1,CTDNEP1,NHLH1,SOCS2,NEUROD2,NOL4,VSTM2A,F12,LHX2,RASA4,TTTY15",brain,neurons,F
Neftel_2019,F12,"VIM,SPARCL1,RP11-620J15.3,GFAP,AQP1,TSFM,TSPAN31,TTYH1,SPARC,IGFBP7,NTRK2,IGFBP5,PON2,NUP107,SLC35E3,MT1E,NKAIN4,MBD6,MDM2,CDKN2A,CD99,ZFP36L2,AGAP2-AS1,OLFM2,CTDSP2,ZFP36,LINC00844,METTL1,ATP1B1,GJA1,HEPN1,MT1M,PSAT1,RAB31,GCSH,NTM,MBP,ITGB8,HES1,PHGDH,SQSTM1,PEG10,ANXA1,METRN,ZFP36L1,ID4,AVIL,NPC2,EDNRB,HEPACAM",brain,astrocytes,F
Neftel_2019,F10,"EGFR,TTYH1,MT3,MT1X,BST2,MT1E,IFITM3,VIM,CEBPD,SLC1A3,TIMP1,AQP4,NEAT1,PRDX6,IFI6,IGFBP7,TAGLN2,LGALS3BP,HOPX,PON2,HTRA1,GNG5,NES,ATP1A2,NMB,HEPACAM,AGT,CDC42EP4,HLA-E,HEPN1,COL9A3,GADD45A,RAMP1,PMP22,IGFBP5,TECR,ATP1A1,PCDH9,RGCC,DDIT4,MSI2,SRPX,LANCL2,ARL4A,SEPP1,SNHG7,SPARC,TRIB2,RGMA,ZFP36L2",brain,astrocytes,F
Neftel_2019,F9,"DTX3,NUP107,TSPAN31,TSFM,RPL36A,OLIG1,SLC35E3,RP11-620J15.3,MDM2,BASP1,B4GALNT1,ETV1,MARCH9,CTDSP2,AGAP2-AS1,OLIG2,PDGFRA,DDIT3,TXNIP,RPL17,CDKN2A,SOX8,DSEL,KIF5A,YEATS4,MBD6,NKAIN4,POLR2B,CDK6,POLR2J3,SEZ6,RASL11B,LHFPL3,PIP4K2C,AVIL,CPM,FIP1L1,EXOC1,FRS2,LNX1,AGAP2,ARHGEF25,METTL1,PAICS,RP11-676J15.1",brain,oligodendrocyte precursor cells (OPCs),F
Neftel_2019,M3,"HLA-DRA,C1QC,CYBA,RNASET2,ZFP36,C1QB,ALOX5AP,S100A4,CXCR4,ARHGDIB,CCL4,RGS1,A2M,TMEM176B,HLA-E,VAMP8,HLA-DPA1,APOC1,RGS10,DDIT4,CORO1A,MS4A7,NFKBIA,FXYD5,HCST,ADORA3,CD53,HMOX1,BST2,PLAUR,CD37,SERPINA1,C10orf54,FCGR2A,MYL12A,LITAF,CD68,KLF6,SAMSN1,SLC11A1,CPVL,AIF1,CAPG,IFNGR1,CSF1R,FCGR3A,CXCL16,HAVCR2,SLC16A3,TREM2",brain,microglia,M
Neftel_2019,F15,,brain,microglia,F
Neftel_2019,F19,"RNASE1,LSP1,LMNA,CD44,VCAN,ANGPTL4,SDF2L1,EIF4EBP1,GPNMB,CXCL2,FCGR2B,ADAM8,LGALS3,PLP2,RGCC",brain,activated microglia,F
Neftel_2019,F24,"STMN1,CKS2,TUBB4B,H2AFV,DUT,LSM4,SNRPD1,DEK,TUBA1C,HIST1H4C,IDH2,KPNA2,PARP1,PTTG1,CKS1B,KIAA0101,DTYMK,UBE2C,TK1,RNASE2,CDK1,BIRC5,HMGB3,DDX39A,NUSAP1,CENPW,TYMS,ZWINT,FAM111A,GGH,KIF20B,MCM7,RRM2,CENPF,CKAP2,BCL2L12,LMNB1,TOP2A,MKI67,PHF19,HIRIP3,TACC3,TUBG1,FEN1,CENPM,CCNB1,CENPU,RRM1,CDKN3,MAD2L1",brain,unknown,F
Neftel_2019,F23,"CD69,CD52,DUSP2,CCL5,CYTIP,IL32,RAC2,STK17B,ISG20,NKG7,CD7,CD3D,PTPRCAP,IL2RG,LTB,IFITM1,CD2,GZMA,CTSW,ICAM3,CD3E,CRIP1,ACAP1,TUBA4A,LCK,ITM2A,LAT,CD3G",brain,unknown,F
Neftel_2019,F16,"EGR1,OLFML3,MEF2C,PLD4,CHCHD10,SORL1,CYBB,SLC1A3,KCTD12,LY6E,IFI6,AXL,MARCKS",brain,activated microglia,F
Neftel_2019,F17,"CD69,LTC4S,BEST1,RAC2,CD52,GPR65,ARHGAP18,PEPD,HPGDS,ALOX5,PRKAR1A,TPSAB1,CBX3,NFKBIZ,CNIH1,HBA2,ITM2C,PPP1CC,RENBP,FOXP1,CTNNBL1,LMO4,RHBDD2,BTK,MAML1,CRBN,TSC22D1,BIRC3,CD82,ADRB2,PTGDS,SLN,CNRIP1,ALDH1A1,VWA5A,ITM2A,SMYD3,HPGD,TMEM154",brain,microglia,F
Neftel_2019,F25,"S100A9,S100A8,CCL2,CHI3L1,TMEM176A,FUCA1,VMO1,PLD3,BRI3,CD59,IGSF6,S100B,RAB31,PILRA,GPNMB,C15orf48,RB1,PMP22,NPL,C4orf48,GRINA,M6PR,ABHD12,PDPN,C1orf54,NCF1,NCF4,IFNGR2,ANXA11,FERMT3,BID,PTPN6,OAZ2,TMEM123,GADD45GIP1,NENF,LYN,CORO1B,RAP1B,SPINT2,HCK,ARHGAP18,PLAU,PTMS,MMP14,NAGK,NCF2,KCNMA1,IL4I1,PLA2G7",brain,activated microglia,F
Neftel_2019,F21,"SEPP1,AXL,BEST1,HBA2,TPSAB1,CLEC4E,CHPT1,PTGDS,SLN",brain,unknown,F
Neftel_2019,F20,"RGCC,FOLR2,HAMP,SCIN,SOCS3,HBEGF,KLF4,RGS16,LMNA,ACSL1,TMEM176A,OSM,LY96,EPB41L2,SIGLEC10,BCL2A1,F13A1,MSR1,CAPZA1,TNFRSF1B",brain,disease-associated microglia (DAM),F
Neftel_2019,F22,"IFI6,MTRNR2L1,MBP,IFI44L,MTRNR2L12,MTRNR2L8,IFIT3,IFI27",brain,activated microglia,F
Neftel_2019,F18,"RPS17,CCL3L3,CCL4L2,UQCR11,ZNF90,MTRNR2L8,ATXN8OS,TMBIM4,MTRNR2L10,NHSL2",brain,unknown,F
Neftel_2019,M8,"IFITM3,IGFBP2,CEBPB,MT1E,IGFBP7,IGFBP3,IL1B,SPARC,VAMP5,TNFRSF12A,S100A13,RPS4Y1,PHLDA1,CALD1,CAMK2N1,RCN1,CCL2,DUT,FN1,CCDC85B,HMGA1,TOP1,ATP2B1,EGFR,COL6A1,PI3,TPM2,UBE2S,MRPL14,RAB13,COL6A2,DUSP6,CCND1,CD82,IL32,WTAP,NFIC,ISG15,TPM1,ITGB1,TM4SF1,PPP1R14B,OCIAD2,TMEM158,GAL,PLP2,TRIB3,S100A16,SLC39A14",brain,unknown,M
Neftel_2019,F37,"SOD3,GBP2,CALD1,FKBP10,BCAM,VCAM1,APOL6,DKK3,COL4A1,GGT5,LYRM9,DDR2,EFR3A,IL17RC,TAPBPL",brain,unknown,F
Neftel_2019,F38,"MMP3,IL24,MMP1,INHBA,GEM,RSAD2,VGF,IL1RN,RP11-400N13.3,AC003092.1",brain,unknown,F
Neftel_2019,M4,"MT3,SAA1,SLPI,LTF,IGFBP5,C8orf4,S100A16,SERPING1,C1R,EFEMP1,SPARCL1,OCIAD2,GFAP,CHI3L2,CAV1,MGST1,SPARC",brain,astrocytes,M
Neftel_2019,F28,"APOE,DUSP1,YBX1,RAC1,IGFBP2,RPL39,JUN,CPE,PCSK1N,SCRG1,MARCKSL1,ZFP36L2,HSPA1B,BTG1,SOCS3,SOX2,WTAP,EGR1,NTRK2,IGFBP7,UQCRB,IER2,CEBPD,RTN4,MT-ND3,RHOB,ITM2B,HSPA1A,PFN2,RTN3,VEGFA,YWHAQ,BAALC,TPPP3,PTMS,DNAJA1,MARCKS,CCNI,CCT6A,APLP2,MANF,TUBB2A,PDIA3,PNISR,EIF5A,TCP1,TUBB4B,CLTA,CALM3,CANX",brain,astrocytes,F
Neftel_2019,F27,"MIF,CXCL14",brain,astrocytes,F
Neftel_2019,F26,"RPS17,UQCR11,RPL36A,MTRNR2L12,MTRNR2L8,PSMA1.1,PSMA2,SNRPN,ATXN8OS,MTRNR2L10",brain,unknown,F
Neftel_2019,M5,"BCAN,IGFBP7,TTYH1",brain,astrocytes,M
Neftel_2019,F30,"SOX4,PABPC1,MARCKS,HES6,OLIG1,SCRG1,RPL36A,EIF3E,POLR2F,PFN2,GPM6A,SCD5,APOD,VCAN,OLIG2,BEX1,PCSK1N,MT-ND4L,LUC7L3,EIF3H,SIRT2,PLP1,EIF3L,RP11-161M6.2,DLL3,CPE,TTC3,RBPJ,KLRC2,LAPTM4B,SEC62,SCG3,SMOC1,NEU4,MLLT11",brain,oligodendrocyte precursor cells (OPCs),F
Neftel_2019,F29,"MT3,VIM,FABP7,IGFBP2,IGFBP7",brain,astrocytes,F
Neftel_2019,F31,"PTTG1,CDKN2C,PTMS,NDUFA3,RPL36A,MIF,PPDPF,NDUFA13,RPS10,CENPF,NDUFA11,CALR,MINOS1,PPP1CB,SMC4,SLC1A3,SLIRP,ANP32E,HNRNPH1,PBK,SNRPG,HNRNPM,PSMA2.1,HNRNPU,H2AFV,DCXR,MZT2B,HEPN1,DDX39A,PRC1,EMP3,CDKN3,UBE2T,MT1M,CDC42EP4,DRAP1,ROMO1,RAD21,CD99,KRTCAP2,RPL17,CDC20,SKA2,METTL7A,DTYMK,PET100,KDELR2,NFIC,CDC42,NBEAL1",brain,astrocytes,F
Neftel_2019,M6,"CRYAB,SEPP1,RNASE1,PLP1,PTGDS,MBP,STMN4,APOD,CNP,PLA2G16,APLP1,CLDND1,CA2,BIN1,RGCC,OLIG1,SIRT2,CAMK2N1,QDPR,TSC22D4,PCDH9,FEZ1,PPP1R14A,ATP1B1,EVI2A,NDRG1,SLC44A1,SCD,PLEKHB1,HSPA2,NCAM1,TUBB4A,MID1IP1,TF,TTLL7,SLC31A2,CMTM5,SLAIN1,GLTP,CSRP1,GPRC5B,TMEM144,CFL2,SEPT4,CLDN11,SVIP,NTM,LARP6,MAG,LHPP",brain,oligodendrocytes,M
Neftel_2019,F33,"UQCR11,RPS17",brain,unknown,F
Neftel_2019,F32,"C4orf48,ITM2B,NENF,OLIG1,JUNB,RTN4,MT-ND3,EDIL3,SLC44A1,HLA-B,EFHD1,BIN1,LARP6,HAPLN2,NEAT1,RAC1,RPL13,PFN1,PIP4K2A,CAMK2N1,TTLL7,FSCN1,JUND,CCNI,RHOU,JUN,GPR37,CLTA,VAPA,YWHAQ,SORT1,RGCC,TMEM165,CADM2,UGT8,SQSTM1,NKX6-2,RPS16,C1orf122,MTDH,MIF,ANKS1B,KTN1,RPL37,SEPT8,LINC00844,MAP7D1,CKB,ENPP2,DNER",brain,oligodendrocytes,F
Neftel_2019,F34,"APOE,SPARC,ATP5J2,SCRG1,PON2,GFAP,NFIA,MT1X,DDIT3,CDK4,DCTN2,KRT10,ROMO1,NOVA1,CST3,HIPK2,CALD1,POLR2J,CYCS,TIMM8B,PPP1CB,PFN2,GNAS,METRN,C7orf73,CNN3,SOX2,MT-ND4L,MAT2A,TMSB10,ZNF428,TUBB2B,CLCN3,TJP1,TSPAN3,DDR1,SNHG9,NTRK2,SMDT1,ITGB8,C7orf55,OS9,LAPTM4A,PYURF,H2AFZ,HNRNPH1,CTDSP2,SLC1A3,SNRPE,RHEB",brain,oligodendrocyte precursor cells (OPCs),F
Neftel_2019,M0,"LGALS3,GAP43,ANXA2,RBP1,PMP2,P4HB,CKB,C1orf61,SPARCL1,MDK,CSRP2,PTMS,NES,C9orf16,MZT2B,HIST1H4C,IGFBP3,LSM4,MPC1,GADD45GIP1,SCG2,PHLDA1,ROMO1,RCN2,SQSTM1,LAMP1,EGFR,METRN,AP1S2,ZNF706,TCEA1,DDT,ITGB1,MEST,ID4,APP,GPC1,UBE2S,LMNA,CHMP4B,RTFDC1,IGFBP2,ARGLU1,PGAM1,CAMK2N1,SCAND1,NCL,YWHAZ,TSC22D1,TMEM160",brain,astrocytes,M
Neftel_2019,F1,,brain,unknown,F
Neftel_2019,F0,"UBE2C,BIRC5,CENPF,TPX2,FAM64A,KIAA0101,NUSAP1,H2AFX,CDKN3,CDC20,AURKA,CCNB1,TOP2A,PBK,CKAP2,CENPA,CDK1,CCNB2,MKI67,PLK1,UBE2T,GTSE1,SMC2,TYMS,MYBL2,CENPE,CCNA2,ASPM,NUF2,RRM2,MXD3,AURKB,CDCA3,TK1,DLGAP5,SGOL1,TACC3,ASF1B,HJURP,KIF23,DEPDC1,KIFC1,HMMR,SPC25,KIF2C,FAM83D,TROAP,CKAP2L,SPC24,FOXM1",brain,proliferating astrocytes,F
Neftel_2019,M1,"SAA1,LTF,CHI3L2,SLPI,MGST1",brain,microglia,M
Neftel_2019,F5,"FABP5,MT-ND1,MT-CYB,MT-CO1,MYL6,S100A6,MT-CO3,CD63,SPP1,MT-CO2,HLA-DRA,CALM2,S100A11,NDUFA4,MT-ND5,GAP43,MT-ATP6,MGP,GPM6B,CFL1,C1R,S100A10,PTN",brain,microglia,F
Neftel_2019,F6,"GADD45B,DNAJB1,SAP18,CYCS,RPL36AL,MT1M,ADM,SBDS,WBP5,ARF1,SLC3A2,C4orf3,MORF4L1,PGK1,SRSF3,BHLHE40,HNRNPC,CNBP",brain,unknown,F
Neftel_2019,M12,MT1G,brain,unknown,M
Neftel_2019,M11,"STMN4,C8orf4,SLN,NNMT,MGST1,CDKN1A,UBE2C,H1F0,CXCL3,HIST1H1C,C10orf10,BIRC5,KLF10,HIST1H2AC,TNFAIP6,CAV1,UBE2T,PBK,RGS17,SRSF10.1,DBF4,MGME1,FBXO5",brain,unknown,M
Neftel_2019,M10,"MDK,ANXA1,SEPP1,PTGDS,OCIAD2,HBB,SPARC,SLN,CPE,NUPR1,BEX1,MEG3,PLA2G16,GPNMB,CTSH,MGST1,MT1E,CRYAB,IFI27,CHCHD10,CYSTM1,AGT,RARRES3,TSPAN7,CFL2,SLC44A1,SCD,THY1,PHYHIPL,MAP1A,METTL7A,RASD1,CYB5R1,FBXO32,CAPN2,ID3,RND2,HEBP1,ADD3,BDH2,OMG,RAMP2,SERPING1,FRZB,SFRP4,HSD17B14,CHGB,PDLIM4,CSRP2,FOLR1",brain,unknown,M
Neftel_2019,M9,"HBB,HBA2,HBA1,BEST1,RP5-940J5.9",brain,unknown,M
Neftel_2019,F40,"S100A11,TYROBP,NPC2,FCER1G,HLA-DRB1,AIF1,S100A4,CD14,LAPTM5,MT1E,HLA-E,NOP10,ATP6V0E1,TREM2,ARPC1B,ARHGDIB,ASAH1,TSPO,VSIG4,CD68,FCGRT,GSTO1,LYZ,ALOX5AP",brain,microglia,F
Neftel_2019,F39,"HBD,TUBA1A,CKB,SLC25A37,MARCKSL1,STMN1,TBCA",brain,unknown,F
Neftel_2019,M7,"GADD45B,CEBPD,CEBPB,DDIT4,PPP1R15A,CNN3,MEG3,ANXA1,MAFB,CITED2,NFIC,DNAJB9,SDF2L1,EGFR,SERPINE2,CYR61,GADD45A,YBX3,DDX39A,RNF187,ARC,NARS,AMD1,CKS2,HSPA9,IRS2,NAPA,CALU,VEGFA,POLR2C,LSM14A,TMEM259,AKAP12,TAF1D,TOMM40,SPSB3,DPM1,SRP54,SGTA,C10orf10,FBXO32,SNHG7,DDIT3,SERTAD1,PTP4A2,TIMM44,SURF4,GDF15,ZNF667-AS1,SAFB2",brain,unknown,M
Neftel_2019,F36,"RCAN1,IGFBP7,MAP1B,TRMT2A,PHGDH,TRIB3,SLC1A5,FKBP10,MFSD2A,PRKCSH,LGALS3BP,NUCB1",brain,unknown,F
Neftel_2019,F35,,brain,unknown,F
