Data,Cluster,Markers,Organization,cell_type,level
No_public,M1,"GNLY,NKG7,CCL5,CST7,CTSW,PRF1,DUSP2,GZMA,CD7,GZMH,GZMM,GZMB,CCL4,KLRD1,SYNE1,SPON2,KLRB1,GNG2,ZAP70,HOPX,PAXX,SYTL3,FGFBP2,SYNE2,ARL4C",blood,Natural Killer (NK) cells,M
No_public,F8,"TYROBP,AREG,KLRF1,FCER1G",blood,Natural Killer (NK) cells,F
No_public,F10,"ISG15,XAF1",blood,Activated Natural Killer (NK) cells,F
No_public,F11,,blood,Natural Killer (NK) cells,F
No_public,F9,"CD8A,CD3D,CD3G,IL7R,CD8B,COTL1,CD5",blood,CD8+ T cells,F
No_public,M3,"CST3,FCN1,CTSS,AIF1,TSPO,LGALS1,LYZ,S100A12,TYROBP,COTL1,VCAN,S100A8,S100A9,FCER1G,GSTP1,IFITM3,LGALS3,ANXA5,NPC2,SERPINA1,CD68,PYCARD,SERPINB1,CSTB,HMOX1,CSTA,PTPRE,VSIR,CEBPD,HLA-DRB1,TKT,CFD,ID2,H2AFY,MNDA,STXBP2,TNFRSF1B,MYO1F,IQGAP1,ATP6V1F,BLVRB,FGR,CSF3R,PRELID1,CD163,C5AR1,ATP2B1-AS1,UPP1,S100A11,GLUL",blood,monocytes,M
No_public,F16,"IFITM1,IFI27,HLA-DRB5,HLA-DQB1,ISG15,IRF1,MX1,IFI44L,TNFSF10,XAF1,IRF7,CLEC12A,SIGLEC1,PLAC8,EPSTI1,PARP14,TRIM22,STAT1,SP110",blood,interferon-activated monocytes,F
No_public,F14,,blood,monocytes,F
No_public,F15,"AREG,THBS1,HIST1H1D,RPS4Y1,AGFG1,HIST1H1C,KLF9,SAP30,TPST1,HK2,ASPH",blood,monocytes,F
No_public,F18,"IRF1,WARS,ISG15,STAT1,GBP2,IFI44L,IFITM1,PARP14,GBP1,GBP5",blood,interferon-activated monocytes,F
No_public,F17,"DYNLL1,GIMAP4",blood,unknown,F
No_public,M2,"HBB,IGKV3-20,JCHAIN,IGKC,IGHV4-34,IGLV3-19,IGLV3-1,IGHV5-51",blood,B cells,M
No_public,F12,"IGLV3-19,HBA1",blood,unknown,F
No_public,F13,"IGHV1-69D,IGKV1-17,IGLV3-21,IGLV2-8,IGKV3-11,IGHV1-24,IGKV3-15,IGKV4-1,IGHV3-30,IGHV3-15,JCHAIN,IGHG1,IGLV1-51,IGLV3-25,IGLV1-47,IGLV2-14,IGLV2-11,IGKV1D-8,IGHV3-23,IGHV4-39,IGHA1,IGHV5-10-1,IGHV3-33,MZB1,IGLV6-57,IGLV1-40,IGLV4-69,IGLV3-10,IGHV2-70,IGHM,IGKV2-30,IGHV3-21,IGKV1-9,IGKV6D-21,IGHV3-53,IGHV3-11,IGKV1-5,IFI27",blood,plasma cells,F
No_public,M11,,blood,unknown,M
No_public,F7,"RPL36,RPL3,RPL37A,RPL22,RPL26,IFITM1,NACA,RPS16,RPS5,RPS29,RPS9,RPL17,RPL5,RPL27A,RPL36A,RPS2,RPS10,RPL31,RPL10A,RPL15,SERF2,LTB,RPL24,RPL38,RPL36AL,COX4I1,RPL9,RPS26,UBA52,TMA7,ATP5MC2,CFL1,SRP14,EEF1G,RPL35,PPIA,MIF,S100A10,S100A6,CD3E,DDIT4,COX6C,CD3D,COMMD6,LAPTM5,BTF3,CHCHD2,GMFG,ATP5MG,RPS20",blood,unknown,F
No_public,F6,,blood,unknown,F
No_public,M9,"HLA-DRA,HLA-DRB1,HLA-DPA1,HLA-DPB1,CD79A,HLA-DQB1,HLA-DQA1,CD83,RCSD1,MS4A1,BIRC3,HLA-DMA,HLA-DRB5,UVRAG,IGHM,LINC00926,IRF8,RALGPS2,BANK1,CD79B,SWAP70,ADAM28,AFF3,BLK",blood,B cells,M
No_public,F34,"IGKV3-11,RPS4Y1,COTL1",blood,unknown,F
No_public,F36,"TNFAIP3,IL7R,NDFIP1,CCL5,IL32,LEPROTL1,CD3E,FYB1,RNF125,CD7,CD3D,CD247,CD3G",blood,unknown,F
No_public,F35,,blood,B cells,F
No_public,F33,"TCL1A,FCER2",blood,B cells,F
No_public,F37,"COTL1,S100A4,LYZ,SRGN,S100A10,CST3,GSTP1,LGALS1,PCBP1,LCP1,TUBA1B,ALDOA,TPI1,ITGB2,AHNAK,CTSH,ARF5,GRN,HADHA,ATP5F1D,ENO1,ARPC5,RHOG,TYROBP,LY86,PRELID1,GDI2,GNG5,GLIPR1,ATP5F1A,RNH1,FKBP1A,TKT,WDR83OS,ATP5MC3,CAP1,PGK1,S100A11,CSTB,C1orf162,LRRFIP1,MYADM,TSPO,LDHA,LAMTOR1,ATP5MF,ANXA2,CNPY3,COPE,RAB7A",blood,unknown,F
No_public,M7,"JCHAIN,HIST1H1D,HIST1H1C,IGKC,UBE2J1,TUBB,DDOST,FKBP11,PRDX1,MYDGF,RPN1,DUT,LMAN1,IDH2,HMGA1,MZB1,SPCS2,SPCS3,SEC11C,STMN1,RPN2,ITM2C,CD38,MCM7,SMC4,SSR3,MCM5,PRDX4,TOR3A,CRELD2,CANX,TXN,CD59,PMVK,SRPRB,NME1,HELLS,STT3A,HSPD1,CKS2,PDIA6,MKI67,TYMS",blood,plasma cells,M
No_public,F27,"JCHAIN,MZB1,IGHA1,ITM2C,DERL3,CD79A,IGKC,IGHM,TXNDC5,XBP1,POU2AF1,ZBP1,TNFRSF17,AQP3,NCF1,COBLL1,SEMA4A,CD27,GNG7,GAB1,CPEB4,IGHG1,ADAM19,RALGPS2,BLNK,FCRL5,RNASE6,CKAP4,CPNE5,TNFRSF13B,PNOC,CLIC4",blood,plasma cells,F
No_public,F30,"GNLY,NKG7,CTSW,PRF1,CD7,GZMB,TYROBP,GZMA,CST7,GZMH,CD247,HOPX,KLRD1,FCER1G,FGFBP2,SPON2,CCL4,GZMM,ZAP70,CLIC3,KLRB1,EFHD2,FCGR3A,KLRF1,TRDC,SH2D1B",blood,natural killer (NK) cells,F
No_public,F29,"AREG,ANKRD28,GLUL,CDK6,SOX4,H1F0,AIF1,MIR181A1HG,RNF130,EREG,PRSS57,CNST,CAT,SPINK2,SSBP2,TSC22D1,EGFL7,GNA15,SMIM3,IGFBP7,NRIP1,TFPI,CRHBP,CSF3R,ETS2,IRAK3,LINC02256,BEX3,FHL1,SMIM24,SPINT2,ZBTB16,SESN1,DAPK1,ALDH1A1,CD109,LINC02573,CLEC11A,BEX2,AKR1C3,CD34,ERG,PCDH9,ARMH1,IL18,PLAGL1,FLT3,IGF2BP2,PROM1,JUP",blood,unknown,F
No_public,F31,"S100A9,S100A8,IGHV3-30,IGHG1,LYZ,IGHV3-33,TYROBP,IGKV1D-13,IFI27,CST3,FCER1G,IGHG3,AIF1,IGKC,TIMP1,S100A12,THBS1,VCAN,FCN1,MAFB,CD14,SERPINA1",blood,unknown,F
No_public,F28,"IL32,CD3E,CD8A,CD3D,CD3G,LCK,CD8B,GIMAP7,DEK,NUSAP1,MKI67,GZMK,CD2,CDCA7,CCL5,FYB1,HIST1H1B,ZAP70,TRBC2,PRF1,KIF22,CST7,TYMS,RRM2,PCLAF,HIST1H2AJ,MCM7,TRAC,CENPU,CD5,DUSP4,PDE3B,EVL,NKG7,LMNB1,GZMB,CD28,GZMH,GZMA,PCNA,THEMIS,ICOS,CENPF,MT1E",blood,unknown,F
No_public,M0,"IL32,LTB,IL7R,LDHB,CD3E,SPOCK2,CD3G,PEBP1,SOD1,TCF7,TOB1,DNAJB1,PIM1,ARHGAP15,FLT3LG,MGAT4A,PIK3IP1,RCAN3,CCR7,GIMAP7,LEPROTL1,CD3D,NOSIP,C12orf57,MAL,LEF1,SNHG8",blood,naive T cells,M
No_public,F0,RPS4Y1,blood,naive T cells,F
No_public,F1,,blood,naive T cells,F
No_public,F2,"LBH,XAF1,CISH",blood,unknown,F
No_public,F4,"CRYBG1,PDE4B",blood,unknown,F
No_public,F3,RPS4Y1,blood,unknown,F
No_public,M5,"CCL5,PPBP,CTSA,LIMS1,CLU,HIST1H2AC,NRGN,PF4,MPP1,GRAP2,NCOA4,VCL,TUBB1,CAVIN2,MYL9,SPARC,F13A1,PGRMC1,GNG11,MPIG6B,GP9",blood,platelets,M
No_public,F20,"IL7R,BTG1,LTB,JUNB,RPL31,ZFP36L2,CD69,SMCHD1,TNFAIP3,SF1,NPM1,PRRC2C,HINT1,EIF3E,EEF1G,RPS4Y1,JUN,DNAJB1,CD52,EML4,PIK3IP1,SRSF11,FOXP1,STK17B,PIM1,CD3D,CCR7,DDX24,NDFIP1,CXCR4,LDHB,FUS,RPS17,CD48,LEPROTL1,ANKRD12,EIF3F,SPOCK2,COMMD6,SSR2,GYPC,HSP90AB1,EVL,CYTIP,CD3E,LIMD2,NCL,SRSF10,CNBP,EIF4B",blood,unknown,F
No_public,F21,"GP9,VCL,TSC22D1,MMD,PDLIM1,PRKAR2B,RSU1,TMEM40,CMTM5,MFSD1,TPM1,RGS18,DYNLL1,SNCA,PLA2G12A,RAB27B,ITGB3,STOM,HIST1H2BJ,HIST1H3H,C2orf88,GMPR,CA2,CD9,PF4V1,RTN3,ACRBP,ENDOD1,AC147651.1,PARVB,ARHGAP18,PTPN18,SH3BGRL2,CLEC1B,SMIM3,ETFA,FAXDC2,LMNA,MPP1,GUCY1B1,DAB2,FHL1,PTGS1,CDKN1A,ESAM,TMEM140,NEXN,AP003068.2,MYLK,RAB37",blood,platelets,F
No_public,F22,"NKG7,GNLY,CST7,CTSW,TYROBP,ITGB2,GZMB,LITAF,LSP1,CD7,LY6E,PRF1,DUSP2,GSTP1,CD247,HSPA5,DDIT4,GZMA,ZEB2,FGFBP2,EIF3G,PTPRCAP,PDIA3,COX8A,KLRD1,LCP1,LGALS1,MAP3K8,HLA-DPA1,IRF1,CYBA,PAXX,HSP90B1,SYTL3,GZMH,GZMM,SNRPB,HLA-DPB1,PPP1CA,ARL4C,SPON2,CCL4,PPP2R5C,PSME2,DBI,SYNE1,ARPC5L,FCGR3A,HOPX,PARP8",blood,natural killer (NK) cells,F
No_public,F23,"S100A9,S100A8,LYZ,TYROBP,NEAT1,FOS,S100A10,LGALS1,S100A11,DUSP1,CTSS,TSPO,AIF1,S100A12,FCN1,GLUL,ITGB2,ZEB2,KLF6,TKT,ZFP36L1,HLA-DRA,VCAN,THBS1,GNG5,COX8A,HLA-DRB1,UPP1,NPC2,LAMTOR4,HCLS1,SERPINB1,ARRB2,ANXA5,VAMP8,FCER1G,LST1,LGALS3,ATP6V1F,GRN,HIGD2A,IQGAP1,ANXA2,ANXA1,HIF1A,CD14,GSTP1,RAB31,ATP6V0B,NAMPT",blood,unknown,F
No_public,M4,"GNLY,CCL5,SYNE1",blood,unknown,M
No_public,M6,"VCAN,CLEC7A,CSF3R,SLC11A1,JARID2,ACSL1,SLC25A37,THBS1,ITGAX",blood,myeloid-derived suppressor cells (MDSCs),M
No_public,F26,,blood,myeloid-derived suppressor cells (MDSCs),F
No_public,F24,"XIST,FOSB,ACAP2,DMXL2,AHNAK,HLA-DRA,JUNB,RNF213",blood,myeloid-derived suppressor cells (MDSCs),F
No_public,F25,"MTSS1,MAP3K8,THBS1,TOP1,AREG,SLC25A37,SAMSN1,AGFG1,IFNGR1,GPCPD1,JARID2,ZBTB43,ABCA1,LCP2,MPP1,PTK2B,HAVCR2,RNMT,CD163,MAFB,CTSL,ALDOA,HMGB2,NUP58,ZNF292,CSF2RA,TRA2A,TLE4,FNIP1,ACSL3,NLRP3,ASPH,TPM4,ATP6V1B2,PIK3R5,ITGB1,GAB2,CYTH4,RANBP2,MFSD1",blood,myeloid-derived suppressor cells (MDSCs),F
No_public,M8,"S100A8,TYROBP,NAMPT,S100A12,FCER1G,FOSB,LST1,SERPINA1,JCHAIN,MNDA,BCL2A1,CXCL8,CSF3R,FPR1,NCF2,SLC25A37,IL1R2,ITGAX,PNPLA8,PLAUR,CLEC7A,TREM1,PHACTR1,C5AR1",blood,neutrophils,M
No_public,M10,"HBB,IFI27,SLC25A37,BLVRB,BNIP3L,FBXO7,RNF10,FKBP8,PSMF1,MPP1,NCOA4,SLC25A39,HBA1,ADIPOR1,HBA2,TENT5C,BCL2L1,SNCA,STRADB,DCAF12,ALAS2,DMTN",blood,erythroid progenitor cells,M
