Data,Cluster,Markers,Organization,cell_type,level
No_public_Single_cell,M2,"WFDC2,FXYD4,COBLL1,unknown,TMEM213,C12orf75,KRT18,EPCAM,CAMK2N1,HSD11B2,CLU,CD9,MUC1,COA3,ATP6AP2,MAL,S100A2,LGALS3,CA2,CLDN7,GSTM3,KRT19,CDH16,CA12,TACSTD2,SCIN,ITM2C,SELENOM",kidney,kidney collecting duct principal cells,M
No_public_Single_cell,F13,"CALB1,SLC8A1,TMEM52B,RHCG,CCSER1,unknown,KNG1,PIK3C2G,FRAS1,PVALB,TEX41,SERPINA5,PRKG1,KL,ARL15",kidney,kidney collecting duct principal cells,F
No_public_Single_cell,F12,"SLC12A1,UMOD,SPP1,SOD3,CRIP1,ADIRF,SLPI,CLDN10,CXCL14,IGFBP2,PAPPA2,TIMP1,TSPAN8,ACSL4,PTH1R,ITGB6,BBOX1,CA4,PPP1R1A,CLDN16,LY6E,IRX2,CLDN3,KRT7",kidney,kidney collecting duct principal cells,F
No_public_Single_cell,F11,"IGFBP5,SLC8A1",kidney,kidney collecting duct principal cells,F
No_public_Single_cell,F17,"SLPI,MMP7,AQP2,FGL2,GDF15,HLA-DRB1,HLA-DRA,CPVL,TMEM176B,ZFP36L2,BTG2,RASD1,SLC5A3,AOC1,TIMP1,HIF1A,ELF3,ID1,EGR1,KCTD12,STC1,IGFBP2,MYH10,AGRN,PFKFB3,KITLG,AKR1B1,NFAT5,TMEM176A,ZFAND5,RDH10,CRIP2,AGR2,SMIM22,PDK4,KIAA1109,LIMA1,JPT1,CLINT1,SPTBN2,NTN4,ADAM10,PLXNB2,PROM1,CTSB,STAT3,PTPRF,HS6ST1,XBP1,LCN2",kidney,kidney collecting duct principal cells,F
No_public_Single_cell,F14,"SLC26A7,APOE,RHCG,ADGRF5,SLC4A1,PLAAT4,DSG2,SMIM6,IL18,ARHGAP18,ATP6V1G3,TMEM101,LINC01187,FAM24B,DMRT2,EXOSC7,ATP6V0D2,SPINK1",kidney,kidney collecting duct principal cells,F
No_public_Single_cell,F10,"AQP2,FXYD4,AQP3,PTGER1,SCNN1G,EMX1,GATA3,TPM4,ST6GAL1,SCNN1B,SMIM22,FGL2,STC1,IGFBP2",kidney,kidney collecting duct principal cells,F
No_public_Single_cell,F15,"SLC26A7,ADGRF5,MAGI1,PTGER3,RACGAP1,SLIT2,SLC4A1,IGFBP5,CLNK,PRKG1,ESRRG,THSD7A,ITPR2,PLCL1,TMEM101,PDE1A,OXR1,ATP6V0A4,PACRG,MPPED2,ARHGAP18,RCAN2,NFAT5,GLIS3,SPINK1,JMJD1C,GRB14,ABCA5,IL18,PRKN,PICALM,MIR99AHG,RERE,PDE1C,ITGA6,TMEM117,DMRT2,WWOX,PCNX4,FHIT,SNTB1,GPHN,IMMP2L,GNAQ,SEMA3C,LGR4,ABCC4,SBF2,LRBA,unknown",kidney,kidney collecting duct principal cells,F
No_public_Single_cell,F16,"IGFBP5,KRT7,ATP6V1G3,ATP6V0D2,RARRES2,TSPAN8,PLCG2,LINC01187,IL18,RCAN2,CDA,RNF152,SLC4A9,HEPACAM2,CDKN1C,SLC26A4,DGKI,PDZD2,TRGC1",kidney,kidney collecting duct principal cells,F
No_public_Single_cell,M4,"SH3BGRL3,S100A4,HLA-DPB1,HLA-DPA1,DUSP1,PTPRC,HCST,JUNB,ARPC1B,CD52,EMP3,ARHGDIB,CORO1A,GMFG,LGALS1,FXYD5,FOS,SRGN,CD37,LCP1,LIMD2,VIM,CRIP1,ZFP36",kidney,macrophages,M
No_public_Single_cell,F24,"CST3,HLA-DPB1,HLA-DPA1,HLA-DRA,HLA-DRB1,HLA-DQB1,HLA-DQA1,C1QA,AIF1,LYZ,HLA-DMA,TYROBP,NPC2,MNDA,FCGRT,RAC1,RGS10,AP2S1,CTSZ,GRN,MARCKS,LST1,TYMP,CTSH,CPVL,IFI30,SAMHD1,CTSB,BRI3,PLXDC2,PSAP,HSPA1A,ATP6V0B,MEF2C,CEBPD,CD14,MS4A6A",kidney,macrophages,F
No_public_Single_cell,F25,"IL32,IL7R,ARHGAP15,CD3E,SKAP1,ZBTB20,FYN,ETS1,TRAC,CD3D",kidney,T cells,F
No_public_Single_cell,F23,"IL7R,IL32,TRBC2,CD2,CD3D,TRAC,KLRB1,CD3G,CD3E",kidney,unknown,F
No_public_Single_cell,F27,"S100A9,LYZ,AIF1,IFI30,LST1,CTSS,SAT1,COTL1,LGALS1,NEAT1,TYROBP,TYMP,S100A8,ZEB2,FCN1,BRI3,PYCARD,IFITM3,CEBPB,SLC8A1,NAMPT,FCGR3A,ATP6V0C,CST3,SERPINA1,FGL2,CFD,HSPA1A,FCER1G,MNDA,CEBPD,RGS2,FCGRT,LYST,MS4A7,AP1S2,PLXDC2,SAMHD1,STXBP2,DPYD,DUSP6,BCL2A1,TNFRSF1B,CYBB,LYN,PELATON,NPC2,SPI1,CSTA,PSAP",kidney,macrophages,F
No_public_Single_cell,F29,"CEBPD,TIMP1,SAT1,NFKBIA,GADD45B,HLA-DMA,HLA-DQA1,ZFP36,MS4A6A,NAMPT,HLA-DQB1,NPC2,CCL3,C1orf162,DUSP2,POMP,IL1B,SAMSN1,C1QA,IFI30,HERPUD1,CD63,RGS2,MS4A7,TPM4,GPR183,MCL1,FOSB,SELENOK,STK17B,H1-10,LITAF,CREM,GLIPR1,CD68,DDX3X,CD83,IFITM3,BCL2A1,TNFAIP3,PLEK,CEBPB,RGCC,TYMP,CCL4,ATP1B3,NR4A2,AREG,RGS10,NFE2L2",kidney,activated macrophages,F
No_public_Single_cell,F26,"NKG7,GNLY,CCL4,CCL5,GZMA,CST7,GZMB,GZMH,CTSW,KLRD1,CD7,PRF1,CD247,HOPX,CMC1,ABHD17A,FGFBP2,GZMM,TRBC1,KLRB1",kidney,unknown,F
No_public_Single_cell,F28,"IGKC,HLA-DRA,HLA-DQA1,MEF2C,IGHM,MS4A1,BANK1,CD79B,RALGPS2,CD79A",kidney,B cells,F
No_public_Single_cell,F30,"FCER1G,GZMB,SEC61B,TXN,CTSC,HSP90B1,LIME1,ALOX5AP,PLAC8,SPCS1,HERPUD1,SAMHD1,RPL22L1,C12orf75,BTG2,RABGAP1L,DNAJA1,GPR183,NDUFS6,MS4A6A,PPP1R14B,OSTC,RGS1,CYBB,CST3,MEF2C,CAPG,PLP2,GRN,FCHSD2,CD68,SIVA1,PPP1R15A,MDFIC,SSR3,CLIC3,CD164,SNHG7,SELL,PDE4B,NDUFV2,IGFLR1,ZNF706,MOB1A,STMN1,SELENOS,MPEG1,RNASE6,TCF4,CTSZ",kidney,macrophages,F
No_public_Single_cell,M6,"MT1G,ALDOB,MT1X,CRYAB,GPX3,GATM,PDZK1IP1,APOE,MT1H,MIOX,UGT2B7,MT1F,ECHS1,LGALS2,DCXR,RBP5,C11orf54,ACAT1,PTH1R,GSTA1,BBOX1,BDH2,ASS1,MGST1,DNPH1,ALDH6A1,PEPD,DAB2,CXCL14,BHMT2,FBP1,PCK1,BHMT,PDZK1,ACY1,SAT2,KHK,RIDA,AK4,AKR1A1,GLYAT,CUBN,FABP1,SMIM24,NQO2,PBLD,SUCLG1,HPD,PRAP1,PAH",kidney,proximal tubule epithelial cells,M
No_public_Single_cell,F34,"S100A11,IL32,CD24,S100A6",kidney,proximal tubule epithelial cells,F
No_public_Single_cell,F33,"HPD,FABP1,ALB,PAH,GSTA2,PRODH2,PRAP1,SLC7A8,DPEP1,SLC22A8,SLC4A4,MME,FAM151A,SLC7A7",kidney,proximal tubule epithelial cells,F
No_public_Single_cell,M3,"MECOM,ERBB4,PDE4D,ESRRG,PKHD1,KCNIP4,CCSER1,COBLL1,unknown,IMMP2L,FHIT,PTH2R,PLCB1,ANK3,PDE1A,NAALADL2,GPC5,ADAMTS9-AS2,PKP4,EGF,CYFIP2,CADPS2,PLEKHA5,ARHGAP6,KAZN,MAGI1,PTPRG,VAV3,PTPN13,EFNA5,DCDC2,RORA,RERE,PATJ,LRBA,LINC01320,ARHGAP24,PRKD1,CGNL1,CA12,JMJD1C,CDH16,ARID1B,PDE7B,THSD7A,FRAS1,PCDH9,CASR,PLCL1,KLHL13",kidney,unknown,M
No_public_Single_cell,F19,"AQP2,FXYD4,TMSB4X,PWRN1,AQP3,PIK3C2G,TRPM3,KRT19,BMPR1B,TMTC2,CLU,TOX,TEX41,DLG2,MPPED2,CTSH,CA2,PRKCA,AKT3,KCNJ15,PTBP3,GRIP1,LRMDA,PAPPA,PTGER1,SLC38A1,STC1,TSPAN1,ST6GAL1,PLCL2,FAM107B,SOX5,GATA3,CRYBG1,MYH10,SCNN1G,EYA4,NDRG1,ABCB1,FYB2,MACC1,TPM4,EYA3,HMGCS2,LPCAT2,SCNN1B,SLC9A4,SMIM22,SPTBN2,PFKFB3",kidney,collecting duct principal cells,F
No_public_Single_cell,F21,"TMEM52B,SLC12A3,PIK3C2G,LRMDA,DACH1,CA2,FGF13,ABCA5,unknown,KL,CACNB4,CNNM2,EMX1,SERPINA5,TRPM6,KLHL3,TEX41,SLC8A1,LINC01896",kidney,unknown,F
No_public_Single_cell,F18,"SLC12A1,UMOD,PLCB1,PCDH9,KNG1,SLC16A12,CLDN16,BICDL1,CXCL12,SGIP1,PPP1R1A,EGF,GP2,RBFOX1,LINC01762,TACC1",kidney,unknown,F
No_public_Single_cell,F20,"PAPPA2,SOD3,BBOX1,ITGB6",kidney,unknown,F
No_public_Single_cell,F22,"CLDN16,SLC16A12,FOS,PDK4,ZFAND5,VMP1,CPM,TCIM,FKBP5,JUN,IER2,SERPINA5,SLC4A7,CEBPD,JUNB,GDF15,KLF6,IER3,CREB3L2,TOB1,RHOB,HSPA1A,HOMER1,GLRX,EGR1,PNRC1,VCL,NR4A1,GADD45B,BHLHE40,BTG2,ZFP36,ELL2,USP2,ATF3,GADD45A,KLF9,FOSB,TIPARP,ADIRF,ETS2,SERTAD1,CDKN1A,PPP1R1A,NFIL3",kidney,unknown,F
No_public_Single_cell,M0,"UMOD,SLC12A1,KNG1,TMEM52B,CLDN10,SFRP1,CLCNKB,PPP1R1A,SLC5A3,NUDT4,IDH2,EGF,KCNJ1,MFSD4A,CA12,DUSP9,CKB,PTGER3,GSTM3",kidney,proximal tubule epithelial cells,M
No_public_Single_cell,F1,"CLDN10,PLAU,CLCNKA,PRDM16-DT,RAP1GAP,THY1,TACSTD2,CPVL,TSPAN8,BICDL1,PNISR,SDC1",kidney,proximal tubule epithelial cells,F
No_public_Single_cell,F0,"CLDN16,S100A2",kidney,proximal tubule epithelial cells,F
No_public_Single_cell,F2,"SLC12A3,TMEM52B,WNK1,SERPINA5,HSD11B2,CA2,SELENOM,KL,IGFBP3,RHCG,EMX1,PRSS23,CLDN8,CRABP1,LHX1,KLHL3",kidney,distal convoluted tubule epithelial cells,F
No_public_Single_cell,F3,"JUND,ADIRF,IER3,CEBPD,TCIM,ZFAND5,GADD45B,HSPA1A,IER2,JUN,FOS,PDK4,JUNB,KLF6,EGR1,NR4A1,ZFP36,BTG2,ATF3",kidney,proximal tubule epithelial cells (stress response state),F
No_public_Single_cell,M1,"VIM,CRYAB,PDZK1IP1,MMP7,PIGR,PTH2R,TMEM176B,MT1F,MGST1,LRP2,TPM1,KCNJ15,ITGB8,TMEM176A,OXR1,CDH6,ACSM2A,SLC3A1,ANPEP,VCAM1,PKHD1,ACSM2B,SLC22A2,SOX4,AQP1,LINC01320,AMN,CLTRN,UGT2A3,PTPRD,DAB2,TNFSF10,PDZK1,IL32,NAT8,CXCL14,GATM,PPFIBP1,UGT2B7",kidney,proximal tubule epithelial cells,M
No_public_Single_cell,F9,,kidney,proximal tubule epithelial cells,F
No_public_Single_cell,F6,"PTH2R,RHEX,FHIT,PARD3,RORA,GLIS3,NLGN1,PTPRG,SLC17A1,PARD3B,LRMDA,SDK1,TTC28,NHS,ESRRG,TRPM3,IMMP2L,GPC6,PTPRM,UBE2E2,PTPRK,unknown,MAST4,ZFAND3,WDFY3,SOX6,EXOC4,GPHN,PLCL1,BNC2,MBD5,WWOX,DLG2",kidney,proximal tubule epithelial cells,F
No_public_Single_cell,F8,"GPHN,ALDOB,MIOX,SLC16A9,SLC4A4,SLC5A12,WDR72,BNC2,PAH,NOX4,ANK2,MME,DPEP1,CDK14,SLC16A12,ASS1,BHMT,AK4,CUBN,RALYL,NEDD4L,FHIT,FKBP5,ARL15,TNRC6A,DPYS,NLGN1,PRODH2,FGD4,MFSD4B,PEPD,TM7SF3,SETBP1,SUGCT,CGNL1,CRYL1,ALDH6A1,ITPR2,BHMT2,AKAP13,CTSH,PTH1R,EPB41L3,RMST,FOXO3,SLIT2,ZFAND5,SH3YL1,SLC2A9,RNF152",kidney,proximal tubule epithelial cells,F
No_public_Single_cell,F7,"BCAM,CCN2,PDE1A,MAGI2,CFH,PTGDS,GMDS,IGFBP2,ALDH1A2,MGP,BGN,CYP1B1,MYL9,MAGI2-AS3,BST2,CLIC5,SPOCK2,TNNT2,NPR1,WT1",kidney,proximal tubule epithelial cells,F
No_public_Single_cell,M7,"IGFBP5,TIMP3,LGALS1,IFI27,MGP,UTRN,ID1,IL6ST,A2M,PTPRG,RNASE1,ADGRF5,HLA-DRB1,EMCN,ID3,CRIP2,GNAI2,TGFBR2,GNG11,CALD1,PLPP1,PTPRM,BST2,IGFBP4,EPAS1,MEF2C,RBMS3,MEIS2,TACC1,EGFL7,LIMCH1,PTPRB,SLC9A3R2,ENG,PBX1,RAMP2,LDB2,TM4SF1,SEC14L1,HSPG2,PECAM1,TCF4,FLT1,CALCRL,VAMP5,KLF2,NPDC1,SPARC,ADGRL4,GSN",kidney,endothelial cells,M
No_public_Single_cell,F38,"AQP1,S100A4,CLDN5,MECOM,SRGN,ENPP2,SLC14A1,ADAMTS6,CAV1,GLUL,THSD7A,KCTD12,EFNB2,PALMD,ICAM2,SERPINE2,ABI3BP",kidney,endothelial cells,F
No_public_Single_cell,F41,"MECOM,RRAS,TPM2,NEDD8,PLAC9,ZEB2,ITGA8,PLCL1,CCN2,TPM1,EPB41L2,PDS5B,CYBA,TAGLN,FABP4,NBEA,IGFBP2,ROBO1,CYB5A,MYL9,PDGFRB,COL3A1,RAPH1,SYNPO2,ANK3,CPM,PIK3R1,APOE,PALLD,ANO3,ADAM9,COL12A1,SNAI2,LMO7,IL1RL1,STK17B,POSTN,PRKG1",kidney,fibroblasts,F
No_public_Single_cell,F37,"TAGLN,RGS5,ACTA2,CRIP1,MYL9,CALD1,TPM2,C11orf96,TPM1,RERGL,HES4,MYH11,FLNA,NR2F2,MUSTN1,RCAN2,BGN,PRKG1,SLIT3,PLAC9,CSRP2,CPE,CST3,PLN,NR2F1,SOD3,MYLK,LBH,PEBP1,NR2F2-AS1,COL18A1,MFGE8,NOTCH3,CACNA1C,RBPMS,NDUFA4L2,MCAM,EPS8,PPP1R12B,PALLD,CSRP1,FRZB,ISYNA1,PDGFRB,CAV1,TBX2,PDE3A,NRGN",kidney,pericytes,F
No_public_Single_cell,F35,"PLVAP,RAMP3,CCL14,MARCKS,DNASE1L3,FAM167B,TCIM,TMEM88,CEACAM1,TM4SF18,VWF",kidney,kidney endothelial cells,F
No_public_Single_cell,F39,"PLAT,PLPP3,CRHBP,AQP1,KDR,ADGRL2,CHRM3,FKBP5,NTN4,FCN3,NRG3,HECW2,BTNL9,PREX2,RAPGEF4,CDH13,TSPAN7,RIN2,ITGA8,SOST,MTSS1,SNED1,F8,EHD3,ANKS1A,SLC44A1,PDGFD,CMTM8,PIP4K2A,GRB10,PLXDC2",kidney,endothelial cells,F
No_public_Single_cell,F40,"MARCKS,DNASE1L3,CLU,TFPI,SNCG,NR2F1,FLNB,THBD,FABP4,SMAD1,FABP5,CD36,TNXB,FLRT2,SEMA3D,NNMT,CCL21,TFF3,NRP2,HOMER3,LAPTM5,MRC1,MMRN1,SEMA3A",kidney,endothelial cells,F
No_public_Single_cell,F36,"PTPRM,PLVAP,MIR99AHG,LDB2,RASAL2,ST6GALNAC3,ARL15,DOCK4,PLCB1,CAVIN2,LRMDA,PITPNC1,ASAP1,PKP4,DNM3,ARHGAP26,ADGRB3,GPM6A,PIAS1,NCOA7,CYYR1,WWOX,KLHL5,PEAK1,KALRN,PLEKHG1,PRKCH,RAPGEF4,TBC1D5,ARHGAP31,NOSTRIN,EPB41L4A,ADGRL2,DNASE1L3,SASH1,RORA,GRB10,CCL14,RABGAP1L,AFF1,CADPS2,GNA14,FBXL7,IMMP2L,ELMO1,ERG,PLXDC2,SBF2,AKT3,RAMP3",kidney,endothelial cells,F
No_public_Single_cell,M10,"PIGR,TMEM52B,KRT19,S100A2",kidney,unknown,M
No_public_Single_cell,F4,VIM,kidney,unknown,F
No_public_Single_cell,F5,"TMEM52B,CA12,WNK1,MECOM,ACSL4,KNG1,CDH16,COBLL1,GSTM3,FOLR1,KCNJ16,BCAM,KCNJ1,ANXA11,SLC12A3,ATP5F1A,PTH1R,CA2",kidney,distal convoluted tubule cells,F
No_public_Single_cell,M8,"IGKC,HERPUD1,SELENOK,SSR3,SPCS3,XBP1,SEC11C,MYDGF,SDF2L1,PRDX4,IGHG1,TXNDC5,ISG20,IGHA1,JCHAIN,FKBP11,EAF2,SEL1L3,CRELD2,LY96",kidney,plasma cells,M
No_public_Single_cell,M5,"TPM1,TACSTD2,ID1,LINC01320,CRYAB,SLC5A3,PAX8,IGFBP2,MYO9A,NUPR1,PROM1,ID4,SOD3",kidney,proximal tubule epithelial cells,M
No_public_Single_cell,F31,,kidney,proximal tubule epithelial cells,F
No_public_Single_cell,F32,"ZBTB20,PKHD1,IMMP2L,OXR1,PDE4D,RHEX,FOXP2,RORA,ADAMTS9-AS2,RBPMS,MAML2,CCSER1,NFAT5,KCNMB2,PARD3,MAGI1,NEBL,THSD7A,PTPRG,EXOC4,FHIT,GLIS3,unknown,KAZN,BCL2,ALDH1A2,PKP4,PARD3B,FTX,PCAT1,MAGI2,MED13L,MBD5,MAPK10,LPP,GALNT14,LRBA,ESRRG,NAALADL2,PTPRM,NLGN1,ANK3,PATJ,WWOX,PRKD1,TBC1D5,LINC01473,KANK1,RERE,CNTN4",kidney,proximal tubule epithelial cells,F
No_public_Single_cell,M9,"CLU,JUNB,MGP,DUSP1,CEBPD,TIMP1,S100A13,ANXA2,MGST1,IGFBP5,ZFP36,LGALS3,SOD3,GSN,SELENOM,SFRP1,RARRES2,ZFAS1,ZFP36L2,IGFBP4,ANXA1,SERPING1,FCGRT,C12orf75,GADD45B,ANXA5,SPARC,CD99,NFKBIA,PNRC1,ARID5B,PLPP1,C12orf57,LGALS3BP,ARL6IP5,NENF,FLNA,VIM,PLPP3,FOS,EGR1,DDX24,SSR2,NUPR1,LY6E,LDHA,ID3,S100A4,COMT,RNH1",kidney,fibroblasts,M
