Data,Cluster,Markers,Organization,cell_type,level
No_public_Single-nucleus,M7,"FOXP2,RHEX,S100A6,SLCO3A1,SRGAP3,PFKFB3,MYO3B,PROM1,GRHL2,PAX8-AS1,NEDD9,UGT2B7,RNF144B,SLC44A5,SLC5A3,CLU,AIF1L",kidney,unknown,M
No_public_Single-nucleus,F31,"unknown,MARCHF1,PTH2R,LINC01435,COL4A1,KCTD16,COL4A2,SAMD4A,DOCK4,PPARGC1A,TRABD2B,SLC45A4,NTM,HOMER1,PELI2,PROSER2,VCL,GPC6,GPCPD1,FKBP5,DAB1,ARG2,NAV2,KLF6,CABLES1,PLCL1,LMNA,EDIL3,TSC22D2,ERRFI1,PCDH9,LNX1,FOSL2,RYBP,PPM1L,LPIN1,DIXDC1,RETREG1,EGF,TIMP3,SENP5,BCOR,CREB5,LINC00970,SUGCT,NECTIN2,YBX3,POLR2A,CNN3,NAMPT",kidney,unknown,F
No_public_Single-nucleus,F27,"UNC5D,LINC01435,PTH2R,KCTD16,CNTN4,LRRC4C,FRMD3,LRP2,FIGN,EPHA7,SUGCT,AQP1,LINC01781,PLCL1,DENND2A,NRG1,TRHDE,TRPM3,unknown,NPNT,PTPRD,ALPK2,ZNF385B,CDH2,SATB2,UMOD,STK32B",kidney,unknown,F
No_public_Single-nucleus,F28,"SH3GL3,SLPI,AKR1B1,CHL1,RIPOR3,SLC38A11,RANBP3L,GPC6,unknown,IGFBP5,FAM169A,SPOCK1,BCL6,UBASH3B,CA8,ABCA4,CLDN4,EXPH5,PALS2,GPC5,FCGBP,HIF1A-AS3",kidney,unknown,F
No_public_Single-nucleus,F33,"ELF3,CRYBG1,RPL30,PSD3,KRT19,EPS8,LINC00511,SEMA5A,CAMK1D,LYPD6B,RPL29,RPS13,RPL24,PABPC1,IKZF2,ABCC3,INPP4B,RPL12,PCED1B,ARHGAP32,HSPB1,AQP3,TMEM117,ITGA3,PDE10A,RPL10A,RPS5,CACNA1D,UGCG,RPL36A,MYH14,KRT7,SPRED2,RPL39,HSP90AB1,FOSL2,PERP,MTUS1,AHR,BAIAP2L1,unknown,CERS6,NSUN6,HNRNPA1,TLE5,ZBTB7C,KLF5,RPL18A,DHRS3,ARPC2",kidney,unknown,F
No_public_Single-nucleus,F26,"SLC12A1,UMOD,SIM2",kidney,unknown,F
No_public_Single-nucleus,F32,"KCNIP4,SPP1,PDE10A,EDIL3,SLC45A4,TFPI,RUNX1,AP1S3,GPC4,LHFPL3,PDK4,TMEM178B,SCTR,LINC00511,CSGALNACT1,FAM20A,EFCAB13,ACSL4,KLF6,SPTLC3,ITGB6,CPM,KLHL13,MCTP2,MGLL,TNFSF10,ARHGEF38,LMNA,RETREG1,ITGB3,HRH1,MMP7,FOSL2,RIMS2,SERPINA1,PTPN1,ABCC3,TCIM,GALNT2,ITGA3,XKR4,NFKBIZ,SESTD1,FHL2,NAMPT,CDH6,ADCY5,KLHL2,CYBA,ELL2",kidney,unknown,F
No_public_Single-nucleus,F30,"SLC14A2,LINC01924,SOX5,EYA4,BMPR1B,PCDH7,PDE1A,MPPED2,GREB1L,CRYBG1,ABTB2,RALBP1,MAN1A1,TOX3,NPAS3,ELF3,EFNA5,FYB2,CRAT37,ATP8B1,HIF1A-AS3,KLHL8,PHACTR1,ZNF608,FAM20A,LYPD6B,GATA3,MBP,KCNQ1,GALM,HOXD3,METAP2,LRP1B,BLNK,unknown,RAPH1,SLC14A2-AS1,XKR6,NEK10,KITLG,PRDM16,CHPT1,PLS3,MID1,IKZF2,ELF5,TM7SF3,CNGA1,EPS8,unknown",kidney,unknown,F
No_public_Single-nucleus,F29,"AQP2,LINC01924,FXYD4,SLPI,SLC14A2,SOX5,PDK4,FAM107B,KSR2,MMP7,PCDH7,PHACTR1,S100A11,SLC44A1,MUC1,PSD3,UNC13C,WFDC2,PAPPA,ST6GAL1,ANKS1B,TENM3,SDK1,CRYBG1,IL1RAPL2,EYA4,BMPR1B,ABTB2,SCN2A,PDE1A,LDLRAD4,CYB5A,ELF3,HS3ST5,FYB2,MIR31HG,TGFBR1,unknown,NOS1AP,CRAT37,S100A4,KRT18,METAP2,EFNA5,FAM20A,CALM1,PDE8A,TSPAN5,TPD52L1,SRP14",kidney,collecting duct principal cells,F
No_public_Single-nucleus,M1,"ACSM2A,ACSM2B,PTH1R,RHEX,SLC16A12,unknown,PDZD2,SLC13A3,SLC17A1,SLC2A9,GRAMD1B,unknown,CDH6,ANKS1B,CLDN10,NCKAP5,SEMA5A,ACSF2,TINAG,SLC16A9,HPN,FTCD,PRUNE2,ZNF804B,RMST,MMADHC-DT,unknown,ADAMTS9-AS1,LINC00671,unknown,EPB41L3,RHOBTB1,LINC01060,RASSF4,SLC6A13,AGXT2,SLC47A1,KCNJ15,CNTN4,NOX4,SLC13A1,PDE7A,GLYAT,GLIS1,ENPEP,SUGCT,PTPRD,SLC5A12,AK4,COL27A1",kidney,proximal tubule epithelial cells,M
No_public_Single-nucleus,F7,"CDH6,DLGAP1,ITGB8,AGBL4,DCDC2,CREB5,TMEM178B,NTN4,TPM1,CASC15,AKAP12,SAMD4A,GRIP1,KIF26B,MACC1,LINC02615,NRG3,GULP1,ITGAV,COL4A1,RBMS3,UGCG,ACSM3,PROM1,CARMIL1,CEP112,ZNF608,PRICKLE1,AKT3,EPHA7,MAP3K1",kidney,proximal tubule epithelial cells,F
No_public_Single-nucleus,F6,SLC22A7,kidney,proximal tubule epithelial cells,F
No_public_Single-nucleus,F8,"FKBP5,SORCS1,ERRFI1,CYP3A5,BAIAP2,PLG,PDK4,CYP4A22-AS1,SLC66A2,RNF212B",kidney,proximal tubule epithelial cells,F
No_public_Single-nucleus,F9,"XIST,FKBP5,LINC00871,PCDH15,SLC22A5,PPP2R2B,ERRFI1,PDK4,KCNK5,PLG,SOX5,PPP1R16B,POR,ACSL1,UPB1,CACNA1E,ALDH4A1,GALNT2,SLC22A8,REPS2,LINC02147,MGAM,TNFRSF21,KCNMB2,AOX1,AQP4-AS1,SLC66A2,DIXDC1,ESPN,CYP4A11,BIN1,HIVEP1,BAIAP2,RASGEF1B,RNF212B,PFKFB2,TMC1,TIPARP,ELL2,unknown,SLC22A6,SHISA6,unknown,ACO1,unknown,HMGCS2,ANGPTL4",kidney,proximal tubule epithelial cells,F
No_public_Single-nucleus,M0,"CA12,GPC5,EGF,EFNA5,PTGER3,RBFOX1,CASR,PCDH9,DEPTOR,LINC01762,TRIM2,ESRRB,KLHL13,LINC01606,unknown,BACE2,OSBPL3,CACNA2D3,RHOBTB3,NOS1AP,FMN1,SIM2,MAL,CLCN5,ACOT11,SGK2,KNG1,DENND2A,LRP1B,SLC16A7,KCTD1,PRDM16,HS6ST2,CCDC148,MRPS6,SULT1C2,KCNJ1,CADM1,SGIP1,FAM171A1,PAQR5,UMOD,WNK4,RNF150,SKAP1,MYO3B,EFHD1,STK32B",kidney,unknown,M
No_public_Single-nucleus,F0,"SLC4A7,FOXP2,PRKX,KCTD16,PRDM16-DT,unknown,RAP1GAP",kidney,unknown,F
No_public_Single-nucleus,F1,"ENOX1,unknown,NPSR1-AS1",kidney,unknown,F
No_public_Single-nucleus,F3,"PAPPA2,BBOX1,NRG3,PROM1,DGKH,ITGB6,MACC1,TMPRSS4,NALF1",kidney,unknown,F
No_public_Single-nucleus,F2,"SLC12A3,SLC8A1,LRMDA,CACNB4,SCN2A,DACH1,TEX41,TRABD2B,TMEM52B,unknown,TOX3,PIK3C2G,HSD11B2,FRMD3,ADAMTS16,GRAMD1B,TRPM6,SAMD5,TBC1D9,KITLG,KLHL3,LHX1,EMX1,CACHD1,LHX1-DT,GATA3,TRPM3",kidney,unknown,F
No_public_Single-nucleus,F4,"ZBTB16,FKBP5,KCTD16,unknown,GPC6,SAMD4A,PRKX,FRY,GPAT3,unknown,PALM2AKAP2,VCL,PDK4,NEK10,HOMER1,SLC25A33,RUNX1,YWHAZ,XIST,NEDD9,SLC45A4,TIMP3,UNC13C,SEPTIN11,FOXP2,VPS37B,VAT1L,PLPP1,ABHD17C,GPCPD1,CNN3,RYBP,CDKL5,ELL2,PFKFB3,NRCAM,TLE1,POLR2A,KLF6,SHISA6,LMNA,KLF9,LTBP1,SLC19A2,FOSL2,GMPR,NAMPT,BMP6,BCL2L11,ARG2",kidney,unknown,F
No_public_Single-nucleus,M3,"GPX3,FTL,ALDOB,FTH1,ASS1,ANPEP,MIOX,AK4,GATM,AQP1,APOE,PCK1,MT1G,EEF2,RPS15,ALDH6A1,PDZK1IP1,RPLP0,ATP5F1E,GAPDH,MT2A,RPS17,RPL7,UBA52,CXCL14,HPD,ECHS1,RPS23,GPX4,RPL19",kidney,proximal tubule epithelial cells,M
No_public_Single-nucleus,F16,"PCK1,MIOX,UMOD,SLC12A1,HPD",kidney,proximal tubule epithelial cells,F
No_public_Single-nucleus,F17,"B2M,IGFBP7,HLA-A,CD24,PIGR,ITGB8,CDH6,SLC17A1,ADGRG1,CD74,COL18A1,CLDN2,NRP1,CLU,CLTRN,LAPTM4A,NTN4,THY1,MGST1,TSPAN1,TMSB10,APLP2,CST3,WWC1,CD59,NAT8,ITGAV,IL32,TNFSF10,RNF213,BSG,SDC4,HLA-B,LAMP1,TMEM176B,PPFIBP1,GSTP1,CYBA,TGOLN2,SPTBN1,HSP90B1,DCDC2,CD63,SLC22A2",kidney,proximal tubule epithelial cells,F
No_public_Single-nucleus,M8,"GRIP1,ST6GAL1,BMPR1B,PWRN1,ATP6V0A4,C11orf80,PRDM16,TOX,SLC26A7,RCAN2,PACRG,PIK3C2G,AQP2,MOB1B,ARHGAP8,FYB2,CASZ1,FREM1,EYA4,SCIN,MPPED2,CRYBG1,GATA3,SLC38A1,TSPAN5,SCN2A,SKAP1,CDH1,SPTBN2,HSD11B2,TOX3,MAL",kidney,collecting duct principal cells,M
No_public_Single-nucleus,F34,"TEX41,DACH1,APCDD1L-DT,CSGALNACT1",kidney,unknown,F
No_public_Single-nucleus,F36,"AQP2,unknown,LINC00882,unknown,EYA4,NPAS3,AQP3,FXYD4,S100A6,FAM81A,TMSB4X,PROM1,GREB1L,SLCO3A1,RPS18,SCNN1B",kidney,collecting duct principal cells,F
No_public_Single-nucleus,F35,"CLNK,ADGRF5,SLIT2,GALNT17,SLC26A7,PDE1C,CACNB2,ABCC4,RCAN2,NRXN3,HS6ST3,DSCAML1,TBC1D14,TMEM101,ATP6V0D2,SNTB1,CA8,SLC4A9,GLCCI1,SHOC1,GRB14,PRLR,ADAMTSL1,NXPH2,GPAT3,DOCK10,DOCK4,SLC4A1,LY86-AS1,ATP6V1C2,UST,LEF1,THRB-AS1,KIF21A,DOCK8,unknown,unknown,SYT17,IL18,KIT,LINC01187,GRB10,CELF2",kidney,collecting duct principal cells,F
No_public_Single-nucleus,F37,"ATP6V1C2,SEMA3C,IL18,LINC02343,SLC4A1,GRB14,DGKI,ATP6V0D2,LINC01187,KIT,GALNT17,RHCG,UST,CHL1,SRGAP1,PSMD7-DT,MARCHF1,MIR31HG,ADGRF5,SYT17,SVOPL,CPPED1,ZDHHC3,PPFIBP2,AQP6,LINC01762,IGFBP5,EXOSC7,unknown,unknown,LINC01091,ABCC4,LINC01687,STAP1,SNTB1,ARHGAP28,ADTRP,FAM184B,EDARADD,SLIT3,CLNK,KIF21A,ESR1,CR1L",kidney,collecting duct principal cells,F
No_public_Single-nucleus,F39,"PAPPA,unknown,SLC45A4,LINC01482,SGPP1,ATP1B3,PLEKHA2,PAX8-AS1,PDK4,KITLG,ROR2,IVNS1ABP,COL4A6,CREM,PLCB1,RAPH1,KSR2,GPCPD1,GPR160,TGFBR1,TACC1,unknown,SLC16A5,LYPD6B,PHTF2,unknown,FOSL2,HPCAL1,ARG2,TPM4,CNN3,RASSF8,TGFBR2,SLCO3A1,LDLRAD4,JAK2,GREB1L,POLR2A,H3-3B,CPNE8,NR4A1,PFKP,CDK18,RYBP,PIEZO1,LINC00882,SLC4A7,HGSNAT,RIMBP2,PDE8B",kidney,collecting duct principal cells,F
No_public_Single-nucleus,F38,"SLC4A9,CELF2,PDZD2,PDE1C,SNTB1,ATP6V0D2,ADAMTSL3,CA8,IGFBP5,IL18,DGKI,CERS4,CLNK,NTN1,LINC01187,GRB10,SLC35F3,ATP6V1C2,SLC26A4,MVB12B,INPP4B,PPM1E,unknown,ADAMTSL1,unknown,PARVB,TRPC1,SNED1,unknown,MYRIP,NEURL1,BCO2,KRT7,SEMA3C,TLDC2,INSRR",kidney,collecting duct principal cells,F
No_public_Single-nucleus,M2,"RBMS3,LDB2,MEIS2,CALD1,TIMP3,FBXL7,CACNA1C,IGFBP5,SLIT3,EBF1,KALRN,TMTC1,EMCN,ZEB1,LHFPL6,DLC1,ZEB2,EPAS1,ITGA1,TSHZ2,LTBP1,RARB,ZBTB46,TCF7L1,GNA14,TCF4,SNED1,SH3RF3,A2M,MEIS1,RAPGEF5,RUNX1T1,ENG,ST6GALNAC3,ELMO1,EPB41L2",kidney,fibroblast,M
No_public_Single-nucleus,F11,"C7,NEGR1,INPP4B,TSHZ2,LAMA2,NFASC,ZFPM2,GPC6,DMD,ATRNL1,TRERF1,RIPOR3,FBLN5,PDGFRA,CDH11,AFF3,FIGN,NHS,LINC00924,PRICKLE2,CCDC102B,SGIP1,PID1,ADAMTSL2,CCBE1,PLCXD3,GUCY1A2,SLIT2,XYLT1,CPED1,COL4A4,TENM3,LPAR1,ADAMTS12,ABCA6,ABCA8,MOXD1,ARHGAP15,PALLD,SLIT3,SVEP1,ROR1,CARMN,NR2F1,RERG",kidney,fibroblast,F
No_public_Single-nucleus,F13,"CDH13,ELMO1,PECAM1,ADAMTS6,EXOC6,PIK3R3,DOCK9,ABLIM1,PTPRB,RASGRF2,PLCB4,CGNL1,EGFL7,NOTCH4,ADGRL4,CSGALNACT1,CYYR1,RPS6KA2,GFOD1,SLC9A3R2,AQP1,MCTP1,ENPP2,MYOF,ANKRD28,SLC14A1,PALMD,PLXNA2,ARHGAP31,VEGFC,PIK3C2B,SHANK3,STK38L,RNF144B,ULK4,LYPD6B,EFNB2,KIAA1671,CHRM3,CPNE8,FGD5,ENTPD1,NEDD9,CD34,HEG1,PODXL",kidney,fibroblast,F
No_public_Single-nucleus,F10,"FLT1,PTPRB,ST6GALNAC3,PITPNC1,SLCO2A1,ST6GAL1,STOX2,PLPP3,DNM3,RAPGEF4,unknown,TEK,GRB10,PLAT,NRG3,PLVAP,ADGRF5,CEACAM1,EML1,SHANK3,PCED1B,PPP1R13B,PECAM1,PPP1R16B,DYSF,SEMA6A,PODXL,SH3BP5,RAMP3,SEC14L1,PRKCH,PREX2,TBCD,EGFL7,LIMS2,CHRM3,EXOC3L2,CALCRL,FGD5,PIK3R3,FRMD4B,PDE10A,CD74,HEG1,NOTCH4,ARHGAP31,ADGRB3,ADGRL4,ELMO1,KIAA1671",kidney,fibroblast,F
No_public_Single-nucleus,F12,"LTBP1,ATRNL1,PALLD,RIPOR3,HPSE2,C7,SYT1,LSAMP,MOXD1,TSHZ2,ARHGAP24,COL4A4,BMPR1B,PDGFRA,COL25A1,CASC15,KIF26B,TNC,DCN,TRERF1,SVEP1,CDH11,DLGAP1,LINC00882,NPAS2,CERS6,CA8,MIR100HG,PDE8B,COL4A3,ANGPT1,UNC5C,RANBP3L,CRISPLD2,COL14A1,CLMP,PRICKLE1,DACH2,UST,ABCC4,COL27A1,ADAMTSL2,EYA4,PLA2G4A,ITGA11,MGP,MRPS6,SLC5A3,ARHGAP42,ANTXR2",kidney,fibroblast,F
No_public_Single-nucleus,F14,"PDE3A,CARMN,GPC6,COL25A1,SDK1,CNTN4,CLMN,MYH11,DMD,UNC5C,ROR1,PDGFRB,CACNB2,TMEM131L,NTRK3,ATP10A,NRXN3,ARHGEF17,DGKG,CPM,PIP5K1B,IRAG1,NOTCH3",kidney,fibroblast,F
No_public_Single-nucleus,F15,"ZFPM2,BNC2,DCN,MGP,SVEP1,FLRT2,MIR100HG,NEGR1,NR2F1,ESR1,PID1,NAV3,EFNA5,PRICKLE1,COL1A2,SLIT2,UST,ABI3BP,FBLN1,NOX4,ANK2,TNXB,PDZRN4,COL12A1,DMD,ANTXR1,ZBTB7C,DANT2,LAMA4,PTPRS,MID1,ADAMTSL3,CELF2,BOC,FSTL1,LAMA2,LRP1,FGF14,FOXP2,DCLK1,C1S,CCDC80,PRRX1,PTPRD,IGF1",kidney,fibroblast,F
No_public_Single-nucleus,M6,"RUNX1,ELMO1,DOCK8,CELF2,CAMK1D,ANKRD44,CHST11,HDAC9,RIPOR2,DOCK10,ARHGAP15,INPP5D,PTPRC,DOCK2",kidney,unknown,M
No_public_Single-nucleus,F22,"PLXDC2,LRMDA,SLC8A1,MAML3,MEF2A,TBXAS1,FRMD4B,SLC9A9,DOCK4,RBM47,MTSS1,FGD4,FRMD4A,ZEB2,SAT1,ZFHX3,DISC1,RNF130,GAB2,VMP1,DAPK1,PSAP,NRP1,TNRC18,FMNL2,ANKS1A,FMN1,ITSN1,WDFY3,CTNND1,DNAAF9,RBPJ",kidney,unknown,F
No_public_Single-nucleus,F24,"IGKC,FBXW7,FUT8,unknown,GLCCI1,MYO1D,CARMIL1,DENND5B,MTDH,RALGPS2,SPATS2,IGHG3,CREB3L2,TPD52,SEL1L3,PECAM1,GNG7,IFNG-AS1,MIR3667HG,PCMTD1,TTC28,ELL2,GAB1,CHST15,HERPUD1,C11orf80,RRBP1,HDLBP,DIPK1A,SEC63,TXNDC11,FAM214A,TXNDC5,SLC44A1,CADPS2,SEL1L,PIP5K1B,CLPTM1L,SEC31A,HSH2D,XBP1,PDK1,STRBP,KANK1",kidney,unknown,F
No_public_Single-nucleus,F23,"SKAP1,CCND3,PITPNC1,PRKCH,FYN,PARP8,TOX,KLF12,BCL11B,INPP4B,CD247,CARD11,THEMIS,ARHGEF3,EVL,ETS1,CASK,HIVEP2,CBLB,ITGAL,PAM,SEMA4D,TNIK,TTC39C,CLEC2D,CCDC88C",kidney,unknown,F
No_public_Single-nucleus,F25,"AFF3,ARHGAP24,PRKCB,MGAT5,RIPOR2,MARCHF1,TMEM131L,OSBPL10,RALGPS2,ITPR1,WDFY4,XKR6,BACH2,BANK1,STRBP,TPD52,POU2F2,GNG7,IKZF3,ADAM28,SMAD3,RHEX,UST,IQSEC1,SEL1L3,EBF1,SP140,MICAL3,CARD11,SWAP70,RHOH,KHDRBS2,PLEKHG1,DENND5B,BCL11A,BLK,MS4A1,PAX5,NIBAN3,FCRL1",kidney,B cells,F
No_public_Single-nucleus,M9,"RBFOX1,FBXL7,FRMD4A,RHEX,NRG3,SLIT3,BICD1,ALDH1A2,PALLD,AKAP12,NALF1,RERG,TMEM178B,KCNMB2,KIF26B,KIRREL1,COL4A5,CTTNBP2,RAPGEF3,TENM3,ITGA3,ZFPM2,FAM189A1,TSPAN5,BCAM,EFCAB13,GPC4,LINC01435,MSC-AS1,CCN2,KCNT2,TSHZ2,PAG1,CDH6,ITGB3,LETR1,NPAS3,CFH,KLRG2,TMEM163,WT1",kidney,unknown,M
No_public_Single-nucleus,M4,,kidney,unknown,M
No_public_Single-nucleus,F19,"EEF1A1,SPP1,TPM1",kidney,unknown,F
No_public_Single-nucleus,F18,,kidney,unknown,F
No_public_Single-nucleus,M5,"DACH1,RBFOX1,MME,ST6GALNAC3,NPAS3,SEMA5A,MGAT5,IQGAP2,TGFBR3,RERG,ENPEP,TCF7L1,IQCJ-SCHIP1,DHRS3,PLA2R1,SGIP1,KLF7,CASZ1,CERS6,KLHL29,PTPRD,NPNT,KIRREL1,DOCK5,PODXL,PTPRO,SFMBT2,RETREG1,PALS1,ARMH4,PARVA,CACNB2,ST3GAL6,CMYA5,CDC14A,ITGA3,VEGFA,BCAM,FYN,PCED1B,NFASC,ANXA2,TENM3,PTPRQ,SNX25,CA10,EXPH5,SERINC5,CAPN2,ITGA9-AS1",kidney,podocytes,M
No_public_Single-nucleus,F20,,kidney,podocytes,F
No_public_Single-nucleus,F21,,kidney,podocytes,F
No_public_Single-nucleus,M10,"SLC16A9,CDH6,unknown,ENPEP,unknown,LINC01781,LINC00871,BHMT,RHOBTB1,TTN",kidney,proximal tubule epithelial cells,M
