Data,Cluster,Markers,Organization,cell_type,level
Obradovic_2021,M3,"TIMP3,IFI27,RNASE1,A2M,SLC9A3R2,SPARCL1,EPAS1,TM4SF1,RAMP2,PLPP1,ENG,VWF,RAMP3,EMCN,PECAM1,PLVAP,EGFL7,VAMP5,TCF4,CAVIN2,HSPG2,HYAL2,RGCC,SPRY1,HLA-DPA1,KLF2,PLPP3,SRGN,TGFBR2,MARCKSL1,HLA-DRA,NPDC1,GIMAP7,TACC1,GNAI2,RBP7,FN1,PTPRB,CLDN5,SH3BP5,HLA-DPB1,HLA-DRB1,INSR,CLEC14A,CCDC85B,MGP,SEC14L1,SLCO2A1,GAS6,SPTBN1",kidney,endothelial cells,M
Obradovic_2021,F16,,kidney,endothelial cells,F
Obradovic_2021,F11,"CLU,DUSP23,MPZL2,ARL4A,VCAM1,CPE,NR2F2,NNMT,FOXP1,PPIC,ACKR1,COL3A1",kidney,endothelial cells,F
Obradovic_2021,F15,"NNMT,CRYAB,IGFBP3,CLU,PKM,CYB5A,MIF,IL32,NDUFA4L2,SPP1,PLIN2,ADM,TPM1,LGALS3,PHPT1,VKORC1,PLA2G16,UQCR10,TAF7,ECH1,PRR13,OCIAD2,VAMP8,ATP1B1,METTL26,TMEM205,ANXA4,METTL9,CD24,MPC2,VMP1,CNDP2,VDAC1,PGRMC1,CYSTM1,FXYD2,NUPR1,BNIP3,CHCHD10,RNASET2,KRT18,BNIP3L,AKR1C3,EZR,VEGFA,TMEM176B,SERPINA1,TMEM176A,ANGPTL4,KRT8",kidney,endothelial cells,F
Obradovic_2021,F10,"INSR,EDNRB,STC1,PDGFD,ANGPT2,HES4,ESM1",kidney,kidney endothelial cells,F
Obradovic_2021,F12,"CRHBP,SOST,MT1E,S100A4,SYNE1,EHD3,MEG3,HLA-DQA1,NTN4,SLC14A1,MT1G,LGALS3BP,MT1M,EFNB1",kidney,endothelial cells,F
Obradovic_2021,F14,"C11orf96,THBD,GLUL,HEXIM1,KCNQ1OT1,PPP1R10,IER5L,UBE2S,SLC6A6,SPTAN1,ATF3,HSPH1",kidney,kidney endothelial cells,F
Obradovic_2021,F13,"SOST,CRHBP,MTRNR2L12,INTS6,SYNE1,CCND1,EHD3,MEG3,ADAMTS1,NTN4,PBX1,HIPK2,GRASP,MTRNR2L8,FKBP5,SLC14A1,F8,BTNL9,HECW2,EFNB1,CMTM8,RRAS,MAF,CDKN1C,HSPH1,SNAI1,MAFB,FGL2,GJA5,MYLK,IER5L,SLC44A1,ITGA8,LGALS3BP,KCNQ1OT1,RASD1,GIMAP8,PPP1R10,TBX3,MYO1C,ANO6,HLA-DQA2,S100A4,TEK,HLA-DQA1,CASKIN2,UBE2S,HEXIM1",kidney,endothelial cells,F
Obradovic_2021,M5,,kidney,unknown,M
Obradovic_2021,F24,"FABP7,GSTA1,S100A1,LY6E,LGALS2,RBP4,GSTA2,RARRES3,PGF,APOE,LINC02532,ECHS1,SLC25A5,RNF5,PRDX3,CARHSP1,COA3,ALDOA,BLOC1S1,ACADVL,HLA-DRB1,HLA-DRA,SCP2,EIF4G2,SMPDL3A,CYB5R3,PNCK,FBXL5,AC087482.1,KHK,NAT8,DNPH1,SLC9A3R1,SDHD,PSMB8,SDCBP,KLHDC2,ISOC2,GPI,IDH2,LINC01127,GRHPR,HLA-DPA1,BBOX1,ARPC2,C11orf54,NDUFS8,TSPAN1,AP2S1,DECR1",kidney,unknown,F
Obradovic_2021,F22,"FABP7,RARRES3,GSTA1,GSTA2,LGALS2,S100A1",kidney,unknown,F
Obradovic_2021,F21,"CYR61,ATF3,TNFRSF12A,SERTAD1,MYC,VMP1,FOSB,IRF1,HSPA1B,CDKN1A",kidney,unknown,F
Obradovic_2021,F23,"ADM,ZBTB20",kidney,unknown,F
Obradovic_2021,M0,"RGS5,MGP,C11orf96,BGN,TAGLN,SPARCL1,MYL9,ACTA2,SPARC,TPM2,ID3,CPE,A2M,FN1,GJA4,FRZB,COL6A2,RGS16,LHFPL6,EPAS1,PLAC9,SRGN,ID4,NR4A1,CYTOR,PGF,MAP1B,COL4A1,MFGE8,ITM2C,HES4,TPM4,ISG15,ADAMTS1,COL4A2,NR2F2,GEM,CSRP2,TPPP3,MEF2C,CPM,CRISPLD2,SOD3,OAZ2,CRIP1,COL1A2,ARHGDIB,MYLK,CD36,PLN",kidney,pericytes,M
Obradovic_2021,F2,,kidney,unknown,F
Obradovic_2021,F1,"CLU,S100A10,SPP1,CD24,CYB5A,KRT18,RARRES2,PLIN2,IL32,IGFBP3,ANXA4,EZR,TNFRSF12A,BNIP3,VDAC1,NUPR1,VEGFA,KRT8,TMEM176A,TMEM176B,ATP1B1,METTL26,DARS,PLA2G16,S100A13,HILPDA,SERPINA1,CNDP2,IMPA2,NDRG1,FABP7,CD74,CLDN4,HLA-DQB1,FXYD2,DEFB1,WFDC2,SPINT2,CXCL14,OCIAD2,CCDC146,KRT19,PDZK1IP1,ELF3,SLC3A1,EGLN3,SLC16A3,S100A1,CMBL,TCEA3",kidney,proximal tubule epithelial cells,F
Obradovic_2021,F0,"UBE2S,HSPA1B,MTRNR2L8,IER5L,KLF4,NRARP,MTRNR2L12,GNAI2,CCND2,MIR22HG,CBX4,EIF5A",kidney,pericytes,F
Obradovic_2021,M4,"SERPINA1,ANGPTL4,CXCL14,RNASET2,SLC17A3,LINC01320,CCDC146,BIRC3,VEGFA,TYMP,LGALS2,CLTRN,SLC3A1,MGST1,SLC16A3,CA12,C19orf33,CA9,BBOX1,PFKP,RETREG1,CD70,HILPDA,IGFBP3,EGLN3,ALDH1A1,C12orf75,SPINT2,NAT8,HIST1H1C,TCEA3",kidney,proximal tubule epithelial cells,M
Obradovic_2021,F17,"MT1E,CEBPB,TGFBI,BST2,SMIM24,PLP2,TMEM91,S100A1,ADSSL1,TIPARP,CD68,MDK,FXYD5,NEFL,TRIM54,AEBP1,COL8A1",kidney,proximal tubule epithelial cells,F
Obradovic_2021,F18,"FABP7,IGFBP6,SERPINF2,LGALS4,PTN,HLA-DPA1,PIGR,CSRP2,CTSC,HIST1H2AC,PCSK1N",kidney,proximal tubule epithelial cells,F
Obradovic_2021,F20,"CCL2,HSPA1B",kidney,proximal tubule epithelial cells,F
Obradovic_2021,F19,"FABP7,PIGR,IGFBP5,S100A1,JUND,CD81,CP,RBP4,MMP7,TM4SF1,WFDC2,HLA-DQB1,NAPSA,CLDN7,COL23A1,GNAS,HES4,KRT7,SLC6A8,CLDN3,FOLR1,KLF4,EPCAM,HDGF,MAL2,IVNS1ABP,EPHX1,MUC1,SLPI,PMP22,TACSTD2,AES,CD46,COL18A1,KLF2,VEGFB,SCD5,NOV,IER5L,HLA-G,EMP1,SCGB3A1,MYL9,TSPAN33,TPM4,FOXJ3,SCARA3,SCIN,AIF1L",kidney,proximal tubule epithelial cells,F
Obradovic_2021,M8,"SRGN,ARHGDIB,S100A4,ATP1B3,GMFG,NR4A2,CREM,CXCR4,REL",kidney,fibroblasts,M
Obradovic_2021,F28,"CXCR4,S100A4,IL32,BIRC3,RNASET2,CD44,CLEC2B,ARL4C,COTL1,VAMP8,ELF1,HIGD2A,ISG20,DUSP2,LAPTM5",kidney,fibroblasts,F
Obradovic_2021,F29,"RGS5,ID3,CALD1,IGFBP7,BGN,C11orf96,ID1,ADIRF,NDUFA4L2,SPARCL1,MYL9,PHLDA1,ACTA2,SPARC,COL6A2,GJA4,TPM2,CD36,GEM,THY1,CPE,ITM2C,IFI27,EPAS1,MGP,IGFBP4,GSN,LHFPL6,TPM1,HES4,TAGLN,TINAGL1,PGF,LGALS3BP,SERPING1,NR2F2,HES1,EPS8,PMEPA1,ISG15,MCAM,CRISPLD2,MIR4435-2HG,CRIP2,ADAMTS1,SERPINH1,PLAC9,PPP1R12A,CSRP2,FRZB",kidney,fibroblasts,F
Obradovic_2021,M6,"MT1G,ALDOB,MT1X,GATM,PDZK1IP1,APOE,MIOX,MT1F,SUCLG1,RBP5,GSTA1,ECHS1,PDZK1,PCK1,ASS1,HPD,BBOX1,BHMT,MT1H,RIDA,C11orf54,AKR1A1,CRYL1,SMIM24,LGALS2,NAT8,DCXR,PEPD,UGT2B7,SAT2,PCSK1N,BDH2,ALDH2,GLYAT,FABP1,SH3YL1,COTL1,GCSH,CLTRN,AK4,ALB,BHMT2,ALDH6A1,CAT,FBP1,KHK,MDH1,DDC,ACAA1,GSTA2",kidney,proximal tubule epithelial cells,M
Obradovic_2021,M2,"MT1G,WFDC2,DEFB1,MT1F,CLDN4,KRT19,ELF3,PCSK1N,TSPAN1,MMP7,ITM2C,GDF15,TCIM,KRT7,TACSTD2,SLPI,EPCAM,CLDN3,CLDN7,MAL,S100A2,MUC1,C4orf48",kidney,kidney epithelial cells,M
Obradovic_2021,F7,"IL32,VIM,REG1A,VCAM1,MT1H,SERPINA1,MGST1,PDZK1IP1,CALD1,PLIN2,RETREG1,UGCG,CARHSP1,SLC3A1,RARRES2,GATM,PIGR,ANPEP,ACSM2A,MT1M,LGALS2,CXCL1,AKAP12",kidney,proximal tubule epithelial cells,F
Obradovic_2021,F6,"CLDN10,TSPAN8,SLC12A1,PAPPA2",kidney,distal convoluted tubule epithelial cells,F
Obradovic_2021,F9,"FXYD4,WNK1",kidney,kidney epithelial cells,F
Obradovic_2021,F8,"HLA-DRA,ID3,IFI27,SPARCL1,MGP,GNG11,IGFBP5,TM4SF1,SOCS3,TIMP3,HLA-DRB1,ACKR1,SPARC,HLA-DRB5,IGFBP4,HLA-DPA1,VAMP5,SPRY1,RNASE1,VWF,CCDC85B,RAMP2,CLDN5,DNASE1L3,SLC2A3,PECAM1,PLVAP,ENG,RAMP3,SH3BP5,TMEM88,TCF4,GIMAP7,FAM167B,CAVIN2,A2M,EMCN,CLEC14A",kidney,kidney endothelial cells,F
Obradovic_2021,M9,"MZT2A,PLP2,C12orf75,CD70,CDK2AP2,UBE2S,CA9,SMS,HMGB2,STMN1,RPA3,H2AFV,H2AFY,LSM4,CKS1B,JPT1,CKS2,SMC4,TYMS",kidney,unknown,M
Obradovic_2021,M1,"FABP7,HLA-DQB1,S100A1,MT1F,DEFB1,CLDN4,CCDC146,IGFBP3,FHL1,ELF3,TACSTD2,PERP,CKB,CP,UGT2B7,COL23A1,NOL3,KRT19,CLDN7,EGLN3,AHNAK2,CITED2,KRT7,FBXO17,MT3,SLC16A3,KISS1R,WFDC2,HILPDA",kidney,proximal tubule epithelial cells,M
Obradovic_2021,F4,"MAFF,CYTOR,PHLDA1,FHL2",kidney,proximal tubule epithelial cells,F
Obradovic_2021,F5,EDN1,kidney,proximal tubule epithelial cells,F
Obradovic_2021,M7,"CXCL2,CCL2,RRAD,VCAM1,BIRC3,SLC16A3,PIM3,PFKP,TUBA1C,SDC4",kidney,unknown,M
Obradovic_2021,F26,"CCDC146,GSTA1,GPX3,MAL",kidney,unknown,F
Obradovic_2021,F27,"DNAJB1,FABP7,GDF15,HSPH1,HSPA1B,TGM2,DDIT3,RAMP1,EDIL3",kidney,unknown,F
Obradovic_2021,M10,"FABP7,VEGFA,TNFSF10,EGLN3,RARRES3,GDF15,HLA-DPB1,PSMB9,TMEM91,PLEKHA1,GYPC,HIST1H1C,SST,SEC11C,PURA,PFKP,MTRNR2L12,CDV3,LINC01320,HAX1,FXYD1,LGI4,MYH8,MLEC",kidney,unknown,M
