Data,Cluster,Markers,Organization,cell_type,level
Pal_2021_3,M5,"IGKC,IGHG1,IGHG3,HSP90B1,HERPUD1,IGLC2,FKBP2,SELENOK,GSTP1,IGHG4,SELENOS,RGS1,PRDX4,SEC11C,MZB1,ISG20,JCHAIN,ITM2C,FKBP11,CD79A,DERL3",breast,plasma cells,M
Pal_2021_3,F22,"JUN,HSP90AA1,HSPA1A,NEAT1,FOS,HERPUD1,HSPA1B,UBC,DUSP1,DNAJB1,TSC22D3,FOSB,RGS1,HSP90B1,NFKBIA,XIST,HSPB1,RABAC1,EEF1D,DDX5,RPL23A,PFDN5,HSPA8,RPS6,CIRBP,RPL9,UBB,SEC62,RPL7,ITM2C,RPL13A,RPS20,ATP5MG,ISG20,ACTG1,SAT1,CD79A,COX7A2,RPL5,RPL36AL,RPL14,MANF,H3F3B,RPL4,TMBIM6,SDF2L1,HLA-A,PPIB,ACTB,EIF1",breast,plasma cells,F
Pal_2021_3,F23,,breast,plasma cells,F
Pal_2021_3,M7,"TFF3,ADIRF,TFF1,KRT7,CD24,XBP1,ATP5MPL,TPM1,KRT8,TMBIM6,DYNLT1,YWHAB,NDUFB2,KRT18,TSTD1,SLC39A6,ANKRD30A,S100A13,HSBP1,SLC25A3,MARCKSL1,MDK,NDUFB4,COX5B,CLDN4,PHPT1,EEF2,CRIP2,LAPTM4A,PBX1,GLUL,SLC38A1,CYB5A,PERP,NDUFS8,DHCR24,GNAS,MZT2A,DSP,BRK1,SMIM14,SMIM22,EIF3H,TSPAN13,TMED2,MGST1,PCBP2,NUPR1,KTN1,NDUFC2",breast,luminal epithelial cells,M
Pal_2021_3,F28,"AREG,TXNIP,RAB11FIP1,S100A7,CALML5,NPW,NSD3,RRBP1,ATF3,HSPH1,S100A9,CD74,FAM210B,MTRNR2L8,IGKC,RNF213,MRPL15,RB1CC1,HLA-E,ESF1,PUF60,RTF2,LGALS3BP,APOD,RBCK1,JUP,SERHL2,CLDN3,YPEL3,SNX5,SDC1,MUC5B,ZC3H13,ZNF217,CST6,FCGRT,GRN,TMEM150C,CLIC3,C15orf48,PRPF6,ALDH2,ASH2L,SLC16A3,TMEM176A,TINCR,PODXL2,GDPD3",breast,luminal epithelial cells,F
Pal_2021_3,F25,"CXCL13,METRN,UGDH,S100P,CRISP3,TUBA3D,GJA1,CCDC74A,PREX1,MT1G,SLC40A1,CLIC6,CHPT1,SIAH2,EEF1A2",breast,luminal epithelial cells,F
Pal_2021_3,F27,"KRT7,IFI27,IGFBP5,PERP,MUCL1,VIM,CLIC3,ANKRD30A,PDSS2,NAMPT,BNIP3,LMO4,ITGB1,CKB,STMN1,PNRC1,ABRACL,C4orf48,NR2F1,PIK3R1,TMA16,ARMT1,PCMT1,THUMPD3-AS1,MSRB2,LPP,SCOC,AARD,POP7,TFAP2A,TCAF1,CRACR2B,CTNND1,PRLR,TFG,CALU,PAK2,AP3S1,LMAN1,PRKAR2B,AREG,CREB3L2,RAB18,VAV3,P4HA1,COMMD3,YWHAH,KLK11,TNNT1,LINC01133",breast,luminal epithelial cells,F
Pal_2021_3,F26,"PIP,LINC01238,IFI27,CLEC3A,ANKRD30A,CXCL14,KCNE4,MRPS30-DT,RHOBTB3,CST5,CRABP2,IFITM3,AGR3,PRSS23,TCIM,TIMP1,TFF1,MRPS30,ISG15,BMPR1B,PKIB,NFKBIA,TM4SF1,CST2,KCNJ3,PLAT,C6orf48,TRPA1,IFITM2,SLITRK6,DNAJC1,SSFA2,AC105999.2,TPRG1,GLRX,ZNF385D,NPY1R,NR4A2,NAT1,PI15,SORBS2,IFITM1,NOVA1,ECM1,GATA3-AS1,TMEM98,BASP1,AC018816.1,FGF10,HLA-A",breast,luminal epithelial cells,F
Pal_2021_3,F30,"ATF3,WFDC2,PLAT,CEBPD,CHPT1,STC2,GSTP1,SLC4A7,TNFSF10,SGK3,YBX3,NEK10,ZFP36L2",breast,luminal epithelial cells (stress-responsive subset),F
Pal_2021_3,F33,"MUCL1,SCGB2A2,CRISP3,SCGB1D2,LMO4,WFDC2,CALML5,PIP,MT-ATP8,LGALS3BP,NUCB2,TNFSF10,SEC22B,GSTP1,KIAA1324,NUDT8,ZFP36L2,MAGED1,VCP,CITED2,MARCKS,TSPAN1,IGFBP2,RRBP1,PDIA4,LRRC26,CYP4X1,CYP4Z1,NFATC4,IFI27L2,SHROOM1,SESN3,MZB1,AC092069.1,AC093001.1,SCGB2A1,LRG1,DHRS2,MRI1,CNKSR1,TRIB2,WDR83,CBR1,KCNC2,TTLL5,RGP1,EIF2AK3,CREB3L1,CRAT,CUEDC1",breast,luminal epithelial cells,F
Pal_2021_3,F29,"SCGB2A2,TXNIP,NSD3,RSF1,AAMDC,DUSP4,EVA1B,KCNQ1OT1,PITX1,SOX9,TFAP2B,ALG8,NFIB,PEG3,SRARP,THAP12,KRT81,LINC02584,NBL1,RBP1,ORAOV1,OBP2B,SMOC2,GAB2,AP002495.2",breast,luminal epithelial cells,F
Pal_2021_3,F31,"MRPS30-DT,MRPS30,PARD6B,STC2,ELP2,FSIP1,LAMA5,PTPN1,TMEM101,TMEM150C",breast,luminal epithelial cells,F
Pal_2021_3,F32,"IGFBP5,BMPR1B,SCGB1D2,CD74,IGKC,NR4A1,KRT15,DSCAM-AS1,RHOV",breast,luminal epithelial cells,F
Pal_2021_3,M1,"CCL5,S100A4,SRGN,IL32,ZFP36L2,RGS1,HCST,CD69,CD52,CXCR4",breast,T cells,M
Pal_2021_3,F4,"DNAJB1,HSPA1A,DUSP4",breast,unknown,F
Pal_2021_3,F2,"GNLY,NKG7,AREG,CD24,MUCL1,MT-ND4L,CTSW,CD7,IFI27,CD63,KLRD1",breast,gamma delta T cells,F
Pal_2021_3,F3,"RPL31,RPL36A,IL7R,RPS17,HNRNPA1,ZFP36,LTB",breast,naive T cells,F
Pal_2021_3,F5,"CD24,MUCL1,DBI,IFI27,ATP5MD,UBL5,PPDPF,COPS9,SEC61G,UQCR10,KRT19,MZT2B,DSTN,PPIA,UQCRQ,KRT7,LDHA,WDR83OS,COX6B1,GNG5,SERP1,HSPE1,S100A10,ATP5ME,MIF,COX6C,GPX4,SLC25A3,NDUFB7,TSPO,COX7B,PEBP1,LSM3,NDUFA4,COX6A1,DYNLT1,PSME2,COX20,PSMB1,HMGN2,KRT18,SNRPE,NDUFA11,NDUFS5,HSPB1,S100A11,ANXA2,RABAC1,SRP9,EIF3H",breast,unknown,F
Pal_2021_3,F6,"NKG7,GNLY,KLRD1,IFITM2,KLRB1,GZMB,TYROBP,ITGB2,GZMH,FAM133B,CD247,AES,RAP1B,MSN,PRF1,ARL4C,GIMAP4,ATM,SRSF9,IL2RB,RAC2,HOPX",breast,Natural Killer (NK) cells,F
Pal_2021_3,M3,"CD74,HLA-DRA,HLA-DRB1,APOE,S100A4,HLA-DPB1,IGKC,HLA-DPA1,TYROBP,CTSB,HLA-DRB5,LAPTM5,CTSZ,HLA-DQB1,HLA-DQA1,CAPG,FCER1G,GRN,GSTP1,MARCKS,HLA-DMA,RGS1,SRGN,CCL4,CXCR4",breast,macrophages,M
Pal_2021_3,F15,"CD52,CD69,MS4A1,LTB,IGHM,RPS17,RPL17,IGLC2",breast,B cells,F
Pal_2021_3,F18,"CD69,EGR1,ANXA1,LAPTM4A,TPSB2,AREG,TPSAB1,FOXP1,SELENOK,RAC2,LMO4,SAMSN1,NFKBIZ,LTC4S,ALOX5,CPA3,RGS13,MS4A2,HPGDS,CLU,GATA2,HPGD,KIT,SLC18A2",breast,mast cells,F
Pal_2021_3,F13,"CCL3,CCL3L1",breast,macrophages,F
Pal_2021_3,F14,"CTSD,TXNIP,C1QC,CD63,MARCKS,HLA-DQB1,CD14,CTSS,GLUL,SOD2,FN1,ITGB2,C1QA,HLA-DQA1,CD81,FCGR3A,APOC1,SDCBP,GPNMB,GRN,ZFP36L1,CTSL,TMEM176B,GNAI2,MCL1,PLIN2,CEBPB,BRI3,STAT1,A2M,MAFB,DAB2,PLD3,TREM2,FABP5,RTN4,NUPR1,XIST,CD9,RHOB,FYB1,MGST3,KCTD12,RNASET2,SGK1,HSPA5,ADAP2,ANXA5,APLP2,GSN",breast,tumor-associated macrophages (TAMs),F
Pal_2021_3,F17,"HSPB1,CRIP1,PPDPF,KRT19,MIF,XBP1,MGP,MT2A,LY6E,H2AFJ,NDUFB9,ADIRF,SCGB2A2,KRT18,S100A14,IGFBP5,AZGP1,FXYD3",breast,unknown,F
Pal_2021_3,F16,"IGKC,HMGN2,TUBB,HIST1H4C,HMGN1,IGHM,SLC25A5,IGLC2,CORO1A,MS4A1,STMN1,RAN,HMGB2,MARCKSL1,LTB,BASP1,EZR,H2AFV,SMIM14,RBMX,UCP2,GDI2,DEK,HMGA1,ISG20,LDHB,UBE2I,RPL17,SRSF9,MIF,PPP1CA,IGHG3,CD79B,METAP2,TCL1A,CD79A,RBBP4,HNRNPM,DUT,IGHG1,SNRPB,NDUFA13,SYPL1,HNRNPF,CD52,LIMD2,PCLAF,CBX3,ERH,ANP32B",breast,B cells,F
Pal_2021_3,F20,"GPR183,ALOX5AP,SEC61B,SEC61G,AREG,IRF8,TCF4,DDIT4,SPCS1,LTB,IFI44L,PRMT9,UBE2S,JCHAIN,ISG20,BCL11A,MDM4,IRF7,PPP1R14B,SOX4,UGCG,AC007952.4,CCDC50,PLAC8,C12orf75,MZB1,PLD4,GZMB",breast,macrophages,F
Pal_2021_3,F19,"ENO1,ACP5,MMP9,ATP6V0B,ATP6V1G1,RGS10,ATP5ME,CD68,UQCRQ,NDUFS5,GSN,CHCHD10,NDUFS8,CSF1R,SPI1,MT-ND4L,CKLF,AURKAIP1,P4HB,TIMP2,EIF5A,RAC2,ATP6V1B2,TKT,CANX,ATP5MC1,EIF3G,NDUFA11,TCIRG1,TUFM,SLC16A3,HM13,SEC11A,NRP2,ITGB1,ATOX1,ATP5F1B,PPP1R14B,NDUFS6,CKB,HSPA5,PGAM1,CTSK,TFRC,VDAC2,ATP6V1A,SPP1,FOSL2,PLD3,ANPEP",breast,tumor-associated macrophages (TAMs),F
Pal_2021_3,M2,"VIM,IFITM3,TIMP1,COL1A2,COL1A1,FN1,IGFBP7,COL3A1,SPARC,TIMP3,CALD1,ITGB1,LUM,GSN,MARCKS,TAGLN,DCN,IGFBP4,COL6A1,COL6A2,MYL9,TCF4,SPARCL1,BGN,SERPING1,TPM2,NNMT,ZBTB20,CAVIN1,GSTP1",breast,fibroblasts,M
Pal_2021_3,F11,"KRT19,SAA1,SCGB2A2,KRT17,SFRP1,XBP1,KRT18,MMP7,KRT15,CLU,ZFAS1,KRT8,PTN,KRT14,CD74,KRT7,AZGP1,ATF3,SOD2,PPA1,SET,TACSTD2,PERP,ANXA1,CD24,ELF3,WFDC2,FXYD3,RARRES3,TNFSF10,SLC25A37,SLPI,CAST,SPINT2,CLDN4,RARRES1,S100A9,HLA-DRA,HEBP2,TOMM20,MARCKSL1,SAA2,TRPS1,NDRG2,TSTD1,KRT6B,LTF,MGST1,DSP,EFNA1",breast,luminal epithelial cells,F
Pal_2021_3,F12,"APOE,MT1X,KRT17,NPC2,A2M,MT1E,KRT14,MYLK,PTN,DST,PERP,SAA1,FBXO32,FXYD3,CRYAB,CD44,S100A2,IER3,CSRP1,PDLIM1,FAM210B,PDLIM4,KRT5,KRT7,BHLHE41,SNCG,CLU,SPINT2,C2orf40,SFRP1,SFN,MIA,ITGA2,TACSTD2,COL17A1",breast,cancer-associated fibroblasts (CAFs),F
Pal_2021_3,F7,"COL1A1,LUM,COL3A1,MMP11,POSTN,RARRES2,SFRP2,DCN,CTHRC1,VCAN,CTSK,COL5A2,COL6A3,THBS2,COL10A1,INHBA,NBL1,ISLR,THY1,AEBP1,SULF1,COL12A1,ASPN,COL5A1",breast,fibroblasts,F
Pal_2021_3,F10,"ACTA2,ADIRF,RGS5,COL4A1,PDGFRB,LHFPL6,MEF2C,MYLK,CRIP1,SOD3,PLAC9,NDUFA4L2,NR2F2,NOTCH3,CARMN,MCAM,JAG1,MAP3K20",breast,pericytes,F
Pal_2021_3,F9,"CD74,A2M,HSPG2,HLA-DRA,TM4SF1,VWF,ENG,KLF2,HLA-DRB1,ID1,GNG11,RAMP2,MSN,NPDC1,PECAM1,AQP1,EGFL7,PLVAP,TGFBR2,STOM,COL4A1,ADGRL4,EPAS1,MEF2C,COL4A2,RNASE1,SLC9A3R2,RAMP3,HYAL2,CD93,COL15A1,CLEC14A,INSR",breast,fibroblasts,F
Pal_2021_3,F8,"APOD,DCN,CCDC80,CXCL14,LUM,FBLN1,C1S,SPRY1,CXCL12,CFD,SELENOP,CPE,MEG3,PLAC9,LRP1,IGF1,CEBPD,C3,ITM2A,LHFPL6,CEBPB,COL14A1,NFIA,NR2F1,CYP1B1,CRISPLD2,IGFBP6,LMO4,FBLN2,TMEM176B,CTSK,PLPP3,PDGFRA,ADD3,GPNMB,MMP2,FGF7,MFAP4,MAFB,SPON2,SFRP2",breast,fibroblasts,F
Pal_2021_3,M0,"MGP,IGFBP5,CRIP1,KRT15,STC2,S100A14,TMEM101,EVA1B",breast,unknown,M
Pal_2021_3,F0,,breast,unknown,F
Pal_2021_3,F1,"MT2A,TUBA1B,HIST1H4C,H2AFZ,HMGN2,MT1E,HINT1,HMGB2,HMGB1,COX8A,TK1,H2AFV,STMN1,LSM4,TUBB,JPT1,HNRNPA1,TAGLN2,SNRPB,CALM2,HNRNPA2B1",breast,unknown,F
Pal_2021_3,M4,"CD24,S100A10,IFI27,MUCL1,KRT7,DYNLT1,NDUFC1,HEBP2,COX20,SELENOP,CLIC3,CYB5A,PDSS2,BNIP3,GTF2H5,GSTM3,GGCT,SCOC,BLVRB,CKB",breast,luminal epithelial cells,M
Pal_2021_3,M6,"MT-ATP8,MT-ND6,MTRNR2L12",breast,unknown,M
Pal_2021_3,M8,"SLC25A37,HBB,HBA2",breast,erythrocytes or erythroid precursors,M
