Data,Cluster,Markers,Organization,cell_type,level
Pal_2021_5,M7,"KRT19,MARCKSL1,ELF3,NOP53,EIF3L,MT1E,CTNNB1,NDUFB9,KRT15,KMT2E,SOX4,SRSF9,MT1G,SNHG8,NR4A1,SNORC,ARPC1A,POLR2J,EIF3D,FBL,S100A13,CCND1,RPL17,SNHG7,FABP7,NFIB,MDK,LUC7L3,SCRG1,NDRG2,MT1H,ERGIC3,KLK11,HEBP2,POLR2F,TP53I13,ROCR,OBP2B,HES1,PCSK1N,POLR2J3.1,KRT7,NEDD4L,RAMP2,LINC00685,SCGB3A1,TTYH1,PPP1R1B,MYEOV,ELF5",breast,luminal epithelial cells,M
Pal_2021_5,F31,,breast,luminal epithelial cells,F
Pal_2021_5,F30,"PCLAF,UBE2C,TYMS,TOP2A,UBE2T,BIRC5,MAD2L1,HELLS,TK1,MKI67,SKA2,PRC1,ZWINT,CDK1",breast,proliferating luminal epithelial cells,F
Pal_2021_5,M0,"KRT17,KRT14,MT1X,TACSTD2,SOX4,HSPB1,SPINT2,CALML5,LMNA,TM4SF1,SLC25A5,CDKN2A,RANBP1,ARGLU1,ANXA2,CLTA,TPM1,KRT5,KRT8,PKM,TAGLN2,CSTB,GSN,HIST1H4C,NDUFA4L2,MAL2,DSTN,P4HB,MGST3,YBX3,KRT6A,KRT6B,SELENOS,TUBB,MGST1,BTG2,NDUFAB1,STOML2,YWHAQ,LSR,CEBPD,S100A9,CD9,EPCAM,SNRPD1,PCLAF,TPM2,PERP,MTCH1,RTN4",breast,basal epithelial cells,M
Pal_2021_5,F4,,breast,unknown,F
Pal_2021_5,F1,"IGFBP5,VIM,TSEN34,CXCL14,C6orf48,S100A1,TTYH1,TTC3,FBL,MGP,MDK,ABRACL,KLF6,SLC9A3R1,ETFB,CBR3,REXO2,COMT,POLR1D,SNHG8,SH3YL1,SLC3A2,THUMPD3-AS1,BEX3,HIGD2A,S100A13,ACTL6A,TUBA1A,CNPY2,NDUFB3,PCMT1,TCTEX1D2,RAB10,TMEM205,CDC123,TMED10,PSMB4,VCAN,HDAC2,CDK4,ARL6IP5,CALML3,LAMTOR2,DPY30,CBR1,KDELR1,HEXIM1,GDI2,RABAC1,HEY1",breast,basal epithelial cells,F
Pal_2021_5,F0,"PCLAF,UBE2C,PTTG1,TYMS,KPNA2,CDK1,TK1,UBE2T,ASF1B,SMC4,BIRC5,FDCSP,CEP55,TNFAIP6",breast,proliferating basal epithelial cells,F
Pal_2021_5,F3,"IFI27,MDK,TAGLN,IFI6,BST2,HSPA1B,CTNNB1,AARD,APOE,HIST1H1C,KRT81,MYH9,TUBA1A,NFIB,THUMPD3-AS1,TRPS1,MIA,NBDY,HIST1H2AC,SELENOH,ACTA2,MYL9,MANF,DSC2,LGALS3BP,TUSC3,SMDT1,CTHRC1,ACTG2,CP,NBEAL1,CCDC167,FBXO32,BNIP3,C6orf62,TIMM10,ISG15,NDUFAF3,COTL1,SCRG1,TAP1,PCP4,UBE2L6,TIMP3,SDC2,HRCT1,MYLK,ITM2C,FBLN2,CRISPLD1",breast,myoepithelial cells,F
Pal_2021_5,F2,"TAGLN,ISG15,ACTA2,IGKC,BST2,FOSB,RHOB,MTRNR2L8,MTRNR2L12,IFI6,TIMP3,IGHG1",breast,myoepithelial cells,F
Pal_2021_5,M2,"CCL5,CD52,CXCR4,PTPRC,CD69,CD2,CORO1A,HCST,IFI16,EVL,CD3D,ARHGDIB,TRAC,TNFAIP3,IFITM2,SRGN,RGS1",breast,T cells,M
Pal_2021_5,F14,"GNLY,NKG7,GZMA,GZMB,CLEC2B,CD7,CD63,KLRD1,CTSW,PRF1,HOPX,CST7,RUNX3,CCL4",breast,cytotoxic T cells,F
Pal_2021_5,F15,"HLA-DRA,HLA-DRB1,HLA-DPA1,HLA-DPB1,CD37,HLA-DQB1,MS4A1,HLA-DQA1,CD83,CD79A",breast,unknown,F
Pal_2021_5,F16,"PMAIP1,DUSP4,COX5A,CYTOR,CD27,TIGIT,CTSC,TNFRSF18,SPOCK2,CARD16,TNFRSF4,BATF,UGP2,TNFRSF1B,TYMP,ICOS,ARID5B,CTLA4",breast,regulatory T cells (Tregs),F
Pal_2021_5,F12,IL7R,breast,unknown,F
Pal_2021_5,F17,"H2AFZ,TUBA1B,HMGN2,HMGB2,TUBB,COX8A,ANP32B,UBE2S,H2AFV,CALM3,DEK,HIST1H4C,SNRPG,STMN1,COTL1,TUBB4B,LSM7,XRCC5,RAN,COX6A1,SLC25A5,MZT2B,JPT1,SRSF11,PARK7,PKM,CYTOR,ATP5F1B,ANXA2,LDHA,SET,PRELID1,ANP32E,RAC1,GNLY,ATP5MC3,ARL6IP1,RANBP1,HNRNPA3,BLOC1S1,DUSP4,COPE,ANXA5,ARPC5,PTTG1,CAPZA1,NDUFB7,CRIP1,ATP5IF1,PSMB8",breast,unknown,F
Pal_2021_5,F13,"HSPA1A,ID2,DNAJB1,ZFP36,HSPA1B,RPL36A,RPS17,PPDPF,BTG2,DUSP2,RPL17",breast,unknown,F
Pal_2021_5,M3,"IGKC,IGHG1,IGHG3,IGLC2,IGLC3,XBP1,IGHG4,IGHA1,IGHGP,JCHAIN,MZB1,PRDX4,SEC11C,FKBP2,SDF2L1,SPCS3,ITM2C,FKBP11,CD79A,TENT5C,CD38,DERL3,FCRL5",breast,plasma cells,M
Pal_2021_5,F18,,breast,plasma cells,F
Pal_2021_5,F19,TUBA1B,breast,unknown,F
Pal_2021_5,F20,,breast,plasma cells,F
Pal_2021_5,M6,"MGP,BST2,MMP7,SAA1,MTRNR2L8,CLDN3,S100A13,S100A1,MTRNR2L12,COL6A2,ATP1B1,CLU,COL6A1,LTF",breast,unknown,M
Pal_2021_5,F27,,breast,unknown,F
Pal_2021_5,F26,"IFI27,PMAIP1,BGN,COL6A2,TAGLN,LMO4,IFI16,YWHAB,BCL2A1,C4orf3,EMP2,GLS,GADD45A,KDELR2,RDX,OSTC,NENF,ARGLU1,RAB2A,C1S,SOX9,ANXA5,APLP2,CCT6A,ABRACL,NDUFA13,ZC3H15,RAD21,ITGB1,BSG,LSM7,ZNF706,FABP7,PSMA7,ARPC5,NASP,LSM4,HNRNPD,EIF5B,STAT1,HEBP2,TMEM123,BRD4,TECR,TIMM8B,COL4A2,ROMO1,FLNA,TPM3,IRF2BP2",breast,unknown,F
Pal_2021_5,F29,"AZGP1,ADIRF,SLC39A6,GATA3,TCIM,MAGED2,IFITM2,TNFSF10,ANKRD30A,EVL,SLC40A1,PLAT,TFF3,AGR2,AGR3,AREG,GALNT6,AFF3,DNAJC12,NTN4,CA12,AK5,RAB27B,AR",breast,luminal epithelial cells of the breast,F
Pal_2021_5,F28,"AZGP1,S100A9,RARRES1,CXCL2,SAA2,PIGR,SNORC,NFIB,NOP53,TNFSF10,PDZK1IP1,NDRG2,CCL28",breast,unknown,F
Pal_2021_5,M1,"HLA-DRA,HLA-DRB1,HLA-DPA1,SRGN,HLA-DPB1,LYZ,APOE,CTSB,LAPTM5,TYROBP,FCER1G,CTSD,SOD2,HLA-DQB1,HLA-DQA1,GLUL,GRN,CTSZ,CTSS,C1QA,STAT1,APOC1,C15orf48,AIF1,NAMPT,MAFB,GPR183,LCP1,HLA-DMA,RNASE1,SPP1,FYB1,ALOX5AP,ZEB2,RNASET2,TNFAIP3,ITGB2,HLA-DRB5,PLAUR,GPNMB,C1QB,CD83,EMP3,FCGR3A,CD68,LAP3,CD14,COTL1,SGK1,MS4A6A",breast,macrophages,M
Pal_2021_5,F6,"APOE,RNASE1,APOC1,PLIN2,CTSL,GPNMB,DAB2,MSR1,PLD3,CCL2,FCGR3A,NUPR1,CD163,HMOX1",breast,tumor-associated macrophages (TAMs),F
Pal_2021_5,F8,"JCHAIN,GZMB,TCF4,IRF7,PLAC8,PPP1R14B,SERPINF1,AC007952.4,STMN1,ISG20,UGCG,RAB11FIP1,TSPAN13,CCDC50,ITM2C,PLD4,C12orf75,IRF8,CLIC3,BCL11A,TPM2,SELL,LILRA4,SPIB,LTB,IL3RA,SMPD3,MZB1,IGHM",breast,plasmacytoid dendritic cells (pDCs),F
Pal_2021_5,F11,"MARCKSL1,BIRC3,SOX4,TACSTD2,KRT17,CD24,CLDN4,FSCN1,PERP,TM4SF1,FXYD3,ELF3,S100A16,DSP",breast,unknown,F
Pal_2021_5,F7,AREG,breast,M2 macrophages,F
Pal_2021_5,F10,"HLA-DQA2,STMN1,H2AFV,HIST1H4C,HMGB2,SNRPD3,PA2G4,C1QBP,DUT,RANBP1,IDH2,LDHB,PCLAF,TOP2A,TYMS,CENPW,SMC2,CENPF,TACC3,SNRPD1,MKI67,NUSAP1,UBE2C,MCM7,BIRC5,TK1,RRM2,CDK1,TPX2,ZWINT",breast,proliferating macrophages,F
Pal_2021_5,F9,"MMP9,MT1X,MT1G,TACSTD2,MT1F,DDIT4,KRT17,KRT14,RPS17",breast,tumor-associated macrophages,F
Pal_2021_5,M4,"IFI27,IFITM3,FN1,CALD1,COL1A2,TAGLN,COL1A1,IFITM2,COL3A1,IGFBP7,LUM,TIMP1,SPARC,VCAN,CYR61,MYL9,CTHRC1,NNMT,CTGF,DCN,C1S,TCF4,COL6A2,EMP1,COL6A1,CCDC80,IGFBP4,COL6A3,SERPINF1,C1R,TIMP3,POSTN,FBLN1,AEBP1,RARRES2,SERPINH1,TIMP2,SFRP2,FSTL1,MMP2,CTSK,SERPING1,CAVIN1,HSPG2,THBS2,CXCL12,HTRA1,THY1,COL12A1,PRRX1",breast,fibroblasts,M
Pal_2021_5,F23,"SPARCL1,A2M,COL4A1,VWF,SPRY1,CD74,GNG11,TM4SF1,COL4A2,ENG,CRIP2,PECAM1,PLVAP,AQP1,HLA-DRB1,ID1,FABP5,EGFL7,RAMP2,EPAS1,SPTBN1,PDLIM1,NPDC1,CD93,RNASE1,ADGRL4,INSR,CD34,SLC9A3R2,HYAL2,MARCKSL1,KLF2,CDH5,DUSP6,RDX,RAMP3,ARHGAP29,PODXL,VWA1,PCDH17,CALCRL,MEF2C,EMCN,ETS2,FLT1,PALMD,ADAM15,ADGRF5,PCAT19,ECSCR",breast,endothelial cells,F
Pal_2021_5,F21,"POSTN,TPM2,THBS2,INHBA,COL12A1,COL11A1,SULF1,COL5A1,COL10A1,MMP14,CDH11,ACTA2",breast,cancer-associated fibroblasts (CAFs),F
Pal_2021_5,F22,"MGP,CFD,CXCL14,APOD,SFRP2,C3,FBLN1,IGF1,APOE,PTGDS,CXCL12,FGF7,SELENOP,PLAC9,SFRP4,CYP1B1,FBLN2,COL14A1,LRP1,TMEM176B,WISP2,CEBPD,TMEM176A,EFEMP1,SRPX,LHFPL6,DPT,OGN,CPE",breast,fibroblasts,F
Pal_2021_5,M9,"HBB,HBA2",breast,unknown,M
Pal_2021_5,M5,"MT-ND6,MTRNR2L8,MT-ATP8",breast,unknown,M
Pal_2021_5,F24,"NEAT1,SAT1,FUS,H3F3B,RPL18,XIST,ACTG1,PTMA,JUN,RPS7,RPL35A",breast,unknown,F
Pal_2021_5,F25,,breast,unknown,F
Pal_2021_5,M10,"SRGN,RGS1,CD69,LAPTM5,ARHGDIB,FCER1G,TNFAIP3,IFITM2,CD52,ALOX5AP,CD37,BIRC3,AREG,EMP3,RAC2,ELF1,SAMSN1,FOXP1,RGS2,TIMP1,ANKRD28,CLU,TSC22D1,RHOH,TYROBP,CCL4,LAT",breast,macrophages,M
Pal_2021_5,M8,"CALML5,S100A9,KRT19,S100P,GGCT,KRT7,KRT18,S100A8,MGST1,RARRES3,APOD,CCT6A,NUPR1,NAMPT,EIF4EBP1,KRT8,CLDN3,CENPX,CTSD,PSMA2,NDUFA13,CYB5A,NDUFA2,MZT2A,CHCHD10,NDUFAF8,RPL17,C1QBP,POLR2F,EIF5A,MRPL33,ERGIC3,COX14,PET100,TIMM13,H2AFJ,COMT,RNF181,ADI1,NDUFA3,POLE4,C4orf48,VOPP1,IDI1,TPD52,AZGP1,TXNDC17,NDUFB3,NDUFC1,DPM3",breast,luminal epithelial cells,M
