Data,Cluster,Markers,Organization,cell_type,level
Pal_2021_2,M7,"AZGP1,HES1,AREG,ZFP36L1,TM4SF1,CLDN4,KRT15,MGST1,MT1X,CLU,KRT7,ATF3,CD59,TACSTD2,ATP1B1,MT1E,WFDC2,TSC22D1,PERP,APP,ZFP36,GSTP1",breast,luminal epithelial cells,M
Pal_2021_2,F28,"IGFBP5,CRIP1,GPRC5A",breast,luminal epithelial cells,F
Pal_2021_2,F30,"CRIP1,S100A14,GDF15,CTSD,MYC,SCGB3A1,CEBPB,LSM3,DNAJB6,NPDC1,CLDN7,CALM1,CYBA,EFNA1,BAG1,LITAF,S100A9,MTDH,CYCS,ARPC1A,INSR,CRIP2,GNB2,PDCD6,TMEM165,SF1,IER3IP1,RHEB,SLC9A3R1,CXXC5,RER1,GPBP1,H2AFY,SYAP1,IRF1,CTSB,DNAJA1,LYPLA1,TATDN1,CTSZ,FAM49B,RNASET2,MUC1,SBDS,ARPC1B,FAM210B,DEPP1,SDC1,FAM84B,PMEPA1",breast,luminal epithelial cells,F
Pal_2021_2,F26,,breast,luminal epithelial cells,F
Pal_2021_2,F27,"PTN,SAA1,SLPI,LGALS1,ANXA1,SFRP1,KRT14,KRT17,CRYAB,RARRES1,LY6E,CXCL2,SNORC,VIM,SCGB2A1,SLC12A2,NFIB,TUBA1A,SAA2,MIA,CALD1,SLC25A37,ARL4A,CHI3L1,NTRK2,SYNM,NDRG2,GABRP,CCL28,RCAN1,STAC2,TSHZ2",breast,luminal epithelial cells,F
Pal_2021_2,F29,"PIP,AGR3,PI15,SCGB3A1,CFD,SERPINA1",breast,luminal epithelial cells,F
Pal_2021_2,M9,SCGB1D2,breast,unknown,M
Pal_2021_2,M1,"IFI27,PIP,SLC39A6,GATA3,H2AFJ,BST2,MRPS21,IFI6,NDUFA2,MRPS30-DT,IFITM1,MGST3,ATP5MC1,YWHAB,GSTM3,DYNLT1,TMCO1,ENSA,MRPS30,ANAPC11,C4orf48,RHOBTB3,ASAH1,HSBP1,PBX1,KRTCAP2,AGR3,C6orf48,KCNE4,NHP2,ESR1,CCND1,PRDX2,HIGD2A,MRPL14,NAA38,BEX3,KRT10,CXCL14,PAFAH1B3,SMIM22,CHMP2A,NDUFS8,ISG15,SCAND1,PRDX6",breast,luminal epithelial cells,M
Pal_2021_2,F5,"PIP,LINC01238,KCNE4,MGST1,SELENOM,CST5,CLEC3A,S100A14,RHOBTB3,KCNJ3,PKIB,SLITRK6,SSFA2,S100A16,MYO6,PI15,GLRX,TCIM,SSR2,SNCG,C1orf21,CST2,CD59,CAST,DNAJC1,CXCL14,SEC11A,RAB13",breast,luminal epithelial cells,F
Pal_2021_2,F6,"CPB1,IGFBP5,MCL1,EFNA1,KLF6,AARD,GDF15,C15orf48,NR4A1,EGR1,ZMYND8,SUCO,FOXP1,CTSK,ZFP36,SCGB3A1,GADD45G",breast,luminal epithelial cells,F
Pal_2021_2,F7,"GSTM3,LAMTOR5,AREG,TMEM64,ADRM1,UBE2C,STARD10,RAB11FIP1,KCNK15,NSD3,BTG1,XIST,LSM1,PPP1CA,MDK,MT-ND4L,PLPP5,SDC4,HIST1H2BD,KRT7,C4orf3,RAB5IF,C12orf75,C20orf204,PSMA5,LURAP1L,GRINA,CST6,CRIP2,IGKC,BCAS4,ATP5F1B,PPP4C,CRACR2B,EIF4EBP1",breast,luminal epithelial cells,F
Pal_2021_2,F8,"TUBA1B,PIP,UBE2C,CLEC3A,HIST1H4C,CKS1B,JPT1,STMN1,HMGB2,RPA3,CKS2,VKORC1,PCLAF,SNRNP25,DEK,UBE2S,POLE4,SSFA2,RHEB,SPTSSA,PTTG1,SUMO3,PLP2,DTYMK,CENPF,TOP2A,BIRC5,ATAD2,CST2,TK1,CST5,NUSAP1,ZWINT,CENPW,SKA2,DHFR,CDKN3,CDK1,LINC01238,GGCT,CENPM,TPX2",breast,proliferating luminal epithelial cells,F
Pal_2021_2,M3,"APOE,VIM,TAGLN,IGFBP7,FN1,CALD1,GSN,SPARC,MYL9,SPARCL1,TPM2,S100A4",breast,fibroblasts,M
Pal_2021_2,F13,"KRT17,APOE,KRT14,MT1X,NPC2,MYLK,SAA1,MT1E,PTN,NFIB,ZFP36L2,FBXO32,DST,CLU,ACTA2,CRYAB,FXYD3,SFRP1,TSHZ2,TACSTD2,C2orf40,IER3,PERP,SCPEP1,MYH11,KRT5,HSPA1B,MIA,ANXA1,SNHG8,DNAJB1",breast,myofibroblasts,F
Pal_2021_2,F14,"ADIRF,S100A4,ACTA2,CAV1,CRIP1,PLAC9,CAVIN3,MEF2C,COL18A1,SOD3,MYH11,PDGFRB,NOTCH3,NDUFA4L2,LHFPL6,MAP1B,NR2F2,PPP1R14A,LBH",breast,fibroblasts,F
Pal_2021_2,F15,"KRT19,XBP1,TFF3,KRT8,KRT18,FXYD3,H2AFJ,TRPS1,CD24,AGR2,GATA3,AZGP1,CXCL14,CTTN",breast,luminal epithelial cells,F
Pal_2021_2,F16,"IFI27,CD74,FKBP1A,HLA-E,CRIP2,TCF4,TM4SF1,SPRY1,HSPG2,COL4A1,GNG11,ID1,AQP1,EMP1,SPTBN1,RAMP2,CCDC85B,HLA-DRA,ARGLU1,NPDC1,STOM,VWF,ENG,PECAM1,TGFBR2,EGFL7,CD93,COL4A2,PLVAP,ADGRL4",breast,fibroblasts,F
Pal_2021_2,F12,"COL1A2,LUM,COL3A1,COL1A1,DCN,IFI27,SFRP2,COL6A3,COL6A2,CTHRC1,CTGF,AEBP1,POSTN,COL6A1,CCDC80,VCAN,RARRES2,CTSK,MMP2,COL5A2,SERPINF1,C1S,BGN,FN1,TIMP2,CD99,THBS2,FBLN1,TCF4,HTRA1,PRSS23,NBL1,FSTL1,C1R",breast,fibroblasts,F
Pal_2021_2,F17,"FN1,KRT17,IFI6,APOE,PTN,SOX4,CD59,APOD,S100A2,KRT14,BST2,CRYAB,CTSB,APP,ISG15,TAGLN2,PERP,FXYD3,SH3BGRL3,CD151,PKM,TACSTD2,CD44,SPINT2,MARCKSL1,S100A16,GPNMB,PLP2,NDUFS6,TXNDC17,ATP6V0B,BANF1,TMED10,PMEPA1,CLTB,C12orf75,DSP,VAMP8,CALML3,IFITM1,TNC,S100A14,H2AFJ,TNFRSF12A,CTSZ,KRT5,RBP1,OCIAD2,MIA,PDLIM4",breast,cancer-associated fibroblasts (CAFs),F
Pal_2021_2,M10,"SCGB1D2,TFF1,CLEC3A,KRT15,C15orf48,GSTP1,CFD,PERP,STARD10,BMPR1B,IGFBP5,MUC1,MLPH,ATP1B1",breast,luminal epithelial cells of the breast,M
Pal_2021_2,F3,"IGFBP5,S100P,APOD,S100A6,CFD,NR4A1,SLC9A3R1",breast,luminal epithelial cells of the breast,F
Pal_2021_2,F4,"SCGB2A1,AZGP1,CLEC3A,HSPA1A,ANKRD30A,HSPA1B,HSP90AA1,WFDC2,TACSTD2,SHROOM1,TIMP1,TMEM59,SEC62,RARRES3,ITM2B,NDUFB4,PRDX1,MYL12B,COX8A,NFKBIZ,N4BP2L2,CALR,ATP5IF1,IFITM2,SPCS1,NDUFS5,HLA-B,S100A10,MGST3,SCUBE2,SH3BGRL,PARK7,FAM162A,IRX2,TPM1,NBEAL1,CYBRD1,HLA-A,TRPS1,GSTM3,LGALS3,CD151,FKBP2",breast,luminal epithelial cells of the breast,F
Pal_2021_2,M4,"CD74,APOE,PSAP,S100A4,NPC2,HLA-DRA,VIM,SPP1,TYROBP,CTSD,CYBA,APOC1,HLA-DRB1,FCER1G,MARCKS,GRN,HLA-DPB1,CKLF,HLA-DPA1,CTSB,AIF1,CTSZ,LAPTM5,YWHAH,CAPG,SRGN",breast,tumor-associated macrophages (TAMs),M
Pal_2021_2,F19,"MT2A,CCL2,CTSL,C15orf48,CCL3,RNASE1,IFITM1,CXCL10,MGP,CCL8,FPR3,NUPR1,MX1,IFITM2,ISG20,IFIT3,AGR2",breast,tumor-associated macrophages (TAMs),F
Pal_2021_2,F18,ALOX5AP,breast,tumor-associated macrophages (TAMs),F
Pal_2021_2,F21,"ACP5,RGS10,MMP9,CTSK,CPB1,TIMP2,ATP5F1D,CD84,DSTN,NDUFS7,NDUFS8,NDUFB10,AURKAIP1,EEF2,ATP5MC1",breast,tumor-associated macrophages (TAMs),F
Pal_2021_2,F20,"HLA-DQB1,LYZ,HLA-DQA1,JUNB,ZFP36,HLA-DMA,CXCL8,IER2,PABPC1,HERPUD1,CXCR4,RGS2,NR4A2,CD83,CCL3L1,EIF3E,MGP,GPR183",breast,tumor-associated macrophages (TAMs),F
Pal_2021_2,F22,"ZFAS1,PPDPF,LAMTOR5,GPX4,ROMO1,YWHAZ,CD9,KRT19,HMGN1,AGR2,KRT18,H2AFJ,CRIP1,MGP,PEBP1,SELENOH,RBM39,BST2,REEP5,KRT8,TCEAL4,NHP2,ERH,AREG,YWHAB,CYC1,IFITM1,NDUFS8,GSTM3,ATP6V1G1,C19orf53,SRSF9,SEM1,PPP1CA,SPCS2,MZT2B,VPS28,SPINT2,KRT10,DSTN,ATP5MC1,SLC39A6,SKP1,NDUFB9,POLR2K,FKBP2,BANF1,LAPTM4A,CCND1,LAGE3",breast,unknown,F
Pal_2021_2,M0,"AREG,CTTN,TCIM,SLC12A2,RAB11FIP1,PRSS23,NSD3,GTF3A,CXCL14,PLPP5,CTNNB1",breast,unknown,M
Pal_2021_2,F0,,breast,unknown,F
Pal_2021_2,F1,"TM4SF1,CA2,RNF152,CST6,VIM,SLC40A1",breast,unknown,F
Pal_2021_2,F2,"SMDT1,RSF1,NSD3,HNRNPC,FUS,SRRM2,CAMK2N1,CADM2,UGCG,DUSP4,CNBP,BRD2,TSPAN13,IL6ST,GID8,EIF5,ZNF703,EIF1AX,CBX3,DDAH2,PCBP2,PBX1,XIST,DSP",breast,unknown,F
Pal_2021_2,M2,"S100A4,SRGN,CD52",breast,unknown,M
Pal_2021_2,F9,"IL32,CD52,CCL5,CD3D,HCST,CORO1A,TRAC,CCL4",breast,T cells,F
Pal_2021_2,F11,"IGKC,IGLC2,JCHAIN,IGHG1,IGHG4,SSR4,XBP1,HERPUD1,HSP90B1,MZB1,GSTP1,FKBP2,SPCS2,SELENOS,FKBP11,SEC11C,ITM2C,PRDX4,CD79A,DERL3",breast,plasma cells,F
Pal_2021_2,F10,"PPDPF,AREG,CD63,KRT19,LAPTM4A,IFITM3,CD9,CST3,KRT8,EGR1,GPX4,PRDX1,XBP1,HSPB1",breast,unknown,F
Pal_2021_2,M6,"HIST1H4C,STMN1,HMGB2,CKS1B,UBE2C,UBE2S,TOP2A",breast,proliferating cells,M
Pal_2021_2,F24,"S100A6,IFI6,S100A10,AREG,CTTN,CXCL14,EIF4A2,SLC12A2,NSD3,TUBA1A",breast,proliferating epithelial cells,F
Pal_2021_2,F25,"IGFBP5,MGP,CRIP1,SMIM22,SLC39A6,RHOB,JUND,KRTCAP2,TMCO1,COX4I1,GLUL,C4orf48,MUC1,ENSA,KLF6,ATOX1,NDUFA3,NR4A1,TRIR,MRPS21,CYB5A,GNG5,C15orf48",breast,proliferating epithelial cells,F
Pal_2021_2,M5,"NDUFA13,C19orf70,REX1BD,CENPX,INSR,HIST1H1C,RAB31,TAF1D,CAPS,HIST2H2AA4,HIST2H2AA3",breast,unknown,M
Pal_2021_2,M8,"LINC01238,KCNE4,PI15,GABPB1-AS1",breast,unknown,M
Pal_2021_2,F31,,breast,unknown,F
Pal_2021_2,F32,"RPS28,RPLP2,RPL41,RPL28,RPS15,RPL37A,RPS12,RPS24,RPL35A,RPS3,RPS8,PTMA,RACK1,RPS15A,RPL38,UBA52,RPS29,RPS11,FTL,RPL37,TMSB10,RPL34,RPL23A,RPS25,RPS20,RPS27,RPL13,RPL35,RPL30,RPL6,RPS26,COX7C,ADIRF,MIF,ATP5F1E,BTF3,OAZ1,RPS4X,SLC39A6,RPS17,RPL14,RPL19,RPL26,RPL36,PPDPF,RPL31,MGP,RPL24,COX7A2,UQCRQ",breast,unknown,F
