Data,Cluster,Markers,Organization,cell_type,level
Pal_2021_1,M1,"MT1X,IGFBP7,CXCL1,VIM,SOD2,IL6,CALD1,IFI27,CCL2,HMOX1,ID3,ATP1B3,HLA-E,SLC3A2,EIF4A1,YBX3,CEBPB,EMP1,PHLDA1,ANXA5,SRSF7,CXCL2,EIF5,ANXA1,TUBA1C,PNRC1,RSL24D1,ARID5B,TNFRSF12A,CEBPD,PPP1R15A,DDX21,NFKBIA,HNRNPA3,PFDN2,CYCS,DNAJA1,CTSL,WTAP,PA2G4,CXCL3,CXCL8,TM4SF1,HSPD1,ATF4,RAB7A,TUBB4B,CDKN1A,CD59,MYC",breast,Cancer-associated fibroblasts (CAFs),M
Pal_2021_1,F4,"IFI27,SPARCL1,CSF3,CD74,ID1,SERPINE1,PCAT19,SELE,SRGN,ADAMTS9,UPP1,SPRY1,PNP,HLA-DRB1,GNG11,PKIG,FABP4,TCF4,STC1,ETS2,HLA-DRA,INSIG1,MSN,TPM3,CFLAR,CD93,SPARC,RDX,ATOX1,DUSP6,ADGRL4,ECSCR,FABP5,IFI6,HLA-DPA1,COL15A1,S1PR1,PLVAP,CDC42EP3,BST2,SWAP70,ICAM1,PRSS23,GABARAPL2",breast,Cancer-associated fibroblasts (CAFs),F
Pal_2021_1,F6,"MT1A,TAGLN,PDK4,TPM2,BNIP3L,C11orf96,S100A4,CRISPLD2,MYL9,HES4,ADAMTS1",breast,Cancer-associated fibroblasts (CAFs),F
Pal_2021_1,F8,"DCN,FOS,LUM,ID2,EGR1,GSN,CTGF,DNAJB1,MAFB,CCDC80,FOSB,KLF4,S100A4,NR4A1,ATF3,HEXIM1,SERPING1,DPT,TXNIP,MFAP4,SERPINF1,CXCL12,COL1A2,HSPA1B,KLF10,C1S,FBLN1,CFD,SELENOP,HSPA1A,C1R,PDK4,HES1,MEG3,GPRC5A,TSC22D3,APOD,INTS6",breast,Cancer-associated fibroblasts (CAFs),F
Pal_2021_1,F3,"TNFAIP6,APOD,MEG3,AKR1C1,GEM,DCN,CTSL,EMP3,LUM,PRRX1,CFD,SERPINE2,CLMP,IL1R1,MEDAG,MMP3,UAP1,SRGAP1",breast,Cancer-associated fibroblasts (CAFs),F
Pal_2021_1,F7,"KRT17,SAA1,CRYAB,KRT7,TACSTD2,TAGLN,KRT14,TPM2,S100A2,SFN,KRT5,ACTA2,FHL2,DST,GLIPR1,ITGA2,ACTG2",breast,Cancer-associated fibroblasts (CAFs),F
Pal_2021_1,F5,"SAA1,CCL20,TACSTD2,KRT7,PI3,HMGA1,S100A9,WFDC2,SH3BGRL3,MGST1,MMP7,S100A8,TPM1,KRT18,CD24,SMS,SLPI,KRT19,ATP5ME,SDC4,SPTSSA,YWHAH,ISG20,SAA2,C15orf48,TSPO,SLC25A37,KRT23,KRT8,MT-ND6,PPDPF,APRT,CARHSP1,ALDH1A3,HEBP2,KRT6B,SPINT2,CLDN4,SFRP1,PDZK1IP1,ELF3,LCN2,LTF,AZGP1,CLDN7,VAMP8,EPCAM,UQCRQ,TMEM147,CMPK1",breast,Epithelial cells (likely cancer-associated),F
Pal_2021_1,F9,"ID2,TFPI,FABP4,PCAT19,CD9,KLF4,GNG11,FABP5,ANGPT2,IRF1,GADD45A,PDPN,CLDN5,PRSS23,ARL4A,TMEM70,STMN1,PPP1R2,TSHZ2,PPFIBP1,HEY1,CCL21,TFF3",breast,Cancer-associated fibroblasts (CAFs),F
Pal_2021_1,M0,"SCGB2A2,SCGB1D2,TFF3,IGFBP5,TFF1,SH3BGRL,LYPLA1,TPD52,EVA1B,PLA2G16,PBX1,GFRA1,C19orf33,BTG2,SLC40A1,CXCL14,AGR3",breast,luminal epithelial cells of the breast,M
Pal_2021_1,F0,,breast,luminal epithelial cells of the breast,F
Pal_2021_1,F1,"H2AFZ,TUBA1B,HMGN2,HIST1H4C,ARL6IP1,DEK,LGALS1,HNRNPA2B1,MZT2A,RANBP1,GGCT,CKS1B,PLP2,STMN1,DUT,HMGB2,PCLAF,UBE2C",breast,proliferating luminal epithelial cells of the breast,F
Pal_2021_1,M6,"CRIP1,PIP,MUCL1,MGST1,BST2,CRIP2,HIST1H1C,IGFBP5,CALML5",breast,luminal epithelial cells of the breast,M
Pal_2021_1,M4,"CD74,HLA-DRA,NPC2,HLA-DRB1,SRGN,APOE,CTSB,CYBA,EMP3,CTSD,HLA-DPA1,HLA-DPB1,GRN,S100A4,APOC1,CTSZ,TYROBP,FCER1G,RGS1,HLA-DQB1,LAPTM5,CAPG,HLA-DQA1,C1QB,C1QA,AIF1,C1QC",breast,macrophages,M
Pal_2021_1,F15,"APOE,SPP1,APOC1,C1QA,FN1,RNASET2,CD14",breast,tumor-associated macrophages (TAMs),F
Pal_2021_1,F16,"SCGB2A2,ACP5,MUCL1,MMP9,HSPA1B,PIP,CRIP1,AZGP1",breast,tumor-associated macrophages (TAMs),F
Pal_2021_1,F17,"CXCL8,MT2A,SOD2,BTG1,C15orf48,CTSL,CXCL2,IER3,CXCL3,G0S2,ANXA5,RGS2,NAMPT,PNRC1,CD44,IL1B,SAMSN1,ANXA1,HIF1A,GPR183,WTAP,REL,THBS1,CEBPB,CD59,SQSTM1,CREG1,PLIN2,BASP1,TNFAIP3,PLAUR,VMP1,ETS2,EIF5,ATP1B3,SELENOS,CXCL1,RDX,ISG20,ZEB2,CXCL16,ACSL1,ATP13A3,NFKB1",breast,M1 macrophages,F
Pal_2021_1,F18,"HLA-DRB5,COTL1,LST1,CXCR4,HLA-DMB,TSC22D3,CORO1A,EIF3E,LSP1,CD37,C1orf162,EIF3L",breast,macrophages,F
Pal_2021_1,M5,"CRIP1,SPINT2,STC2,KRT18,KRT8,ELF3,TSTD1,FXYD3,ANKRD30A,MUC1,SMIM14,NME3,CLDN3,GSTM3,SRP9,NENF,AZGP1,ADIRF,ATP5F1D,TMEM219,TBC1D9,FAM173A,ARL6IP1,CA12,MARCKSL1,ANAPC11,SELENOW,EMP2,S100A14,C4orf48,MAGED2,CD24,KRT19,KIF22,SUSD3,CRABP2,LAMTOR4,BST2,PRDX2,TCEAL4,GATA3,SMIM22,NDUFB7,DYNLT1,TRPS1,RAB11FIP1,ATP5IF1,ZG16B,CLDN4,MGST3",breast,luminal epithelial cells,M
Pal_2021_1,F20,"FABP3,IER3,DHRS2,MRPS30-DT,TCEAL3,HEBP1,PEG10,MRPS30,TCEAL1,RAMP1,GTF2H5,MESP1,ATP6AP2,SRARP,VSTM2A,NDP,PVALB,GALNT6,SCGB2A2,CXCL14",breast,luminal epithelial cells,F
Pal_2021_1,F21,SHISA2,breast,luminal epithelial cells,F
Pal_2021_1,F19,"FASN,COL1A1,CLIC6,COL1A2,SLC7A2,FN1,COL3A1,SPARC",breast,fibroblasts,F
Pal_2021_1,F22,"KRT15,TM4SF1,GSTP1,MT1X,EIF3D,VIM,HLA-E,LTF,CXCL2,PTN,SLPI,ANXA1,KRT14,CRYAB,NDRG2,SFRP1,MMP7,ARL4A,ARID5A,KRT17,RGS2,CCL28,GABRP",breast,luminal progenitor cells,F
Pal_2021_1,F23,"CXCL14,RAD21,HIST1H4C,DUT,STMN1,CKS2,PLP2,CKS1B,LSM2,HMGB2,CARHSP1,DEK,PCLAF,TK1,SMC4,UBE2T,MAD2L1,UBE2C,PTTG1,ZWINT",breast,proliferating luminal epithelial cells,F
Pal_2021_1,F24,"TUBA1A,NFIA,PSENEN,GSTP1,AZIN1,FOXP1,HSPH1,C12orf75,CAPS,JAK1,COPRS,ITPRIPL2,SQLE,CYSTM1,PFN2,ZFAND5,WDR60,CAST,WDR34,CCDC74A,IK,EFHC1,NQO1,C9orf116,TCTEX1D2,ODF2L,TSPAN1,KIF9,CDKN1A,NUDT4,CCDC170,FAM174A,SUN1,CFAP298,CCP110,AFDN,SCGB2A1,CSPP1,ANXA1,TMEM67,JPT2,ODF3B,MORN2,UCP2,CDS1,FAM229B,HIPK1,WDR90,SPAG1,RSPH1",breast,luminal epithelial cells,F
Pal_2021_1,M3,"COL1A1,COL1A2,COL3A1,SPARC,FN1,LUM,CALD1,DCN,TAGLN,IFI27,COL6A2,CTHRC1,SFRP2,COL6A1,S100A4,COL6A3,THBS2,VCAN,AEBP1,POSTN,CCDC80,COL5A2,RARRES2,MARCKS,TIMP2,TCF4,MMP2,FBLN1,CTSK,BGN,SPARCL1,COL12A1,MMP11,NBL1,MDK,CTGF,FSTL1,SDC1,COL5A1,ASPN,PALLD,COL11A1,THY1,HTRA1,COL10A1,ACTA2,TIMP3,MYL9,FLNA,IGFBP4",breast,fibroblasts,M
Pal_2021_1,F12,"COL10A1,NBL1,MYH9,PXDN,MMP11,HTRA3,PALLD,CXCL12,FBN1,XIST,PRSS23,SULF1",breast,cancer-associated fibroblasts (CAFs),F
Pal_2021_1,F13,"SCGB2A2,MUCL1,OLFML3",breast,unknown,F
Pal_2021_1,F14,"KRT19,XBP1,ADIRF,KRT7,IER2,STC2,KRT8,FASN,HMGN1,MUC1,FXYD3,HNRNPH1,TSTD1,EVL,GLUL,NENF,S100A14,SPINT2,CA12,GATA3,CRIP1,CLIC6,SNRPE,TRPS1,ELF3,MS4A7,C1orf21,SLC38A1,CRABP2,ANKRD30A,JUNB,SMIM22,CYB5A,ZFAS1,KRT18,ATP5F1D,H2AFJ,AZGP1,CD9",breast,unknown,F
Pal_2021_1,M7,"S100A4,SRGN,TXNIP,TSC22D3,CXCR4",breast,fibroblasts,M
Pal_2021_1,F27,"IL7R,SARAF,CD7,PTPRC,ANKRD12,PPP2R5C,CREM,HMGB2,TUBB,PNRC1,STK4",breast,fibroblasts,F
Pal_2021_1,F26,"CD52,LTB,IL32,CD74,CORO1A,KRT19",breast,unknown,F
Pal_2021_1,F28,"FOS,TPSAB1,TPSB2,MGP,ID2,AREG,NDUFA4,IER2,CD9,HSPA1A,SCGB2A2,LAPTM4A,CD63,CD69,RGS2,XBP1,KRT18,ALOX5AP,CPA3,ZFP36L1,KRT19,ADIRF,NUPR1,SPINT2,KRT8,CD24,ATP6V0B,GLUL,DSTN,CST3,NDUFB2,NDUFB1,DUSP1,PEBP1,PRDX1,NDUFB9,HSPB1,MTDH",breast,fibroblasts,F
Pal_2021_1,M2,"TM4SF1,S100A14,STC2,TNFRSF12A,TFF1,AREG,C15orf48,MGST1,PERP,ACTN1,PDLIM5,TCIM,UGCG,TMC5,HIGD1A,ERRFI1,CAST,WFDC2,USP53,ISG20,MYH9",breast,luminal epithelial cells,M
Pal_2021_1,F10,,breast,luminal epithelial cells,F
Pal_2021_1,F11,"SOD2,TFF1,TGM2,CARHSP1,IL32,CXCL1,IFITM3,CST3,PDCD5,ATP5ME",breast,luminal epithelial cells,F
Pal_2021_1,M9,"CD74,TSC22D3,HERPUD1,SRGN,CYBA,ANKRD28,ISG20,IGKC,FKBP11,RGS1,IGHA1,IGLC2,JCHAIN,MZB1",breast,plasma cells,M
Pal_2021_1,M8,"MT-ND4L,MTRNR2L12,MTRNR2L8,MT-ND6",breast,unknown,M
Pal_2021_1,M10,"SLC25A37,HBB",breast,unknown,M
