Data,Cluster,Markers,Organization,cell_type,level
Pan_2023,M5,"PDE4D,MAML2,FOXP1,FNDC3B,MBNL1,EXT1,NBEAL1,CELF2,MECOM,JMJD1C,UTRN,RNASE1,MAGI1,PRKG1,MED13L,DPYD,GNAQ,DOCK4,SFTPA1,SIK3,ATXN1,LRP4,ZFAND3,RORA,SMYD3,WWOX,NEDD4L,SFTPC,PTPRG,PARD3,ADK,NFIA,RERE,PTPRM,FOXN3,TXNRD1,PLXDC2,DIAPH2,BTBD9,SPIDR,SLC34A2,QKI,PHACTR1,RBMS3,LRBA,FMNL2,CUX1,RABGAP1L,TCF12,FRMD4B",lung,unknown,M
Pan_2023,F38,"LDB2,AGBL1,FOLR1,CSF3R,NTM,MYL9,ACOXL,UBA52,C1QB,PPDPF,SORBS2,NTN4,STEAP4,CD36,COX4I1,CLDN5,TTN,KRT8,LGALS1,C4BPA,PLCH1,SERPING1,C1QA,SLC11A1,NRXN3,CCDC141,AGR3,FDPS,TNFSF10,PRDX5,ERBB4,IFI27,CXCL17,GPX3,EDF1,PTGFR,HHIP,TOX,CD52,VAMP8,CCL18,RAMP2,LAMP3,CCDC12,LHFPL3,HOOK2,TYROBP,ARHGEF38,LRP2BP,LRRK2",lung,unknown,F
Pan_2023,F49,"COL4A2,IL1R1,TNC,COLEC12,ROBO2,NALF1,PDZRN3,COL5A2,SNED1,ZNF385D,MEIS1,TSHZ2,RYR2,BICC1,HIF1A,COL4A1,CACNA1C,CACNB2,SDK1,THBS1,CRISPLD2,LHFPL6,COL5A1,COL3A1,COL1A2,GALNT2,ANTXR1,VCAN,BACH2,GAS7,ETS2,SFMBT2,COL1A1,SGIP1,ROR2,LAMA2,PLEKHH2,AKAP12,ENAH,SMAD3,PDE3B,LTBP1,LAMA4,ADGRB3,COL6A2,ACTN1,MTHFD1L,DIP2C,ZEB1,BMPER",lung,fibroblasts,F
Pan_2023,F46,"AGER,ATF7IP2,RTKN2,CYP4B1,SEMA5A,KHDRBS2,EPB41L5,FOLR1,ST6GALNAC5,GPC5,CCN1,DAPK2,CAV2,KRT18,CLDN18,SLC39A8,MYL9,RAB11FIP1,TACSTD2,ARHGAP44,GPM6A,TSPAN13,RDX,COL8A1,KCNT2,ANXA3,COL4A3,CD151,AGTPBP1,RANBP17,AQP4,SCAI,MGLL,CCN2,KRT7,VEGFA,EPCAM,SCEL,ICAM1,EPB41L3,FXYD3,CLIC3,EFNA1,ARHGEF26,FAM189A2,ANKRD29,EXPH5,LAMA3,SBDS,IL32",lung,unknown,F
Pan_2023,F45,"SLIT2,ZFPM2,LAMA2,BNC2,KAZN,SNED1,NAMPT,MEIS1,TSHZ2,COL1A2,ABI3BP,FBXL7,FBLN1,CRISPLD2,CCDC102B,TRPS1,SLIT3,FBN1,PCSK5,COL3A1,EBF1,DCN,C3,ZBTB16,ADD3,ZEB1,ABCA8,GALNT2,SMAD3,COL6A3,FYN,PHLDB2,GAS7,MTHFD1L,UGGT2,EPB41L2,TNRC6A,NAV3,DCLK1,C1S,ELN,PRKAG2,NLGN1,PIK3R1,ABCC1,ADAMTSL3,NEGR1,MARCHF3,RUNX1T1,ADH1B",lung,fibroblasts,F
Pan_2023,F37,"ERBB4,ACOXL,PTPN13,PGC,WIF1,NTN4,FNIP2,KCNJ15,AGBL1,STEAP4,HLA-DRB5,CXCL17,C4BPA,LRRC36,MLPH,PLCH1,ZNF385B,ABCA3,EPHX1,ARHGEF38,CSF3R,PIGR,MALL,BMP1,CACNB4,SLC22A3,CCDC141,LAMP3,TMEM163,TTN",lung,unknown,F
Pan_2023,F47,"PPARG,SLC8A1,MSR1,ATP2B1,DOCK10,CCDC88A,LYZ,C1QA,ACER3,MCF2L2,ZEB2,ADAM17,TRPS1,MITF,TPRG1,HEATR5B,OLR1,PCED1B,CTSS,TYROBP,DOCK8,CAMK1D,LTA4H,ARHGAP15,CYP27A1,MCTP1,ALOX5,SRGN,HLA-DRB5,HLA-DQA1,PTPRC,PEX14,KYNU,MANBA,FCER1G,TYMP,APBB1IP,ARHGAP18,SYK,DMXL2,GLIPR2,CD58,ARHGAP10,ABHD5,SAMHD1,STAC,CD68,VSIG4,CORO1C,ABCC3",lung,Alveolar macrophages,F
Pan_2023,F40,"ZEB2,LRMDA,SLC11A1,LYN,RAPGEF1,RREB1,MYO9B,GRB2,RNF130,PTPRJ,PCNX1,GK,CEP170,DOCK2,PRKAG2,SAMHD1,KYNU,GTDC1,DMXL2,MYO1F,SYK,ACSL1,PIP4K2A,DOCK11,COP1,GRK3,ALOX5,ERBIN,CTSL,TBXAS1,PRKCB,MAP3K1,TENT2,DENND1A,OGA,TET3,GNA12,KCNMA1,IRAK3,BMP2K,MYO5A,LRP1,CCDC88A,SLC43A2,ITGAX,MRC1,SLCO2B1,VAV3,ARMH3,FLI1",lung,unknown,F
Pan_2023,F42,"ICAM1,ELF3,NFKBIA,TMEM163,CXCL2,MT2A,SOD2,HIVEP2,CNKSR3,TNC,OSMR,NFKB1,FOSB,TNFRSF12A,SGPP2,F3,AQP3,RNASE10,SOCS3,PARM1,CXCL3,ALPL,CCL2,CATSPERB,PLAUR,SEMA4B,RASEF,SLC6A14,ITGA2,AKAP8,MTHFD2L,SLC7A2,ITPKC,IER3,LAMC2,RND1,CSF3,CXCL1,CCL20",lung,unknown,F
Pan_2023,F52,"SLIT2,ROBO2,CACNA1C,RYR2,PLEKHH2,SDK1,ELMO1,CALD1,DCN,CCDC102B,LAMA2,A2M,SETBP1,ARHGAP6,PIEZO2,PALLD,CCBE1,SLIT3,TMEM108,CACNA1D,SGIP1,CDH11,LAMA4,ROBO1,SRGAP1,DLGAP1,USP53,MYH10,LUM,ITGA8,HMCN1,GPC3,FHL1,COL6A2,GPX3,PDZRN3,ABCA8,PMP22,NCAM2,NEGR1,SGCD,FRAS1,BNC2,TRPC6,CYP7B1,SVEP1,UNC5C,CACNA2D3,INPP4B,ABI3BP",lung,unknown,F
Pan_2023,F51,"CYP4B1,AGR3,TPPP3,FXYD3,BICC1,GPC3,CTSS,PRDX5,CLDN4,TUBB4B,ARHGAP42,DYNC2H1,STK33,SCGB1A1,SDK1,AGR2,SORBS2,CLU,CIB1,CKB,DYNC2I1,SPATA6L,DAD1,CCDC146,GPX4,STRBP,SYT17,AGBL4,TUFM,CAPS,FBXL2,SPAG1,NUDC,SRI,ODF3B,WFDC2,LRRC23,NEK1,CSPP1,NEK11,ALDH1A1,TMEM232,ELF3,SCPEP1,GNA14,ERGIC3,CCDC30,DNAH11,AK9,EPCAM",lung,unknown,F
Pan_2023,F50,"LRMDA,LMO3,CARMIL1,MET,AFDN,ST7,OGA,ERBIN,PATJ,COP1,ADGRF5,ADGRV1",lung,unknown,F
Pan_2023,F48,"GPC6,PIEZO2,COL1A1,COL1A2,COL3A1,LDB2,BICC1,HBA2,ZFPM2,BNC2,SPARC,MEIS1,COL5A2,CACNA1C,ZNF385D,CALD1,FBXL7,LHFPL6,PLAGL1,PDZRN3,FBLN1,ARHGAP21,CCBE1,NLGN1,EPB41L2,PSD3,RUNX1T1,GAS7,GPC3,CACNA1D,CDH11,TTC3,ADAMTSL3,HBA1,ROBO2,PCDH7,ABCA8,TCF7L1,TMEM135,FBN1,SLIT3,LUM,PLEKHH2,MYH10,NAV3,ITGA8,SGCD,ADGRL2,ADD3,ARHGAP6",lung,fibroblast,F
Pan_2023,F53,"TCF4,LDB2,ZEB1,TNFSF10,FYN,CLDN5,SPARCL1,ARHGAP29,IGFBP4,PLEKHG1,EXOC6,DACH1,BST2,RAMP2,DPYSL3,STXBP6,FLI1,EGFL7,SH3BP5,WARS1,ERG,PTPRB,SEC14L1,CALCRL,VWF,GNG11,ESAM,HPGD,RAMP3,HECW2,HYAL2,EMCN,CLEC14A,ANO2",lung,endothelial cells,F
Pan_2023,F41,"SOX5,KHDRBS2,ELF3,WIF1,LRMDA,NR4A1,ADAMTSL1,IGF2BP2,FGFR2,CD36,PPP1R13B,ZNF608,MPP7,ERRFI1,GULP1,JUND,CPSF6,SLC22A3,VEGFA,FNBP1L,MBIP,ARHGEF2,STOX2,PLEKHG1,SHROOM4,LARGE1,ZNRF3,UBL3,DIP2C,UTY,FAM189A2,ROR2,PRICKLE1,CHKA,STRBP,CABLES1,FRAS1,TMEM108,CARMIL1,ST3GAL5,HNRNPU,COL4A5,CFTR,PTP4A1,CECR2,NDNF,GRHL2,SMARCA5,HIF3A,AFDN",lung,unknown,F
Pan_2023,F44,"DOCK10,PRKCH,KLF12,ARHGAP15,FYN,PIP4K2A,PARP8,CDC42SE2,PTPRC,ATM,SFMBT2,BCL2,NCALD,IQGAP2,PAG1,ZC3HAV1,INPP4B,CCDC88C,PIK3R5,FKBP5,XYLT1,INPP4A,WIPF1,STK4,SYTL3,STK10,CNOT6L,TNFAIP8,CCM2,CEP85L,DOCK2,PRKCQ,RASA3,TTC39C,PLCL2,KAT2B,AOAH,ETS1,OGA,FLI1,SLC38A1,ITGAL,TXK,RAB8B,SORL1,SKAP1,IKZF1,CLEC2D,STAT4,RASGRP1",lung,unknown,F
Pan_2023,F39,"COL4A2,SOX5,COL4A1,CACNA1C,CALD1,RYR2,LHFPL6,CCDC102B,PDE3A,EPS8,MPRIP,PLCB1,DGKH,ANO6,SLIT3,CNTN4,PAG1,COL5A1,COL6A2,EBF1,ITGA1,ARHGAP42,BACH2,ARHGAP6,ADAMTS9,SGIP1,ADAMTSL3,KCNT2,PAWR,DENND2A,PDZRN3,ARHGEF7,ACTN1,PLCE1,LARGE1,HBA2,ITGA8,KALRN,UNC5C,SEPTIN11,DOK6,CRISPLD2,TRPC6,COL1A2,ENOX1,NCALD,INPP4B,UGCG,PELI2,HBA1",lung,unknown,F
Pan_2023,F43,"COL1A1,COL3A1,TSHZ2,COL1A2,TPST1,ABI3BP,OSMR,PDZRN3,TNC,KCNT2,PLAGL1,MEIS1,BNC2,CALD1,ZNF385D,LIFR,HBA2,IL1R1,GMDS,NLGN1,COLEC12,PTPN2,COL6A2,ADAMTSL1,THBS1,FBN1,EPB41L2,VCAN,AKAP12,ARHGEF26,ARHGAP10,LAMA2,ABL1,DCN,C3,EBF1,SLIT2,NAMPT,BICC1,GNA14,MARCHF3,CCNL1,CFH,TNFAIP2,YBX3,MTHFD1L,SPARCL1,TIMP1,JAK2,CRISPLD2",lung,fibroblasts,F
Pan_2023,M1,"TYROBP,LYZ,FCER1G,HLA-DPA1,HLA-DPB1,S100A9,HLA-DRB5,SERPINA1,SRGN,CTSS,S100A8,C1QA,C1QB,HLA-DQB1,IFI30,CTSC,HLA-DQA1,HCST,GSTO1,APOC1,ASAH1,NAMPT,CD68,CAPG,PTPRC,GRN,COTL1,TYMP,C1QC,LCP1,AP2S1,UQCR11,GMFG,AIF1,HLA-DMA,LSP1,CSTA,ITGB2,BLOC1S1,PLAUR,CXCL3,FABP5,ATP6V0C,LAPTM5,BRI3,CTSD,CXCL8,LST1,ACTR2,LAMTOR1",lung,macrophages,M
Pan_2023,F11,"FGL2,LILRB2,CFP,CD48,CD300E,TNFRSF1B,FCN1,S100A12",lung,macrophages,F
Pan_2023,F10,"CCL20,CES1,MT1X,HLA-DQA2,SCGB1A1,SCGB3A1,CXCL5,LPL,AKR1C3,INHBA,ATP6V0C,IL7R,TOMM6,LGALS3BP,STOM,DEFB1,GBP1,TNIP3,LILRA4",lung,alveolar macrophages,F
Pan_2023,F9,"MT-CO1,MT-CO2,MT-CO3,MT-ND4,MT-ATP6,MT-CYB,MT-ND2,MT-ND3,MT-ND1,H3-3A,CCL4,MT-ND5,HSPA1B,G0S2,DUSP2",lung,macrophages,F
Pan_2023,F7,"NBEAL1,GPR183,MT-ND4L,MTPN,EIF4A1,H3-3A,MT-ND4,MT-ND2,MT-ND5,MT-ND1,MT-ATP6,MT-ND3",lung,macrophages,F
Pan_2023,F8,"ATP6V0C,CCL18,IFI27,NUPR1,PSMA6,FN1,FABP4,EEF1G,TOMM6,LYAR,POLD4,PDLIM1,CYP27A1,EVL,S100A13,PTPMT1,VMO1,STMN1,HP,PHLDA3,LGALS3BP,FAM3B,SERPING1,PLAAT3,RBP4",lung,alveolar macrophages,F
Pan_2023,M3,"MGP,DCN,IGFBP7,GPX3,TAGLN,CALD1,SPARCL1,MYL9,SERPING1,LUM,A2M,CFD,MT1E,ACTA2,SPARC,TPM2,FBLN1,COL6A2,CCN2,APOE,TPM1,BGN,MT1M,IGFBP4,COL1A2,LGALS3BP,TIMP3,COL3A1,C1R,COL1A1,CNN3,RARRES2,PMP22,C1S,NNMT,FHL1,EFEMP1,MFAP4,SOD3,SERPINF1,PTMS,CRIP2,ADH1B,CCDC80,IGFBP6,KDELR2,CSRP1,ANXA6,PPP1R14A,FN1",lung,fibroblasts,M
Pan_2023,F21,"MT-CO1,PLA2G2A,IGFBP4,CCDC80,MT-ND4,RARRES1,C3,MT-ND3,IGFBP6,SERPINF1,MT-ND2,SOD2,MT-CO2,NBL1,MGST1,DDIT4,IGF1,FGF7,H3-3A,MT-CYB,NUCB2,SRPX,MT-CO3,MT-ND5,NNMT,STEAP1,SERPINE2,MT-ND1,LXN,VCAN,EIF4A1,IL32,APOD,FBLN2,MT-ATP6,HSPA1B,SFRP2,C7,NBEAL1,DNAJB1",lung,fibroblasts,F
Pan_2023,F25,"ASPN,LTBP1,LIMCH1,CTHRC1,LTBP2,COL8A1,DPT",lung,fibroblasts,F
Pan_2023,F28,"MT-CO1,MT-CYB,MT-CO3,MT-ATP6,MT-ND5,LIMCH1,GPC3,ABI3BP,SLIT2,SPTBN1,MMP19,GLG1,CTTN,GPM6B,PLEKHH2,TSPYL1,SAR1A,DHRS3,PLPP3,S1PR2,MACF1,LAMB1,ZNF106,SCN7A,B4GALT1,SLC25A37,ANKRD10,PER2,DEPP1,NRP1,BCL6,RACK1,ATP5F1B,SERPINB9,ATP5F1A,MT-ND6,TCIM,LHFPL6,MT-ATP8",lung,fibroblasts,F
Pan_2023,F27,"MGST1,C3,SLPI,DDX21,NBEAL1,FBN1,PODN,OGN,PDGFRA,PLIN2,TNXB,TKT,SERPINE2,IL1R1,NAMPT,STEAP2,CBX3,PTP4A2,PTGIS,NSA2,TAX1BP3,RPL22L1,FKBP11,STEAP1,TUBA1C,IGF1,NAA38,SLC2A3,SMIM14,ADD3,NBL1,TGFBR2,DPYSL3,MYC,MPZL1,TSHZ2,NFKBIZ,GAS1,PDPN,TMEM176A,EIF4A1,LSP1,OAF,LXN,KLF4,METTL7A,PLA2G2A,COL5A1,CRELD2,GPNMB",lung,fibroblasts,F
Pan_2023,F26,"MT-CO1,MT-CO3,MT-ND2,MT-ATP6,MT-ND4,MT-CO2,MT-ND3,MT-CYB,MT-ND1,ACTG2,MYH11,H3-3A,MYLK,MT-ND5,CNN1,TM4SF1,TINAGL1,CSRP2,DES,PLN,EIF4A1,SNCG,RAMP1,LMOD1,MT-ND4L,SLC25A4,MSRB3,SORBS2,KCNMB1,MCAM,HSPB7",lung,fibroblasts,F
Pan_2023,F22,"COX4I2,NDUFA4L2,HIGD1B,PTN,PDGFRB,COL4A1,ITM2C,COL4A2,EGFL6,FAM162B,PHLDA1,APOE,HES4,IGFBP2,PAG1,MEST,NDRG1,GJA4,TMEM204,CHN1,CADM1,NOTCH3,LPL,CPM,F2R,PERP,UXS1,KCNK17,KCNK3,LAMC3,LAMB1,CYGB,HSPA2,WLS,AGTR1,SCGB3A1,TJP1,TBX5,NID1,DUSP4,TESC,MYLIP,RFTN1,ITGA1,MYO1B,WFDC1,TINAGL1,RGN,ATP6V0C",lung,fibroblasts,F
Pan_2023,F23,"CFD,PTGDS,RGCC,FMO2,GPC3,ATP6V0C,LIMCH1,FIBIN,ADM,SCN7A,RNASE4,SPINT2,MMP19",lung,fibroblasts,F
Pan_2023,F24,"EEF1G,TINAGL1,TM4SF1,EGFL6,MYH11,ID4,CNN1,RRAD,LMOD1,FRZB,ACTG2,KRT18,ISYNA1,ESAM,NTN4,PLN,HSPA2,BCAM,MCAM,NOTCH3,CSRP2,DES,HES4",lung,fibroblasts,F
Pan_2023,F29,"APOE,PTGDS,PHLDA1,MYC,RGS2,ID4,IFITM1,PTN,C7,SOCS3,FGF7,DPT,SERPINF1,CXCL2,SRPX,CCL2,CXCL12,TMEM176B,MDK,RPS4Y1,GEM,HLA-DRB1,ATP1B3,MAT2A,IFI27,PRKAR1A,NAMPT,BST2,PLIN2,HLA-DPB1,CYP1B1,TMEM165,PLAUR,SPTSSA,MT1A,MAFF,CD248,U2AF1,SNAI2,MARCKSL1,CHMP1B,FGFR1,EIF3J,TMEM70,CREM,FXYD5,STEAP1,TYMP,B4GALT1,PSMA6",lung,fibroblasts,F
Pan_2023,M2,"SLPI,MT-ND5,FXYD3,H3-3A,PERP,TPPP3,KTN1,AQP3,AGR3,SPINT2,ATP1B1,NUCKS1,TTC3,CKB,NDUFB8,CIB1,TSTD1,SNU13,SF3B6,NDUFB7,KRT19,MT-ND4L,CAPS,GCC2,IFT57,PIGR,SMDT1,NDUFB3,UXT,TOMM20,SRI,FAM133B,MUC1,CFDP1,PSENEN,SDHC,POLR2I,S100A2,IK,COX5A,EPCAM,NUDC,YBX3,PLAAT4,SF3B2,CHCHD10,DDX3X,CLDN7,TMEM14C,CLINT1",lung,epithelial cells,M
Pan_2023,F20,,lung,epithelial cells,F
Pan_2023,F15,"BPIFA1,HBB,DRC3,SYNE1,RABL2B,CEP126,CFAP70,CFAP53,NEK5,DTHD1,CFAP43,BBOF1,PPIL6,CFAP210,GSTA2,TNFAIP8L1,CATSPERD,SAXO2,AK9,DNAH11,CSPP1,STOML3,STMND1,VNN3P,CCDC153,CFAP157,RAMP1,HBA2,SPAG6,SPATA18,ALDH1L1,DCDC1,FRMPD2,ODAD1,CC2D2A,MAPK15,DNAAF11,PROS1,TEKT2,CFAP73,NWD1,ERICH3,PRR29,CFAP46,FXYD1,DNAI3,LRRC46,CCDC191,TMEM67,CFAP44",lung,ciliated epithelial cells,F
Pan_2023,F12,"KRT15,KRT17,KRT5,RPS4Y1,S100A2,BCAM,NTS,SERPINF1,ADIRF,PTPRZ1,SOCS3,BST2,SLC1A5,ALDH3A2,CLDN1,ATP1B3,NR4A1,SPINK5,CCN1,SFN,LAMB3,ADH7,LBH,RASSF6,EMP1,AVPI1,IFRD1,TIPARP,SPARCL1,DAPL1,FMO2,ARL4D,MYC,SERTAD1,DUSP6,HSPA2,SPRY1,FHL2,FOXN3,ERRFI1,CD44,FLRT3,ANOS1,EGFR,SNCA,DST,EGR3,EGR2,SEMA5A,DLK2",lung,basal epithelial cells,F
Pan_2023,F13,"CFAP53,DRC3,DNAH12,CCDC80,CARS1,DNAI4,EFCAB10,STK33,NME5,RFX3,ALDH3B1,OMG,DNAAF1,DYDC2,MUC15,TSPAN19,HYDIN,ANKRD66,MS4A8,CFAP70,DNAH7,DNALI1,BBOF1,NEK5,CFAP126,FAM81B,DNAH5,CCDC74A,NEK10,KIF9,CFAP221,CFAP43,B3GNT5,ENKUR,PROM1,FANK1,CCDC88C,ZBBX,SPA17,DYNLT4,CFAP157,DNAH9,FOXJ1,PTRH1,ARMC3,NWD1,GSTA2,DAW1,CCDC17,CATSPERD",lung,ciliated epithelial cells,F
Pan_2023,F17,"DYNLRB2,ZMYND10,SFTPC,SNTN,CIBAR2,CFAP126,CCDC170,FAM216B,WDR38,TEKT1,CCDC78,ROPN1L,FAM81B,MORN5,IFT22,CFAP43,RSPH9,FOXJ1,LRRIQ1,LRRC46,ERICH3,FABP6,SPA17,CCDC113,CDHR3,EFCAB1,ENDOG,CFAP53,CCDC74A,B9D1,CCDC153,CD164L2,LDLRAD1,TSPAN19,FOLR1,RGCC,SPAG6,CFAP210,CATSPERD,RSPH4A,TEKT2,SAXO2,GABARAP,DNAH12,CST6,PACRG,CCDC181,FAM166B,TUBA4B,SPEF1",lung,ciliated epithelial cells,F
Pan_2023,F16,"SLC34A2,FABP5,SFTPC,IFITM2,C3,AREG,CXCL2,SDR16C5,SERPINA1,DUSP6,PLD3,SPTSSA,TSC22D3,MSMO1,BTG3,CDK2AP2,CD44,MID1IP1,CITED2,EBP,PON2,QSOX1,FOLR1,TMEM125,TM4SF1,SARS1,MLPH,HSD17B11,CHP1,TMEM243,GLO1,MRPS15,MPST,RAP1A,DHRS7,POLR2C,H1-0,COA4,HSD17B4,SFN,IDI1,MAOA,MFSD2A,SFTPB,LTA4H,RBPMS,HOPX,CKS2,SURF4,SFTA3",lung,alveolar type 2 cells,F
Pan_2023,F18,"SAA4,DRC3,SAA2,ZG16B,ADGRF1,ENDOG,FAM81B,WDR38,IFT22,FANK1,CFAP36,CD164L2,NPHP1,MAP9,DYDC2,RUVBL1,CFAP45,BBOF1,LXN,PIP,TMEM107,JOSD2,LRG1,CFAP53,OMG,BASP1,CCP110,CIBAR2,CATSPERD,CFAP70,EFCAB2,LRRC46,TMEM190,PKIB,DYNLT4,STMND1,TEKT1,GBP3,IQCG,PLAAT2,KCTD12,B9D1,CFAP126,SPAG17,DALRD3,LDLRAD1,TTLL10,TUBB2A,CCDC113,KIF3B",lung,ciliated epithelial cells,F
Pan_2023,F14,"LYPD2,BPIFA1,RARRES1,ANKRD36C,PI3,SORD,S100A16,ADGRF1,S100A9,MUC5AC,TMPRSS4,NTS,CSTA,RDH10,EFHD2,SERPINB4,ASS1,ADAM28,PTN,S100A8,FUT2,SMAP1,GABRP,AKR1C2,FMO3,TGM2,A4GALT,FAM3D,ASRGL1,TFCP2L1,LY6D,ZNHIT6,LYNX1,IDO1,PTGES,CEACAM5,CDC42EP5,ATP10B,CYP2F1,PRKAR2B,SIX3,SLC31A1,ZG16B,SLC6A14",lung,goblet cells,F
Pan_2023,F19,"APOD,CCDC80,RRAD,ERICH3,LYPD2,BASP1,SPAG1,SCGB2A1,CFAP251,RSPH4A,DNAH11,FAM216B,DRC3,ANKRD36C,SAXO2,ADGRF1,TNFAIP8L1,NEK10,IFT22,ROPN1L,CEP126,TRAF3IP1,OMG,DNAI4,STK33,CFAP45,FHAD1,SPAG6,FAM81B,ANKUB1,BBOF1,ARMC3,PPIL6,SPAG17,CCDC170,LRRIQ1,CFAP70,NPHP1,IFT81,AP2B1,CCDC113,SYNE1,CTNNAL1,CCDC30,TTLL10,DNAAF11,IFT88,IQCG,SPA17,DYDC2",lung,ciliated epithelial cells,F
Pan_2023,M0,"CCL5,NKG7,CD52,GNLY,IL32,ZFP36L2,CXCR4,CCL4,GZMB,CD69,ARHGDIB,HCST,CORO1A,IFITM1,FXYD5,GZMA,CTSW,PRF1,RAC2,ALOX5AP,CD53,ITGB2,CD7,CST7,LSP1,CD37,KLRB1,KLRD1,PTPRC,CD3E,CYTIP,GMFG,ISG20,IL2RG,DUSP2,UCP2,GPSM3,FCGR3A,CD3D,LAPTM5,HOPX,CD2,LIMD2,CD247,CD48,CCL3,GZMH,GZMM,LCK,LCP1",lung,natural killer (NK) cells,M
Pan_2023,F3,"MT-CO1,MT-CO3,MT-CO2,MT-ND2,MT-ND4,MT-CYB,MT-ND3,MT-ATP6,MT-ND1,MT-ND5,RGCC,HSPA1B,HSPA1A,H3-3A,HSPB1",lung,unknown,F
Pan_2023,F2,"HLA-E,EEF1G,OAZ1,PTPRCAP,KLRF1,CLIC3,GABARAP,CEBPB,HLA-DPB1,HLA-DRA",lung,natural killer (NK) cells,F
Pan_2023,F0,"IL7R,FOSB,CD8B,PLP2,PARP8,CLDND1,RNASEK",lung,unknown,F
Pan_2023,F5,"MT-ND1,MT-CYB,H3-3A,HLA-DRA,HLA-DRB1,HLA-DPB1,HLA-DPA1,TIMP1,MT-ATP6,MT-ND4,NBEAL1,HLA-DQB1,MT-ND2,S100A9,S100A8,MT-CO3,MT-CO2,MT-ND3,MT-CO1,MT-ND5",lung,unknown,F
Pan_2023,F1,"MT-CO1,MT-CO2,MT-ND4,MT-CO3,MT-ATP6,CCL3,MT-CYB,TYROBP,FCGR3A,FCER1G,MT-ND3,H3-3A,PLAC8,SPON2,CCL4L2,KLRF1,IFNG,MT-ND5,MT-ND2,XCL2,IL2RB,FGFBP2,SFTPC,MT-ND1,PLEK",lung,natural killer (NK) cells,F
Pan_2023,F4,"KLRG1,RNASEK,ATP6V0C,LIME1",lung,NK cells (mature or activated subset),F
Pan_2023,F6,"PLAC8,CLIC3,FCER1G,GABARAP,HERPUD1,SEC61B,VAMP8,SEC61G,TYROBP,ERP29,PLP2,SERBP1,MTDH,PLEK,PARK7,GLIPR1,PTGDS,LIME1,NPC2,TBCA,GPR183,NAP1L1,ACTR2,OSTC,CDK2AP2,CANX,RNASET2,SELPLG,DPP7,TRABD,NR3C1,NDUFV2,P4HB,ATP6V0B,ZNF706,SELL,TXN,SPCS1,CNPY3,ARF5,MANF,ENY2,CST3,NDUFB8,PRDX6,AP2S1,LAPTM4A,PSMA6,SNX3,PSMA2",lung,unknown,F
Pan_2023,M4,"H3-3A,KRT19,CXCL2,ID1,TACSTD2,ID3,FXYD3,EIF4A1,SCGB3A1,SCGB1A1,CXCL1,S100A8,ELF3,PERP,CCL20,RPS4Y1,HES1,CXCL3,PRDX2,CLDN4,SAA1,SOX4,S100A9,S100A2,SPINT2,CSTA,CCN1,SERPINB3,IER3,SAA2,AGR2,U2AF1,FDFT1,TXNDC17,S100A16,S100A14,BHLHE40,MDK,OCIAD2,BPIFB1,NDUFS2,FAM162A,RND3,SFN,TSPAN1,MSMB,GDF15,LCN2,MT1X,PHLDA2",lung,unknown,M
Pan_2023,F36,"TUBA4A,RPL22L1,VIM,S100A4,TUBA1A,PHB,BAX,UQCC2,MTDH,CCT5,MANF,SDHB,SLC25A4,BLOC1S1,TSPAN3,TCP1,PSMD6,PSMC4,DDRGK1,EMP3,BPIFA1,NUTF2,PSMD7,PSMD11,SF3B1,GNAS,EIF4E2,EWSR1,HNRNPU,SAR1A,RAB10,PSMC1,EIF3A,TMEM208,RAP1B,VCP,CKS2,RAB11B,PFDN6,H1-0,MTCH2,SNX6,PSMD12,PSMD2,SSU72,NOP58,RTF1,CUEDC2,EMC6,RBMS1",lung,unknown,F
Pan_2023,F30,"SERPINB4,PDZK1IP1,ID2,CXCL6,BIRC3,NR4A1,SERPINB7,TNFAIP2,FAM3D,MED24",lung,unknown,F
Pan_2023,F31,"MMP10,VIM,TPM2,CLEC2B,G0S2,SLC38A5,BST2,MRPS6,IFITM2,MMP13,TAGLN,SNCA,MYL9,PENK,CXCL14,PMEPA1,CMTM7,TNC",lung,unknown,F
Pan_2023,F33,"BCAM,IGFBP6,TINAGL1,LOXL4,KLF10",lung,unknown,F
Pan_2023,F32,"BPIFA1,VMO1,RARRES1,KRT23,PSCA,C3,SAA4,CLDN10,CDKN2A,MUC1,IFI27,TYMP,PLAU,SLC44A4,PIGR,CPD,HLA-DRB1,PLK2,ZG16B,TFPI2,CCPG1,ALDH1A3,PLAAT4,RAB11FIP1,CEACAM6,CFB,ASAH1,SERPINA1,CCNDBP1,FOLR1,CST6,LYPD2,QSOX1,LYNX1,HLA-DRA,MMP7,MUC4,CP,SMIM14,IDO1,MARCKSL1,SLC6A14,LRP10",lung,unknown,F
Pan_2023,F35,"CYP4B1,DHRS9,SPINK5,KLK11,KRT4,UPK1B,SERPINB2,EDN2,NDRG2,ADH7,TCN1",lung,unknown,F
Pan_2023,F34,"KRT15,BCAM,CAV1,IGFBP6,ALDH3A1,EFEMP1,IGFBP7,SPINK5,DST,SERPINB5,CA9,GJB2,LGALS7B,DAAM1,LOXL4,TUBB6,HCFC1R1,LGALS7,MFGE8,COL17A1,IL20RB,TINAGL1,SPON2,CA2,TSLP,SLC38A5,PRNP,TGFBI",lung,unknown,F
Pan_2023,M9,"SFTPC,SFTPB,SFTPA1,SFTPA2,NAPSA,RNASE1,SERPINA1,KRT18,CXCL17,SLC34A2,HOPX,SFTPD,KRT8,SCGB3A2,AGR2,AQP1,SPINT2,AQP3,SFTA2,MUC1,AGR3,C3,SDC4,PIGR,PGC,LPCAT1,DHCR24,S100A14,LAMP3,CLDN18,SCD,PEBP4,C4BPA,SELENBP1,ABCA3",lung,Type 2 alveolar epithelial cells (AT2),M
Pan_2023,F63,"MT-ND4,MT-CO1,MT-CO3,MT-ATP6,MT-CO2,MT-CYB,MT-ND2,MT-ND1,MT-ND3,MT-ND5",lung,Type 2 alveolar epithelial cells (AT2),F
Pan_2023,F65,"EEF1G,TACSTD2,CLU,LCN2,PERP,S100A2,KRT17,LY6E,BPIFB1,KRT7,MT1X,CXCL1,RPL17,TIMP1,CXCL8,CYBA,PRSS23,IFITM1,KRT15,MDK,ALDH1A1,CTSC,SERPINF1,APP,GLUL,NAP1L1,TSPAN1,IGFBP2,GSN,KLK11,ANXA11,RHOC,SRI,DUT,TFF3,CTSB,KRTCAP2,AQP5,ARL6IP4,NFE2L2,CRIP1,SEPTIN7,VDAC2,MT2A,TMEM205,EIF3G,OAT,NENF,DDIT4,S100A16",lung,Type 2 alveolar epithelial cells (AT2),F
Pan_2023,F64,"PGC,EEF1G,AREG,PEBP4,AK1,GADD45B,MALL,GABARAP,ICAM1,SFTA3,CRIP1,SOCS3,FOSB,ATP6V0C,CA2,HLA-DMA,TPPP3,NNMT",lung,Type 2 alveolar epithelial cells (AT2),F
Pan_2023,F66,"NBEAL1,MECOM,CCL20,TXNRD1,LPP,CHCHD3,DAPK1,MACROD2,BAIAP2L1,ARMC9,MAMDC2,ZMYM4,ZNF90,APOO,SIK3,CHRAC1,XPO5,RBFOX2,KDM5B,SNX6,EIF2B5,AMBRA1,BCAS3,PLEKHA7,SLC26A3,OOEP,STEAP1B,RASGEF1B,LINGO1,PLEKHA6,NACA2,SLC47A1,EFCAB3,AGER,EPB42",lung,Type 2 alveolar epithelial cells (AT2),F
Pan_2023,M6,"IFI27,CAV1,TIMP3,TM4SF1,CLDN5,SPARCL1,EPAS1,SOCS3,BST2,CNN3,IGFBP4,RAMP2,AQP1,RNASE1,CRIP2,TFPI,EMP1,MT1M,GNG11,VAMP5,TNFSF10,FCN3,SPARC,CAV2,HYAL2,TMEM100,ENG,HLA-DRB5,KLF4,BCAM,DUSP6,AKAP12,SLC9A3R2,EGFL7,PECAM1,GIMAP7,S100A16,TCF4,ARHGAP29,ICAM2,GPX3,TGM2,EDN1,ITM2A,CCL2,ESAM,TINAGL1,TMEM204,RAMP3,SGK1",lung,endothelial cells,M
Pan_2023,F55,"HPGD,EDNRB,IL1RL1,EMCN,SOSTDC1,S100A3,SERPINE1,FRY,TBX3,TSPAN12,EFNB1,HLA-DQA2,ACE,DNAJC1,MYO6,DHRS7,TSPAN15,B3GALNT1",lung,endothelial cells,F
Pan_2023,F54,"FCN3,EDN1,IL7R,CD36,SLC6A4,GPIHBP1",lung,endothelial cells,F
Pan_2023,F58,"MT-CYB,MT-CO2,MT-CO1,MT-CO3,MT-ATP6,MT-ND4,MT-ND1,VIPR1,SH2D3C,ADRB1,MT-ND2,RNF144B,RRAS,PLLP,MT-ND5,DEPP1,DAZAP2,VAT1,RIN2,SASH1,CTTN,SHISA5,CD34,MXD4,HEG1,HIF3A,PSMB4,SYNE1,CD82,MIDEAS,B4GALT1,DNAJC3,RASSF1,SLC35F6,SAR1A,CAVIN2,INMT,MT-ND4L,CTNND1,ARRDC2,MEIS1,RACK1,CDS2,APOL2,TCIM,CAVIN1,ATP5F1B,VSIR,ATP5F1A,SELENOW",lung,endothelial cells,F
Pan_2023,F56,"ACKR1,CLU,MGP,MT-ND4,MT-CO2,PRSS23,MT-CO1,MT-ATP6,MT-CO3,MT-ND2,NNMT,MT-ND1,MT-ND3,IL33,MT-CYB,SRPX,HSPE1,LGALS3,HSPB1,HSPG2,H3-3A,RAB13,RPS10,RPL36A,COMMD6",lung,endothelial cells,F
Pan_2023,F57,"MT1A,CXCL2,CTNNAL1,SOX17,ARID5A,PALMD,SRPX,HEY1,MMRN2,LTC4S,ASRGL1,IL33,NRN1,ITSN2,KCTD12,IDO1,HIF1A,F8,GJA5,IGFBP3,CXCL12,THSD7A,SERPINE2,DKK2",lung,lung endothelial cells,F
Pan_2023,F59,"CCL21,NNMT,HSPB1,CLU,GYPC,FABP5,CYB5R3,LGALS3,STMN1,MT-CO2,ARL4A,PTMS,CTSH,LYVE1,CTSD,MT-ATP6,SNCG,UQCRH,FABP4,PEBP1,TUBB6,COMMD6,CD47,ELK3,MT-ND4,ESD,RWDD1,TFF3,PPP1R2,MMRN1,REXO2,MT-CO1,GNAS,EIF3L,ACTN1,LAPTM5,EIF3E,MT-CO3,LIMS1,PROCR,EFEMP1,TSHZ2,HEBP1,ARID5B,MT-ND2,PTPRE,PDLIM4,PRDX5,DKK3,MT-CYB",lung,lymphatic endothelial cells,F
Pan_2023,M7,"SRGN,FCER1G,CD69,CLU,LAPTM5,TYROBP,ALOX5AP,FOSB,RGS2,EEF1G,RAC2,CAPG,AREG,CPM,RGS1,PLIN2,HPGD,BIRC3,LMO4,CD37,SAMSN1,CKLF,STMN1,ITM2C,RGS10,SOCS1,GPR65,TPSB2,TPSAB1,IL1RL1,VWA5A,LTC4S,MAOB,GATA2",lung,mast cells,M
Pan_2023,M8,"CAV1,KRT19,EMP2,RNASE1,HOPX,MYL9,KRT18,TACSTD2,IL32,ID1,GPRC5A,CYP4B1,AGER,CADM1,KRT8,KRT7,LMO7,SPINT2,FOLR1,LGALS3BP,TNFRSF12A,MRPL14,SELENBP1,NEDD9,SDC4,CLDN4,SYNGR2,CAV2,CLIC3,NCOA7,CD55,MYADM,IFT57,GAS6,SLC39A8,ICAM1,CRIP2,ANXA3,F3,EPCAM,SFTPD,TSPAN13,HPCAL1,UPK3B,CLDN7,DHCR24,LDLR,LEPROT,AGR3,DHRS3",lung,alveolar type 2 epithelial cells,M
Pan_2023,F61,"FXYD3,ADIRF,PPDPF,RPS18,CRIP1,RPL26,LY6E,IFI27,RPS25,RPS9,RPS17,SCGB1A1,RPL7A,CLIC1,ATP6V0C,RNH1,MIF,ID3,YWHAE,CDC42,NEDD8,WDR83OS,SCGB3A1,TMEM265,HLA-E,NDUFA13,RPL22,GABARAP,EEF1G,PSME1,SLC25A6,ACTN4,CD99,NDUFV2,AK1,CUTA,EEF1D,RNASE4,KRTCAP2,CCL2,SFTPC",lung,alveolar type 2 epithelial cells,F
Pan_2023,F62,"MT-CO1,MT-CYB,MT-ND4,MT-CO3,MT-CO2,MT-ND1,MT-ATP6,ATP5F1B,DHRS3,MT-ND2,MT-ND5,CHP1,SELENOW,ATP5F1A,RACK1,B3GNT7,CTTN,SLC3A2,YWHAB,VSIR,MDH2,PSMD8,CAVIN1,CCND3,CNBP,ATP5PB,SERPINB6,EMC3,SELENOS,LAMB2,TSPAN3,ATP5F1C,RHBDD2,TSPYL1,RALY,THRAP3,PSMD11,DNAJC3,TMED4,FCGRT,COL8A1,BEX3,RETREG1,CHMP2A,VMP1,SAR1A,ATP6AP1,GLG1,SLC25A37,ELOVL1",lung,alveolar type 2 epithelial cells,F
