Data,Cluster,Markers,Organization,cell_type,level
Pelka_2021_3,M6,"JCHAIN,IGHA1,IGHA2,HERPUD1,XBP1,ISG20,BTG2,MZB1,CD79A,SSR3,SEC11C,FKBP11,PRDX4,MANF,ANKRD28,UBE2J1,SPCS3,CD27,PIM2,DERL3,MEF2C,VIMP,TNFRSF17,ERN1,TSC22D3,POU2AF1,FAM46C,CD38,FCRL5,SDF2L1",intestine,plasma cells,M
Pelka_2021_3,F34,,intestine,plasma cells,F
Pelka_2021_3,F35,"ARHGDIB,CXCR4,MYL12A,CD52,IL32,HLA-DPB1,TRBC2,LAPTM5,COTL1,EVL",intestine,unknown,F
Pelka_2021_3,M1,"SRGN,S100A4,CCL5,CD52,TSC22D3,CD3D,CD69,ARHGDIB,CD7,RGS1,TRBC2,HCST,ALOX5AP,CD2,CD3E,RAC2,PTPRC,EVL,VIM,GMFG,LAPTM5,GZMA,LTB,CORO1A,RARRES3,CXCR4,LSP1",intestine,T cells,M
Pelka_2021_3,F7,"CCL5,GZMA,CCL4,NKG7,GZMB,GNLY,KLRD1,AC092580.4,HOPX,CST7,PRF1,CTSW",intestine,CD8+ cytotoxic T cells,F
Pelka_2021_3,F8,"LTB,IL7R",intestine,memory T cells,F
Pelka_2021_3,F9,"LTB,SAT1,TNFRSF18,BIRC3,CTSC,BATF,TNFRSF4,TIGIT,CD27,SPOCK2,DUSP4,CARD16,TYMP,RP11-347P5.1,DNPH1,CTLA4,TNFRSF1B,PIM2,CORO1B,IL2RA",intestine,regulatory T cells (Tregs),F
Pelka_2021_3,F11,"HMGN2,H2AFZ,TUBA1B,HMGB2,TUBB,HLA-DRA,SLC25A5,RAN,H2AFV,ANP32B,MZT2A,DUT,DEK,STMN1,COX5A,LSM5,ARL6IP1,HLA-DPA1,C12orf75,CRIP1,NCL,AP2S1,RBMX,NUCKS1,LSM3,PGAM1,MRPL51,HIST1H4C,H2AFY,PA2G4,HNRNPA3,FABP5,BUB3,HLA-DPB1,ANAPC11,PTTG1,SNRPD1,SNRPF,RALY,CKS2,TUBB4B,SMC4,NAA38,PCNA,CARHSP1,PCLAF,RPA3,NUDT1,CKS1B,YWHAH",intestine,unknown,F
Pelka_2021_3,F10,"TPSB2,FCER1G,TPSAB1,SAMSN1,TYROBP,IER2,ANXA1,RGS2,CAPG,SDCBP,CPA3,TIMP1,LAPTM4A,FOXP1,NSMCE1,CD9,EGR1,GLUL,HPGD,LTC4S,C4orf48,CST3,HPGDS,GPR183,FOSB,ASAH1,MS4A2,CLU,CTSG,VWA5A,KIT,SLC18A2,IL1RL1,C1orf186,RP11-354E11.2",intestine,mast cells,F
Pelka_2021_3,M5,"HLA-DRA,SRGN,LGALS1,LYZ,HLA-DPB1,VIM,HLA-DRB1,TYROBP,HLA-DPA1,FCER1G,COTL1,HLA-DQB1,LSP1,S100A9,TYMP,CTSB,HLA-DQA1,AIF1,LITAF,GLUL,CAPG,GPR183,SOD2,RGS10,LST1,CEBPB,ANXA5,NAMPT,CTSC,PLAUR,CD14,MS4A6A,CD68,CTSH,ITGB2,BCL2A1,SPI1,LCP1,C1orf162,ALOX5AP,HLA-DMB,HLA-DMA,RGS1,ANXA1,LAPTM5,EMP3,HCST,HLA-DRB5",intestine,macrophages,M
Pelka_2021_3,F30,"ID2,PPA1,BIRC3,MARCKSL1,IL7R,CD83,BASP1,CDKN1A,REL,STK4,CRIP1,CCR7,CCL19,FSCN1,CCL22,CSF2RA,CST7,FNBP1,DUSP5,PMAIP1,IDO1,LAMP3,GRSF1,IL32,DUSP4,CFLAR,RAB9A,ALDH2,ANXA6,GADD45A,FAM118A,DAPP1,EBI3,LAD1,GPR157,TUBA1C",intestine,dendritic cells,F
Pelka_2021_3,F28,"C1QB,C1QA,APOE,C1QC,APOC1,CTSD,RNASE1,MMP12,ACP5,GPNMB,SPP1,MMP9,MS4A7,MS4A4A,CD9,CTSL,SLC40A1,LIPA,PLA2G7,HEXB,LAMP1,CREG1,PLD3,LGMN,TMEM176A,TMEM176B,FCGR3A",intestine,macrophages,F
Pelka_2021_3,F27,"IL1B,VCAN",intestine,macrophages,F
Pelka_2021_3,F29,"CD52,IL32,CD69,CCL5,KLRB1,CD3D,GZMA,CD7,TRBC2,CD2,TRAC,CD3E",intestine,T cells,F
Pelka_2021_3,F31,"C1QB,HMGB2,C1QC,STMN1,RANBP1,DEK,DUT,SNRPF,TUBA1C,ABI3,NUCKS1,NAA38,RPA3,CKS2,IDH2,EIF5A,LSM4,HIST1H4C,PCNA,CKS1B,PCLAF,SVIP,CENPW,CBX5,UBE2C,DTYMK,SMC4,HMGB3,TYMS,GGH,SMC2,TMEM106C,TK1,RRM2,DHFR,CDK1,MAD2L1,CENPM,NUSAP1,CDKN3",intestine,proliferating macrophages,F
Pelka_2021_3,F33,"JUN,CD9,MARCKSL1,ATP5B,RPL22L1,NDUFB4,DNAJB1,TFF3,TIMM13,ATPIF1,HSPD1,IL32,DSTN,KIF5B,PHGR1,LMNA,VDAC2,IFI27,NDUFB9,SPINT2,ESD,EIF4A2,TKT,EIF4B,ITGB1,NDUFC1,UQCRFS1,FKBP8,NAA38,SNRPD1,TUBB4B,PPA1,HSPA1B,PTMS,PCBD1,PRDX2,AGR2,PRDX6,EIF1AX,CLTB,NCL,KRT8,EIF5A,KRT18,TSPAN13,C1QBP,ATP1B1,FXYD3,LGALS4,TSPAN8",intestine,macrophages,F
Pelka_2021_3,F32,"PLAC8,DDIT4,LTB,JCHAIN,GZMB,STMN1,PLP2,IRF8,YPEL5,THEMIS2,PMAIP1,PNISR,C9orf142,PPP1R14B,TCF4,IRF7,IKZF1,SLC20A1,CLN8,SELL,PRMT9,DCK,CCDC50,APP,SERPINF1,TSPAN13,SOX4,ITM2C,OPN3,UGCG,LDLRAD4,ISG20,C12orf75,CLIC3,IL3RA,MZB1,PPP1R14A,PLA2G16,PLD4,BCL11A,ERN1,SEL1L3,IRF4,OFD1,LILRA4,CXCR3,DERL3,SIDT1,SCT,SMPD3",intestine,plasmacytoid dendritic cells,F
Pelka_2021_3,M7,,intestine,unknown,M
Pelka_2021_3,F37,"NEAT1,PIGR,CLDN4,ELF3,NUPR1,JUN,SLC12A2,CLDN3",intestine,intestinal epithelial cells,F
Pelka_2021_3,F36,,intestine,unknown,F
Pelka_2021_3,M0,"PIGR,LGALS4,PHGR1,TFF3,AGR2,MT1E,TFF1,ELF3,RPL22L1,LCN2,S100P,EPCAM,PRSS3,MARCKSL1,FABP5,TMEM141,IFITM3,HMGA1,PDZK1IP1,PPA1,GDF15,KRT19,CD9,S100A14,MRPL23,CEACAM5,CCND1,FAM84A,SOX9,ETHE1,PPP1R1B,CLTA,SPINT2,SLPI,BACE2,CYSTM1,PERP,VDAC1,SMAGP,RAB25,VIL1,GPRC5A,PLPP2,ATP5G1,TMEM98,P4HB,MYC,MDH2,S100A16,TSPAN8",intestine,intestinal epithelial cells (likely enterocytes or goblet cells),M
Pelka_2021_3,F4,"TFF1,MUC2,FCGBP,REG4,LYZ,SERPINA1,WFDC2,MUC5B,ST6GALNAC1,TFF2,PRAC1,CREB3L1,PCCA,MUC4,MT-ATP8,TMEM238,MUC5AC,SPINK4,HLA-DPA1,HLA-DRA,L1TD1,CD74,RETNLB,C2CD4A,FRZB,SHF,NXPE1,CA8,ATOH1,RASD1,SCIN,RAB26,FAM46C,SLFN5,PRODH,FMOD",intestine,goblet cells,F
Pelka_2021_3,F1,"TFF1,SERPINA1,AZGP1,WFDC2,RAMP1,MIB2,TUBA1A,IFI6,EPHB6,CDKN2A,TNFRSF11B,HOXB-AS3,LCK,STX1A,TCF4,RP11-165M6.1,ASPHD1,DNAJC12,CHGB,CLEC2B,CACNA2D4",intestine,goblet cells,F
Pelka_2021_3,F2,"SPINK4,REG4,PLA2G2A,LYZ,MUC2,TM4SF1,FCGBP,CCK,MUC5AC,MSLN,CTSE,CLDN18,PMP22,KLK6,SERPINA1",intestine,goblet cells,F
Pelka_2021_3,F3,"OLFM4,NUPR1,CCND2,BEX3,REG1A",intestine,intestinal stem cells,F
Pelka_2021_3,F0,"OLFM4,MT1G,ADH1C,CA2,UGT2B17",intestine,intestinal stem cells or progenitor cells,F
Pelka_2021_3,F6,,intestine,unknown,F
Pelka_2021_3,F5,"AZGP1,ANXA13,RP3-412A9.11,ATP2A3,DEFB1,HEPACAM2,SH2D6,LRMP,HOTAIRM1,RASSF6,FYB1,HPGDS,SPIB,ZFHX3,ALOX5AP,HCK,PBXIP1,PSTPIP2,ZG16,ALOX5,PTGS1,AVIL,BMX,PLCG2,GNG13,SH2D7,POU2F3,TRPM5",intestine,tuft cells,F
Pelka_2021_3,M2,"FABP1,ZG16,FCGBP,TSPAN8,MT1G,KRT19,SPINK4,MUC2,CEACAM5,CKB,ITM2C,TSPAN1,CLDN4,GUCA2A,ATP1B1,SPINK1,PLAC8,IFI27,ID1,TMEM54,SLC26A3,CLDN7,KRT8,CLDN3,KRT20,MT1E,PRSS3,TPM1,GSN,ADIRF,LYPD8,MUC13,FAM3D,MT-TV,KLF4,MISP,CEACAM7,PDLIM1,CDHR5,SPATS2L,CAMK2N1,LGALS4,FABP2,LGALS3BP,SMIM22,SEPP1,PKIB,AMN,VSIG2,SLC26A2",intestine,intestinal epithelial cells (enterocytes),M
Pelka_2021_3,F13,"SLC26A3,CEACAM7,AQP8,CLCA4,CA4,EMP1,CEACAM1,MS4A12,SLC9A3,PKIB,MUC12,PRAP1,PI3,TRIM31,GPRC5A,SFN,TMPRSS2,SGK1,RP11-48O20.4,MALL,DHRS9,GUCA2B,TMEM45B,HIST1H1C,CEACAM6,SLC9A3R1,MEP1A,ANPEP,TMIGD1,CD177,C11orf86,HPGD,MXD1,ISG20,IFI6,SLC20A1,GCNT3,SMPDL3A",intestine,intestinal epithelial cells (enterocytes),F
Pelka_2021_3,F12,"SPINK4,MUC2,CLCA1,ITLN1,SPINK1,KLK1,WFDC2,SERPINA1,RNASE1,ST6GALNAC1,RETNLB,XBP1,SLC12A2,NPDC1,GMDS,LRRC26,NPM1,KIAA1324,STARD10,C12orf57,IGFBP2",intestine,goblet cells,F
Pelka_2021_3,F14,"SLC26A2,CA1,SELENBP1,SULT1B1,ADH1C",intestine,intestinal epithelial cells (enterocytes),F
Pelka_2021_3,F17,"ANPEP,PRAP1,UGT2B17,ALDOB,CD74,CYP3A5,BIRC3,MEP1A,HSPA1B,CD55,CYB5A,AKR1C3,HLA-DRA,LGALS2,HLA-DRB1,DGAT1,C4orf3,SMIM24,RARRES1,RP11-59E19.1,CBR1,DPEP1,OAT,GLRX,FAM3B,SI,CYBRD1,PTGR1,TM4SF20,SLC5A1,GSTA1,RBP2,APOB,ACE,FBP1,CLDN15,ACE2,ENPEP,MUC17,CPS1,MAF,TKFC,KHK",intestine,intestinal epithelial cells (enterocytes),F
Pelka_2021_3,F15,"MUC2,TFF1,CD177,MUC1,S100P,REP15,CDC42EP3",intestine,goblet cells,F
Pelka_2021_3,F16,"CA4,MT1H,CA7,BEST4,FABP5,DMBT1,OTOP2,MT1M,SPIB,HRCT1,HES4,NOTCH2NL,PROX1,NOTCH2",intestine,enterocytes,F
Pelka_2021_3,M3,"LGALS1,VIM,IFITM3,TIMP1,IFITM2,GSN,PTMS,IGFBP7,RHOB,ID3,KLF2,ITGB1,VAMP5,CD59,TM4SF1,RP3-412A9.11,TUBA1A,S100A13,ANXA5,BEX3,SPARC,BST2,STOM,IGFBP4,PRSS23,RAB13,TCF4,MGP,CALD1,A2M,SPARCL1,MYL9,SLC9A3R2,GNG11,HSPG2,PRKCDBP,CRIP2,ENG,CAV1,RAMP2,COL4A1,EPAS1,VWF,COL6A2,COL4A2,PTRF,HTRA1,NNMT,COL18A1,FSTL1",intestine,fibroblasts,M
Pelka_2021_3,F22,"CFD,DCN,LUM,IGFBP6,C1R,FBLN1,CLU,PLAC9,GPX3,SERPINF1,RARRES2,S100A4,PCOLCE,C1S,CXCL12,EMP3,NUPR1,SERPING1,FN1,MMP2,ITM2A,SOD3,MFAP4,SEPP1,LGALS3BP,MFAP5,SPON2,TFPI,CCDC80,PLPP3,CD55,EFEMP1,CTSK,PMP22,AEBP1,LTBP4,GLUL,COL6A3,TPPP3,FBLN2,SFRP2,DDAH2,SLPI,ADH1B,FBN1,KLF4,COL1A2,NFIA,SERPINE2,IGFBP5",intestine,fibroblasts,F
Pelka_2021_3,F19,"CD74,ACKR1,VWF,RAMP3,HLA-DRA,FAM167B,RNASE1,HLA-DRB1,DUSP23,CPE,SDPR,CLDN5,ARL4A,HLA-DPB1,TSPAN7,SELP,CLU",intestine,fibroblasts,F
Pelka_2021_3,F21,"LUM,COL3A1,CXCL14,DCN,COL1A2,RARRES2,TPM2,MMP2,C1S,IGFBP5,COL6A1,COL1A1,TMEM176B,NBL1,SPON2,POSTN,TMEM176A,COL6A3,PHLDA1,CTSC,F3,CTSK,MFAP4,C1R,FBLN1,VCAN,EMILIN1,CEBPB,PDGFRA,C11orf96,PDPN,SERPINF1,PPP1R14A,NUPR1,PCOLCE,AEBP1,LGALS3BP",intestine,fibroblasts,F
Pelka_2021_3,F20,"TAGLN,ACTA2,RGS5,SOD3,TPM2,BGN,NDUFA4L2,MT1E,C11orf96,PPP1R14A,MFGE8,HES4,CEBPB,PDGFRB,SDC2,CSRP2,TPPP3,CHCHD10,MAP1B,PHLDA1,COL1A1,MYLK,HCFC1R1,FRZB,NOTCH3,PLAC9,MIR143HG,COL3A1,COL1A2",intestine,fibroblasts,F
Pelka_2021_3,F18,"RGCC,TM4SF1,HSPG2,PLVAP,COL15A1,CD93,RAMP2,SRGN,INSR,PODXL,AC011526.1,ESAM,ICAM2,IGFBP3,ADGRL4,CD34,FLT1,FAM167B,CLEC14A,KDR,VWF,HYAL2,EGFL7,RNASE1,VWA1,ECSCR",intestine,endothelial cells,F
Pelka_2021_3,F23,"CLDN5,TFF3,SDPR,TFPI,CLU,NUPR1,SNCG,CCL21,KLF4,GYPC,ANGPT2,APOLD1,CISD1,TSPAN7,CTSH,TIE1,PPFIBP1,TSHZ2,FXYD6,PTPRE,PPP1R2,MMRN1,EDNRB,AKAP12,ADD3,LY96,LYVE1,PLSCR4,PROX1",intestine,lymphatic endothelial cells,F
Pelka_2021_3,M4,"HLA-DRA,CD52,HLA-DPB1,CXCR4,HLA-DRB1,CD69,LAPTM5,LTB,HLA-DPA1,HLA-DQB1,CD37,HLA-DQA1,IGHM,CD53,CORO1A,CD79A,LIMD2,MS4A1,CD79B,VPREB3",intestine,B cells,M
Pelka_2021_3,F25,"MARCKSL1,SLC25A5,UCP2,ANP32B,BASP1,GSTP1,SRSF3,PRDX1,ARPC5,H2AFZ,HMGA1,SRSF9,RGS13,TBCA,DYNLL1,ACTR3,TCEA1,UQCR10,CCT8,PARP1,MRPL51,UBE2J1,PPP1CC,FKBP1A,TRAPPC1,PARK7,MOB1A,CAPZA1,PRDX6,METAP2,C14orf166,LRMP,GDI2,STMN1,DEK,LDHA,TCL1A,UQCRQ,CALM3,RPS27L,PCLAF,CAPZB,GCHFR,DUT,ERH,NDUFB2,EZR,RAN,HIST1H4C,ATP5J2",intestine,unknown,F
Pelka_2021_3,F24,"TXNIP,CD69",intestine,unknown,F
Pelka_2021_3,F26,"RGS1,KLF6,SRGN,SUB1,ZFP36,S100A4,ITM2B,ALOX5AP,NFKBIA,NEAT1,TRBC2,CKLF,HCST,CCL5,IL32,TRAC,GZMA,CD3D,CD7,ID2,NKG7,IL7R,CD3E,VIM,CD2",intestine,unknown,F
