Data,Cluster,Markers,Organization,cell_type,level
Pelka_2021_2,M2,"HLA-DRA,LGALS1,LYZ,HLA-DPB1,SRGN,VIM,HLA-DRB1,TYROBP,HLA-DPA1,FCER1G,COTL1,HLA-DQB1,TYMP,HLA-DQA1,LSP1,CTSB,AIF1,S100A9,C1QA,C1QB,RGS2,CEBPD,C1QC,LST1,CTSC,CD53,GPR183,CEBPB,NAMPT,HLA-DMA,CAPG,RGS10,SOD2,LCP1,GMFG,MS4A6A,ITGB2,ANXA5,PLAUR,CD14,ASAH1,RP11-1143G9.4,CTSH,CD68,S100A4,TMEM176B,SPI1,TIMP1,HLA-DMB,C1orf162",intestine,macrophages,M
Pelka_2021_2,F14,"APOE,C1QA,APOC1,CTSL,GPNMB,C1QC,C1QB,SPP1,RNASE1,LGMN,CD9,PLD3,MMP12",intestine,macrophages,F
Pelka_2021_2,F15,"FCN1,IL1B,VCAN",intestine,macrophages,F
Pelka_2021_2,F17,"MARCKSL1,BIRC3,CD83,IL7R,STK4,IL32,CSF2RA,ANXA6,CST7,FSCN1,CDKN1A,DUSP5,LAMP3,IDO1,CCR7,CCL22,CCL19,EBI3,LAD1,GPR157",intestine,mature dendritic cells,F
Pelka_2021_2,F16,"HMGB2,STMN1,NUCKS1,CCL5,PCLAF",intestine,proliferating macrophages,F
Pelka_2021_2,F18,"CCL3,CXCL8,IL1B,CXCL3,CXCL2,CCL4,SPP1,IL1RN,G0S2,CCL20,EREG,PTGS2,CXCL1,ATP13A3,VEGFA,TREM1,SLC25A37,ERO1A,ADM,AQP9,NDRG1,INHBA,CCL3L1",intestine,inflammatory macrophages,F
Pelka_2021_2,F20,"PLAC8,DDIT4,LTB,GZMB,PLP2,IRF8,IRF2BP2,PRMT9,SLC20A1,SERPINF1,IRF7,PMAIP1,PRKCB,PPP1R14B,CLN8,C9orf142,IKZF1,TCF4,SOX4,SELL,APP,POLR2J3,ITM2C,STMN1,CCDC50,UGCG,LDLRAD4,C12orf75,MZB1,JCHAIN,PLD4,TSPAN13,BCL11A,IRF4,IL3RA,SLC15A4,ERN1,CLIC3,SEL1L3,OFD1,PPP1R14A,SLC7A5,RUBCN,DERL3,SPIB,LILRA4,CXCR3,SCT,SMPD3",intestine,macrophages,F
Pelka_2021_2,F19,"JCHAIN,BTG2,XBP1,IGHG3,SPCS3,SDF2L1,IGHG1,H1FX,IGLC2,IGLC3,IGHA2,VIMP,PRDM1,UBE2J1,IGHG4,PRDX4,SEC11C,MZB1,PIM2,IGHGP,ERN1,SEL1L3,FKBP11,DERL3,TXNDC11,TP53INP1,PLPP5,PDK1,CD79A,CD27",intestine,plasma cells,F
Pelka_2021_2,M3,"CD52,CXCR4,CD69,CCL5,ARHGDIB,CD7,CORO1A,LAPTM5,TRBC2,CD37,CD3D,PTPRC,HCST,CD3E,EVL,RAC2,CD2,RGS1,LSP1,HLA-DPB1",intestine,T cells,M
Pelka_2021_2,F24,"CXCL13,HSPA1A,NKG7,DUSP2,GZMA,DNAJB1,GZMB,HSPA1B,HLA-DRB1,LGALS1,LY6E,HSPB1,HSPE1,ANXA1,CCL3,CTSW,ITM2A,PIK3IP1,RBPJ,GZMH,RGS2,CTSD,IFNG,SAMSN1,DUSP4,CD27,DNAJA1,CYTOR,PKM,TSPO,CST7,PGK1,LAG3,CCL4,PRF1,CD96,TIGIT,AC092580.4,CD8A,MT2A,HAVCR2,SLA,GNLY",intestine,CD8+ cytotoxic T cells,F
Pelka_2021_2,F21,"CCL5,GZMA,CCL4,KLRD1,AC092580.4,HOPX,CD63,CST7,GNLY,NKG7",intestine,mucosal-associated invariant T (MAIT) cells,F
Pelka_2021_2,F26,"MT2A,HMGB2,TUBA1B,H2AFZ,TUBB,COX8A,H1FX,CALM3,HIST1H4C,LGALS1,H2AFV,STMN1,GNG5,ARL6IP1,PGAM1,NUCKS1,DUT,CXCL13,HN1,PSME2,PLP2,ITM2A,ANP32B,ANAPC11,YWHAH,TMBIM6,EMP3,SIVA1,LSM5,TXN,CARHSP1,PTTG1,RPA3,RALY,LSM2,C19orf79,LDHA,ANP32E,CKS2,SMC4,TUBB4B,ANXA5,BAX,RAD21,PGK1,PSMA2,SLC25A5,UBE2S,ANXA2,PCLAF",intestine,unknown,F
Pelka_2021_2,F22,IL7R,intestine,memory T cells,F
Pelka_2021_2,F23,"HLA-DRA,HLA-DPB1,HLA-DRB1,HLA-DPA1,HLA-DQB1,IGHM,KLF2,CD79A,HLA-DQA1,VPREB3,MS4A1,SMIM14,JCHAIN",intestine,unknown,F
Pelka_2021_2,F25,"GNLY,KLRB1,KLRD1,CCL3,PRF1,TYROBP,FCER1G,TRDC,CMC1",intestine,gamma delta T cells,F
Pelka_2021_2,F27,"HLA-DRA,JCHAIN,UCP2,SLC25A5,ANP32B,IGHM,HLA-DPB1,MS4A1,HLA-DQA1,CD79A,VPREB3,PRDX6,SMDT1,SMIM14,IGLC2,TCEA1,STMN1,H2AFV,PRDX1,DEK,TMEM123,NCF1,MRPL51,HMGA1,EZR,MARCKSL1,PARP1,TCL1A,METAP2,IGLC3,BASP1,HLA-DMA,BCAS4,SRSF9,UBE2J1,HLA-DQB1,CD79B,STAG3,LRMP,IRF8,HMCES,MEF2C,HIST1H4C,GDI2,DUT,DAAM1,CD22,POU2AF1,RGS13,HLA-DPA1",intestine,unknown,F
Pelka_2021_2,M1,"PHGR1,MT1G,LGALS4,MT1E,FABP1,CLDN3,CLDN4,TSPAN1,FCGBP,C19orf33,PIGR,MT1M,CKB,MT1X,DSTN,CA2,ATP1B1,CLTB,FAM3D,FXYD3,CES2,PDLIM1,KLF5,GPX2,C10orf99,GPRC5A,BSG,ID1,TSPAN8,SRI,IFI27,C15orf48,MUC1,MT-ND4L,SELENBP1,CDC42EP5,RP11-357H14.17,HES1,CTNND1,PRSS3,MGST3,MUC12,SPTBN1,CAMK2N1,CTTN,LSR,TFF3,ADIRF,KRT19,AMN",intestine,intestinal epithelial cells,M
Pelka_2021_2,F6,"S100P,LCN2,RPL22L1,IFITM3,PI3,NAP1L1,TIMP1,CD74,LDHB,IDH2,TGFBI,CXCL1,REG4,WDR24,TRIM7",intestine,intestinal epithelial cells (likely absorptive or secretory lineage),F
Pelka_2021_2,F3,ADH1C,intestine,intestinal epithelial cells,F
Pelka_2021_2,F4,"SLC26A3,GUCA2B,CEACAM7,GUCA2A,SEPP1,AQP8,CA1,MS4A12,PKIB,CDKN2B-AS1,PRAP1,RP11-48O20.4,CA4,CD177,LYPD8,EMP1,ANPEP,GCNT3,SGK1,SLC9A3,HPGD,SMPDL3A,TMIGD1,KRT20,MXD1,CEACAM1,SLC26A2,SULT1A2,CLCA4",intestine,colonocytes,F
Pelka_2021_2,F12,"TIMP1,CCL20,PRAC1,GGH,BEX3,PRDX4,HSD17B10,C8orf59,FERMT1,RP11-462G2.1,NME1,PCSK1N,CDCA7,DPEP1,TNNC2,RNF43,UCHL3,ASCL2,GTF3A,PFDN4,FAM3B,BEX2,LDHB,TPM2,BEX4,KRT23,AP003774.1,PHGDH,IGHG1,XXbac-BPG32J3.19,GGT7,C2,SYT7,C7orf13,TESC,RP5-881L22.5",intestine,intestinal epithelial cells,F
Pelka_2021_2,F10,"SPINK4,REG4,PRAC1,TATDN1,TIMP1,S100A4,TPPP3,RP1-122P22.4,LYZ,IGHG3,NPW",intestine,intestinal secretory epithelial cells,F
Pelka_2021_2,F7,"FCGBP,ZG16,MUC2,CLCA1,SPINK4,KLK1,ITLN1,SERPINA1,REP15",intestine,goblet cells,F
Pelka_2021_2,F9,"REG4,LYZ,IFI6,SLPI,TIMP1,CD55,LY6E,IGHA2,BEX3,MRPS35,PLAUR,UBE2S,GAL,CDKN2A,TACSTD2,IFI44L,RP11-1143G9.4,TPM2,IFI16,VAMP5,CDCA3,ARNTL2,PHLDA3",intestine,intestinal epithelial cells (likely secretory lineage),F
Pelka_2021_2,F8,"GUCA2B,GUCA2A,CA4,MT1H,CA7,LYPD8,BEST4,OTOP2,CEACAM1,KRT20,SDCBP2,HES4,SPIB,HRCT1,DMBT1,CCNYL1,PCSK1N,CTSE,NEURL1,CDA,EMP1,ADRA2A,CLCA4,CEACAM7",intestine,colonocytes,F
Pelka_2021_2,F11,"LYZ,CCL20,GGH,DPEP1,UCA1,BMP4,RP11-1143G9.4,RP1-122P22.4,KRT23",intestine,intestinal epithelial cells,F
Pelka_2021_2,F13,"PLA2G2A,CD74,RPL22L1,LDHB,IDH2,RPS4Y1,IFITM3,HLA-DRA,PSMB9,PRAC1,DDIT4,RARRES3,LY6E,HLA-F,BST2,DECR1,HLA-DRB1,ANXA1,CD44,MRPS21,COMT,NUDC,CCT8,NME1,MYC,TAP1,NUTF2,IFITM2,CCT3,NPM3,HLA-DPA1,IMPDH2,RSL1D1,GAL,WARS,DDX21,TPPP3,HLA-DPB1,KLK10,HLA-DQB1,RP1-122P22.4,CA9,ID4,EIF1AY,HSPA6,BNIP3,RGS2,PHGDH,CACYBP,RRAD",intestine,intestinal epithelial cells,F
Pelka_2021_2,F5,"HMGB2,STMN1,ADH1C,RPS4Y1,CKS2,UBE2S,PTTG1,UBE2C,CENPW,HMGB3,TOP2A,KPNA2,PPIH,MAD2L1,NUSAP1,CENPA",intestine,proliferating intestinal epithelial cells,F
Pelka_2021_2,M0,"JCHAIN,IGHA2,IGLC2,IGLC3,HERPUD1,MZB1,XBP1,SSR3,FKBP11,ISG20,SEC11C,CD79A,DERL3,SDF2L1,TNFRSF17,DNAJB9,FAM46C,PRDX4,MANF,POU2AF1,FCRL5,GNG7,UBE2J1,TSC22D3",intestine,plasma cells,M
Pelka_2021_2,F0,,intestine,plasma cells,F
Pelka_2021_2,F1,,intestine,plasma cells,F
Pelka_2021_2,F2,"CXCR4,IGHG1,IGHG4,IGHG3",intestine,IgG-producing plasma cells,F
Pelka_2021_2,M4,"LGALS1,VIM,IFITM3,TIMP1,HSPA1A,IFITM2,ADIRF,GSN,EGR1,CEBPD,RHOB,KLF2,IGFBP7,ID3,PTMS,YBX3,CCDC85B,ITGB1,CD59,VAMP5,APP,RP3-412A9.11,SOCS3,S100A13,TUBA1A,TM4SF1,CD81,CD320,IGFBP4,SPARCL1,STOM,SPARC,MGP,A2M,CALD1,PRSS23,CAV1,TCF4,TGFBR2,SLC9A3R2,CNN3,GNG11,CRIP2,MYL9,CTGF,EPAS1,COL6A2,RAMP2,ENG,PTRF",intestine,fibroblasts,M
Pelka_2021_2,F28,"VWF,ACKR1,CLU,RNASE1,RAMP3,VWA1,CD93,DUSP23,AC011526.1",intestine,fibroblasts,F
Pelka_2021_2,F32,"TAGLN,TPM2,ACTA2,C11orf96,SOD3,MT1E,IGFBP5,MT1X,FRZB,HES4,MYH11,PPP1R14A,FLNA,PLAC9,NUPR1,SNCG,FXYD1,PDGFRB,CRIP1,SORBS2,TINAGL1,RGS5,MIR143HG,CSRP1,CSRP2,NOTCH3,BGN,PLN,HCFC1R1,MYLK,MT1M,RERGL,LBH,MAP3K20,RCAN2,NET1,SYNPO2,PHLDA2,MTHFD2,C1QTNF1,LMOD1,MAP3K7CL,CRYAB,ACTG2",intestine,fibroblasts,F
Pelka_2021_2,F30,"RGS5,ACTA2,COL3A1,SOD3,CD36,BGN,COL1A2,TPM2,FRZB,NDUFA4L2,THY1,TAGLN,COL4A1,PHLDA1,PDGFRB,HES4,CYTOR,ARHGDIB,PPP1R14A,IGFBP2,LHFP,MEF2C,COL1A1,CRISPLD2,CSRP2,TINAGL1,TPPP3,NOTCH3,CHCHD10,ITGA1,COX4I2,EPS8,C11orf96,HIGD1B,SEPT4,ARHGAP15,PLXDC1",intestine,fibroblasts,F
Pelka_2021_2,F33,"CFD,DCN,S100A4,IGFBP6,PLAC9,FBLN1,GPX3,SOD3,C1R,SERPINF1,LUM,FN1,MFAP5,EFEMP1,LTBP4,PCOLCE,MMP2,NUPR1,CXCL12,CD55,SFRP2,ITM2A,CCDC80,PLPP3,SDC2,COL1A2,MEG3,MFAP4,TMEM176B,ADH1B,FBLN2,TPPP3,SERPINE2,FXYD1,SFRP1,TNXB,FBN1,PROCR,DPT,DDAH2,IGFBP5,EFEMP2,PTN,ADI1,OLFML3,ECM1,CYBRD1,ADD3,CLEC3B,RP11-14N7.2",intestine,fibroblasts,F
Pelka_2021_2,F31,"FABP5,PLVAP,CD320,RGCC,CD36,SRGN,FLT1,ENPP2,AC011526.1,TMEM88,SDPR,VWA1,CA4,IGFBP2,RBP7,RAMP3,TM4SF18,EMCN,TMEM204,SEC14L1,RBP5,NOTCH4,JAM2,ESAM,EHD4,SGK1,SH3BP5,HLA-DRB1,LDB2,SLC14A1,CYYR1,SYNPO,SLCO2A1,ITGA6,RNASE1,APOLD1,EGFL7,ICAM2,CD34,GIMAP7,VWF,PODXL,FAM107A,ADGRL4",intestine,fibroblasts,F
Pelka_2021_2,F34,"CLU,SRGN,CLEC14A,ICAM2,C10orf10,KCTD12,GIMAP4,CXCL12,IGFBP3,TNFSF10,PTPRB,SERPINE2,TMEM100,FAM107A,IFI44L,FBLN2,PODXL,THBD,TSPAN7,MMRN2,ADAM15,JAM2,PALMD,EMCN,PDCD4,S1PR1,SOX17,JAG1,CDH5,EFNB2,SULF1,HEY1,LIFR,LTC4S,SEMA3G,TSPAN2,ARL15,PCSK5",intestine,fibroblasts,F
Pelka_2021_2,F35,"CLDN5,CCL21,SDPR,TFF3,TFPI,ECSCR,GYPC,EFEMP1,NUPR1,ARL6IP1,APOLD1,ARL4A,AKAP12,PPP1R2,FXYD6,KANK3,MMRN1,TUBB6,PPFIBP1,ADD3,TSHZ2,LYVE1,LAPTM5,CLU,NR2F1,PROX1,RELN,GPM6A",intestine,lymphatic endothelial cells,F
Pelka_2021_2,F29,"CXCL14,LUM,COL3A1,DCN,RARRES2,C1S,MMP2,TMEM176B,APOE,TPM2,POSTN,COL6A1,COL1A1,C1R,NBL1,COL1A2,MFAP4,IGFBP5,SERPINF1,COL6A3,F3,TMEM176A,FBLN1,CTSC,CTSK,TGFBI,COL5A2,SPON2,EMILIN1,PDGFRA,VCAN,LGALS3BP,AEBP1,PITX1,CDH11,CFD,SDC2,NUPR1,PCOLCE",intestine,fibroblasts,F
Pelka_2021_2,M5,"SRGN,S100A4,RGS1,CD69,TYROBP,FCER1G,LAPTM5,ALOX5AP,ANXA1,CD37,GLUL,CAPG,RGS2,SAMSN1,TPSB2,TPSAB1,SOCS1,HPGD,NSMCE1,TNFAIP3,CLU,CPA3,HPGDS,LTC4S,VWA5A,RGS13,MS4A2,KIT,GATA2",intestine,mast cells,M
Pelka_2021_2,M7,,intestine,unknown,M
Pelka_2021_2,F39,"MALAT1,PIGR,ELF3,NEAT1,LGALS3BP,REG4,FKBP2,FOS,CLDN4,MLEC,RRBP1,SPTBN1,P4HB,MT-ND4L,SLC12A2,HSPA5,SRRM2,EIF3A,JUN,MT-ND5,MT-ND6,HLA-B,PDIA4,LMNA,SON,MT-RNR1,HSP90B1,TMBIM6,BSG,HLA-C,CALR",intestine,unknown,F
Pelka_2021_2,F38,,intestine,unknown,F
Pelka_2021_2,M6,"KRT18,ELF3,ALOX5AP,IFI6,TPM1,MARCKSL1,TMEM176B,LYZ,FYB1,TMEM176A,EIF1B,AOC1,RP3-412A9.11,TLE4,PTPN18,SPIB,CCDC14,PBXIP1,ATP2A3,HPGDS,BIK,LRMP,DEFB1,MATK,HCK,HOTAIRM1,AZGP1,RASSF6,PLCG2,PTGS1,SH2D6,PSTPIP2,ANXA13",intestine,unknown,M
