Data,Cluster,Markers,Organization,cell_type,level
Pelka_2021_1,M1,"PIGR,LGALS4,MT1G,PHGR1,EPCAM,C15orf48,MT1E,FXYD3,ELF3,TFF3,LCN2,MT1X,TSPAN8,CEACAM6,CLDN4,CEACAM5,CLDN7,TSPAN1,C19orf33,KRT19,TIMM13,SRI,TMEM141,STARD10,SLC12A2,SPINK1,S100A14,HES1,DSTN,ASS1,TMEM54,PHLDA2,AGR2,CKB,AMN,LSR,SELENBP1,CLDN3,BSG,GOLM1,CDH1,CYC1,MDK,IFI27,ERBB3,HOOK2,KLF5,DSP,SMIM22,SLC44A4",intestine,intestinal epithelial cells,M
Pelka_2021_1,F3,"IFI6,CXCL14,EREG,TNNC2,BST2,HSPA1A,TM4SF1,LY6E,PRAC1,LAPTM4B,CCDC85B,GDF15,AC064834.1,MYC,BNIP3,PCSK1N,KRT23,TIMP3,PTP4A3,PCAT1,GZMB,PTK7,NKX2-1,ERP27",intestine,intestinal epithelial cells (potentially secretory or activated subset),F
Pelka_2021_1,F4,"GUCA2A,SLC26A3,CEACAM7,CA4,SEPP1,AQP8,CA1,CEACAM1,GUCA2B,MS4A12,MUC12,PKIB,PRAP1,ANPEP,RP11-48O20.4,CDHR5,MALL,GCNT3,SLC9A3,SLC26A2,HPGD,CDKN2B-AS1,LYPD8,EMP1,CA2,SLC51B,DHRS9,SGK1,KRT20,TMIGD1,CLCA4,SDCBP2,SLC17A4",intestine,colonocytes,F
Pelka_2021_1,F2,"LYZ,REG4",intestine,intestinal goblet cells,F
Pelka_2021_1,F6,"OLFM4,NUPR1,HSPA1A,BST2,GTF3A,DDIT4,RP11-329L6.2,CKS2,S100A4,HMGCS1,FHL2,MRPS21,CMBL,MRPL36,PHLDA1,LGALS1,ZNF511,MPG,CXCL11,CA9,TIMP1,HSPA6,SPINK5,UCA1,PHGDH,SMOC2,UNC13D,MT-TK,CORO1A,CYR61,SLC6A20,HOXB-AS3,GATM",intestine,intestinal stem cells,F
Pelka_2021_1,F9,,intestine,intestinal epithelial cells,F
Pelka_2021_1,F5,"FCGBP,ZG16,MUC2,SPINK4,LYPD8,CLCA1,SERPINA1,KLK1,ITLN1,WFDC2,REP15,HEPACAM2,TPSG1",intestine,goblet cells,F
Pelka_2021_1,F7,"TFF1,REG4,LYZ,CD74,IFI6,PLA2G2A,HSPA1A,HLA-DRA,LY6E,HLA-DRB1,BST2,TM4SF1,TFF2,ZG16B,TYMP,RARRES3,HLA-F,HLA-DPA1,HLA-DPB1,HLA-DRB5,TESC,CTSE,HLA-DQB1,HLA-DMA,MUC5AC,WARS,KRT7,TACSTD2,HLA-DQA1,MSLN,CDKN2A,AQP5,MIA,CLDN18,IDO1,GABRP,HLA-DMB,GBP4,PRKCDBP,CD55,UBD",intestine,goblet cells,F
Pelka_2021_1,F8,"GUCA2A,KRT20,CA4,GUCA2B,LYPD8,MT1H,MT1M,CDHR5,MT1F,CEACAM7,DMBT1,CLCA4,SDCBP2,SLC20A1,CA2,BEST4,CA7,SGK1,OTOP2,HES4,SPIB,HEPACAM2,PCSK1N,MT-TV,NEURL1",intestine,colonocytes,F
Pelka_2021_1,M3,"HLA-DRA,HLA-DPB1,HLA-DRB1,HLA-DPA1,CXCR4,LAPTM5,HLA-DQA1,HLA-DQB1,CD79A,LIMD2,CORO1A,LTB,MS4A1,CD52,VPREB3,HLA-DMA,CD37",intestine,B cells,M
Pelka_2021_1,F15,"CXCR4,CD69,ZFP36L2,MS4A1,CD79A,TXNIP,IGHM,VPREB3",intestine,immature B cells,F
Pelka_2021_1,F17,"TCL1A,H2AFZ,HMGB2,MARCKSL1,STMN1,IGLC2,HMGA1,DUT,TCEA1,EZR,SNRPD1,MRPL51,SELT,ISG20,RANBP1,SF3B6,DEK,SNRPB,PCLAF,C12orf75,RGS13,HIST1H4C,ANP32B,H2AFV,SEM1,PTTG1,METAP2,UBE2J1,BASP1,NEIL1,LRMP,BCAS4,SRSF9,HNRNPA3,PARP1,POU2AF1,SNRPE,UBE2N,RAP1B,C14orf166,HMCES,ATP5J,SRP9,COX5A,CAPZA1,ATPIF1,TPD52",intestine,Germinal center B cells,F
Pelka_2021_1,F18,"MARCKSL1,GSTP1,VIM,RGS1,TXN,LGALS1,BIRC3,RPS27L,TYMP,PPA1,TYROBP,NFKBIA,GABARAPL2,ATOX1,HMGN3,PSME2,ISCU,ID2,GSN,OSTF1,CRIP1,HSPB1,ANXA6,CCR7,SAMSN1,TUBA1C,TMEM176A,CSTA,ANXA2,CCL19,TMEM176B,BCL2A1,IL32,SYNGR2,FSCN1,MARCKS,ALDH2,CFLAR,RAB9A,GRSF1,IL7R,RHOC,NUB1,IDO1,LAMP3,CDKN1A,RELB,RASSF4,CSF2RA,LITAF",intestine,unknown,F
Pelka_2021_1,F16,"LYZ,S100A11,CST3,AIF1,TYROBP,LGALS1,NPC2,FCER1G,C1QA,C1QB,C1QC,TXN,LST1,RGS10,S100A4,PSAP,YWHAH,SDCBP,MS4A6A,SPI1,ANXA5,ANXA2,CTSB,CD63,CAPG,TYMP,ATOX1",intestine,unknown,F
Pelka_2021_1,F19,"ZFP36,S100A4,NFKBIA,EVL,MCL1,DAZAP2,ID2,DDIT4,ACAP1,HCST,TRBC2,IL32,CYTIP,NR4A2,IL7R,CCL5,PTPRC,VPS37B,FYB1,LEPROTL1,TRAC,TNFAIP3,CD3D,NEAT1,CD7,FYN,GZMA,BTG2,CD3E,CD2,KLF6",intestine,unknown,F
Pelka_2021_1,M0,,intestine,unknown,M
Pelka_2021_1,F0,"MT-RNR1,MT-ND5",intestine,unknown,F
Pelka_2021_1,F1,,intestine,unknown,F
Pelka_2021_1,M2,"CD52,CCL5,S100A4,CXCR4,CD3D,TRBC2,SRGN,CD69,CD7,ARHGDIB,GZMA,KLRB1,LTB,HCST,CD2,CORO1A,CD3E,CD37,EVL,GMFG,PTPRC,TRAC,RARRES3,FYB1,ACAP1,LCK,ALOX5AP,CYTIP,RAC2,LAPTM5,RGS1,LSP1,TSC22D3,VIM",intestine,T cells,M
Pelka_2021_1,F10,"LTB,IL7R",intestine,memory T cells,F
Pelka_2021_1,F11,"CCL4,NKG7,CXCL13,GZMA,GZMB,CD8A,GZMH,HLA-DPB1,HLA-DRA,HLA-DRB1,HLA-DPA1,CD8B,PRF1",intestine,CD8+ cytotoxic T cells,F
Pelka_2021_1,F12,"KLRD1,NKG7,HOPX,GNLY,TYROBP,GSTP1,TRDC,FCER1G,CTSW",intestine,gamma delta T cells,F
Pelka_2021_1,F13,"HMGB2,TUBA1B,H2AFZ,TUBB,H2AFV,ANP32B,HIST1H4C,HLA-DPB1,STMN1,ERH,HN1,PSMB3,DEK,SRP9,ARL6IP1,BANF1,LSM3,LSM5,SNRPD1,LSM2,NUCKS1,YWHAH,RPA3,PKM,SNRPG,WDR1,IDH2,UBE2I,HNRNPM,DUT,NAA38,PTTG1,SMC4,TUBB4B,MRPL51,CKS2,TPM4,CARHSP1,SET,NCL,SIVA1,CACYBP,PCLAF,CKS1B,ANXA5,ANP32E,H2AFY,TMPO,KPNA2,TMEM106C",intestine,unknown,F
Pelka_2021_1,F14,,intestine,unknown,F
Pelka_2021_1,M5,"JCHAIN,TSC22D3,IGLC2,IGLC3,HERPUD1,XBP1,MZB1,IGHA2,ISG20,CD79A,SSR3,FKBP11,SEC11C,SDF2L1,DERL3,SPCS3,ANKRD28,PIM2,PRDX4,TNFRSF17,MANF,FAM46C,POU2AF1,CD38,UBE2J1,EAF2,ICAM2,VIMP,SLAMF7,MEI1,GNG7,FCRL5",intestine,plasma cells,M
Pelka_2021_1,F31,,intestine,plasma cells,F
Pelka_2021_1,F30,,intestine,plasma cells,F
Pelka_2021_1,M4,"S100A4,VIM,LGALS1,HLA-DPB1,FCER1G,HLA-DPA1,TIMP1,SRGN,HLA-DQA1,CTSB,HSPA1A,EGR1,SOD2,EMP3,GSN,ANXA1,NAMPT,GLUL,PLAUR,CEBPB,CTSL,CD14,CD68,LY96,TYROBP,CEBPD,SPI1,S100A9,HLA-DQB1,AIF1,HLA-DRA,LST1,LAPTM5,ANXA5,HLA-DRB5,LYZ,ASAH1,HLA-DRB1,TYMP,HLA-DMA",intestine,macrophages,M
Pelka_2021_1,F20,"BCL2A1,VCAN,SERPINA1,FCN1,S100A8,IL1B",intestine,macrophages,F
Pelka_2021_1,F22,"IFI27,SPARCL1,MGP,RNASE1,GNG11,SPARC,A2M,PLVAP,CLDN5,CALD1,CAV1,IGFBP7,RGCC,IGFBP4,RAMP2,CRIP2,CCDC85B,CD320,CTGF,ID3,TM4SF1,ENG,S100A13,SLC9A3R2,ID1,TCF4,STOM,VWF,NNMT,HSPG2,CD93,PRSS23,ADIRF,TGFBR2,GIMAP7,ENPP2,COL4A1,SPRY1,NPDC1,EGFL7,CLEC14A,PTRF,EPAS1,BCAM,ICAM2,RAMP3,C8orf4,ECSCR,AC011526.1,HYAL2",intestine,unknown,F
Pelka_2021_1,F21,"C1QB,APOE,C1QA,APOC1,C1QC,RNASE1,MMP12,GPNMB,CTSZ,CD14,NUPR1,PLD3,LGMN,CTSL,FCGR3A,MS4A4A,CD68,LY96,TMEM176A,CXCL16,ADAMDEC1,HEXB,DAB2,LIPA,LILRB4,MFSD1,TREM2,HLA-DQA1,SPP1,RGS1,TNFSF13B,SLCO2B1,MS4A7,MSR1,CD163,RNF130,CREG1,ACP5,ITGB2,FCGR2A,CTSA,RNASE6,KCNMA1,AKR1A1,CYBB,MAFB,PLA2G7,MARCKS,TMEM176B,M6PR",intestine,intestinal macrophages,F
Pelka_2021_1,F25,"CD52,CD69,IL32,CCL5,CD3D,TRBC2,CD7,CD2,TRAC,CD3E",intestine,T cells,F
Pelka_2021_1,F23,"CALD1,DCN,MGP,COL1A2,LUM,COL6A2,COL3A1,COL1A1,FN1,CTGF,RARRES2,RP3-412A9.11,S100A13,TPM2,SOD3,NNMT,SPARC,TIMP3,C1R,C1S,IGFBP6,SERPINF1,PHLDA1,LGALS3BP,BEX3,ID3,COL6A1,FBLN1,GPX3,SDC2,SERPING1,MMP2,TCEAL9,SERPINH1,MFGE8,PLAT,TPM1,FSTL1,LTBP4,CYR61,PDLIM1,NBL1,PCOLCE,COL6A3,CCDC80,BGN,MFAP4,TFPI,IGFBP4,EFEMP1",intestine,fibroblasts,F
Pelka_2021_1,F28,"SPARC,CLU,IGFBP7,MT1E,RP3-412A9.11,PMP22,CCL2,IFI27,SPARCL1,SPP1,ITM2C,PRNP,CNN3,NNMT,SOX4,ALDH1A1,S100A13,ZBTB20,C8orf4,S100A16,S100B,CLIC4,EMP2,FXYD1,CRYAB,FBLN2,SPTBN1,PRKCDBP,FSTL1,TIMP3,SORBS2,PGRMC1,C1S,COL18A1,CBR1,RBP1,SEPP1,PDK4,SCCPDH,TPPP3,ARHGAP15,NDRG2,DST,PMEPA1,MDK,GAS7,ID3,PDLIM4,MATN2,GPM6B",intestine,macrophages,F
Pelka_2021_1,F26,"CXCR4,GPR183,PLAC8,ALOX5AP,JCHAIN,TCF4,TPM2,GZMB,MPEG1,APP,SERPINF1,LILRB4,PLP2,IRF7,ITM2C,CD4,IFI44L,PRMT9,IRF8,LTB,ISG20,SOX4,IRF2BP2,YPEL5,SOCS1,SLC20A1,C9orf142,STMN1,GAS6,TSPAN13,PPP1R14B,CLN8,PMAIP1,ARL4C,IL3RA,CCDC50,SELL,DNASE1L3,RP5-1171I10.5,C12orf75,UGCG,CLIC3,PLD4,DUSP5,DCK,LILRA4,CYB561A3,SLC15A4,LDLRAD4,MZB1",intestine,macrophages,F
Pelka_2021_1,F27,"MT1X,SPARCL1,ADIRF,TSC22D1,MYL9,TAGLN,CAV1,MT1E,TPM2,ACTA2,CRIP2,RP3-412A9.11,TIMP3,FLNA,SOD3,TPM1,GPX3,PTRF,PRKCDBP,IGFBP5,HES1,CD151,PDK4,CRIP1,MFGE8,BCAM,IGFBP7,PLAC9,PPP1R14A,MTHFD2,HES4,HCFC1R1,ARPC1A,CALD1,C11orf96,PHLDA2,SBDS,NUPR1,PPP1R12A,MYH11,CSRP1,MT1M,SNCG,CAV2,FXYD1,FRZB,CPE,RERGL,SORBS2,CRYAB",intestine,fibroblasts,F
Pelka_2021_1,F24,"TPSB2,TPSAB1,ALOX5AP,CD69,CPA3,CLU,LTC4S,BIRC3,HPGDS,CTSG,SOCS1,MS4A2,GPR65,HPGD,VWA5A,GATA2,C1orf186,KIT,SLC18A2,RP11-354E11.2,RGS13,MAOB,HDC",intestine,mast cells,F
Pelka_2021_1,F29,"CLDN5,GNG11,ADIRF,NUPR1,CD59,HES1,CLU,TM4SF1,TIMP3,TFF3,MGST2,SDPR,IGFBP4,CALD1,STMN1,CD151,PTPRE,SEPP1,CNN3,CYB5R3,GIMAP7,IGFBP7,ECSCR,PTRF,SYPL1,PRDX2,EMP1,S100A16,ARL4A,PLPP1,PPP1R2,GYPC,HYAL2,RAMP2,TGFBR2,AC011526.1,IL6ST,EFEMP1,SNCG,TFPI,APOLD1,FDPS,FAM213A,EPHX1,EGFL7,SPTBN1,PDLIM1,TSPAN7,NFIA,NNMT",intestine,unknown,F
Pelka_2021_1,M7,"SRGN,FCER1G,ALOX5AP,TYROBP,IFITM2,CXCL8,S100A9,S100A8,SOD2,NAMPT,IL1B,BCL2A1,SAMSN1,RHOH,SERPINA1,G0S2,CXCL1,SOCS3,SLC2A3,CCL3,PLAUR,AIF1,MXD1,LY96,IVNS1ABP,IL1RN,LCP2,PLEK,GCA,ADM,LINC01272,LST1,PPIF,GK,TREM1,OSM,AQP9",intestine,neutrophils,M
Pelka_2021_1,M6,"ALOX5AP,TPM1,FYB1,AOC1,PTPN18,LRMP,SPIB,ATP2A3,HCK,AZGP1,HOTAIRM1,ALOX5,PLCG2,SH2D6,PTGS1,AVIL,PSTPIP2",intestine,mast cells,M
