Data,Cluster,Markers,Organization,cell_type,level
Pelka_2021_4,M2,"PIGR,ELF3,CST3,CLDN4,SPINK1,LGALS4,CLDN3,IFI27,CEACAM6,TFF1,LCN2,SMIM22,TSPAN1,CEACAM5,TUBB4B,GPX2,MUC13,LGALS3BP,MUC1,ATP1B1,KRT19,SOX4,TPM1,CDH1,CDH17,MLEC,S100A16,SFN,MUC12,DSTN,TSPAN8,LSR,C19orf33,GPRC5A,FABP1,FERMT1,TFF3,FAM3D,AGR2,GDF15,BSG,DSG2,TST,LMO7,AGR3,FAM84A,C15orf48,FXYD3,CD9,VIL1",intestine,intestinal epithelial cells,M
Pelka_2021_4,F19,,intestine,intestinal epithelial cells,F
Pelka_2021_4,F15,"SLC26A3,GUCA2A,PLA2G2A,CA2,MT1E,UGT2B17,PLAC8,CEACAM7,SLC26A2,CA4,EMP1,MALL,MS4A12,LYPD8,SDCBP2,HMGCS2",intestine,colonocytes,F
Pelka_2021_4,F16,"ZG16,MUC2,FCGBP,SPINK4,CLCA1,REG4,ITLN1,KLK1,SERPINA1,REP15,BCAS1,HEPACAM2,RAB27A,TPSG1,BEST2,LYPD8,KCNMA1",intestine,goblet cells,F
Pelka_2021_4,F18,"OLFM4,IGFBP2,NUPR1,HLA-DRA,ANPEP,HLA-DRB1,CASP1,HLA-DPA1,CPS1,HLA-DRB5,HLA-DPB1",intestine,intestinal stem cells,F
Pelka_2021_4,F12,"HSPA1A,BST2,IGF2,IFI44L,IFI6,TESC,MIA,CAPN6,CTHRC1,RP11-382A18.1",intestine,intestinal epithelial cells,F
Pelka_2021_4,F17,"REG4,S100A4,WFDC2,TESC,BEX3,HSPA1A,SLC2A1,AQP5,MUC5AC,KRT17,FSCN1,CRABP2,SPOCK2,TFF2,AHNAK2",intestine,intestinal goblet cells,F
Pelka_2021_4,F13,"REG1A,SPINK4,SERPINA1,REG1B,PLA2G2A,REG3A,IFI6,CLCA1,MUC5B,DMBT1,PLAC8,ITLN1,PCCA,REG4,RARRES1,FCGBP,TACSTD2,DEFA6,MUC4,DEFA5,CPE,RP3-412A9.11,KIAA1324,TFF2,CREB3L1,WFDC2,COL16A1,HSPA2,SECTM1,PCSK1,CLDN18,NNMT,FAM177B,SLC16A7,GALNT8,MUC2,RP1-122P22.4,VNN1,C2CD4B,DLL1,SFRP2,KCNMA1,CCNJL,CFI",intestine,goblet cells,F
Pelka_2021_4,F14,"HEPACAM2,MX1,AZGP1,RGS13,ALOX5AP,LRMP,TUBA1A,BST2,TPD52L1,SPIB,ACSL4,SH2D6,PBXIP1,AVIL,HCK,FYB1,PLCG2,BMX,IL17RB,PTGS1,GNG13",intestine,intestinal tuft cells,F
Pelka_2021_4,M1,"HLA-DRA,VIM,LYZ,LGALS1,HLA-DPA1,HLA-DRB1,HLA-DPB1,FCER1G,CXCL8,SPP1,SRGN,HLA-DQA1,TYROBP,TYMP,COTL1,PTPRC,AIF1,IL1B,HLA-DQB1,CCL3,GPR183,CD53,ALOX5AP,LAPTM5,EMP3,CTSL,SERPINA1,ITGB2,CCL4,CAPG,ZEB2,CD68,MS4A6A,MS4A7,NR4A2,FGL2,LST1,RNASE1,ANXA1,SAMHD1,CTSH,RGS2,HCST,C1QB,TPP1,CD83,CD93,SLC11A1,KCTD12,TGFBI",intestine,macrophages,M
Pelka_2021_4,F6,"IL1B,EREG,VCAN,FCN1,CD300E",intestine,inflammatory macrophages,F
Pelka_2021_4,F5,"C1QA,C1QB,C1QC,SEPP1,GPNMB,APOC1,DAB2,A2M,MS4A4A,MMP9,SLCO2B1,PLD3,SLC40A1,MMP12,MAF,LGMN,APOE,NRP1,RNASE1,MSR1",intestine,macrophages,F
Pelka_2021_4,F8,"CD69,IL32,CD2,SLC38A1,ETS1,CD3D,CLEC2D,CD7,TRBC2,SYNE2,CD3G,RORA,SPOCK2",intestine,unknown,F
Pelka_2021_4,F7,"STMN1,HIST1H4C,DUT,PCNA,TOP2A,PCLAF,PTTG1,TYMS,MKI67,CENPF,RRM2,CDK1,GGH,MCM7,TMEM106C,UBE2C,DNAJC9,NUSAP1,DHFR,RAD51AP1,MCM6,TK1,ZWINT,MCM4,BIRC5,ATAD2,GMNN,EZH2,NCAPD2,BARD1,MAD2L1,HELLS,TPX2,CDKN3,RFC4,CEP78,CENPU,TUBG1",intestine,proliferating macrophages,F
Pelka_2021_4,F10,"STMN1,PLAC8,JCHAIN,TCF4,DDIT4,PPP1R14B,MX1,IGKC,GZMB,PLP2,IRF7,PMAIP1,UGCG,RAB11FIP1,GRASP,LTB,SELL,SOX4,PRMT9,IL3RA,SOCS1,CCDC50,SEPT6,SLC15A4,DCK,CXorf21,DUSP5,LDLRAD4,SERPINF1,OPN3,C12orf45,C9orf142,ITM2C,NUCB2,PLD4,OGT,IRF4,BCL11A,SEL1L3,OFD1,ERN1,TSPAN13,CLIC3,C12orf75,MZB1,RP11-511P7.2,P2RY14,SPIB,TPM2,LILRA4",intestine,plasmacytoid dendritic cells,F
Pelka_2021_4,F9,"BIRC3,MARCKSL1,DUSP4,ANXA6,IDO1,IL32,DUSP5,DAPP1,FSCN1,RAB9A,LAMP3,ERICH1,CCR7,CCL22,GADD45A,CCL19,KIF2A,TBC1D4,EBI3,TRAF1,GPR157,LAD1",intestine,mature dendritic cells,F
Pelka_2021_4,F11,"SEPP1,APOE,A2M,CCL4,VSIG4,PDK4,MAF,PLTP,FOLR2,TREM2,AP1B1,AKR1B1,SLCO2B1,AXL,TCF4,RNF144B,LY86,MERTK,XIST,ENG,ENTPD1,ANKH,C2,ITGAV,CTNND1,SIGLEC10,SLC4A7,SH2B3,SLC1A3,ZFHX3,CD59,PIK3R1,FCGBP,HTRA1,GYPC,CPM,DOCK4,MEF2C,MT-TP,CSF2RA,GAL3ST4,C3,IGF1,USP53,IRS2,FUCA1,CX3CR1,IGHA1,MSR1,OLFML3",intestine,macrophages,F
Pelka_2021_4,M7,"CXCL8,ALOX5AP,FCER1G,S100A9,G0S2,BCL2A1,SAMSN1,LCP2,IL1B,SLC2A3,PLEK,PHACTR1,TYROBP,CCL3",intestine,neutrophils,M
Pelka_2021_4,F39,"CXCL8,NAMPT,S100A9,SOD2,C15orf48,IVNS1ABP,BCL2A1,G0S2,CEBPB,LITAF,PLEK,PLAUR,IL1B,MXD1,FCGR2A,CCL3,IER3,SOCS3,OSM,PHACTR1,ETS2,GK,SLC25A37,S100A8,LST1,PPIF,IL1RN,HCAR2,ICAM1,HES4,RNF149,VEGFA,GPR109B,LYN,SERPINA1,MARCKS,AQP9,CSF3R,FCGR3B,CDC42EP3,PDE4B,TAGAP",intestine,neutrophils,F
Pelka_2021_4,F41,"PTPRC,ZFP36L2,CALM1,RPS26,STK17B,FYB1,COTL1,ID2,MT2A,HNRNPH1,CD52,IL32,XIST,MBNL1,RGS1,SLA,IL2RG,CD2,IL7R,GZMA,HCST,RNF213,EIF4A2,CSNK1A1,SEPT7,MYH9,C9orf16,DNAJA1,SET,CD3D,CDV3,CYTOR,EIF4G2,PPIA,IQGAP1,NDUFB2,AC092580.4,HSPA8,IKZF3,ARL6IP5,ETS1,CELF2,TRBC2,EVL,NDUFB1,ACTR2,PPP2R5C,CD3G,RORA,TPM3",intestine,unknown,F
Pelka_2021_4,F40,"TPSB2,TPSAB1,CPA3,RPS18,RPL34,RPS24,RPL11,RPS2,RPL10,RPL22,RPS3,RPS27A,HPGDS,RPL14,RPL37A,MS4A2,RPL7,CD9,CD63,RACK1,RPL26,LTC4S,JUN,RPL7A,RPL18A,IGKC,SSR4,ANXA1,LAPTM4A,RPS4X,HPGD,RPS6,CLU,RPL30,RPS5,RPS15,KIT,COX4I1,SLC18A2,RPL18,VWA5A,RPL23,OST4,RPS8,RPL35,SPCS1,RPS14,VIM,PRDX1,RPS12",intestine,mast cells,F
Pelka_2021_4,M3,"CXCR4,PTPRC,CCL5,CD3D,IL7R,TNFAIP3,CD2,HCST,TRBC2,CD52,CD7,KLRB1,LTB,ETS1,FYB1,CORO1A,CD3E,GMFG,CYTIP,CD3G,EVL,LSP1,LCK,RAC2,RGS1,SRGN,LAPTM5,CCL4,LCP1,CD69,GZMA",intestine,T cells,M
Pelka_2021_4,F21,,intestine,unknown,F
Pelka_2021_4,F22,"TNFRSF18,BATF,TNFRSF4,TNFRSF1B",intestine,regulatory T cells (Tregs),F
Pelka_2021_4,F20,"CCL5,GZMB,GZMA,NKG7,CCL4,KLRD1,GNLY,HLA-DRB1,PRF1,CD8A,CST7,AC092580.4,HOPX,CTSW,HLA-DRA",intestine,CD8+ cytotoxic T cells,F
Pelka_2021_4,F23,"TUBA1B,H2AFZ,HMGB2,HIST1H4C,TUBB,H2AFV,NUCKS1,CALM3,DEK,SLC25A5,LGALS1,ANXA5,ANP32B,HLA-DRB1,STMN1,HP1BP3,HN1,DUT,SNRPD3,SRSF10,ANP32E,SMC4,SNRPG,COX17,RAD21,ANXA2,FABP5,UBE2S,MRPL51,HNRNPD,TMPO,LSM5,RPA3,YWHAH,ARL6IP1,HNRNPAB,PCNA,CBX3,PKM,SNRPD1,PDIA6,TUBB4B,CACYBP,BUB3,SMC3,NUDT1,NAA38,CKS2,CXCL13,H2AFX",intestine,unknown,F
Pelka_2021_4,F24,"FOSB,TNFRSF18,IER2,SEC11A,RPS6KA3,H2AFY,PRMT9,TRDC,TYROBP,MPG,TNFRSF25,XCL1,LST1,IL4I1,TLE1,SPINK2",intestine,gamma delta T cells,F
Pelka_2021_4,M6,"HLA-DRA,HLA-DPA1,CXCR4,CD52,HLA-DPB1,HLA-DRB1,CD69,LAPTM5,HLA-DQA1,IGHM,HLA-DQB1,LTB,CD37,CD53,CD79A,HLA-DMA,BASP1,LIMD2,MS4A1,CD48,MEF2C,NCF1,CD79B,VPREB3,BANK1,TNFRSF13C",intestine,B cells,M
Pelka_2021_4,F35,"KLF2,CD69,JUN,FOSB,GPR183",intestine,unknown,F
Pelka_2021_4,F36,"TCL1A,LRMP,METAP2,RGS13,SUGCT,LMO2,LPP,MRPL51",intestine,B cells,F
Pelka_2021_4,F37,"TUBA1B,HMGB2,H2AFZ,HIST1H4C,STMN1,TUBB,DYNLL1,PSMA7,NUCKS1,DUT,COX8A,DEK,SRSF2,MRPL51,H2AFV,HNRNPD,PARP1,MPC2,RANBP1,TOP1,TUBB4B,UBE2S,S100A10,CALM3,NASP,PTTG1,METAP2,SNRPD1,SIVA1,RGS13,DBI,SRSF10,RAC1,LSM5,TMPO,ANP32E,HNRNPF,RBX1,PSIP1,DCK,CKS2,POU2AF1,RPS27L,SNRPE,ENY2,SNRPD3,EAF2,SMC4,CBX3,HN1",intestine,unknown,F
Pelka_2021_4,F38,"RPS17,RPS4Y1",intestine,unknown,F
Pelka_2021_4,M0,"JCHAIN,IGHG1,MZB1,IGHG3,ISG20,PRDM1,SEC11C,CD79A,ANKRD28,PRDX4,DERL3,UBE2J1,FKBP11,IGHA2,IGHM,TNFRSF17,POU2AF1,FCRL5,IGLC2,CD38,SLAMF7,IGLC3",intestine,plasma cells,M
Pelka_2021_4,F0,,intestine,plasma cells,F
Pelka_2021_4,F2,"ISG15,RPS17,ZG16",intestine,unknown,F
Pelka_2021_4,F1,CXCR4,intestine,plasma cells,F
Pelka_2021_4,F3,"HIST1H4C,TUBA1B,HMGB2,TUBB,SMC4,ENO1,STMN1,PTTG1,MKI67,CKS1B,HMGB3,RRM2,KPNA2,TOP2A,KIF20B,MYBL2,ASPM,TYMS,NUSAP1,NUDT1,DTYMK,HMMR,SMC2,PCLAF,RAD51C,MAD2L1,CDKN3,UBE2T,CENPW,PHF19,BIRC5,BUB1,SHCBP1,TPX2",intestine,proliferating plasma cells,F
Pelka_2021_4,F4,"VMP1,PHGR1,TFF3,S100A10,PIGR,KRT18,IFI27,KRT8,EPCAM,LGALS4,CEACAM5,ELF3,CLDN4,KRT19,C15orf48,SPINK1,TPM1,DEK,SOX4,SERPINB6,APP,CLDN3,S100P,SMIM22,LGALS3BP,ANXA4,TSC22D1,IDH1,LIMA1,EPS8,MUC1,AKAP1,NET1,PAWR,FAM3D,SELENBP1,KLF5,CLDN7,TMEM54,GPRC5A,DSG2,CDC42EP5",intestine,intestinal epithelial cells,F
Pelka_2021_4,M4,,intestine,unknown,M
Pelka_2021_4,F25,,intestine,unknown,F
Pelka_2021_4,F26,"NEAT1,SLC12A2,HSP90B1,FOS,HNRNPU,ELF3,ARGLU1,VMP1,LUC7L3,ITGA6,DYNC1H1,RNF43,AHNAK,IQGAP1,APLP2,PNN,RBM25,SCAF11,PNISR,TRA2B,LPP,GOLGA4,PRPF4B,TAPBP,ATRX,GOLGB1,EIF4G1,CDH1,ST14",intestine,unknown,F
Pelka_2021_4,F27,"PERP,CCNI,KDELR2,BRI3,GPR160,C19orf43,MAL2,PPP1R14B,WDR83OS,CAMK2N1,PNRC1,BRK1,C7orf73,MTCH2,CCND1,PPP1R1B,PAPOLA,SYPL1,PTBP3,NORAD,CHP1,SUMO3,KDELR1,EI24,CLNS1A,TMEM230,COPZ1,SNX3,TMED2,C6orf48,MTPN,PRELID3B,STK24,UBE2E3,JUP,C1orf43,GBAS,GNB1,LITAF,TMEM123,LAMP1,SERINC2,CHMP4B,FAM84A,MAP7,EIF4EBP2,TMEM219,ARL6IP1,ARPC4,ABHD14B",intestine,unknown,F
Pelka_2021_4,M5,"LGALS1,IGFBP7,A2M,GSN,MGP,SPARC,TUBA1A,COL1A2,CALD1,SPARCL1,FLNA,TCF4,RP3-412A9.11,COL3A1,ID3,IGFBP4,CD59,IGFBP5,COL1A1,COL6A2,COL4A1,STOM,IL6ST,SPRY1,S100A13,EMP1,COL4A2,PRSS23,HSPG2,NNMT,C1R,C1S,MYL9,C11orf96,RARRES2,CAV1,TPM2,TIMP3,COL6A1,SERPING1,GNG11,CNN3,MMP2,SERPINH1,COL18A1,HTRA1,COL15A1,FSTL1,CTGF,CRIP2",intestine,fibroblasts,M
Pelka_2021_4,F32,"CD74,ACKR1,AQP1,HLA-DRA,RNASE1,VWF,PRCP,RAMP3,CLDN5,HLA-DRB1,CLU,SLCO2A1,APLNR,HLA-DPA1,EMCN,ENTPD1,CALCRL,ECSCR,TGM2,ITM2A,PALMD,FAM167B,NPDC1,JAM2,ICAM1,MMRN2,HLA-DPB1,GIMAP7,ARL4A,DUSP23,CMIP,ADGRL4,TMEM2,MALL,SDPR,CXorf36,KCTD12,SYNE2,CDH5,TSPAN7,STC1,SELP,CLEC14A,HYAL2,BCAM,MGST2,NEDD9,MTUS1,ZNF385D,CYP1B1",intestine,fibroblasts,F
Pelka_2021_4,F31,"DCN,SFRP2,CCDC80,FBLN1,LUM,CFD,SERPINF1,COL6A3,CXCL12,C3,COL14A1,PLAC9,DPT,MFAP5,SFRP1,EFEMP1,PTGDS,TNXB,OGN,PCOLCE,SERPINE2,GPNMB,ADH1B,PDGFRA,CLU,MFAP4,SLIT3,FBLN2,CD248,OLFML3,SRPX,PLTP,VCAN,IGF1,GREM1,TMEM176B,C1QTNF3,TMEM176A,CYBRD1,PI16,FGF7,MGST1,LRP1,IGFBP6,FGL2,FXYD1,WISP2,ABI3BP,LTBP4,HSPB6",intestine,fibroblasts,F
Pelka_2021_4,F30,"TAGLN,TPM2,RGS5,ACTA2,ADIRF,SOD3,NDUFA4L2,CPE,PDGFRB,MYLK,MYH11,NOTCH3,HES4,CSRP2,MT1E,SEPT4,PPP1R14A",intestine,fibroblasts,F
Pelka_2021_4,F28,"PLVAP,CD93,RGCC,RAMP2,PODXL,SLC9A3R2,EGFL7,SRGN,ADGRL4,FLT1,IGFBP3,COL15A1,ID1,INSR,CD34,SERPINE1,VWA1,SOX18,TM4SF1,CDH5,ADGRF5,NPDC1,CLEC14A,APOLD1,ARHGAP29,ESAM,ADAM15,SEC14L1,ICAM2,NOTCH4,ACVRL1,KDR,AC011526.1,ARHGDIB,SWAP70,S1PR1,PTPRB,TM4SF18,MEF2C,PDGFB,HECW2,NEDD9,F2RL3,ROBO4,MGST2,RNASE1,TMEM88,ITGA6,VWF,TNFRSF4",intestine,endothelial cells,F
Pelka_2021_4,F29,"POSTN,CXCL14,COL12A1,F3,PDGFRA,TGFBI,TMEM176A,TMEM176B,SULF1,COL6A3,INHBA,MXRA5,CDH11,PALLD,COL5A1,SPON2,WNT5A,CTSK,EMILIN1,VCAN",intestine,fibroblasts,F
Pelka_2021_4,F33,"APOE,ADAMDEC1,CFD,TMEM176B,CCL11,TMEM176A,CXCL14,CCL2,TCF21,SFRP1,SCARA5,TFPI2,FXYD1,DKK3,CCL13,MATN2,RBP1,PTGDS,ABCA8,HAPLN1,ADAM28",intestine,fibroblasts,F
Pelka_2021_4,F34,"CLDN5,EFEMP1,SDPR,RAMP2,APOLD1,ECSCR,TFF3,IGF1,AKAP12,DKK3,ARL4A,LMO2,GMFG,NRP2,CCL21,PDPN,PPFIBP1,SNCG,FXYD6,KANK3,RHOJ,MMRN1,PGM5,LAPTM5,F8,LYVE1,PROX1,FLT4,SEMA3A,SEMA3D",intestine,lymphatic endothelial cells,F
