Data,Cluster,Markers,Organization,cell_type,level
Perez_2022,M0,"IL32,CD3D,CD3E,IL7R",blood,naive T cells,M
Perez_2022,F0,"LTB,SNHG32",blood,naive T cells,F
Perez_2022,F1,"NKG7,GZMA,GNLY,GZMH,KLRB1,CST7,DUSP2,CTSW,LYAR,CD99,GZMM,HLA-DPB1,CLIC1,LGALS1",blood,NK cells,F
Perez_2022,M3,"GZMA,MT2A,IL32,HMGB2,CD3D,STMN1,CD99,C12orf75,ISG20,TUBB,DEK,H4C3,CALM3,H2AZ2,NUCKS1,GZMK,DUT,EVL,CD2,GIMAP4,LCK,SEPTIN6,HNRNPF,TLE5,SNRPD1,IL2RG,LYAR,CD3G,GYPC,PPP2R5C,PCNA,PCLAF,PLAAT4,NKG7,SH2D1A,CST7,CD3E,MZT2A,YWHAQ,GZMH,JPT1,IFITM1,CTSW",blood,cytotoxic T cells,M
Perez_2022,F9,"CD3G,PRDX1,ANXA5",blood,cytotoxic T cells,F
Perez_2022,F11,"CD27,FOXP1,GPR183,unknown,FXYD2",blood,unknown,F
Perez_2022,F10,"GNLY,GZMB,CTSW,KLRB1,TYROBP,PLAC8,FCER1G,KLRD1,HOPX,KLRF1,SPON2,FCGR3A,FGFBP2,IGFBP7",blood,natural killer (NK) cells,F
Perez_2022,M5,"JCHAIN,GZMB,HSP90B1,MZB1,SPCS1,ALOX5AP,C12orf75,TXN,SPCS2,ITM2C,HERPUD1,IRF7,MEF2C,XBP1,SEC11C,PEBP1,CLIC3,SELENOS,PLP2,NCF1,UBE2J1,PDIA6,IRF8,HSPA5,SSR3,SPCS3,TMED9,RNASE6,FKBP2,TCF4,CCDC50,PLD4,LILRA4,DERL3,PDIA4,SERPINF1,CD164,UGCG,TMED10,PPP1R14B,P4HB,TMED2,GNG7,TRAM1,GPR183,MYDGF,OSTC",blood,plasmacytoid dendritic cells (pDCs),M
Perez_2022,F15,"ISG20,CD79A,TNFRSF17,FKBP11,CD27,LMAN1,EAF2,SDF2L1,ISG15,PRDM1,TNFRSF13B,ITGB1,POU2AF1,ZBP1,CD38",blood,plasmablasts,F
Perez_2022,F14,"GZMB,ALOX5AP,PLAC8,FCER1G,IRF8,PLD4,LILRA4,CLIC3,TCF4,UGCG,SERPINF1,CCDC50,PPP1R14B,APP,BCL11A,SCT,GPR183,TPM2,MS4A6A,PLEK,TSPAN13,PTPRS,OFD1,SELL,SOX4,CYB561A3,LRRC26,PTPRE,PAXX,IL3RA,CD68,HIGD1A,PTCRA,JAML,STMN1,GRN,GAPT,SPIB,CTSC,DNASE1L3,SAMHD1,MPEG1,CLEC4C,CCDC186,RNF130,TGFBI,SMPD3,HLA-DMB,CAPG",blood,plasmacytoid dendritic cells (pDCs),F
Perez_2022,F16,"H4C3,HMGB2,TUBB,H1-2,DUT,H1-3,RANBP1,YWHAE,SNRPD1,PA2G4,NUCKS1,IDH2,ANXA2,VPS29,CBX3,CKLF,HMGA1,MZT2A,H1-4,SMC4,JPT1,RPA3,SNRPD3,MRPL52,RNASEH2C,NDUFB3,BUB3,LBR,TNFRSF17,NDUFA6,YWHAQ,NDUFAB1,FABP5,PSMB2,IFI6,ELOC,CARHSP1,ANP32E,PGAM1,PDCD5,CACYBP,CKS1B,NDUFA12,NASP,PDLIM1,TUBB4B,CKS2,DDX39A,ANXA5,NDUFB6",blood,proliferating plasmacytoid dendritic cells (pDCs),F
Perez_2022,M1,"LYZ,CST3,AIF1,LST1,COTL1,FCER1G,CTSS,TYROBP,S100A11,PSAP,ID2,IFITM3,MNDA,TSPO,ANXA2,AP1S2,FCN1,CSTA,C1orf162,CSTB,RAC1,SERPINA1,TIMP1,HLA-DRB5,VSIR,SPI1,PYCARD,TYMP,VCAN,GRN,STXBP2,LGALS2,MS4A6A,MCL1,CEBPB,AP2S1,TKT,FCGRT,FGL2,ANXA5,CFP,CPVL,CARD16,CLEC12A,RGS2,CFD,CLEC7A,LGALS3,NAMPT,TNFSF13B",blood,monocytes,M
Perez_2022,F2,"FCGR3A,MS4A7,PELATON,RHOC,PILRA,CDKN1C,HES4,LRRC25,TCF7L2,BCL2A1",blood,non-classical monocytes,F
Perez_2022,F3,"S100A12,CD14,VCAN",blood,classical monocytes,F
Perez_2022,F4,"HLA-DQA1,FCER1A,HLA-DMA,HLA-DMB,CLEC10A,CAPG,GPR183,CD1C,HMGN1,LGALS2,PPA1",blood,CD1c+ dendritic cells,F
Perez_2022,F5,"RGS10,PPT1,TRMT112,PTPRE,PPA1,FNBP1,C20orf27,LDHB,CALR,DDIT4,CPNE3,IRF8,MZT2A,NDUFV2,SHTN1,GYPC,HMGA1,HLA-DQA2,HMGN1,C1orf54,SEPHS2,ADAM28,REPIN1,WDFY4,CD59,CLEC9A,DNASE1L3",blood,CD1c+ dendritic cells,F
Perez_2022,M4,"GNLY,NKG7,GZMB,KLRB1,GZMA,CTSW,CST7,FCGR3A,CD7,CMC1,PRF1,FGFBP2,CLIC3,GZMH,KLRD1,HOPX,KLRF1,CD247,SPON2,GZMM",blood,natural killer (NK) cells,M
Perez_2022,F12,"FGFBP2,GZMB,SPON2,GZMH,FCGR3A,CLIC3,CD99",blood,natural killer (NK) cells,F
Perez_2022,F13,"KLRC1,SELL,CD2,XCL2,CD44,GZMK,COTL1,XCL1",blood,natural killer (NK) cells,F
Perez_2022,M6,"HLA-DQB1,HLA-DQA1,CD79A,CD79B,MS4A1",blood,B cells,M
Perez_2022,M2,"STMN1,MACROH2A1,SNHG8,SERPINB1,TALDO1,TUBA1A,NUCB2,YWHAE,SOX4,HSD17B11,SNHG7,HMGA1,ANKRD28,GIHCG,EBPL,TFDP2,CDK6,LYL1,MSI2,BEX3,SPINK2,PRSS57,CYTL1",blood,unknown,M
Perez_2022,F8,"TPSAB1,LMO4,FCER1A,CNRIP1,HPGDS,MS4A3,APOC1,ALOX5AP,HDC,MS4A2",blood,mast cells,F
Perez_2022,F6,SPINK2,blood,unknown,F
Perez_2022,F7,SLC40A1,blood,unknown,F
