Data,Cluster,Markers,Organization,cell_type,level
Qian_2020_breast,M1,"CD52,ARHGDIB,RAC2,LAPTM5,CORO1A,CD37,LTB,CD7,TRBC2,CD3E,LIMD2,GMFG,IL2RG,LAT,STK17A,ACAP1,SPOCK2,TRAC,PSMB9,LCK,CD2,ALOX5AP,SRGN,CD69,LCP1,SEPTIN1,TRBC1,FYB1,PTPN7,CXCR3,STK17B,SKAP1,CD3G,CD247,PTPRC,SASH3,ZAP70,PTPRCAP,CD3D,IKZF1,TBC1D10C,GIMAP7,HCLS1,GPSM3,TRAF3IP3,HCST,LSP1,DUSP2,COTL1,SEPTIN6",breast,T cells,M
Qian_2020_breast,F8,"GZMK,MUCL1,ITM2C,CTSA,IGKV3-20,SCGB2A2,IGHV3-23",breast,unknown,F
Qian_2020_breast,F11,"CXCL13,LAG3,TNFRSF4,TIGIT,TYMP,TNFRSF18,ID2,MUCL1,CKLF,PDCD1,RBPJ,CXCR6,CCND2,DUSP4,IFNG,RAB27A,GZMB,SIRPG,PHLDA1",breast,T follicular helper-like cells (Tfh-like),F
Qian_2020_breast,F13,"NKG7,GNLY,CTSW,GZMB,HOPX,PRF1,KLRB1,XCL1,TYROBP,KLRD1,CMC1,GLIPR2,MATK,XCL2,FCER1G,TRDC,KLRC1",breast,gamma delta T cells,F
Qian_2020_breast,F9,"TIGIT,TNFRSF18,TNFRSF4,BATF,TNFRSF1B,PIM2,CTLA4,MIR4435-2HG,ARID5B,ICOS,FOXP3,TBC1D4,IL2RA",breast,regulatory T cells (Tregs),F
Qian_2020_breast,F12,"HLA-DRA,HLA-DRB5,HLA-DQA1,HLA-DQB1,SELL,NCF1,FCMR,HLA-DMA,HLA-DQA2,MS4A1,REL,CD79A,POU2F2,CD79B,IGHM,CD83,SMIM14,CTSH,HLA-DMB,LYN,BANK1,MEF2C,IFNGR2,CD19,HVCN1,ADAM28,RALGPS2,PDLIM1,VPREB3,BLK,CD40,IRF8",breast,B cells,F
Qian_2020_breast,F7,"CD8A,NKG7,CD8B,CXCL13,CCL4,GNLY,IFI44L,STMN1,PDCD1,PTMS,EIF2AK2,GZMB,LAG3,GZMH",breast,CD8+ exhausted T cells,F
Qian_2020_breast,F14,"ANXA1,CD63,TPSAB1,GPX1,LGALS3,ITM2C,HLA-DQA1,CAPG,SAMSN1,STMN1,SEPTIN2,PRDX6,FOSB,TPSB2,TYROBP,HLA-DQA2,PPP1R15A,CPA3,PYCARD,FOXP1,LAPTM4A,CASP1,TIMP1,TNFSF10,CNIH1,GLUL,FCER1G,NFKBIZ,NPC2,CST3,FLOT1,MS4A2,LMO4,GRAP2,ARHGEF6,XIST,GNPTAB,CRTAP,EGR1,CLU,TESPA1,NSMCE1,HPGD,TPSD1,ASAH1,CD9,ARMH1,ZEB2,LAT2,GATA2",breast,mast cells,F
Qian_2020_breast,F6,"CD8A,NKG7,GZMK,GZMA,CCL4,CD8B,GZMH",breast,cytotoxic T cells,F
Qian_2020_breast,F5,IL7R,breast,unknown,F
Qian_2020_breast,F10,"CXCL13,HBB,TNFRSF4,KLRB1,FKBP5,TNFRSF18",breast,follicular helper T cells (Tfh),F
Qian_2020_breast,M0,"SPARC,IGFBP7,IFI27,FN1,COL6A2,DCN,COL1A2,BGN,COL3A1,TIMP1,TIMP3,CALD1,COL6A1,COL1A1,AEBP1,MMP2,LUM,IGFBP4,SPARCL1,RARRES2,COL6A3,COL5A2,MYL9,TPM2,THY1,SERPING1,GSN,CTSK,ID3,PRSS23,VCAN,SFRP2,MMP14,SERPINH1,CAVIN1,HSPG2,THBS2,SDC1,MMP11,COL4A2,FBN1,FSTL1,CTHRC1,SERPINF1,TCF4,HTRA1,CXCL12,PCOLCE,TUBA1A,MARCKS",breast,fibroblasts,M
Qian_2020_breast,F1,"C3,TMEM176B,TMEM176A,IGHG1",breast,fibroblasts,F
Qian_2020_breast,F3,"A2M,COL4A2,COL4A1,NOTCH3,MCAM,SOD3,ITGA1,APOE,EDNRA,GGT5,MEF2C,ZEB2,JAG1,NR2F2,MAP1B,EPS8,GUCY1A1,TFPI,TINAGL1,NDUFA4L2,ARHGEF17,PPP1R14A,ARHGDIB,PHLDA1,RGS5,CCDC102B,ANGPT2,HEYL,HIGD1B,PGF,GJC1,ABCC9,FOXS1,COX4I2,NEURL1B,ENPEP,FAM13C,KCNJ8,OLFML2A,TPPP3,CDH6,GUCY1A2,RASL12",breast,vascular smooth muscle cells,F
Qian_2020_breast,F2,"CD74,RNASE1,ID1,RAMP2,PECAM1,HLA-DRB1,ARHGDIB,AQP1,DDIT4,CALCRL,HLA-DRA,A2M,EGFL7,CD93,HLA-DRB5,PLXND1,ENG,ETS1,RBP7,CDH5,VWF,ADAM15,EMCN,ECE1,FLT1,SRGN,BCAM,ITM2A,ADGRL4,CLDN5,DIPK2B,ESAM,TM4SF18,ADCY4,EHD4,CYYR1,GMFG,PTPRB,PCDH17,INSR,GIMAP4,ETS2,PLVAP,EFNA1,SLC9A3R2,GIMAP7,APLNR,CD34,FZD4,ICAM2",breast,endothelial cells,F
Qian_2020_breast,F0,"COL11A1,SDC1,COL10A1,COMP,C1QTNF3,COL8A1,ASPN,LOXL1,SMOC2,COL16A1,COL8A2,GALNT1,PODN,F13A1,ITGB5,CILP2,MMP11,NBL1,LRRC15,ITGA11,MEG3,MFAP5,ITGBL1,ELN,FNDC1,INHBA,LOX",breast,cancer-associated fibroblasts (CAFs),F
Qian_2020_breast,F4,"CXCL14,APOD,APOE,C3,CFD,FOS,IGF1,PTGDS,CRABP2,EFEMP1,EGR1,SOD3,FXYD1,ABCA8",breast,fibroblasts,F
Qian_2020_breast,M2,"HLA-DRA,TYROBP,HLA-DPB1,HLA-DRB1,FCER1G,NPC2,ITGB2,SPP1,GRN,HLA-DPA1,CAPG,FYB1,GSN,CTSC,LCP1,HLA-DQA1,HLA-DRB5,APOE,HLA-DQB1,CD68,LYZ,SOD2,AIF1,LAPTM5,IER3,RNASE1,APOC1,CTSS,PYCARD,SAMHD1,CCL2,MAFB,SPI1,HLA-DMA,RHOG,CTSH,EPSTI1,CTSL,FCGRT,C1QC,TGFBI,MS4A6A,C15orf48,C1QB,RNF130,GNAI2,GPNMB,SRGN,TNFSF13B,SDCBP",breast,macrophages,M
Qian_2020_breast,F19,"LYZ,FCGR2A,MAFB,CFD,SGK1,NINJ1,PILRA,MSR1,C15orf48,CXCL16,PPT1,FGL2,FCGR3A,CLEC7A,CD9,LCP2,CCL4,FPR3,CTSL,CD81,PLAUR,ADAP2,CD14,CCL3,C1QC,FN1,C1QA,APOC1,SERPINA1,PLXDC2,GPNMB,MS4A7,LIMS1,C1QB,TIMP1,ANXA1,IER3,LGALS3,APOE,HMOX1,RNASE1,TMEM176A,CCL2",breast,tumor-associated macrophages (TAMs),F
Qian_2020_breast,F16,"STMN1,HMGB2,CKS2,RAD21,SMC1A,BUB3,TMPO,KPNA2,LMNB1,H2AX,SMC4,CKS1B,PTTG1,MKI67,UBE2C,CENPF,TOP2A,TYMS,NUSAP1",breast,proliferating macrophages,F
Qian_2020_breast,F18,"MMP9,LMNA,PDE4DIP,NRP2,ANPEP,ATP6V1A,CLEC4A,ATP6V1C1,CAPN2,RAB13,DNAJC4,SLC37A2,PTPN12,ANKH,SPARC,FOSL2,MCRIP2,CTNNBIP1,ATP6V1H,MID1IP1,CA2,PTPN22,CTSK,MAP4K4,SLC4A2,JDP2,KIAA0040,TNFRSF12A,GNG2,FAM20C,COL6A2,MAP1A,COL6A1,NFATC1",breast,tumor-associated macrophages (TAMs),F
Qian_2020_breast,F15,"PTGDS,PLAC8,TCF4,JCHAIN,PLD4,GPR183,GZMB,CCDC50,ITM2C,LTB,UGCG,APP,LILRA4,UBE2J1,SLC20A1,FCHSD2,SELL,PPP1R14B,RPS6KA4,GAPT,PRKCB,MAPKAPK2,OGT,TSPAN13,CYB561A3,TCL1A,CSF2RB,BLNK,PPM1K,IGHM,CD2AP,C12orf75,SLC15A4,CLIC3,WDFY4,IDH3A,BCL11A,OFD1,MZB1,CCDC186,RHEX,DERL3,SCT,LINC00996,DUSP5,IL3RA,ERN1,DNASE1L3,TRAF4,SMPD3",breast,plasmacytoid dendritic cells,F
Qian_2020_breast,F17,"MARCKSL1,FSCN1,SAMSN1,CD40,IL32,BIRC3,IL7R,GRSF1,SOCS1,BASP1,MGLL,CSF2RA,IDO1,CEP350,MYO1G,CRIP1,RAB8B,UVRAG,RELB,NIBAN1,RAB9A,ERICH1,ANXA6,TSPAN13,FAM49A,PPM1K,FLOT2,DAPP1,ARHGAP10,EBI3,LRRK1,KIF2A,MIR155HG,CST7,CLPTM1,LRRFIP2,TUBB6,TRAFD1,PTGES2,LAMP3,CCL19,MAP3K13,SINHCAF,TRAF1,CCR7,TBC1D4,KDM2B,N4BP2L1,TBC1D8,IL15",breast,M2 macrophages,F
Qian_2020_breast,M4,"KRT19,CALD1,AZGP1,SPINT2,MGP,APP,MARCKSL1,MDK,TPM2,NUPR1,S100A13,MGST1,CD24,PERP,KRT7,FXYD3,ELF3,S100A16,ACTN1,S100A1,S100A14,FBXO32,IFI27,TM4SF1,AARD,CRABP1,STMN1,CDKN2A,GGCT,GCSH,CALML5,SMS,CRYAB,CLDN4,KRT15,CRABP2,KRT17,ASS1,KRT8,GABRP,SFRP1,MAL2,PHGDH,SORBS2,NDRG2,TPD52L1",breast,luminal epithelial cells,M
Qian_2020_breast,F25,"MUCL1,SCGB2A2,EPHX1,PIP,SLPI,CASP14,GSTM3,EFHD1,S100A9,CA2,TSC22D3,APOD,SRD5A3,ACSL1,IL13RA1,STEAP4,IGKV3-20,FBLN1,MSMO1,G6PD,CFD,CYP51A1,CRISP3,COL1A2,S100A8,SLC40A1,IGHV3-23,GGT1,HOPX,IGKV4-1,COL3A1,MLPH,HGD,KYNU,CSAG1,SPDEF",breast,luminal epithelial cells,F
Qian_2020_breast,F27,"TAGLN,ACTA2,MYL9,A2M,CLU,MT1E,KRT5,TIMP1,APOE,DST,SERPING1,TIMP3,GAS6,CAVIN1,IGFBP4,TINAGL1,SPARC,NNMT,THBS1,KIAA1217,IFITM2,MAOB,CXCL14,SHC1,RBBP8,PDLIM7,CALML3,TNC,LAMB3,DENND2B,MYH11,LIMA1,NTRK2,TSHZ2,SEMA3C,CCL2,SPARCL1,SNCG",breast,myoepithelial cells,F
Qian_2020_breast,F22,"EEF1G,MT1E,ANXA1,ERRFI1,HLA-DRA,MMP7,PHLDA1,GPM6B,SH3BP5,HLA-DRB1,PLEKHB1,SAA1,HLA-DPB1,UBD,RCN1,HLA-DRB5,XIST,SERPINA3,HLA-DQA1,CLU,HLA-DPA1,CMTM7,MYBPC1,MOXD1,BBOX1,MAP1LC3A,NFE4,BTN3A2,H3-5,PYGL",breast,luminal epithelial cells,F
Qian_2020_breast,F26,"MT1E,EEF1G,MMP7,PTTG1,TYMS,BIRC5,RPS6KB1,CYBA,HLA-DPA1,ASPM,CDCA3,FDCSP,MARCO,AURKB,DEPDC1",breast,proliferating luminal epithelial cells,F
Qian_2020_breast,F23,"IGFBP5,FN1,A2M,S100P,XAF1,MTRNR2L8,RNASE1,COL9A3,KRT5,KLK7,ELN,KRT14,EN1,MYL9,LTBP1,ACTG2,IRX4,TMEM139,SDC1,CRABP1",breast,luminal epithelial cells,F
Qian_2020_breast,F24,"CRABP1,CALML5,KRT17,ACTG2,KRT14,TPM2,KLK5,KRT6B,TAGLN",breast,myoepithelial cells,F
Qian_2020_breast,M6,"IGKC,IGHG1,IGHG3,ISG20,ITM2C,JCHAIN,IGKV3-20,SEC11C,MZB1,IGLC2,PIM2,IGHG2,PRDX4,IGKV1-17,UBE2J1,LMAN1,SPCS3,DERL3,SDF2L1,IGKV1-12,FKBP11,IGHG4,IGHM,CD79A,IGLV3-1,IGHA1,PLPP5,MANF,TXNDC11,TENT5C,IGLL5,IGKV1-5,CD38,ZBP1,SLAMF7",breast,plasma cells,M
Qian_2020_breast,F36,,breast,plasma cells,F
Qian_2020_breast,F34,"CORO1A,CCL5,CD52,IFITM2,IL32,CD3E,CD7,LTB,FYB1,EVL,CD2,ALOX5AP,CD3D,TRBC2,CD69,GZMA,LCP2,CST7,TRAC,LCK,LBH,TRIM22,TRBC1,GIMAP4,MBP,SLFN5",breast,T cells,F
Qian_2020_breast,F33,"IGHV3-21,IGHV3-66",breast,plasma cells,F
Qian_2020_breast,F35,"TUBA1B,TUBB,HMGB2,STMN1,SFPQ,CRIP1,JPT1,CKS2,C12orf75,PTTG1,TYMS,MKI67,SNRPB,CBX3,ARPC5,MYBL2,DUT,HLA-DRA,UBE2C,LIMD2,PHF19,BIRC5,LMNB1,ASPM,COTL1,ARPC1B,DHFR,SMC2,HMGB3,CENPW,CENPU,EZH2,GGCT,CENPM,CENPA,CORO1A,BUB1,CCNA2,TROAP,ATAD2,LRR1,ASF1B,CDKN3,CD52,KIF20B,CDCA3",breast,unknown,F
Qian_2020_breast,M5,"GATA3,RHOB,KRT18,SPINT2,ANKRD30A,CD9,MAGED2,SLC39A6,KRT8,ELF3,CYB5A,H2AJ,ADIRF,TSTD1,SMIM22,TFF3,PLAT,HSPA1A,MLPH,H1-0,TACSTD2,ESR1,SPDEF,CPB1,NUCB2,SMIM14,DCXR,MRPS30,TMEM141,KRT19,CLDN4,SESN3,TSC22D1,MUC1,NAT1,ASAH1,AR,COX20,MAST4,SH3YL1,STC2,ANKRD50,TCEA3,FOSB,EFHD1,KIAA1324,RABEP1,STARD10,NFIC,PCBD1",breast,luminal epithelial cells,M
Qian_2020_breast,F32,SCUBE2,breast,luminal epithelial cells,F
Qian_2020_breast,F30,"CD24,GFRA1,IGFBP2,GSTP1,IFI27,CRABP2,BEX3,BAMBI,DSP,CARHSP1,CD74,LONP2,SH3BGRL,ALOX15B,SLC40A1,SREBF1,SEC63,AGR2,HID1,RNF213,SUPT4H1,NT5C,GPRC5A,CCND1,WBP2,IGFBP5,SLC38A2,RAC1,FOXO3,GOLM1,AP2B1,MGP,CSNK1D,LLGL2,STUB1,HLA-E,EXOC7,VPS35,ST6GALNAC2,MRPS7,ALDH3B2,UGDH,H1-10,ARL16,TAF15,C16orf72,RAD23B,LRRC59,NR2F1,HNRNPAB",breast,luminal epithelial cells,F
Qian_2020_breast,F29,"MGP,SCGB2A2,IGFBP5,S100A10,APP,CDK12,PSMD3,LGALS1,GPRC5A,STARD3,STAC2,PGAP3,GRB7,ORMDL3,MAL2,MED1,KRT10,H2BC12,FN1,ARPC1B,LY6E,FBXL20,COL1A1,CD59,LGALS3,CRABP2,CD24,CD74,LAMP1,NENF,COL1A2,GSDMB,CHCHD10,SOD3,SDC1,COL3A1,CCN1,NET1,FLNA,SCGB1D2,CLU,SCGB2A1,DST,CACNB1,KRT23,ADD3,NUDT4,METRN,SHISA2,NFIB",breast,luminal epithelial cells,F
Qian_2020_breast,F31,"STMN1,ARL6IP1,CKS2,DEK,HMGB2,CKS1B,HMGB3,MZT1,ATAD2,DTYMK,CKAP5,CENPF,SMC4,TMPO,UBE2S,TOP2A,KPNA2,LGALS1,UBE2C,CCNB1,MKI67",breast,proliferating luminal epithelial cells,F
Qian_2020_breast,F28,"ASCL1,PHGR1,PRKACB,SLC7A2,CNTD2,GJA1,TRH,TFF1,GASK1B,ECM1,DCLK1",breast,luminal epithelial cells,F
Qian_2020_breast,M3,"BGN,CTHRC1,FABP5,IGF2,H1-0,MT1E,MGP,MFAP2,S100A13,MT1X,NDRG1,APP,RAB13,CCND1,EFNA1,PRKDC,GPAA1,SERPINH1,CYC1,CLNS1A,PTGDS,BNIP3,CRABP1,TKT,PRDX4,S100A1,ASPH,SDC2,MFGE8,HMGA1,MAP1LC3A,TMED3,UBE2V2,PUF60,TMEM134,HSF1,PCMTD1,CHPF,COPS5,CEBPD,MTHFD2,CTTN,TOMM22,CHI3L1,PIM3,OTUD6B-AS1,NENF,MMP24OS,TSTA3,HSPA9",breast,cancer-associated fibroblasts (CAFs),M
Qian_2020_breast,F21,,breast,cancer-associated fibroblasts (CAFs),F
Qian_2020_breast,F20,"MALAT1,FOS,CEBPD,ACAN,IER2,WSB1,NEAT1,EGR1,RHOB,APP,TRPS1,ZFP36L1,SOX4,CD44,CHPF,PRELP,EFNA1,IMPAD1,BAMBI,RRBP1,PRRC2C,ZFP36L2,COL6A2,SEC62,ATF3,BRD2,LTO1,JUN,EMP3,NEU1,MTRNR2L8,ZFP36,RTN4,COL6A1,NR4A2,GEM,ECRG4,AHNAK2,VEGFA,CP,SFT2D2,COL16A1,FOSB,DDX17,IL6R,GLS,COL5A1,SLC39A14,LMAN1,LRP1",breast,cancer-associated fibroblasts (CAFs),F
