Data,Cluster,Markers,Organization,cell_type,level
Qian_2020_lung,M5,"IL32,TRAC,CD3D,CD7,CORO1A,CD2,CD3E,IL7R,TRBC2,TRBC1,CYTIP,GZMB,FYB1,IL2RG,CST7,SLA,LCK,ETS1,GZMA,PTPRC,CD3G,NKG7,ACAP1,SPOCK2,EVL,GNLY,PIK3IP1,CD247,CD96,CD69,LTB,CCL4,RAC2",lung,T cells,M
Qian_2020_lung,F32,RPS4Y1,lung,male-origin T cells,F
Qian_2020_lung,F27,"IGLC2,HBB,IGHG4,IGHG3,GZMH,CD8A,GZMK,IGHG1,HBA2,CD8B,HBA1,DUSP2,TRGC2,DONSON,CCL4L2",lung,cytotoxic CD8+ T cells,F
Qian_2020_lung,F26,"IGLC2,HBB,IGHG4,IGHG3,IGHA1,IGHG1,IL7R,HBA2,NBEAL1,HBA1,ZNF90,DONSON,CCR7",lung,unknown,F
Qian_2020_lung,F29,"STMN1,DUT,LAG3,PTTG1,CKS2,SMC4,IFI6,LSM5,NASP,SRSF10,PCLAF,UBE2C,TMPO,DDX39A,ANXA5,NUDT1,CARHSP1,NUSAP1,PCNA,TYMS,MKI67,CKS1B,MAD2L1,CXCL13,TOP2A,CENPF,SMC2,CCL3,TK1,KIF22,HAVCR2,RAD21,ZWINT,CDK1,BIRC5,DTYMK,UBE2T,LMNB1,ASPM,C12orf75,AURKB,ASF1B,CDKN3,TPX2,SMC3,CCNA2,MX1,MACROH2A1,ANP32E",lung,proliferating T cells,F
Qian_2020_lung,F28,"CXCL13,LAG3,IFI6,MX1,IFI44L,CD8A,HAVCR2,CCL3,IFNG",lung,exhausted CD8+ T cells,F
Qian_2020_lung,F30,"KLRB1,PRF1,AREG,CTSW,TYROBP,HOPX,GZMM,CCL3,FCER1G,BIN2,CLIC3,SPON2,PLAC8,FLNA,FGFBP2,SPN,APMAP,GPR65,EFHD2,KLRD1,FCGR3A,KLRF1,ABI3,MYO1F,TRDC,ADGRG1,IGFBP7,PLEK,CMC1",lung,mucosal-associated invariant T (MAIT) cells,F
Qian_2020_lung,F31,"KLRB1,BATF,NR3C1,DNPH1,TIMP1,HMOX2,CAPG,PLAAT3,NDFIP2,GATA3,MAF,SESN1,NMB,NUDT16,ZBTB16,RPS4Y1,ITPR1,CYSLTR1,PMCH,TNFRSF4,TNFRSF18",lung,Type 2 innate lymphoid cells (ILC2s),F
Qian_2020_lung,M2,"IGHG1,IGLC3,JCHAIN,HBB,MZB1,HBA2,PRDX4,IGHGP,IGHG2,CD79A,SEC11C,BTG2,SDF2L1,ITM2C,FKBP11,LMAN1,SPCS3,PIM2,DERL3,TENT5C",lung,plasma cells,M
Qian_2020_lung,F15,"SPINK1,CALCA,AGR2,LCN2,WFDC2,TCIM,HMGB3,EPCAM,NPW,FGL1,ID1,DUSP4,MDK,KRT18,LCN15,SAA1,IGFBP3,LGALS3BP,PCP4,KRT8,ODC1,HBA1,NUPR1,MLLT11,ATP1B1,SOX4,CXCL17,TFF3,SFTA2,LAPTM4B,MARCKSL1,ADIRF,PTP4A1,PCM1,BNIP3,STEAP4,AGR3,DNAJC12,OAT,RAMP1,ALDH2,JUP,AKR1C1,PDIA2,PGC,C5,CP,TENM1,CCL20,FKBP10",lung,unknown,F
Qian_2020_lung,F13,"SPINK1,HBA1,CALCA,LCN2,AGR2,SNHG25,PAEP,CCL20,WFDC2,GNLY,IGKV1-12,KLK12",lung,plasma cells,F
Qian_2020_lung,F16,,lung,plasma cells,F
Qian_2020_lung,F14,"SERPINA1,PAEP,NNMT,ITGB1,C19orf33,KRT7,TGM2,RAC1,MGST1,PLAUR,EPCAM,PERP,SERPINB3,BZW1,RALA,DMKN,NAMPT,DUSP23,KRT8,MT1X,ARPC1A,RAB13,SAA1,S100A16,PMEPA1,CXCL5,KRT6A,PTTG1IP,DUT,MT1E,ITGA2,SPINT1,SERPINB4,HBA1,FLNA,CTSL,TGFBI,CCT5,MT1A,SDC4,KRT17,CAVIN3,NT5E,PLOD2,LGALS3BP,PPIC,SLC26A2,EGFR,COL8A1,PID1",lung,unknown,F
Qian_2020_lung,M0,"TYROBP,LYZ,AIF1,CD68,CTSS,LST1,FN1,CAPG,ITGB2,GPNMB,MS4A7,C1orf162,C1QC,CD14,SPI1,HLA-DQB1,LCP1,MS4A6A,HLA-DQA1,CTSL,C15orf48,APLP2,FABP5,RNASE1,CEBPB,HLA-DRB5,CTSZ,FCER1G,LIPA,C1QB,GLUL,CXCL16,MNDA,MAFB,IFI30,CSTA,RNF130,HLA-DMB,S100A8,FCGR3A,TMEM176A,CD163,SMIM25,NUPR1,CYBB,MS4A4A,FCGRT,TNFSF13B,TMEM176B,CPVL",lung,macrophages,M
Qian_2020_lung,F4,"IFI27,FABP4,HLA-DQA2,MCEMP1,RGCC,AKR1B1,CYP27A1,STMN1,GABARAP,LGALS3BP,GYPC,RBP4,HLA-DQB2,GPX3,PLBD1,PDLIM1,PSMB5,PLAAT3,ACOT2",lung,alveolar macrophages,F
Qian_2020_lung,F1,"FABP4,MCEMP1,SERPING1,OLR1,LTA4H,RETN,CES1,MGST1,CYP27A1,RBP4,S100A13,RMDN3,PDLIM1,CRIP1,RGCC,PLAAT3,CCL23,PHLDA3,PCOLCE2,TCF7L2,HPGD,SIRPB1,AKR1C3,ADTRP,AGRP",lung,alveolar macrophages,F
Qian_2020_lung,F5,,lung,macrophages,F
Qian_2020_lung,F0,"CCL20,KRT19,HOPX",lung,unknown,F
Qian_2020_lung,F3,"FCN1,VSIR,PLAC8,LIMD2,STK17B,LILRB2,NFKBIZ,NAAA,ARL4A,CFP,PAG1,LRRC25,LILRA5,RIPOR2",lung,macrophages,F
Qian_2020_lung,F2,"AREG,IGLC2,IGHG3,IGHG4,CCL4,HBB,IGHG1,HBA2,SPINK1,HBA1,GZMB,TRAC,GNLY,XIST,GZMA,CD7,TRBC2,SLPI",lung,unknown,F
Qian_2020_lung,M1,"KRT19,SLPI,KRT18,MGST1,SPINT2,MUC1,TACSTD2,AKR1C2,SFTA2,WFDC2,S100A16,PERP,CYB5A,EPCAM,KRT7,BLVRB,SFN,ERRFI1,MDK,KRT8,CD55,ASPH,KRT17,LGALS3BP,TM4SF1,AQP3,AGR2,AKR1C3,S100A14,S100A13,OCIAD2,C19orf33,S100P,F3,ERO1A,PAEP,LMNA,TFPI,SPTSSA,LCN2,PDZK1IP1,CLDN7,LAMB3,C3,CARHSP1,GPRC5A,ATP1B1,SPINT1,BCAM,CD151",lung,lung epithelial cells,M
Qian_2020_lung,F6,"FGB,TESC,RNASET2,FGA,FGG,CTSL,AKR1C2,TFF1,AKR1C3,NNMT,CA12,CDA,MSLN,CPE,HPGD,SRGN,C12orf75,SLC7A2,PRDX4,CLDN10,GPX2,FURIN,INSL4,TUSC3,C3,EGFL7,APOL1,C8G,TSPAN8,PTGDS,CSGALNACT1,FAM133A,LAMC2,UPK1B,KLK5,KLK6,GCLC,TFF3,KRT17,TSPAN1,LY6K",lung,lung epithelial cells (likely secretory or glandular subtype),F
Qian_2020_lung,F8,"SFTPB,WFDC2,SCGB3A2,SCGB3A1,TCIM,RNASE1,CXCL17,SFTPA2,HLA-DRB1,RPS4Y1,HLA-DPB1,CTSH,AGR3,HLA-DPA1,SFTPD,NUPR1,FOLR1,NAPSA,PLAAT4,PIGR,VIM,SFTPA1,HLA-DRB5,MMP7,C16orf89,AQP4,SFTA1P,C4BPA,SLC34A2,ABCA3,PEBP4,PGC,PDLIM1,C2,SFTPC,HOPX",lung,type II pneumocytes,F
Qian_2020_lung,F11,"AKR1B10,GPX2,AKR1C1,NUPR1,MAGEA4,CDK5RAP2,ADM,APMAP,TNFSF10,PFN2,GSTM3,SCPEP1,PCNA,CREG1,ALDH3A1,ATP1B3,PSMC2,CDKN2A,POLD2,OSTF1,MKKS,PSMD14,BRIX1,UCHL1,PGAM1,CDK4,NXT1,NAA50,TRIP6,DCTN3,GPNMB,PSMD12,MAGEA3,PRNP,DKC1,GABARAP,KRT15,WDR66,TPD52L1,DTD1,ATG3,MLF1,HPRT1,NDUFA4L2,ABT1,NPM3,PRPSAP1,MTCH2,KPNA2,TNC",lung,lung epithelial cells (likely basal or secretory cells),F
Qian_2020_lung,F7,"CCL20,ISG15,TFPI,HOPX,SPINK1,CCND1,TCIM,UBE2C,TNNC2,MT1E,WFDC2,SNCG,STMN1,TNFSF10,BCAM,ANGPTL4,FAM83A,SFTPB,CFLAR,LPCAT1,HCFC1R1,ABCA7,DUSP6,SEMA3B,TOP1,ICAM1,TNFRSF18,TRAPPC6A,REEP3,IFITM1,OSMR,PVR,SDCCAG8,CRIP2,TREM1,RAMP1,DNTTIP1,TIMP3,RNASE1,DNAJB1,NDRG1,SLC34A2,SLC43A3,PHACTR3,TGFA,SAA1,SPATS2L,PTGS2,SPRR2D,IVL",lung,lung epithelial cells (likely alveolar type II cells),F
Qian_2020_lung,F9,"AKR1C1,H3-3A,GPX2,NAPSA,CRABP2,HOPX,SNHG25,S100A2,ADIRF,IFI6,SFTPC,RPS4Y1,G6PD,SFTA3,CDK5RAP2,HMGN2,CNN3,UCHL1,IGHG4,RAC3,CSKMT,PEG10,CHCHD10,MMP13,MIR4458HG,MALL,TNNC1,CH25H,NPB,A1BG",lung,type II pneumocytes,F
Qian_2020_lung,F10,"KRT6A,S100A2,UPK1B,ADIRF,KRT15,CALML3,SPRR1B,KRT5,ATP1B3,NTS,PTMS,CDKN2A,NCBP2AS2,PGAM1,IFI27L2,GPNMB,GSTM3,CSTA,LUM,CRYAB,IGFBP2,SOX2,KRT13,ADH7,NTRK2",lung,basal epithelial cells,F
Qian_2020_lung,F12,"KRT17,S100A2,MT1E,RPS4Y1,ADIRF,SCGB3A1,KRT15,CTSH,CLU,PDLIM1,MMP7,SYT8,SCGB1A1,SCPEP1,KRT5,FOSB,SOCS3,IGFBP7,TMEM98,TINAGL1,NEDD9,CXCL14,C1R,SERPING1,C1S,SERPINF1,BTG2,LIMA1,FHL2,IGFBP6,CYP4B1,IGFBP2,MACROD2,CH25H,MYADM",lung,basal epithelial cells,F
Qian_2020_lung,M6,"FCER1G,ALOX5AP,CD69,AREG,TPSB2,RGS2,TPSAB1,SAMSN1,TMEM176B,TSC22D1,ITM2A,CLU,SOCS1,FOXP1,HPGD,RHOH,LAT,CPA3,NSMCE1,ITM2C,ACSL4,HPGDS,MS4A2,GRAP2,VWA5A,LTC4S,SLC26A2,KIT",lung,mast cells,M
Qian_2020_lung,F33,"IGLC2,IGHG4,HBB,IGHA1,IGHG1,HLA-DRB1,HBA2,CXCR4,TPSD1,XBP1,HBA1,IGHM,IL32,IGHG2,XIST,TRAC,GNLY",lung,plasma cells,F
Qian_2020_lung,F35,,lung,mast cells,F
Qian_2020_lung,F34,"SPP1,LYZ,HLA-DPA1,HLA-DRB1,AP2S1,AIF1,TYMP,PLAUR,CCL18,ANXA2,RAP1A,CTSS,CTSC,ANXA5,ZEB2,BLOC1S1,SPI1,FBP1,RHOB,TPP1,S100A9,C1QA,HLA-DQB1,HLA-DMA,C1QB,JUND,MACROH2A1,C15orf48,MOB1A,HLA-DQA1,CTSL,RNASE1,FCGRT,CREG1,HLA-DRB5,NUPR1,ITGB2,SOD2,FABP5,CTSZ,APLP2,LST1,CXCR4,GPNMB,S100A8,C1QC,FN1,DAB2,CFD,CD14",lung,macrophages,F
Qian_2020_lung,M7,"IFI27,KRT18,STMN1,MDK,WFDC2,MGST1,KRT7,SOX4,PERP,TUBA1A,ELF3,EPCAM,MARCKSL1,NUPR1,CCT5,DUSP23,STAT1,PARP1,FABP7,CD24,IDH2,CDKN2A,FBL,HMGB3,KRT19,FDPS,TPM2,TSC22D1,HDAC2,FAM162A,TPM1,EIF4EBP1,NASP,SELENOP,GBP1,PDCD5,AK2,NUDT5,HEBP2,CNN3,TCP1,KRT8,OPTN,STRAP,SYNCRIP,RBM17,BTF3L4,NDUFS2,FKBP4,IVNS1ABP",lung,epithelial cells,M
Qian_2020_lung,F39,,lung,epithelial cells,F
Qian_2020_lung,F36,"UBE2C,PTTG1,TOP2A,CENPF,CKS1B,CDC20,CENPW,CCNB1,NUSAP1,PRC1,TPX2,MAD2L1,NUF2,BIRC5,CDK1,MKI67,CCNB2,KIF2C,CDCA3,ASPM,TTK,AURKB,TROAP,MELK,CDCA8,KIFC1,GPSM2,HMMR,PBK,DLGAP5,RACGAP1,BUB1,CCNA2,KIF23,PRR11",lung,proliferating epithelial cells,F
Qian_2020_lung,F38,"CCL5,CXCL13,GNLY,TSC22D3,CCL4,SRGN,NKG7,GZMB,RGS1,GZMA,CD52,S100A4,ARHGDIB,TRAC,CD3D,CD2,TRBC1,PTPRC,HCST,CD7,CD69,ALOX5AP,TRBC2,LAPTM5,CD3E,STK17A,EMP3,LSP1,CTSW,LAG3,CYTIP,CD8A,ACAP1,GPSM3",lung,unknown,F
Qian_2020_lung,F37,"RARRES1,SLPI,TM4SF1,KRT17,CRABP2,TACSTD2,CXCL10,SAA1,RHOV,WARS1,PDZK1IP1,LCN2,C3,AARD,GBP5",lung,alveolar type II epithelial cells,F
Qian_2020_lung,M4,"FN1,IGFBP7,MGP,SPARC,ID3,NNMT,S100A16,COL1A1,SERPING1,LUM,TFPI,COL1A2,COL3A1,TM4SF1,A2M,TSC22D1,DCN,SPARCL1,APP,CALD1,TPM1,TPM2,BGN,BEX3,PDLIM1,CTHRC1,RARRES2,CAV1,C1R,TAGLN,MYL9,IGFBP4,C1S,SERPINH1,CRIP2,DEPP1,CNN3,ENG,TIMP3,COL6A2,PRSS23,TCF4,CAVIN3,EPAS1,COL4A1,COL6A1,POSTN,GNG11,HSPG2,CAVIN1",lung,fibroblasts,M
Qian_2020_lung,F25,"CCL21,RAMP2,CAVIN2,ADIRF,CLDN5,ARHGAP29,EGFL7,FABP5,GMFG,PCAT19,STMN1,GIMAP4,MTUS1,PDPN,APOD,NR2F2,FABP4,ARL4A,MMRN1,TIE1,FXYD6,ANGPT2,PPFIBP1,PROCR,PRXL2A,ELK3,PPP1R2,FSCN1,LAPTM5,SNCG,NRP2,TSTA3,TFF3,PTPRE,SMAD1,FLT4,WFS1,SLC38A1,CHST15",lung,fibroblasts,F
Qian_2020_lung,F20,"LUM,DCN,SFRP2,SERPINF1,RARRES2,C1S,PTGDS,CTHRC1,COL3A1,CCDC80,RARRES1,NBL1,COL6A3,C3,VCAN,CYP1B1,TMEM176B,MXRA8,COL1A2,FBLN1,SFRP4,PCOLCE,COL8A1,SULF1,MMP2,IGF1,IGFBP5,LXN,CTSK,TMEM176A,AEBP1,CDH11,ISLR,PRELP,COL1A1,THY1,HTRA3,EMILIN1,LRP1,COL5A2,FGF7,EFEMP2,TIMP2,MEG3,LTBP2,PDGFRA,MOXD1,ASPN,RAMP1,FMOD",lung,fibroblasts,F
Qian_2020_lung,F21,"CLDN5,PLVAP,CLEC14A,PECAM1,RNASE1,AQP1,EPAS1,CD93,HLA-DRB1,ESAM,RAMP2,GIMAP7,TNFSF10,ICAM2,HYAL2,CALCRL,SLC9A3R2,BCAM,PCAT19,PCDH17,ADGRL4,LDB2,HLA-DRB5,FLT1,INSR,RAMP3,GMFG,CD34,SEC14L1,NPDC1,ENPP2,CAVIN2,ID1,EMCN,EGFL7,EFNB2,TM4SF1,CYYR1,CDH5,MMRN2,SLCO2A1,NOTCH4,IL3RA,GIMAP4,PTPRB,DUSP6,VWF",lung,endothelial cells,F
Qian_2020_lung,F23,"VWF,ACKR1,CLU,NPDC1,ADIRF,RAMP3,ANGPT2,WWTR1,MYC,MMRN1,TINAGL1,PTPRB,DUSP6,EGFL7,RNASE1,PALMD,NUAK1,NEDD9,DIPK2B,ADAMTS9,GIMAP7,CALCRL,RAMP2,CAVIN2,MPZL2,MTUS1,EDN1,ZNF385D,AQP1,ARL4A,GIMAP4,ADGRL4,LRRC1,CLEC14A,PLVAP",lung,fibroblasts,F
Qian_2020_lung,F22,"ACTA2,RGS5,NDUFA4L2,PPP1R14A,PDGFRB,SOD3,LHFPL6,EGFL6,COX4I2,TPPP3,HIGD1B,TINAGL1,MCAM,PLAC9,ITM2C,NR2F2,FRZB,SDC2,GJA4,ITGA1,MEF2C,PTP4A3,CSRP2,ANXA6,MAP1B,NOTCH3,MIR4435-2HG,NDRG2,MYO1B,CRIP1,CCDC102B,PTN,NID1,KCNJ8,CHN1,PLXDC1,FILIP1L,FAM162B,GJC1",lung,pericytes,F
Qian_2020_lung,F24,"NBEAL1,SPON2,MMP11,CPE,PDPN,SLC16A3,PLAUR,SMIM3,PGAM1,GABARAP,TGFBI,EEF1G",lung,fibroblasts,F
Qian_2020_lung,M3,"HLA-DQA1,LTB,CD69,CD48,IGHG1,IGHM,CD79A,HBB,SMIM14,STK17A,GPR183,IRF8,MS4A1,HBA1,CD79B,FCMR,VPREB3,POU2F2,ADAM28,BANK1,HBA2,ARHGAP24",lung,B cells,M
Qian_2020_lung,F17,RPS4Y1,lung,unknown,F
Qian_2020_lung,F19,"HBB,HBA2,HBA1",lung,unknown,F
Qian_2020_lung,F18,"HMGA1,DUT,H2AZ2,STMN1,PRDX6,SNRPD1,FKBP1A,LRMP,RANBP1,MRPL51,BASP1,TMEM123,KHDRBS1,UBE2J1,TCL1A,SELENOT,STAG3,FABP5,ROMO1,ATP5F1C,MACROH2A1,TPM4,WDR1,RPA3,UBE2L3,PGAM1,SRSF10,LSM3,SNRPD3,LSM6,PSMB2,CLEC2D,PSIP1,PSMA4,CKS2,SF3B6,RBBP4,MDH1,DDX39A,SLBP,PCNA,PTTG1,SRP9,LBR,CACYBP,JPT1,HNRNPD,YWHAQ,PCLAF,ANAPC11",lung,unknown,F
Qian_2020_lung,M8,"IGFBP7,GSN,RPS4Y1,IFI27,KRT18,ELF3,WFDC2,STOM,PLTP,C12orf75,PLAC8,PERP,SMIM22,FXYD3,AKAP9,IK,CYSTM1,KRT19,PSENEN,SERPINB6,SCGB1A1,ARHGAP18,PDLIM1,CKB,CD24,SERPING1,CETN2,STING1,CTNNA1,SCGB3A1,NUPR1,YBX3,TSC22D1,HSPH1,NUDT14,PLPP2,TSPAN1,HSPB11,ODF3B,HMGB3,CCN2,ATP2A2,TFF3,CLU,SYNE2,CLDN4,RARRES1,AGR3,SCPEP1,ODF2L",lung,unknown,M
Qian_2020_lung,F40,,lung,unknown,F
Qian_2020_lung,F41,"SFTPB,SCGB3A2,MGP,DUSP23,C3,LDHA,GPRC5A,TCIM,ERRFI1,SERPINF1,MCL1,PPA1,C16orf89,TMEM205,LTF,CXCL1,RNASE1,TMEM45A,CXCL2,TSPAN8,MUC5B,FMO2,RASD1,KLK11,S100A14,NNMT,PHLDA2,STEAP4,FKBP11,SMAD3,FHL2,VEGFA",lung,unknown,F
Qian_2020_lung,M9,"GZMB,MS4A6A,SOX4,JCHAIN,GPR183,LTB,TGFBI,PLAC8,C12orf75,MZB1,PAXX,AP1S2,RNASE6,ITM2C,APP,RNF130,JAML,SERPINF1,TPM2,PMAIP1,LILRB4,SOCS1,IRF7,PTGDS,SELL,HLA-DMB,YPEL5,TSPAN13,CLIC3,CD4,PLEK,DCK,IRF8,CAT,SLC20A1,TCF4,UBE2J1,BTG2,OFD1,NCF1,PTPRE,CCDC50,PPM1K,ATG101,THEMIS2,UGCG,CXCR3,PPP1R14B,CLN8,DERL3",lung,plasmacytoid dendritic cells (pDCs),M
