Data,Cluster,Markers,Organization,cell_type,level
Reed_2024,M4,"EGR1,DCN,AKR1C1,RND3,GEM,TNFAIP6,COL6A2,MEG3,S100A4,APOD,MMP2,IGFBP6,CYP1B1,THBS2,AEBP1,SERPING1,MAFB,COL6A3,FBLN1,SERPINF1,IL1R1,MFAP4,C1S,PLPP3,C1R,FGFR1,LUM,LRP1,IGFBP4,CTSL,CFD,CCDC80",breast,fibroblasts,M
Reed_2024,F23,"SFRP4,CLU,SERPINF1,OGN,CAV1,G0S2,BDKRB1,ADIRF,IGFBP5,FN1,SSR3,ABI3BP,BGN,TUBA1C,MFGE8,IL32,CD9,MICOS10,LTBP1",breast,fibroblasts,F
Reed_2024,F21,"COL4A1,ADAMTS4,MEDAG,LIF,PTGES,COL4A2,PHC2",breast,fibroblasts,F
Reed_2024,F22,"CXCL12,COL1A1,CCN2,COL3A1,DNAJB4",breast,fibroblasts,F
Reed_2024,M0,"SERPINE1,ID3,CAV1,FABP4,SPARCL1,AKAP12,ANGPT2,KLF2,TFPI,SPRY1,ID1,IGFBP7,TCF4,FABP5,GNG11,HLA-DRB1,ADAMTS9,CLDN5,ETS2,NDRG1,ARL4A,C2CD4B,IFI27,CLEC2B,PPFIBP1,CALCRL,FAM241A,WWTR1,UPP1,KLF4,PCAT19,PALM2AKAP2,SPTBN1,ICAM1",breast,endothelial cells,M
Reed_2024,F1,"CD36,RBP7,SLC2A3,HLA-DRA,LIFR,MT1M,MT1A,A2M,EGR1",breast,endothelial cells,F
Reed_2024,F0,"HMOX1,SELE,UPP1,CSF3,SPARC,ENG,CLIC4,G3BP1,ASPH,CD93,JAG1,VCP,TXNRD1,NQO1,MYLK,CDC42EP3,ECE1,CYP1A1,PSMA6,SELENOS,PLS3,ANKRD11,MYDGF",breast,endothelial cells,F
Reed_2024,F2,"CCL21,HSPA6,TFF3,MARCKS,CAVIN2,NR2F1,MMRN1,RGS16,EFEMP1",breast,lymphatic endothelial cells,F
Reed_2024,F4,"CXCL1,MMRN1,CCL21,CYP1B1,NRP2,TNFAIP2,CD200,CYLD,PDPN,AKR1C1,RAI14,PDLIM4,FNIP2,OPTN,STAT5A,NXN,ANKLE2,NR2F1,DHRS3,NBN,SEMA3D,RAB32,SIRPA,SIN3B,SLC39A14,PDE4B,SNCA,CNKSR3,TMEM120A,ACKR3,B3GNT7,FOXC2,MARCKS,ACTN1,BMP2",breast,lymphatic endothelial cells,F
Reed_2024,F3,"SRGN,IGFBP3,CX3CL1,SOX17,HEY1,LMCD1,TCIM,DEPP1,PKIG,MCTP1",breast,endothelial cells,F
Reed_2024,M2,"TSC22D3,IL7R,PTPRC,SRGN,SMCHD1,CXCR4,CD69,CD7,STK4,SMAP2,FYN,PIK3R1,CLEC2D,PPP2R5C,TGFB1,CDC42SE2,CNOT6L,SYTL3,LAPTM5,LEPROTL1,PARP8,RUNX3,CYTIP",breast,unknown,M
Reed_2024,F14,"HSPA1A,HSPA1B,DNAJB1,HSPE1,HSPD1,HSPA8,HSPH1,HSPA6,HSPB1,DNAJA1,CACYBP,IER5,TCP1,ZC3HAV1,CHORDC1,IFNG,CCT4,FKBP4,PLCG2,DOK2,NR4A2,NABP1",breast,unknown,F
Reed_2024,F15,"IGKC,ZFP36L1,HLA-DRA,REL,CD74,CD37,HLA-DRB1,ARID5B,KLF2,CHPT1,IGHM,BCL2,CD83,HLA-DPB1,HLA-DQB1,LY9,PARP14,HLA-DPA1,MS4A1,SYNGR2,CCR7,TNFRSF13C",breast,B cells,F
Reed_2024,F13,"IL7R,CD3D,LEPROTL1,CST7",breast,unknown,F
Reed_2024,F16,"KLRB1,GNLY,XCL1,XCL2,KLRD1,CMC1,NKG7,AREG,CD247,ADGRE5,CEBPD,TNFRSF18,FCER1G",breast,unknown,F
Reed_2024,M3,"C11orf96,IGFBP7,MT1A,RGS16,TAGLN,TIMP3,PDK4,IGFBP5,ADAMTS4,MAP1B,NR4A1,EPAS1,MT1M,MYL9,ADAMTS1,EPS8,FABP4,APOE,COL4A1,COL6A2,TPM2,GEM,IL6,S100A4,SPARCL1",breast,cancer-associated fibroblasts (CAFs),M
Reed_2024,F18,"CCN2,STEAP4,IER5L,ANGPTL4",breast,cancer-associated fibroblasts (CAFs),F
Reed_2024,F19,"HSPA6,CRIP1,MYL9,GADD45G,MUSTN1,MYH11,MCAM,RERGL,SORBS2,PLAC9,ACTA2,PLN,BCAM,TINAGL1,PPP1R14A",breast,cancer-associated fibroblasts (CAFs),F
Reed_2024,F17,"EDNRB,SRGN,NDUFS2,ADAMTS9,IL1R1,HIPK2,LRRFIP1,ATP13A3,AXL",breast,cancer-associated fibroblasts (CAFs),F
Reed_2024,F20,"AKR1C1,CYP1B1,DCN,SFRP4,AKR1C2,CD55,TNFRSF12A,LUM,CXCL1,APOD,IGFBP6,FGFR1,TXNRD1,ATP6V0E1,FGF7,TNFAIP6,RAB7A,MTSS1,CHMP4B,EMP3,ENO1,SPAG9,UAP1,CALU,UGDH,CLEC2B,MPZL1,SSR3,CFLAR,GOLGA4,PSME2,UFM1,COPS8,SEC62,DNAJB9,ATP6V1F,MAP4K5,TOMM5,SNU13,FGF2,CSTB,PDLIM4,TKT,CXCL3,MAFG,FMNL2,PTGES,MYDGF,REEP5,ABI3BP",breast,cancer-associated fibroblasts (CAFs),F
Reed_2024,M1,"KRT17,SAA1,TACSTD2,SERPINA3,WFDC2,ELF3,CD24,AZGP1,TPM1,KRT7,KRT18,MGST1,KRT19,AREG,SDC4,KRT8,DST,CLDN4,SPINT2,PERP,TNFRSF12A,S100A14,MIR205HG,PAWR,RUNX1,RAB11FIP1,VAMP8,CLDN7,S100A16,SFN,ATP1B1,CLDN3,ARHGAP29,CD9,SPINT1,FXYD3,DSP,EPCAM,TSTD1,TPT1-AS1,NEDD4L,PRSS8,MAL2,DDR1,LRRFIP2,CXCL16,CDH1,SERINC2,TMEM238,PEBP1",breast,luminal epithelial cells,M
Reed_2024,F5,"ANKRD30A,TCIM,TBX3,SYTL2,STC2",breast,luminal epithelial cells,F
Reed_2024,F10,"EGR1,TAGLN,TPM2,ACTA2,CCN2,ID4,HSPA6,APOE,KRT5,MYLK,SGK1,PIK3R1,ARL4A,TSPYL2,INTS6,SEMA3C,SPARCL1,DNAJB4,KRT14,CNN1,THBS1,OXTR,ECRG4,PDK4",breast,myoepithelial cells,F
Reed_2024,F11,"MUCL1,CCL2,PIP,CXCL8,S100A9,KRT23,CXCL1,FDCSP,KRT81,TAGLN,TFF1,VIM,NNMT,S100A8,TPM2,PI3,S100A2,C15orf48,KRT14,KRT6B,CYP1A1,STC1,CHI3L1,MT1E,LCN2,RARRES1,SLC1A5,ID3,SAA2,C11orf96,SLPI,TNFAIP6,COL6A2,KRT16,MT1M,APOD,MMP3,DEFB1,HMOX1,IGFBP7,CTSL,MT1A,SERPINE1,AKR1C1,IL6,FABP4",breast,luminal epithelial cells,F
Reed_2024,F8,"KRT14,TPM2,KRT5,NNMT,SLC1A5,GCLM,LAMA3,APOE,TAGLN,ACTG2,CAV1,TUBB2B,DKK3,GAS6,COL17A1,ACTA2,MYLK,IGFBP2",breast,myoepithelial cells,F
Reed_2024,F9,"MUCL1,PIP,SERPINA1,SCGB3A1,STC2,CA2,CST3,UGDH,SLC39A6,TFPI2,SMIM14,TFF1,TFF3,PPP4R4",breast,luminal epithelial cells,F
Reed_2024,F6,"SAA1,ALDH1A3,S100A9,SLC25A37,SAA2,KRT16,LCN2,TNFAIP2,LTF,CALD1,RARRES1,CARHSP1,PDZK1IP1,KRT6B,KRT81,MMP7,COL6A2,EMP1,CHI3L1,TPT1-AS1,SVIL,GABRP,KRT23,CX3CL1,SLC34A2,CCL28,RGS10,CCL20,ANXA3,EDN1,SAA4,PDE4B,CD55,BIRC3,SLPI,VNN1,PPP1R14C,ANXA11,NDRG2,PI3,CCL2,CXCL16,DEFB1,S100A8,CFLAR,KRT15",breast,luminal epithelial cells,F
Reed_2024,F7,"CRYAB,HSPH1,KRT15,SFRP1,PIGR,PDE4B,MFGE8,CCL28,CACYBP,CHORDC1,MRPL18,SCGB3A1,HSPA6,CRABP1,PPP1R1B,LINC01198,ELF5,ROPN1B",breast,luminal epithelial cells,F
Reed_2024,F12,"SLPI,KRT23,KRT81,KRT15,MT1E,PI3,TAGLN,KRT16,MMP7,S100A9,SAA2,KRT6B,PDZK1IP1,DEFB1,CXCL8,IL32,S100A8,COL6A2,SCGB2A2,MT1G,CCL20,LTF,CYP1A1,S100A1,CAPG,COTL1,SAA4,ETHE1,RRAS,TMEM147,PLPP2,FDCSP,LCN2,DMKN,TMEM141,VIM,OLFM4,GSTA1,HMOX1,CALML5,C5orf46",breast,luminal epithelial cells,F
Reed_2024,M5,"TSC22D3,SRGN,H1-2,CYTOR,ANKRD28,IGKC,CYBA,DUSP5,SMAP2,EMP3,TYMP,ERN1,FAM107B,PELI1,CYTIP,ISCU,YPEL3,IGHA1,PABPC4,DNAJB9,LINC-PINT,FAM3C,JCHAIN,CREB3L2,SEC11C,TXNDC5,MIR155HG,IL2RG,AQP3,RHOH,TNFRSF18,TP53INP1,IGHA2,ST6GALNAC4,TMEM140,IGLC1",breast,plasma cells,M
Reed_2024,F24,"ATP5MK,KRTCAP2,MYDGF,PRDX5,HEBP2,MANF",breast,plasma cells,F
Reed_2024,F25,"IRF1,IER5,HSPA6,CCL3,RASGRP3",breast,unknown,F
