Data,Cluster,Markers,Organization,cell_type,level
Reichart_2022,M1,"PLA2G5,SOX5,EPS8,EBF1,APBB2,NR2F2-AS1,ADGRB3,FRMD3,SCN7A,PDGFRB,CARMN,ABCC9,KCNAB1,RAD51B,CLMN,ARHGAP6,EGFLAM,AC012409.2,RGS5,AL138828.1,GUCY1A2,MAP1B,MSC-AS1,DENND2A,FLT1,SH3RF1,MYO1B,GUCY1A1,RIPOR3,ARHGAP42,KLHL23,NFASC,ADAMTSL3,RAPGEF5,DAAM2,HES4,UNC5C,PLCE1,SPARC,DACH1,EBF2,CPM,TFPI,SLC12A2",heart,vascular smooth muscle cells,M
Reichart_2022,F4,"PDE1C,AL138828.1,DACH1,SLC16A12,FLT1,ADAMTSL3,ABCC9,PDE7B,AC008250.1",heart,vascular smooth muscle cells,F
Reichart_2022,F7,"ADGRL3,PARD3B,PCDH9,CELF2,EXT1,NAALADL2,SLIT3,DAAM1,CRIM1,IGF1R,ARID5B,MAGI1",heart,vascular smooth muscle cells,F
Reichart_2022,F5,"CARMIL1,CTNNA3,TBC1D1,SLC38A11,RGS6,MYH11,PDK4,AC019197.1,ATP10A,SLCO3A1,PIP5K1B,ENTPD1-AS1,LAMA3,PPP1R12B,SLIT3,MAML3,PPM1L,ATP2B4,LINC01568,KIAA1217,AKAP6,NTRK3,DGKG,SORT1,DTNA,DOCK8,SORBS1,LMOD1,PALLD",heart,vascular smooth muscle cells,F
Reichart_2022,F6,"CPE,MFGE8,ACTB,MYL9,THBS4,ACTG1,H3F3B,AGT,ITM2B,FABP4,CST3,B2M,MT2A,COL3A1,VIM,KCNJ8,MGST3,TMSB4X,GJA4,GAS6,GAPDH,COX4I2,ADIRF,NDUFA4L2,UBC,CD9,HLA-C,CD63,MT-CYB,EIF1,IFITM3,HLA-B,APOD,FTH1,MYL12A,FABP5,TUBA1B,CD81,LGALS1,MYL6,IGFBP5,RPL10,CEBPD",heart,pericytes,F
Reichart_2022,F8,"FCHSD2,FRMD4A,PTPRM,A2M,PLXDC2,EPAS1,SYNE1,NCALD,LDB2,SYNE2,GNAQ,TRIP12,KIAA1109,ADGRF5,PITPNC1,LRMDA,KIAA1217,DOCK9,CCND3,MGLL,PEAK1,WNK1,STAT3,PLCB1,ABLIM1,SORBS1,ESYT2,SEC14L1,MECOM,RAPGEF1,HIF3A,LDLRAD4,ENG,ID1,PLEKHG1,ELMO1,B2M,VWF,ST6GALNAC3,GALNT18,EGFL7,ABLIM3",heart,vascular endothelial cells,F
Reichart_2022,F9,"LRRFIP2,ADD1,HIPK3,UPB1,USO1,NAA35",heart,vascular smooth muscle cells,F
Reichart_2022,M0,"MLIP,TNNT2,TTN,MYOM1,PDE4DIP,ABLIM1,SORBS2,IL1RAPL1,PDLIM5,PALLD,LDB3,PLEKHA5,FHOD3,AKAP6,CDH2,MYOZ2,ESRRG,ACTN2,CCSER1,GALNT17,PRKN,NCAM1,SLC8A1,C15orf41,NEXN,LMO7,TRDN,RBM20,CTNNA3,PDE7A,DES,OBSCN,ZHX2,AC245297.3,MYH7,ERBB4,THSD4,RBFOX1,MAST4,TBC1D4,LMOD2,PLCL2,MYO18B,ANK2,FILIP1,PLCXD3,MYOM2,NEBL,TMEM71,ST7",heart,cardiomyocytes,M
Reichart_2022,F1,,heart,cardiomyocytes,F
Reichart_2022,F0,,heart,cardiomyocytes,F
Reichart_2022,F3,"HSPB1,UBC,GADD45G,DUSP1,CRIP2,NR4A1,UQCRB,APOD,PPP1R3C,NR4A3,CFD",heart,stressed cardiomyocytes,F
Reichart_2022,F2,"MYL7,EMC10,SOX5,NCALD,KIF26B,GRK5,EPB41L4A,BACH2,ADAMTS6,L3MBTL4,SFRP1",heart,cardiomyocytes,F
Reichart_2022,M2,"PITPNC1,ANKRD44,CCND3,FYN,ARHGAP15,PIP4K2A,PRKCH,CHST11,IQGAP2,FNBP1,RASA2,ETS1,ZFP36L2,CYTH1,CDC42SE2,PARP8,EML4,CNOT6L,DOCK8,ARHGEF3,TRERF1,STK4,MBP,RUNX1,PTPRC,AOAH,DOCK10,FLI1,STAT4,LINC00623,RIPOR2,SYTL3,STK10,PRKCB,IKZF1,SKAP1,BCL2,CD247",heart,unknown,M
Reichart_2022,F10,"THEMIS,INPP4B,IL7R,TC2N,BCL11B,ITK,CAMK4,ANK3,NCK2,MDFIC,CD2,TTC39C",heart,unknown,F
Reichart_2022,F14,"PLCB1,LDLRAD4,PTPRM,AUTS2,TACC1,ABLIM1,ESYT2,GNAQ,PTPRG,RFTN1,WSB1,PRKCE,CCNY,DOCK9,ASAP1,PKN2,ADD1,SUSD6,ITPR2,GPHN,HIP1,SMG1,NEDD9,FBXW11,RAB2A,PIBF1,ATP2B4,HIPK2,RAB10,BMPR2,PEAK1,SPTBN1,LRMDA,PIK3C2A,TBCD,LDB2,HERC2,PDZD2,CDK17,CD36,PHACTR2,SEC14L1,ELF2,PLXDC2,YES1,MAGI1,ERGIC1,LHFPL6,KATNBL1,TRA2A",heart,unknown,F
Reichart_2022,F12,"NTM,SLC24A3,TNIK,IL18R1,PRKCA,LRMDA,FER,MCTP2,PARP4,KIF13B,GRAP2,PLCL1,SAMSN1,SLC39A11,RPS6KA5,BMP2K,AGAP1,KIT,BNC2,CPA3,RAPGEF2,ZEB2,PZP,TRIO,STXBP5,ARHGAP18,GNAQ,PDE3A,SLC38A11,SNX29,TBXAS1,MAML3,MEIS2,ARHGEF6,ACER3,STX3,ITPR1,RNF130,BACH1,ACSL4,GNPTAB,CNST,MYO1D,AC092979.1,TBC1D14,CPM,ST8SIA1,GBE1,TTC28,KIAA1549",heart,unknown,F
Reichart_2022,F11,"TXK,MCTP2,CARD11,AC022075.1,PLCB1,KLRD1,PYHIN1,NCALD,VAV3,APBA2,HIPK2,SPON2,MYBL1,GFOD1,GSAP,BNC2,GNLY,RIN3,AGTPBP1,PTPN12",heart,unknown,F
Reichart_2022,F15,"TTN,RYR2,LAMA2,ABLIM1,PDLIM5,PDE3A,CACNA1C,CAMK2D,SLC8A1,PALLD,PRKG1,DMD,EXOC6B,SORBS2,GPHN,CTNNA3,VWA8,FHL2,PLEKHA5,FGF12,TTN-AS1,CD36,QKI,SORBS1,TNNI3,TRPM7,PDE4D,MAP4,MAST4,ACTA1,CACNB2,DLG2,SGCD,MYBPC3,SVIL,DST,ANKRD1,ATP2A2,TNNT2,TCAP,MYOM1,PTPRM,PAM,MIR99AHG,TMCC1,CBR4,TMEM71,GTF2I,FBXW7,NEXN",heart,cardiomyocytes,F
Reichart_2022,F13,"LAMA2,RORA,PRKG1,FNDC3B,DLC1,AKT3,PTEN,ARHGAP10,NFIA,ZEB1,PTPRG,GSN,DCN,MAP4K4,TACC1,TRPS1,SPARCL1,RB1,CACNA1C,IGFBP7,GRK5,WSB1,NSMCE2,LHFPL6,DENND1A,PLEKHA5,IMMP2L,DIAPH2,MYO1D,FOXO3,MKLN1,PDZD2,EXT1,NEGR1,SCN7A,PLXDC2,SPTBN1,TTC28,MIR99AHG,PIK3CA,CALD1,NUMB,RNF13,ACSM3,ARHGEF7,NFE2L2,SETBP1,MRTFA,GPHN,MYO9A",heart,unknown,F
Reichart_2022,M3,"TACC1,MECOM,ELMO1,LDB2,FLT1,PLXDC2,ST6GALNAC3,PITPNC1,VWF,EPB41L2,DOCK9,B2M,EPAS1,EGFL7,ANO2,PREX2,PLEKHG1,ID1,ARHGAP29,IRAK3,ENG,PTPRB,CADPS2,BTNL9,ARHGAP31,FLI1,AFDN,GNAQ,SEC14L1,RAPGEF1,ADGRF5,SASH1,ID3,PECAM1,EMCN,GALNT18,RFTN1,PRKCH,HLA-B,NEDD9,LNX1,ADIPOR2,CCDC85A,ITGA6,ZBTB46,RASGRF2,GFOD1,ITGA1,PLCB1,F8",heart,endothelial cells,M
Reichart_2022,F18,"TSHZ2,SNTG2,ZNF385D,PGM5,PLCB4,LINC02147,ABCB1,RAMP3,MIR99AHG,IL6ST,MYRIP,LYST,SLCO2A1,HYAL2,GSE1,MLLT3,AL109930.1,TGM2,FRMD4B",heart,endothelial cells,F
Reichart_2022,F16,,heart,endothelial cells,F
Reichart_2022,F17,"NEBL,SMAD6,LINC00639,FUT8,PCSK5",heart,endothelial cells,F
Reichart_2022,F22,"CNTNAP3B,PGM5,TGFBR2,AC007319.1,NXN,PDE7B,HMCN1,ZDHHC14,DLG1,ZFPM2,PRKG1,VAV3,PTPN14,FARS2,VIM,MAN1A1,MSRB3,RASGRP3,MIR4435-2HG,FRMD4B,NAIP,SVIL,DENND4A,ANGPT2,ADD3,MIR99AHG,PACSIN2,GLIS3,CNKSR3,MCPH1,PKHD1L1,EXOC6,SUMF1,PLSCR4,RHOJ,AKAP12,ERICH1,CLDN5,NFATC3,PARD3,CAVIN2,SENP6,SMAD1,L3MBTL4,CTDSPL,VEZT,FAM13B,CDC42SE2,ZDHHC17,CNST",heart,endothelial cells,F
Reichart_2022,F20,"LINC02388,GMDS,ST6GAL1,NOSTRIN,LINC02147,MYRIP,PDE7B,PRKG1,RBMS3,FLNB,RAPH1,AC020637.1,TMEM132C,HMCN1,POSTN,DENND1A,ST3GAL1,ASAP2,AL138828.1,SIPA1L1,ACTN1,SMG6,SMAD6,HIBCH,PLPP3,SPC25,GLS,CEMIP2,CHSY1,MCU,SETBP1,FRMD4B,ARFGEF2,PCAT1,PKHD1L1,PDE3A,HIF1A,THSD4,PPM1H,SNED1,PELI2,SCMH1,SLCO2A1,PCDH7,TEAD1,MYO10,TLE1,SAT1,PSME4,ADAMTSL1",heart,endothelial cells,F
Reichart_2022,F19,"LAMA2,RORA,CELF2,COL4A2,COL4A1,MAML2,LAMB1,PRKG1,RBMS1,MIR99AHG,SSBP2,DCN,CUX1,ZFHX3,LINC00513,ADD3,ZFPM2,GPATCH8,COL8A1,PTEN,ARHGAP21,FOXO1,TSC22D3,NAALADL2,RBMS3-AS2,OPHN1,PLEKHA5,LTBP1,SNED1,LAMC1,DENND1A,ASCC3,GLIS3,UGGT2,LINC02388,MAGI2,DCLK1,COL6A2,DLG2,AGO3,ITPR1,CPQ,AP002518.2,ARHGAP24,USP53,FBN1,UBE2E2,ACSM3,DMD,SCMH1",heart,endothelial cells,F
Reichart_2022,F21,"CACNA1C,PDLIM5,SORBS2,FGF12,NEBL,LAMA2,PDK4,MAST4,DMD,SLC8A1,DTNA,ACTC1,LARGE1,PALLD,PHACTR1,SVIL,FILIP1,AKAP13,PPP1R12B,FHL2,THSD4,PRKG1,ZFPM2,CAMK2D,PSD3,VCL,TCAP,DLG2,CRADD,SLMAP,TTN-AS1,LRRFIP2,PLEKHA5,DLG1,PLCL2,MSRB3,FBXL17,CTNNA3,ACTA1,PDE3A,TNRC6A,TRPM7,MYBPC3,PARD3,RYR2,CRYAB,DISC1,RGS6,TNNT2,MSI2",heart,cardiomyocytes,F
Reichart_2022,M6,"PLXDC2,DCN,RORA,NEGR1,MECOM,ABCA8,ABCA6,ACSM3,CDH19,BICC1,PID1,EGFR,ADGRB3,TRPS1,LAMC1,LAMB1,GLIS3,C7,TFPI,COL6A3,COL4A1,PHLDB1,MGP,FBN1,BNC2,PDGFD,FOXP2,GAS7,COL5A2,ABCA9,APOD,KAZN,DCLK1,NCAM2,ABI3BP,COL4A4,SCN7A,COL8A1,AP002518.2,SLIT2,MAPK10,CFH,CARMIL1,COL6A1,BNIP3L,COL6A2,PCSK6,COL4A3,COL1A2,SNED1",heart,fibroblast,M
Reichart_2022,F31,"MAMDC2,USP53,PRR16,FGF14,LINC01088,NOX4,AFF3,ACSM1,TSC22D3,MFAP5,PTPN13,DOCK5,MAMDC2-AS1,TMEM132C",heart,cardiac fibroblast,F
Reichart_2022,F32,,heart,fibroblast,F
Reichart_2022,F34,"PALLD,PDE3A,CACNA1C,PDK4,MYL2,EXOC6B,SLC8A1,MAST4,PDLIM5,SORBS1,ANK2,PDE4DIP,ROR1,NEXN,CAMK2D,TPM1,PTPRM,SGCD,FRY,LARGE1,THSD4,TBC1D4,FHL2,TTN-AS1,VPS13D,PDE7A,NIBAN1,PPP1R12B,ARHGEF12,PLCXD3,CRADD,ST7,ACSS3,ELL2,FILIP1,KTN1,CHPT1,ANK3,LRRFIP2,PATJ,SLMAP,TNNT2,SORBS2,VWA8,PPP2R3A,VCL,KLHL24,CMYA5,PLCL1,FNIP2",heart,cardiac fibroblast,F
Reichart_2022,F33,"PDE3B,GHR,TMEM132C,SAT1,BCL2,SORBS1,MAST4,GBE1,IGF1,SIK2,MAN1A1,TPRG1,AKAP12,PCSK5,ASPH,LRMDA,ITSN1,ACACB,TEAD1,ROCK2,ACSL1,CALCRL,ANO6,ITPR2,PDZRN3,ADIPOR2,BCL6,LIMS1,TNS1,TMEM135,PRKAG2,ABCA1,THRB,DECR1,LAMA4,ELL2,NAV2,BCKDHB,AGFG1,SLTM,SPON1,ZFAND5,ADH1B,SH3KBP1,ATP9A,FP236383.3,CD36,ARMC8,DOCK11,MME",heart,cardiac fibroblast,F
Reichart_2022,M5,"PLXDC2,LRMDA,RBPJ,GNAQ,SLC1A3,MAN1A1,MTSS1,CPM,TRPS1,FRMD4B,F13A1,ATG7,SLC9A9,FMNL2,FMN1,ELMO1,MAML3,ITSN1,PID1,SNX29,SRGAP1,RGL1,MRC1,SRGAP2,COLEC12,NAIP,TBC1D22A,GAS7,CAMK1D,CD163,IQGAP2,MYO5A,RNF149,MERTK,RUNX1,CHST11,TNS3,AGFG1,RBM47,MPPED2,PDGFC,TBXAS1,RNF130,AP2A2,ARHGAP18,RAB31,GAB2,FLI1,FCHO2,SLCO2B1",heart,unknown,M
Reichart_2022,F25,,heart,unknown,F
Reichart_2022,F26,"LAMA2,ABCA6,GSN,GLIS3,NAALADL2,MIR99AHG,PTPRG,EXT1,LHFPL6,AKT3,FOXO1,ARHGAP21,PRKG1,DCN,RHOBTB3,TACC1,NPAS3,TCF7L2,RORA,PLEKHA5,GRK5,LINC02256,SPATA6,SASH1,ABCA9,OPHN1,UGGT2,VIM,DLC1,AC007319.1,PLD1,NEGR1,PLCB1,FILIP1L,SPRED2,ARHGAP10,NAV1,SPARCL1,IGF1R,MPHOSPH8,AHI1,CFD,DST,ADD3,THUMPD3-AS1,DLG2,MAMDC2-AS1,PCDH9,PRKCA,CDK14",heart,unknown,F
Reichart_2022,F27,"SLC11A1,NAMPT,TNFRSF1B,ST6GALNAC3,LRRK2,SCLT1,TCF7L2,DUSP1,TBC1D8,MEGF9,SLC43A2,KLHL2,PVT1,ADGRE5,CPPED1,ACTB,VSIR,CSF3R,VCAN,SPI1,FRY,PLCB1,CHST15,ERGIC1,RAP1GAP2,TYMP,PILRA,RASSF2,CD55,NEDD9,FYN,COTL1,KCNAB2,RIPOR2",heart,unknown,F
Reichart_2022,F29,"PTPRM,PDE4DIP,RYR2,CBLB,DMD,CPEB4,PDLIM5,AOPEP,FNIP2,SAMD4A,PALLD,PHACTR1,PPP1R12B,PLCL1,RNF150,CAMK2D,CACNA1C,LARGE1,CPED1,LAMA2,MB,DLG2,PLEKHA5,ATP2A2,MYH7,CBR4,TTN-AS1,FRY,SORBS2,TNNT2,SF1,RASAL2,PDE7A,PDE3A,GBE1,GPHN,CTNNA3,MAP4K3,DST,USO1,DLC1,DES,SVIL,FHL2,SLC8A1-AS1,TBC1D4,WDPCP,MYBPC3,PAM,INPP4B",heart,cardiomyocytes,F
Reichart_2022,F30,"PTPRM,RASAL2,ST6GALNAC3,CD36,TACC1,FTO,PTPRG,B2M,RNF115,CTNNA1,BMPR2,ARHGAP31,PITPNC1,SYNE1,GFOD1,PAPSS2,ADAM10,SH3RF3,SASH1,PPP3CC,SENP7,IGF1R,PHF14,ETS2,DOCK1,UACA,RDX,ADD1,DGKH,MDFIC,PLCB1,ARHGAP25,ESYT2,HNRNPA3,PAM,METTL15,HIPK2,SPARCL1,MGLL,CAMTA1,SP3,ABLIM1,NFAT5,TIMP3,PLEKHG1,MAGI1,HIP1,APBB2,NEDD9,HLA-C",heart,unknown,F
Reichart_2022,F28,"EPS8,CD36,ARHGAP10,LHFPL6,RASAL2,PRKG1,PTPRG,GPHN,HIP1,TACC1,PLCL1,DLC1,MYO1D,CACNA1C,SOX5,GRK5,ARHGEF7,CDC42BPA,PDE3A,NBEAL1,TCF7L2,PDZD2,CRTC3,IGFBP7,SH3RF1,HIPK2,INPP4B,SPARCL1,RORA,FRY,SEPTIN7,CALD1,TIMP3,APBB2,MIR4435-2HG,RBMS3-AS3,FRMD3,SCN7A,RBMS3,EBF1,ZEB1,SYNE1,SPTBN1,ADGRB3,CACNB2,PLA2G5,IL1RAPL1,ZFPM2,RBPMS,KCNAB1",heart,unknown,F
Reichart_2022,M4,"ADGRB3,SCN7A,CDH19,NEGR1,ANK3,FRMD4A,EPB41L2,NCAM1,FIGN,NCAM2,PLCB1,EHBP1,ADGRL3,ITGA1,PLCE1,BCL2,PIP4K2A,VIM,CASC15,IQGAP2,CTDSPL,PRKCA,SH3RF3,PTPN13,ABCA6,SAMHD1,ASAP2,BACH2,AL139383.1,CADM1,SLIT2,CD9,GAS7,PTPRJ,RASSF4,LPAR1,OGFRL1,FRMD5,SIPA1L1,ASTN2,NRXN3,SIPA1L2,GLIS3,GULP1,KLHL29,RALGPS2,ARHGAP15,SEMA3C,COL21A1,COBL",heart,unknown,M
Reichart_2022,F23,,heart,unknown,F
Reichart_2022,F24,"RORA,MAML2,DCN,FBXL7,PRKG1,LHFPL6,BICC1,CDKAL1,ACSM3,EBF1,TRPS1,LTBP1,CBLB,RBMS3-AS3,COL8A1,ABCA9,AHI1,PBX1,AC007319.1,NID1,SYNPO2,ARL15,FHL2,SDCCAG8,NPAS3,SOX5,ARHGAP10,COL1A2,NFIB,PRKN,ZFHX3,DENND1A,LRP4,FNBP4,CACNA1C,GRK5,TGFBR3,LAMB1,TUT4,AUTS2,CBR4,CUX1,PLA2G5,CRTC3,ABCA9-AS1,SEPTIN2,FTO,KLF12,BNIP3L,CDK14",heart,unknown,F
