Data,Cluster,Markers,Organization,cell_type,level
Reyfman_2019,M4,"CXCR4,CORO1A,IL32",lung,T cells,M
Reyfman_2019,F21,"AREG,TM4SF1,KRT7,KRT18,KRT19,SFN,S100A14,NAPSA,VMP1,LDLR,KRT8,PHLDA2,ERRFI1,GPRC5A,SDC4,MT1E,TOP1,SLC34A2,EMP2,TACC2,ICAM1,PEG10,SDR16C5,ELF3,CXCL17,LMO7,HSPD1,EIF4EBP1,SGMS2,MSMO1,TNFRSF12A,TMEM97,CEACAM6,C11orf96,CXCL2,TMC5,WFDC2,S100P,ATP1B1,TSPAN3,LURAP1L,ZDHHC9,ITGA3,RASEF,PEBP4,SFTA2,SELENOP",lung,unknown,F
Reyfman_2019,F20,"SFTA2,SFTPD,RNASE1,SLC34A2,MUC1,LRRK2,PEBP4,SFTA3,DHCR24,FGGY,SELENOP,BEX3,AK1,PIGR,SCGB3A2,CXCL17,LAMP3,TFPI,CLDN18,CPM,PTP4A1,WFDC2,ABCA3,LPCAT1,NAPSA,S100A14,AQP1,PGC,SPTSSA,CACNA2D2,SUSD2,unknown,CA2,HHIP,SCD,TACC2,PEG10,EMP2",lung,unknown,F
Reyfman_2019,F23,"TYROBP,LGALS1,S100A9,S100A8,FCER1G,CTSS,C1orf162,AIF1,EFHD2,TYMP,RGCC,TIMP1,LST1,SLC11A1,CD163,CCL3,RGS10,HMOX1,CTSL,ITGB2,CEBPB,DAB2,ZEB2,RILPL2,GLIPR2,GZMB,GRB2,GNAI2,LYZ,PYCARD,MAFB,C5AR1,LCP1,GRN,CD68,SPI1,C1QA,MS4A7",lung,unknown,F
Reyfman_2019,F19,"CD3D,LTB,TRBC2,TRBC1,TRAC,GIMAP7,CD3E",lung,T cells,F
Reyfman_2019,F22,"APOC1,C1QB,C1QA,LYZ,APOE,ALOX5AP,HLA-DPA1,ACP5,FABP4,C1QC,FCER1G,GCHFR,TYROBP,MS4A7,HLA-DRB5,CD68,GLUL,HLA-DQB1,GRN,VSIG4,FBP1,FCGRT,LGALS1,CTSC,CTSS,STXBP2,HLA-DQA1,ALDH2,MARCO,CAPG,MCEMP1,MRC1,MSR1,CD163,HLA-DMA,EVI2B,CRIP1,SLC11A1,SPI1,SH3BGRL,AIF1,TFRC,GLRX,CD81,LRPAP1,CSTA,PLIN2,SERPING1,PYCARD,GPNMB",lung,unknown,F
Reyfman_2019,M7,"TM4SF1,KRT7,GPRC5A,S100A14,SFN,ERRFI1,PHLDA2,ICAM1,KRT18,C11orf96,TXNRD1,TNFRSF12A,LDLR,EIF4EBP1,LMO7,KRT8,ELF3,S100P,TMC5,MAL2,KRT19,PEG10",lung,lung epithelial cells,M
Reyfman_2019,M1,"TYROBP,VIM,FCER1G,S100A4,HLA-DQA1,LGALS1,CTSS,LAPTM5,LYZ,AIF1,CD163,MS4A7,EVI2B,CSTA,CTSZ,C1QB,RGCC,LST1,MACROH2A1,ALOX5AP,SPI1,SH3BGRL,CYBA,EMP3,INHBA,SLC11A1,MRC1,CD52,CAPG,C1QA,MTPN,SDCBP,LY96,CD37,CD68,C1orf162,ARHGDIB,MSR1,AKR1C3,TFRC,COTL1,PLIN2,PYCARD,HCST,GLIPR2,PELATON,CTSB,C5AR1,GPNMB,SNX10",lung,macrophages,M
Reyfman_2019,F6,"MT1X,MT1E,HMOX1,MT1G",lung,M2 macrophages,F
Reyfman_2019,F5,"S100A8,MS4A6A,VCAN,IL1R2,CD14,FCN1,IFITM2,CORO1A,RNASE6,RGS2,FGL2",lung,monocyte-derived macrophages,F
Reyfman_2019,F8,"OLR1,SERPING1,LTA4H,LPL,LY6E,IFI6,CYP27A1,LYAR,CXCR4,FABP4,INHBA,HSPB1,FN1,ALOX5,HLA-DQA1",lung,foam cell macrophages,F
Reyfman_2019,F7,"SLPI,RNASE1,CXCL2,SDC4,FAM177A1,ATP1A1,NAPSA,SFTA2,HOPX,ZFP36L1,SLC34A2,SCGB3A2,PGC,MUC1,LRRK2,SFTPD,SELENOP,BEX3,DHCR24,TFPI,LDLR,KRT8,HMGCS1,KRT18,LPCAT1,CXCL17,EMP2,TM4SF1,KRT7,PEBP4,TACC2,LAMP3,SQLE,DLC1,PIGR,ACAT2,ERG28,FGGY,SFTA3,GPRC5A,CLDN18,ADIRF,PEG10,SLC39A8,TCIM,ID1,PMM1,KRT19,LMO7,EPS8",lung,alveolar type 2 cells,F
Reyfman_2019,M5,"AGR3,ELF3,FXYD3,SMIM22,TMC5,CYP4B1,AGR2,CKB,ALDH1A1,METTL7A,PCM1,CETN2,SOX4,TPPP3,DNPH1,HES1,CDS1,TUBA1A,IK,ODF3B,SYNE2,SCGB1A1,TACSTD2,PTPRF,ALDH3B1,IGFBP7,CLU,ODF2L,PLAC8,MORN2,MRPS31,CAPS,SPTBN1,MARCKS,KIF9,CD24,C9orf24,CFAP221,PIFO,KIF21A,DNAH5,SSBP4,IGF2BP2,FAM183A,P4HTM,C20orf85,TSPAN1,FAM229B,SLC44A4,DSP",lung,Club cells,M
Reyfman_2019,F24,"SCGB3A2,SFTA2,SFTPA1,CPM,RNASE1,NKX2-1",lung,Club cells,F
Reyfman_2019,F25,"TFF3,LCN2,GCLC,BPIFB1,S100P,INSIG1,MUC4,B3GNT7,PSCA",lung,Club cells,F
Reyfman_2019,F26,"VIM,APOC1,LGALS1,TYROBP,LYZ,HLA-DPB1,S100A4,C1QB,HLA-DPA1,CYBA,C1QA,HLA-DQB1,HLA-DRB5,FCER1G,MYADM,CD52,GRN,ACP5,IFI6,SERPING1,LY6E,CTSC,ALOX5AP,EIF3H,FCGRT,TUBB,PLIN2,APOE,GRINA,ESD,CAPZA1,CD44,GLRX,CTSZ,RNF13,LTA4H,FABP4,ARPC5,SOAT1,CITED2,GSTO1,EFHD2,HLA-DMA,SRGN,CAPG,HLA-DQA1,CD68,MS4A7,C1QC,LAPTM5",lung,Alveolar macrophages,F
Reyfman_2019,M0,"RNASE1,SFTPD,RPS4Y1,SLC34A2,MALL,ABCA3,PEBP4,LAMP3,C16orf89,AK1,WIF1,FASN,TACC2,IDI1,LPCAT1,SDR16C5,MFSD2A,TSTD1,TFPI,unknown,SELENOP,LRRK2,SFTA3,SFTA2,BEX3,PLA2G1B,SCGB3A2,DUOX1,TCIM,S100A14,ADGRF5,SELENBP1,PGC,CXCL17,FGGY,MUC1,SOD3,CLDN18,WFDC2",lung,Type II pneumocytes,M
Reyfman_2019,M11,"CLDN18,PLA2G1B,ATP5F1EP2,AGR3,MT-ATP8,TTN",lung,unknown,M
Reyfman_2019,F4,"CYP4B1,CPB2",lung,unknown,F
Reyfman_2019,F3,"RHOB,SOCS3,AGR2,FOSB",lung,unknown,F
Reyfman_2019,M3,"ID1,CAV1,IFI27,MT1X,TIMP1,CCN1,GPX3,AQP1,KCTD12,CCN2,PECAM1,EMP1,CAVIN1,NNMT,TIMP3,APP,SPARCL1,IGFBP7,MGP,ID3,TGM2,CLU,ENG,RHOC,A2M,VAMP5,CRIP2,SLC9A3R2,CLDN5,EGFL7,SPARC,TCF4,HYAL2,VWF,GNG11,CALD1,PRSS23",lung,endothelial cells,M
Reyfman_2019,F12,"VWF,ACKR1,IFI27,ADAMTS9,RAMP3,SLCO2A1,CD93,PLVAP,LRRC32,FAM107A,CLEC14A",lung,lung endothelial cells,F
Reyfman_2019,F13,"SFTPA1,SLPI,SFTA2,HOPX,CTSH,MGST1,NAPSA,SLC34A2,CYB5A,FABP5,SFTPD,PGC,SCGB3A2,MUC1,LDHB,ASAH1,AREG,SDC4,MRPL14,BLVRB,PEBP4,PIGR,RNF145,ATP1B1,SFTA3,DCXR,VAMP8,TKT,FDPS,AK1,LRRK2,ERP29,EZR,TACC2,S100A14,CXCL17,SPTSSA,LPCAT1,SCD,AQP3,DHCR24,KRT18,SERPINA1,SPINT2,FGGY,PEG10,SOD3,LAMP3,TSTD1,MSMO1",lung,unknown,F
Reyfman_2019,F15,"IGFBP3,FAM107A,CLEC14A,KLF2,TMEM100,PALMD,LDB2,NPDC1,SRPX,CD93,HERPUD1,DEPP1,LCN6,TNFSF10,IL33,RNF144B,BST2,IFNGR1,EFNB2,TSPAN7,SOCS2,ICAM2,DKK2,GIMAP7,TMTC1,TJP1,ADAM15,CDH5,GIMAP4,SMAD6,ENPP2,IFI27L2,TAMALIN,ASRGL1,NOTCH4,EDN1,GJA5,HEY1,SOX17,SULT1B1,SERPINE2,PTPRB,SEMA3G,AIF1L,PIK3R3,MMRN2",lung,endothelial cells,F
Reyfman_2019,F16,"DCN,RGCC,ADH1B,THBS1,CFD,RARRES2,LUM,C7,COL6A2,SELENOP,FN1,SERPING1,PTGDS,COL1A2,FBLN1,COL6A1,FSTL1,C1S,INMT,C1R,SCN7A,C11orf96,PRELP,QSOX1,MMP2,PPP1R14A,ELN,USP53,METTL7A,NBL1,LMCD1,ARID5B,FHL1,CRISPLD2,COL3A1,LTBP4,MYL9,ABI3BP,CTSC,CES1,AEBP1,MFAP4,FBLN5,DKK3,CD44,PLXDC2,LAMC1,NID1,MYLK,BGN",lung,fibroblasts,F
Reyfman_2019,F14,"CCL21,TFF3,AKAP12,MMRN1,GYPC,SNCG,PPFIBP1,IL32,PODXL,IGFBP5,LAPTM5,LYVE1,CYTOR,PTPRE,MAF,NRP2,APOLD1,CCND1,PPP1R2,ELK3,TNXB,SHC1,NR2F1,ADAM10,MIR4435-2HG,RGS16,PDPN,IGF1,TSHZ2,MAP1B,PROX1,VPS35L,TC2N,LINC02802,FLT4,PALM,OAF,SCN3B,SEMA3A",lung,lymphatic endothelial cells,F
Reyfman_2019,F17,"C1QB,C1QA,TYROBP,HLA-DRA,APOC1,S100A4,LYZ,HLA-DRB1,HLA-DPB1,HLA-DPA1,CYBA,CTSB,GRN,CD52,FABP4,LAPTM5,FCER1G,ASAH1,HLA-DQB1,HLA-DRB5,ATP6V0B,ALOX5AP,VAMP8,ALDH2,ACP5,CTSC,CTSZ,GCHFR,CD68,MACROH2A1,LITAF,PLIN2,CD44,MRC1,CEBPB,CTSS,HLA-DMA,FBP1,CFD,SERPINA1,S100A9,GMFG,PRR13,BAX,CD164,C1QC,HLA-DQA1,APOE,MS4A7,GLRX",lung,macrophages,F
Reyfman_2019,F18,"TAGLN,MYL9,PPP1R14A,TPM2,BGN,ACTA2,SELENOM,IGFBP5,LPP,PRELP,PALLD,SOD3,MFGE8,COL4A2,COL4A1,CSRP1,MYLK,PLAC9,MCAM,TNS1,PDLIM3,C11orf96,COL6A2,CAVIN3,CCN5,AEBP1,CSRP2,DKK3,LTBP1,NEXN,MYH10,CRYAB,PCSK7,TCEAL3,SVIL,VCAN,MYH11,MAP3K20,ARID5B,IGFBP6,MAP1B,ZFHX3,ANXA6,CCDC107,EPS8,RAMP1,PDGFRB,FXYD1,ACTG2,NOTCH3",lung,pericytes,F
Reyfman_2019,M8,"IGKC,JCHAIN,IGHA1,DNAJB9,ISG20,RGS1,DDIT4,FKBP11",lung,plasma cells,M
Reyfman_2019,F31,RGS1,lung,unknown,F
Reyfman_2019,F32,"HLA-DRA,HLA-DPB1,HLA-DRB1,CD52,HLA-DPA1,LAPTM5,S100A4,ZFAS1,PFN1,HLA-DQB1,ARPC1B,HLA-DQA1,SH3BGRL3,CRIP1,TXNIP,MYL12A,CD37,ARHGDIB,TYROBP,CD79A,PPP1CA,ALOX5AP,CTSS,CORO1A,ACP5,MS4A1,SNHG32,SEPTIN7,LRRFIP1,RBM3,EIF3H,ARPC5,YWHAB,CLIC1,PSMA4,LY6E,RAN,HLA-DMA,CD53,GPSM3,PTPRC,UCP2,CD44,CAPG,FLNA,ATP5MF,SKAP2,CLECL1,PEBP1,ABI1",lung,B cells,F
Reyfman_2019,F33,"CTSH,NFKBIA,SFTA2,NAPSA,FABP5,ANXA2,MGST1,ZFP36L1,FAM177A1,LDHB,SCGB3A2,HOPX,MYL12B,MT1E,ENO1,EGR1,PRDX5,PEBP1,CD55,ARF1,ASAH1,CD9,NUPR1,SLC34A2,APLP2,SNRPG,CYB5A,SERPINA1,MT-ATP8,ATP5PD,ZFAND5,EIF3L,VAPA,MRPL33,PPA1,ADI1,DCXR,RNASE1,PGC,WSB1,LRRK2,CXCL2,C4orf3,ROMO1,CD59,PCBD1,AKAP13,RNF145,GOLGA4,ATP1B1",lung,unknown,F
Reyfman_2019,M2,"EMP2,GPRC5A,CAV1,CEACAM6,KRT7,ADIRF,LMO7,KRT19,FXYD3,TACSTD2,C19orf33,AGER,TSPAN13,CAV2,EPCAM,CYP4B1,NEDD4L,MYL9,FOLR1,SCEL,CLDN4,PEG10,SFTA1P,SCNN1A,LIMCH1,CADM1,CLIC5,NEDD9,SUSD2",lung,alveolar epithelial type 2 cells,M
Reyfman_2019,F11,"SPOCK2,TIMP3,TNFRSF12A,RGCC,TAGLN,SCEL,LGALS1,RTKN2,DST,COL4A2,SEMA3B,GGTLC1,CST6,COL12A1,UNC13D,LAMA3,GGT1,COL8A1,WFS1,FSTL3,ANKRD1,CRIP1,TIMP2,COL4A1,GAS6,LAMB3",lung,alveolar epithelial type 2 cells,F
Reyfman_2019,F9,"LRRK2,PGC,SCD,FGGY,LAMP3,FASN,DCXR,AQP3,SERPINA1,BCAT1,CSF3R,ALOX15B,unknown,ETV1,CA2,SOD3",lung,alveolar epithelial type 2 cells,F
Reyfman_2019,F10,SCGB1A1,lung,club cells,F
Reyfman_2019,M6,"H4C3,PLP2,HMGB2,CKS2,STMN1,CKS1B,CENPW",lung,unknown,M
Reyfman_2019,F27,"LYZ,TYROBP,LAPTM5,C1QA,FCER1G,ALOX5AP,C1QB,SRGN,LGALS1,CYBA,AIF1,C1QC,C1orf162,CSTA,EMP3,CD163,MS4A7,CD68,PYCARD,VSIG4,SPI1,LST1,MS4A6A,CTSC,ACP5,ZEB2,CXCR4,CD52,LCP1,RGS10,HLA-DRB5,IFI16,ZFP36L2,FXYD5,HLA-DQA1,GMFG,CAPG,RNASE6,MNDA,MAFB,MARCO,MS4A4A,CD14,APOE,EVI2B,ITGB2,UPP1,PTPRC,GPNMB,PELATON",lung,macrophages,F
Reyfman_2019,F28,"MUC1,RNASE1,FGGY,BEX3,PEG10,SELENOP,SFTA3,ADIRF,TSTD1,LPCAT1,DHCR24,CLDN18,CAV1,PIGR,C19orf33,MALL,LRRK2,SOD3,SFTPD,FXYD3,C4BPA,ADGRF5,EMP2,SYNE1,PEBP4,MAOA,SUSD2,EPCAM,RNF145,C16orf89,WFDC2,WIF1,MSLN,MAL2,TACC2,SLC34A2,IFT57,PGC,OLFM1,FOXA2,PLA2G1B,MMP28,TMEM245,NECAB1,CTSE,CCDC141,RAB3IP,C14orf132,CRTAC1,EXPH5",lung,unknown,F
Reyfman_2019,F29,"TM4SF1,SFN,KRT7,ERRFI1,KRT18,CCN1,CXCL8,LDLR,HSPA1A,PHLDA2,KRT8,KRT19,GPRC5A,TNFRSF12A,TXNRD1,HSPA1B,CCL20,CEACAM6,ELF3,ICAM1,SDR16C5,TMC5,EGR1,SFTA1P,F3,TCIM,S100A16,CXCL17,EDN1,C6orf141,CAV1",lung,unknown,F
Reyfman_2019,M10,"SRGN,RGS2,RGS1,RAC2,CD69,TPSB2",lung,mast cells,M
Reyfman_2019,F2,"SLPI,SLC34A2,HOPX,SFTA2,NAPSA,MGST1,MUC1,LRRK2,CTSH,CYB5A,SFTPD,RNASE1,TACC2,SELENOP,PGC,RNF145,FABP5,PEBP4,CXCL17,SCD,EMP2,FAM177A1,TM4SF1,SCGB3A2,ADIRF,SDC4,LDLR,EZR,ZFP36L1,XIST,FGGY,DRAM1,S100A14,SFTA3,CFLAR,SPTSSA,TTN,HMGCS1,ATP1A1,LPCAT1,PLAAT3,IFITM3,PPA1,MAL2,MSMO1,DHCR24,CEBPD,TCIM,PEG10,CYBRD1",lung,unknown,F
Reyfman_2019,F1,"LAPTM5,EMP3,GRN,HLA-E",lung,unknown,F
Reyfman_2019,M9,"MT1E,MT1X,EGR1,SOCS3,EIF4EBP1,AQP1,MT1G,TMEM125,CDK2AP2,BEX2,ABCA3,ADGRF5,MT1F,DONSON,FASN,GFPT1,SLC1A5,MFSD2A",lung,alveolar type 2 epithelial cells,M
