Data,Cluster,Markers,Organization,cell_type,level
Roider_2020,M3,"IL32,TRAC,CD3D,SRGN,TRBC2,HCST,TRBC1,S100A4,ITM2A,CD2,CD3E,LCK,CD7,CD44,LAT,GIMAP7,S100A6,CD3G,FYB1,PLAAT4",blood,T cells,M
Roider_2020,F11,"ICA1,NR3C1",blood,unknown,F
Roider_2020,F10,"GZMK,CCL5,GZMA,NKG7,CST7,CCL4,CMC1",blood,CD8+ effector memory T cells,F
Roider_2020,F12,"CXCL13,CHI3L2,FABP5,ICA1,TNFRSF4,HLA-G,LAG3,ARL6IP1,LIMS1,AP3S1,PGAM1,FAM107B,MAF,CAV1,SYNE2,PARP1,IGHM,VDAC1,NMB,IGHA1,HIF1A,GNG4,PDCD1",blood,Follicular helper T cells (Tfh),F
Roider_2020,F9,"IL7R,SELL",blood,naive T cells,F
Roider_2020,M1,"IGHM,IGLC7,HLA-DQA2,IGHE,IGHEP1,TCF4,FCER2,HRK,DMD",blood,B cells,M
Roider_2020,F3,"IGKC,CD69,RGS2,TCF4,TCL1A,BTG2,FCRL2",blood,memory B cells,F
Roider_2020,F2,"IGLC7,FCER2,IGLC3,HLA-DQA2,HLA-DMB,IGLC2,UBE2J1,REL,CD22,IGHD,RNGTT,PDIA6,MARCKSL1,H4C3,COX7A2,SEL1L3,CCT4,UQCRHL,MIR3681HG,VAMP8,SEPTIN6,BLOC1S1,LSP1,MDH1,ISCU,CTSH,CFAP251,BFSP2,CD40,DEGS1,LSM10,MBD4,GSTP1,ABRACL,SMAP2,TSPAN13,SNRPF,TXNIP",blood,Plasma cells,F
Roider_2020,F4,"IGKC,TUBA1B,RCSD1,VIM,TPD52,MTRNR2L12,TUBA1A,MTRNR2L1,MT-ND4L,SNHG8,MZT2B,GADD45B,FAM107B,GNG11,PSME2,TAGLN2,H1-10,STMN1,LBR,TMEM156,RANBP1,DAAM1,MRPL51,HSPD1,LDHA,PTPN18,HMGA1,HMCES,CASK,CDKN2A,IGLL5,CLDN5",blood,Plasma cells,F
Roider_2020,M4,"JCHAIN,IRAG2,IGHA1,BASP1,STMN1,HLA-DQA2,METAP2,MZB1,RBBP7,LY86,CCT2,POLR2J3,KRAS,SEL1L3,FGFR1OP2,SLC35E3,PPHLN1,RPA3,ITPR2,FCRLA,MACROH2A1,YEATS4,CAND1,TSC22D1,CGA,IGHA2,HTR3A,TCL1B,HOMER1,HMGA1",blood,plasma cells,M
Roider_2020,F14,,blood,unknown,F
Roider_2020,F13,"PTTG1,CKS1B,PCLAF,UBE2C,KPNA2,NUSAP1,LSM5,UBE2S,TOP2A,ANP32E,CENPF,JPT1,SMC4,BIRC5,TUBB4B,MKI67,CDK1,CCNB1,ASPM,HMMR,KIFC1,HMGB3,CCNB2,CDC20,CDKN3,PLK1,GTSE1,NUF2",blood,proliferating plasma cells,F
Roider_2020,M5,"KLF2,BANK1,SELL,IGHD,PLAC8",blood,naive B cells,M
Roider_2020,F15,"IGHD,TCL1A,PLPP5",blood,naive B cells,F
Roider_2020,F17,"NBEAL1,IRF1,ZNF90,ALDOA,HLA-DQB2,STAT1,ATXN8OS",blood,unknown,F
Roider_2020,F16,"IGHA1,GPR183,LINC01781,IGHG3",blood,plasma cells,F
Roider_2020,F18,"RPS4Y1,HSPA1B,DNAJB1",blood,unknown,F
Roider_2020,M6,"FCER2,IGHE",blood,plasma cells,M
Roider_2020,M0,"HSPA1B,DNAJB1,HSPA1A,IGHG1,EGR1,TNF",blood,activated B cells,M
Roider_2020,F0,"IGLC2,MEF2C,CD79A,STAG3,HLA-DQB1,IGHG1,SMIM14,IGLC3,HLA-DRB5,CD79B,IRF8,HLA-DMA,HLA-DQA1,HLA-DMB,MS4A1,JCHAIN,HLA-DRB1,NCF1,HLA-DPA1,MARCKSL1,EZR",blood,activated B cells,F
Roider_2020,F1,"ZFP36L2,ARRDC3,FXYD5,LDHB,TRAC,VMP1,CD3D,CD27,ID2,SARAF,SRGN,TRBC2,LCK,GMFG,IL32,CD3E,CD3G,GIMAP7",blood,unknown,F
Roider_2020,M2,"JCHAIN,STAG3,IGHG1,CD22,IGHG3,CTSH,SEL1L3,TNFRSF13C,LAT2,EAF2,EGR1,CD180,IL4R,RGS13,HLA-DOB",blood,memory B cells,M
Roider_2020,F5,"IGKC,RPS4Y1,IGHGP",blood,memory B cells,F
Roider_2020,F6,"EGR1,DUSP2,TCTN1,GADD45B,RGS2",blood,unknown,F
Roider_2020,F7,"TCL1A,SERPINA9,IGHM,POU2AF1,PRDX1,PPP1CC,NEIL1,LBR,HMGA1,PPP2CA,HMCES,PMAIP1,P2RX5,IGKC,SIAH2,SPIB,WDR1,PTP4A2,MRPS21,METAP2,HNRNPD,H2AZ2,RRAS2,PLCG2,GNG5,CD81,S100A10,CD38,BIK,SUSD3,SUGCT,LINC01857,ID2,DCAF12,RGS16",blood,memory B cells,F
Roider_2020,F8,"PRDX3,GABARAP",blood,unknown,F
Roider_2020,M7,"TCL1A,CD24,HLA-DQA2,VPREB3,MZB1,H1-10,HSPD1,IFI16,GSTP1,STMN1,EIF2S3,MZT2B,RPL22L1,HMGA1,SF3B6,VDAC1,EIF1AX,RCSD1,LINC01781,FABP5,FKBP1A,ZCCHC7,LINC00926,C1QBP,PA2G4,PPA1,TSPO,SNU13,RSL1D1,ANP32A,HNRNPD,GTF3A,PRDX2,RBBP7,TXN,BCL2A1,RNGTT,CD9,RGCC,YWHAE,PSMA4,CKS2,IFT57,CD19,PLAC8,IMP4,SSB,CCT8,PRDX1,EIF3M",blood,B cells,M
Roider_2020,M8,"IGHM,SRGN,HCST,DUSP2,S100A6,NPC2,HCLS1,RPL22L1,LAG3,TAGLN2,PRDX5,BCL2,CD99,LY6E,COX5A,BLK,CD47,FCMR,HVCN1,PRDX6,RAP1A,TRAPPC1,CD63,CTSH,EGR1,PDCD4,RAB7A,BCAP31,BST2,RAC1,YWHAE,IFT57,GNG5,SEC11A,SPINT2,TSPO,LGALS1,HSPB1,NSMCE1,FABP5,EIF5A,ISCU,PDIA6,COX14,SIT1,CSNK2B,ATP1B3,NDUFB5,JPT1,CLTA",blood,B cells,M
Roider_2020,F22,,blood,unknown,F
Roider_2020,F21,"PCNA,TYMS,CKS1B,KPNA2,SMC4,TUBA1C,RFC4,CENPU,TK1,MCM7,PCLAF,MCM5,UBE2C,CCNB1,AURKB,MCM2,RRM2,GINS2,ZWINT,HPRT1,BIRC5,ASF1B,HELLS,MKI67,HMGB3,CDC20,GMNN,CDT1,CENPN,CCNA2,LMNB1,CENPW,MCM6,PAICS,RRM1,HMMR,CCNB2,CENPK,CDK1,NDC80,CEP55,CIP2A,PRIM1,MCM4,BRCA1,CDCA8,MIS18A,SPC25,NUSAP1,TPX2",blood,proliferating B cells,F
Roider_2020,M9,"SRGN,GSTP1,S100A6,NPC2,VIM,ID2,TXN,PSAP,GPR183,BST2,TCF4,PLAC8,S100A11,AP1S2,GRN,CTSZ,LGALS1,PLEK,CD63,CD44,ATOX1,PYCARD,IRF7,SELENOS,CTSB,CTSC,LAP3,CAPG,S100A4,TYMP,ALDH2,RNASE6,SMCO4,JAML,SAMHD1,FCGRT,GSN,LST1,CD4,AIF1",blood,monocytes,M
Roider_2020,F24,"GZMB,JCHAIN,ITM2C,ALOX5AP,IRF8,PLD4,IRF7,PLAC8,LILRA4,CLIC3,TCF4,C12orf75,MZB1,TSPAN13,PPP1R14B,CCDC50,RNASE6,CYB561A3,PTCRA,SERPINF1,SCT,SMPD3,UGCG,BCL11A,HIGD1A,IL3RA,TRAF4,LRRC26,SELL,DERL3,SOX4,APP,PLP2,ARL4C,UBE2J1,AREG,TPM2,IDH3A,PAXX,SPIB,DSTN,DNASE1L3,LINC02812,DCK,MEF2C,MGST2,TSPYL2,GAPT,OFD1,CXCR3",blood,plasmacytoid dendritic cells (pDCs),F
Roider_2020,F23,"LYZ,AIF1,LST1,IFITM3,CCL3,CPVL,FGL2,SERPINA1,LGALS2,SOD2,MNDA,IL1B,CEBPB,FCN1,SPI1,CARD16,IGSF6,S100A9,CALHM6,ANXA1,TIMP1,LY6E,CD14,SGK1,CEBPD,NAMPT,IFITM2,IFI6,GBP1,TSPO,CFD,CASP1,VAMP5,CFP,DUSP2,DUSP6,UBE2D1,RHOG,CLEC7A,CSTA,SMCO4,FPR1,BLVRB,LY86,FGR,BCL2A1,MT2A",blood,classical monocytes,F
Roider_2020,F25,"BIRC3,CCR7,SAMSN1,FSCN1,TMEM176A,MARCKS,TMEM176B,LAMP3,CSF2RA,CD83,ANXA6,GADD45A,DUSP5,ALDH2,EPSTI1,IER3,IL32,CDKN1A,BASP1,CD1E,NCCRP1,CALM3,CCL19,CFP,FOXP1,RASSF4,NUB1,TNFAIP2,ERICH1,DAPP1,CD40,ATP2B1,AOC1,YWHAQ,MTRNR2L12,RAB9A,DNAJB6,VOPP1,STK4,KIF2A,PTMS,LYST,FNBP1,CLPTM1,IL7R,CYRIA,REPIN1,NABP1,TNFRSF1B,MGLL",blood,dendritic cells,F
