Data,Cluster,Markers,Organization,cell_type,level
Salcher_2022,M9,"IGKC,IGLC2,IGHA1,JCHAIN,HERPUD1,XBP1,IGHG1,IGHG3,IGLC3,PDIA6,SSR3,IGHG4,RPN2,ISG20,KDELR2,SEC11C,MZB1,SELENOS,LMAN2,ITM2C,SPCS3,TMED9,PRDX4,ERLEC1,MANF,IGHM,UBE2J1,FKBP11,SDF2L1,LMAN1,MYDGF,PIM2,CD79A,CD27,OSTC,TENT5C,PDIA4,DERL3,SLAMF7,CRELD2,CD38,CD79B,GMPPB,EAF2,MEI1,POU2AF1,FKBP2",mix,plasma cells,M
Salcher_2022,F57,,mix,plasma cells,F
Salcher_2022,F56,"IGHD,CORO1A",mix,unknown,F
Salcher_2022,M1,"HLA-DPB1,HLA-DPA1,TYROBP,LYZ,RGS1,HLA-DQA1,FCER1G,CTSS,HLA-DQB1,COTL1,ARPC1B,AIF1,LSP1,C1QA,TYMP,HLA-DRB5,GPR183,HLA-DMA,LST1,GRN,CTSH,ITGB2,CD83,CAPG,CTSZ,CD37,FCGRT,ALDH2,RNASET2,BCL2A1,APOC1,C1orf162,RGS10,SPI1,CD68,PYCARD,MS4A6A,MNDA,CTSC,MS4A7,ALOX5AP,TGFBI,SERPINA1,CYBB,LAPTM5,HCK,LCP1,S100A9,CLEC7A,C1QB",mix,macrophages,M
Salcher_2022,F9,"CPVL,RGCC,IRF8,S100B,LGALS2,C1orf54,DUSP4,SERPINB9,LIMD2,NAAA,FGL2,CPNE3,TAP1,SERPINF1,DNASE1L3,RAB32,WDFY4,BASP1,CD48,CLEC9A,TACSTD2,IDO1,CCND1,HLA-DOB,CADM1,RAB7B",mix,dendritic cells,F
Salcher_2022,F10,"BIRC3,MARCKSL1,CCR7,MARCKS,BASP1,TMEM176B,FSCN1,IDO1,DUSP4,TMEM176A,CSF2RA,RASSF4,CST7,IL7R,LAMP3,NUB1,DUSP5,CCL22,TNFAIP2,PTPN1,NFKB1,CCL19,VOPP1,DAPP1,IL32,ERICH1,GRSF1,KIF2A,MAP3K13,IL4I1,RAB9A,EBI3,GPR157,TRAF1,LAD1,POGLUT1,LY75,ANXA6,LGALS2",mix,mature dendritic cells,F
Salcher_2022,F11,"FCGR3A,IFITM3,IFITM2,FCN1,FGL2,PELATON,C5AR1,MAFB,CFD,CD48,VSIR,TNFRSF1B,PECAM1,KLF2,FGR,LILRB2,NAAA,WARS1,CFP,FPR1,CASP1,RIPOR2,PAG1,LILRA5,PILRA,LIMD2,SLC7A7,POU2F2,LRRC25,MTSS1,SLC11A1,CDKN1C,LYST",mix,macrophages,F
Salcher_2022,F5,"IL1B,FCN1",mix,inflammatory macrophages,F
Salcher_2022,F8,"STMN1,SPP1,HMGB2,C1QC,H4C3,IFI6,DUT,CKS2,MS4A4A,CKS1B,PCLAF,SMC4,PTTG1,MKI67,CENPF,TOP2A,TUBA1C,UBE2C,TYMS,NUSAP1,FN1,TK1,CDK1,CD14,IDH2,DTYMK,CENPW,BIRC5,RRM2,KIF20B,HMGB3,SMC2,GPNMB,RAD51AP1,CDKN3,HMMR,TPX2,TMEM106C,CENPM,ZWINT,TUBB4B",mix,Proliferating macrophages,F
Salcher_2022,F7,"GZMB,JCHAIN,PLAC8,IGKC,IRF7,IRF8,SERPINF1,ITM2C,TCF4,DDIT4,LTB,SOX4,STMN1,PLD4,ARL4C,IRF2BP2,C12orf75,PPP1R14B,CCDC50,MPEG1,TSPAN13,UGCG,APP,LILRB4,SELL,CLIC3,LILRA4,NR3C1,LDLRAD4,PAXX,PRKCB,SLC20A1,DUSP5,IRF4,IL3RA,CLN8,SPIB,BCL11A,MZB1,CXCR3,SLC15A4,SLC7A5,TPM2,SEL1L3,CYB561A3,ZC3HAV1,DERL3,SMPD3,MAP1A,LINC00996",mix,plasmacytoid dendritic cells (pDCs),F
Salcher_2022,F6,"C1QA,APOE,C1QB,APOC1,C1QC,MARCO,ACP5,VSIG4,CD9,CTSL,PLIN2,GPNMB,CFD,MCEMP1,GCHFR,NUPR1,CD81,MRC1,CXCL3,FCGR3A,LIPA,LRPAP1,IFI27,DAB2,CD163,FCGR2A,PLD3,MSR1,FBP1,SLC11A1,CYP27A1,FN1,LAMP1,FABP4,OLR1,CD14,SERPING1,CCL18,MS4A4A,IFI6",mix,macrophages,F
Salcher_2022,F12,"RHOB,MRC1,VSIG4,OLR1,FBP1,LTA4H,MCEMP1,IFI6,RGCC,C5AR1,CCL18,LIPA,SERPING1,GLIPR2,LAMP1,HEXB,TIMP2,CITED2,MSR1,RTN3,TGOLN2,LGALS3BP,NCF2,SNX10,SLC31A2,CD9,CES1,LAMP2,GPCPD1,RPN2,KLF2,PLBD1,ACP5,NCOA4,LPL,CORO1C,DAB2,SLC7A7,PGD,GLRX,GNS,RAP1B,CD163,ALOX5,MDH1,EML4,PECAM1,CD81,PLXDC2,THBS1",mix,M2 macrophages,F
Salcher_2022,M2,"IGFBP7,IFITM3,TIMP1,MGP,SPARCL1,SPARC,CALD1,COL1A2,A2M,TM4SF1,TIMP3,MT1X,CAV1,FN1,CD59,ADIRF,SERPING1,GPX3,MT1E,MYL9,EPAS1,TPM1,TFPI,TSC22D1,ID3,IGFBP4,IFI27,EMP1,CAVIN1,NNMT,C1R,CRIP2,SELENOM,TCF4,BGN,PDLIM1,RHOC,PTMS,GNG11,APP,CNN3,COL6A2,GSN,SPTBN1,PMP22,CLU",mix,fibroblasts,M
Salcher_2022,F15,"TAGLN,ACTA2,RGS5,PPP1R14A,TPM2,SOD3,MYLK,EGFL6,PDGFRB,NDUFA4L2,C11orf96,MAP1B,CRYAB,MYH11,MFGE8,COL18A1,TINAGL1,SDC2,TPPP3,TGFB1I1,ITGA1,NOTCH3,MCAM,CSRP2,PDLIM7",mix,myofibroblasts,F
Salcher_2022,F13,"IFI27,EPAS1,CLDN5,VWF,RNASE1,TM4SF1,RAMP2,HLA-DRB1,PECAM1,BST2,ID1,SRGN,AQP1,EGFL7,CLEC14A,CALCRL,HLA-DPA1,TNFSF10,SLC9A3R2,ESAM,PTPRB,RAMP3,CD93,HLA-DRB5,ICAM2,FAM107A,NPDC1,ITM2A,GIMAP7,IFNGR1,HYAL2,CDH5,ADGRF5,FCN3,TMEM100,CAVIN2,LDB2",mix,endothelial cells,F
Salcher_2022,F17,"LUM,POSTN,COL3A1,COL1A2,ISLR,FILIP1L,SFRP2,CTHRC1,H4C3,CTSK,OLFML3,COL5A1,COL8A1,CHN1,CBX3,AEBP1,COL1A1,INHBA,NUCB2,COL6A3,SPATS2L,OPTN,LMAN1,CYTOR,CD82,COL5A2,ASPH,DIO2,PRRX1,TNFAIP6,COL12A1,DAB2,SULF1,RAB31,SMARCA5,GUCY1A1,EGFL6,GBP1,RHOBTB3,SUCLG1,WNT5A,MMP2,FAP,NTM,VCAN,ASPN,PMEPA1,PCOLCE,PRPF40A,SEPTIN11",mix,fibroblasts,F
Salcher_2022,F14,"DCN,LUM,FBLN1,CFD,COL1A2,COL3A1,RARRES2,C1S,ADH1B,COL6A3,MMP2,COL6A2,PTGDS,SELENOP,MFAP4,SERPINF1,C7,COL1A1,NBL1,IGFBP6,PMP22,VCAN,SOD3,AEBP1,FSTL1,PCOLCE,RARRES1,APOD,MXRA8,BGN,CES1,LRP1,CCDC80,DPT,LTBP4,FGF7,CCN1,TIMP2,CFH,C1R,PRELP,COL6A1,C3,LGALS3BP,EFEMP1,TMEM176B,SFRP2",mix,fibroblasts,F
Salcher_2022,F16,"CCL21,CAVIN2,CLDN5,TFF3,FABP5,FABP4,RAMP2,PPFIBP1,ARL6IP1,STMN1,THBD,PCAT19,SNCG,MMRN1,ARL4A,MARCKSL1,FXYD6,MGST2,MTUS1,PPP1R2,NRP2,LAPTM5,PROX1,GMFG,EGFL7",mix,fibroblasts,F
Salcher_2022,F19,"ACTA2,TAGLN,INMT,CRISPLD2,EGFL6,ACTG2,ARHGDIB,PDGFRB,THBS1,TPPP3,EZR,COL4A2,PPP1CB,COX4I2,AXL,MCAM,VCL,CSRP2,TMEM204,PPP1R12A,WFDC1,SLC38A2,MGLL,ZBTB16,GLG1,LMCD1,ESAM,LMOD1,GJA4,EHD2,RBPMS,NOTCH3,PTN,NEXN,SORBS2,ITM2C,CTTN,AOPEP,INSR,CARMN,MYLIP,TGFB1I1,RRAD,SGCE,ARHGAP1,ECRG4,CHP1,RRAS,TSPAN3,SMIM3",mix,fibroblasts,F
Salcher_2022,F18,"IL6ST,CRISPLD2,RBFOX2,C3,EEF1G,LPP,CFD,CRIP1,IGFBP6,STEAP1B,ZBTB20,TXNRD1,ARMC9,FNDC3B,PTPRG,FOXO3,LAMA2,CCSER1,SLIT2,PRKG1,SOD2,CD44,SLPI,GABARAP,MT1A,LINC-PINT,NAMPT,ZBTB16,CUX1,UAP1,PTK2,EXT1,FTX,CELF2,JPT1,SLIT3,TCF12,RORA,COMMD1,PBX1,DLC1,MED13L,MIR4435-2HG,LSAMP,ELL2,PLEKHA7,DDR2,CHCHD3,ASH1L,TGFBR3",mix,fibroblasts,F
Salcher_2022,F20,"TM4SF1,CCDC80,C3,SLPI,PLA2G2A,NR4A1,IER3,RARRES1,CFH,ZFAS1,CPE,SGK1,EZR,EFEMP1,CCL2,CYSTM1,KRT18,ITLN1,TMEM176A,CUTA,EIF4B,CRIP1,PLAAT4,KLF10,SOD2,MGST1,PROCR,ID4,BTG2,HP,OGN,PRG4,SELENBP1,CFI,ANXA3,KRT8,KRT19,AREG,HAS1,TFPI2,NME2,BCHE,MEDAG,CD200,C2,CFB,MSLN,CALB2,WFDC2,CLDN1",mix,fibroblasts,F
Salcher_2022,F21,"CCL21,TFF3,AKAP12,RBFOX2,EEF1G,PPFIBP1,STEAP1B,PCAT19,CD36,LDB2,MGST2,TXNRD1,ARMC9,ASAP1,TSHZ2,SNCG,WWTR1,CCSER1,MMRN1,MIR4435-2HG,TGFBR2,RNASEK,MAGI1,ADAMTS9,ARL4A,ELK3,RALGAPA2,FRMD4B,DOCK9,SYNE1,HIF3A,NR2F1,PODXL,RAPGEF5,ROCK2,FABP4,GNB1,MAF,DLC1,ELF1,PRKG1,JPT1,PRKCH,PPP1R2,THBD,ZBTB20,MBNL2,PTPRE,MARCHF6,TANC1",mix,fibroblasts,F
Salcher_2022,F22,"VWF,LDB2,RBFOX2,BMPR2,JMJD1C,FKBP5,PECAM1,STEAP1B,SEC14L1,PTPRG,ARMC9,SASH1,SYNE2,CCSER1,PTPRM,RAP1B,RIN2,DOCK9,LINC-PINT,ZBTB16,PTK2,ADAMTS9,RALGAPA2,ARID4B,ARHGEF12,GNAQ,PTPN12,MAGI1,FNDC3B,ECE1,WWTR1,FLT1,MED13L,PIK3R3,ADGRF5,LUZP1,SERPINE1,PAPSS2,PCAT19,RAPGEF5,ELF1,PRKCE,ZFAND3,EXT1,CLDN5,ARHGAP26,DOCK4,GALNT18,STXBP6,AFF1",mix,fibroblasts,F
Salcher_2022,M3,"IL6ST,LINC-PINT,CELF2,RBFOX2,STK17B,TXNRD1,STEAP1B,SMAP2,FNBP1,CCSER1,ALCAM,EEF1G,PTPN1,JMJD1C,LYN,ANKRD11,ARMC9,PDE4D,SYTL3,GPCPD1,MGST2,RBM47,SIK3,UTRN,CYTH1,ZFAND6,ZFAND3,SMCHD1,PHF20,NEDD4L,PELI1,RABGAP1L,FOXN3,ATXN1,SIPA1L1,GNAQ,RUNX1,FNDC3B,SSH2,AREG,ADK,MED13L,KMT2C,SPAG9,JARID2,CHST11,LPP,CRYBG1,MAP2K1,ARIH1",mix,unknown,M
Salcher_2022,F24,"ZEB2,SAMSN1,FCER1G,AIF1,S100A9,LAPTM5,GK,PLAUR,LST1,CEBPB,TFRC,C5AR1,TYROBP,S100A8,COTL1,THBS1,SLC11A1,KYNU,ASAH1,IRAK3,ABCA1,PRKAG2,TIMP1,CLEC7A,DNMBP,CTSS,ITGAX,PID1,MTSS1,RGS2,EMP3,PTK2B,EREG,RILPL2,PAPSS2,MS4A6E,RNF144B,EPB41L3,FOSL2,CD163L1,RNF130,C1orf162,SLC16A10,TNFRSF1B,TBXAS1,VCAN,MXD1,IFITM3,FGR,HCK",mix,unknown,F
Salcher_2022,F26,"APOC1,C1QA,C1QB,CD52,APOE,MSR1,FABP4,GLUL,HLA-DPA1,PLXDC2,HLA-DQA1,LSAMP,C1QC,GRN,LGALS3,CSTB,SERPINA1,MCF2L2,OLR1,TFRC,SNTB1,CXCL3,CTSZ,SLC11A1,MS4A6E,TCF7L2,HLA-DRB5,FMNL2,MARCO,ADAM17,PPARG,CTSS,PAG1,CCL18,IFI6,CTSC,MRC1,HLA-DQB1,SNX3,ACP5,FN1,FRMD4A,MAN1A1,RHOB,SAMHD1,STX3,TBXAS1,DENND4C,HSPB1,DST",mix,macrophage,F
Salcher_2022,F25,"CNOT6L,IFITM2,FYN,PITPNC1,IQGAP2,PRKCH,CCL4,PARP8,NIBAN1,CBLB,ARHGAP15,CCL5,PIP4K2A,CD69,CXCR4,ZFP36L2,GNG2,PPP1R16B,STAT4,PDE3B,SYNE2,AOAH,CDK17,STK4,IL32,RUNX3,IL7R,LEPROTL1,RHOH,PBX4,ITK,DUSP2,RNF125,IKZF1,CD247,INPP5D,AKNA,SKAP1,CORO1B,PRKX,CLEC2D,CD3D,ISG20",mix,unknown,F
Salcher_2022,F31,"GPRC5A,DSTN,LMO7,EMP2,SFTPB,NEBL,CADM1,CD9,HOPX,AHNAK,LIMCH1,RGCC,DST,POLR2L,SHROOM3,ATF7IP2,NTM,CAPN2,GPC5,CYSTM1,KRT19,CD47,IL32,RNASE1,TACC2,NUPR1,WWC2,PAPSS2,SPTBN1,VCL,EPB41L5,IFI27,ARAP2,NCKAP5,HIP1,SLC39A8,NIBAN2,EXOC6B,TACSTD2,GSN,PATJ,GRK5,COBL,MGLL,NAPSA,CD59,MICAL2,CAV1,BLVRB,SNHG25",mix,unknown,F
Salcher_2022,F23,"SFTPB,MACROD2,NEDD4L,ANK3,PDE4D,ZNF385B,MECOM,TACC2,PTPRG,PARD3,AUTS2,CDH1,MAST4,DLG2,CXCL2,SFTPC,USP54,ERBB4,ELF3,TANC2,NEBL,SGPP2,SGMS2,TMEM163,RBPMS,MYOF,MTUS1,PTK2,MGST1,MCU,MAGI3,AFF3,PRKG1,LDLR,ERRFI1,MYO6,ACOXL,SNX25,WWTR1,MAGI1,EXT1,AGAP1,SMURF1,GPRC5A,TMC5,KIAA1217,ACACA,UNC13B,PTPRK,FHIP1A-DT",mix,unknown,F
Salcher_2022,F29,"RFX3,ANK3,ELF3,AGBL4,SYNE1,DYNLL1,MAPK10,RP1,SHANK2,DNAH12,AKAP9,NEBL,ULK4,PRDX5,ANKUB1,TACC2,CFAP299,LIMCH1,SSBP2,BCAS3,AOPEP,MSI2,RALGAPA2,PLAC8,TTLL5,CCDC30,HMGN3,C5AR1,RFX2,MYO1D,AGR3,SYNE2,PCM1,TUBA1A,RAD51B,HYDIN,NFIA,MYO1E,AFDN,PSD3,GLIS3,CIB1,C8orf34,DNAH11,DNAH5,DNAH9,FTO,SPAG16,DMD,IGF2BP2",mix,unknown,F
Salcher_2022,F27,"HLA-DQA1,CSF2RA,NFKB1,KYNU,HLA-DQB1,CYRIA,SRGAP2,CD83,ELMO1,RGS1,XYLT1,SRGAP2B,SLC8A1,SRGAP2C,UVRAG,GPR183,NR4A3,TBC1D8,MALT1,CERS6,CD86,RALA,SMARCA2,CDKN1A,BIRC3,RAB8B,CST7,GPR137B,RFTN1,RHOH,IKZF1,YPEL5,TMEM131,MGAT1,GSN,PPA1,ENTPD1,UGCG,PDE4A,RGS2,STK4,RIPK2,LSP1,SNX8,LAMP3,AXL,PIK3R5,MB21D2,GPR132,CD58",mix,unknown,F
Salcher_2022,F28,"HLA-DPA1,HLA-DQA1,PFKFB3,HLA-DQB1,ASAP1,HLA-DRB5,SIPA1L3,CADM1,UBASH3B,NIBAN1,PDE4B,CSF2RA,FMNL2,FNIP2,AUTS2,ID2,TRAK1,LDLRAD4,SNX3,GNA13,C1orf162,PTPRE,CLEC7A,OXSR1,DST,SDK1,RGCC,TOX,SUSD6,ABL1,CD83,SERPINB9,HDAC9,TRPS1,IRAK2,SLC8A1,IFNGR2,CHN2,PLEKHA5,GAS7,PACS1,ACER3,ARF6,MIR4435-2HG,GPR137B,CYTOR,BASP1,PTPN2,SGK1,IL1R2",mix,unknown,F
Salcher_2022,F30,"NCOA3,RHOH,FCHSD2,PRKCB,TRAF3,ARHGAP24,MIR4435-2HG,ISG20,EIF2AK3,MSI2,SP100,RIC1,CYTOR,MDM4,PRDM2,SEL1L3,MEF2C,PLCG2,CARD11,VOPP1,JCHAIN,BCL2,EHMT1,CD37,GNG7,TPD52,ST6GAL1,BACH2,BCL2L11,SNU13,SPCS1,MYDGF,UBE2J1,IGHM,RALGPS2,IGHA1,ADAM28,IKZF3,SEC11C,BANK1,MZB1,TNFRSF13C,POU2AF1",mix,B cells,F
Salcher_2022,F32,"ZC3HAV1,FCHSD2,LDLRAD4,PDE4B,FHIP1A-DT,AFF3,ALOX5AP,PPP1R16B,RAPGEF2,GPR183,NR4A3,PRKCB,RGS1,FBXW11,GZMB,SOX4,EGLN3,MAN1A1,SEC61B,CORO1C,CD99,CREM,IL3RA,RNF130,CERS6,BID,IGF2R,MALT1,RGS2,APP,GALNT2,SEL1L3,NUTM2B-AS1,NOP58,CARD11,RAP1GAP2,CDYL,PLAC8,HIVEP1,XYLT1,ADAM19,HERPUD1,YPEL5,PI4KA,GNA15,GAB1,TCF4,OGT,GNA13,C4orf19",mix,unknown,F
Salcher_2022,M8,"CXCL8,NAMPT,ALOX5AP,RGS2,SOD2,TYROBP,FCER1G,LCP1,G0S2,LITAF,IER3,CEBPB,EGR1,PLAUR,SERPINA1,FYB1,CD53,BASP1,BCL2A1,PLEK,C15orf48,SMAP2,RNF149,HCLS1,LYN,S100A8,SLC25A37,WIPF1,SPI1,IVNS1ABP,VASP,C5AR1,SLA,FOSL2,PHACTR1,TNFRSF1B,CSRNP1,RESF1,SEC14L1,VEGFA,RIPOR2,KDM6B,LCP2,MNDA,NIBAN1,ICAM1,ARRB2,TREM1,CSF3R,SELL",mix,neutrophils,M
Salcher_2022,F55,"VEGFA,PHACTR1,PPIF,C15orf48,TPI1,CD83,CD63,CCRL2,HCAR2,HCAR3,JUN,LDHA,GRINA,SQSTM1,CSTB,ENO1,CAST,PLEKHB2,PI3,TPP1,CTSD",mix,neutrophils,F
Salcher_2022,F54,"MNDA,PTGS2,CXCR2,SELL,PTPRC,ARHGDIB,VNN2,SMAP2,S100A4,RIPOR2,NIBAN1,EVI2B,CXCR1,WAS,TUBA1A,ACSL1,STK17B,JAML,VSIR,ADAM8,IFRD1,GNAI2,SORL1,CMTM2,TLN1,CSF2RB,USP10,SMCHD1,EFHD2,LRRK2,FFAR2,MYH9,MSL1,PRKAR1A,MSN,LRP10,ZYX,CELF2,NABP1,PTPRE,PECAM1,CNN2,YWHAB,PELI1,MEGF9,SARAF,XPO6,COTL1,MYO1F,ARHGAP9",mix,neutrophils,F
Salcher_2022,M0,"CCL5,IL32,CCL4,CXCR4,PTPRC,NKG7,CORO1A,TRAC,RGS1,CD3D,GZMA,IL7R,HCST,TRBC2,CD2,GMFG,FYB1,DUSP2,CST7,TRBC1,CD3E,LCP1,CD7,EVL,LSP1,LCK,CD53,CD52,CYTIP,CD37,RAC2,CD69,IL2RG",mix,T cells,M
Salcher_2022,F4,"IGLC2,SLC25A5,HERPUD1,HLA-DQB1,SNX3,HLA-DQA1,EZR,TCEA1,PCLAF,PARP1,EIF3L,TPM4,CKS2,PRDX6,GDI2,MZT2B,LSM8,HMGN3,PRDX1,PPP1CC,SMDT1,HLA-DMA,LSM3,HMGA1,LIMD2,NUCKS1,MOB1A,CKS1B,SELENOH,IGHG1,TYMS,IGLC3,JCHAIN,SNRPD1,NDUFB1,BANF1,SNRPE,DBNL,RBBP4,GRB2,ODC1,LSM14A,ENY2,UBE2J1,ZNF706,UBE2S,MKI67,H2AZ2,TUBB,ANP32E",mix,unknown,F
Salcher_2022,F0,IL7R,mix,naive T cells,F
Salcher_2022,F1,"STMN1,CRIP1,H4C3,RBPJ,ISG15,H2AZ2,SMC4,MZT2B,PTTG1,FABP5,PCLAF,TUBB,MKI67,BLOC1S1,TYMS,NUSAP1,CYTOR,JPT1,NDUFA13,IDH2,FKBP1A,ANP32E,TUBB4B,RANBP1,DUT,COX5A,PCNA,ANXA5",mix,unknown,F
Salcher_2022,F3,"JUND,ETS1,GNAS,ACTR2,ARL4C,AHNAK,CD96,EMB,CSDE1,PIK3R1,MBNL1,SMAP2,IL2RB,IQGAP1,TLN1,CDC42SE1,PIP4K2A,GNB1,BRD2,PNRC2,RAD21,WAS,PTBP3,RBL2,PRKCH,HNRNPUL1,UHMK1,KPNB1,DIAPH1,EFHD2,SPN,ITGAL,MATR3,WNK1,CNOT6L,CANX,MYH9,MACF1,WAC,FAM107B,CCND2,IKZF3,GBP5,RAB27A,SLFN5",mix,T cells,F
Salcher_2022,F2,"GNLY,GZMB,GZMH,PRF1,KLRD1,CTSW,TYROBP,CCL3,CMC1,FGFBP2,GZMM,PLAC8,FCGR3A,FCER1G,SPON2",mix,cytotoxic T cells,F
Salcher_2022,M7,"SFTPB,SLPI,SCGB3A1,KRT19,WFDC2,HOPX,RNASE1,IFI27,TACSTD2,EMP2,PERP,KRT18,SOX4,KRT7,CD9,CYB5A,SPINT2,KRT8,FXYD3,ELF3,MGST1,CLDN4,MUC1,ATP1B1,EPCAM,CLDN7,TM4SF1",mix,lung epithelial cells (type II pneumocytes and Clara cells),M
Salcher_2022,F41,"NAPSA,SCGB3A2,SFTA2",mix,type II pneumocytes,F
Salcher_2022,F49,"GPRC5A,HOPX,CAV1,RNASE1,AGER,ADIRF,CYP4B1,CLDN18,TSPAN13,CAV2,ICAM1,IGFBP7,CLIC3,ANXA3,IL32,SCEL,VEGFA,CCN1,LIMCH1,RGCC,SLC39A8,MYL9,RTKN2,SFTA1P,AQP4,PEBP4,SUSD2,NEDD9,CADM1,TIMP3,TNNC1,HPCAL1,SPOCK2,GAS6,CLIC5,SEMA3B,ANKRD29,CST6",mix,type II pneumocytes,F
Salcher_2022,F47,"SCGB1A1,SCGB3A1,BPIFB1,LCN2,PIGR,CXCL17,CLU,TFF3,CXCL2,CXCL1,FOLR1,SAA1,CXCL8,CYP4B1,CP,C3,AGR2,GSTA1,ALDH1A1,KLK11,C16orf89,TSPAN8,MUC5B,SERPINF1,TMEM45A,FMO2,AQP5,CYP2F1,ELAPOR1",mix,Club cells (Clara cells),F
Salcher_2022,F42,"KRT17,KRT6A,GPX2,SFN,S100A2,AKR1C1,CXCL14,NQO1,ALDH3A1,CBR1,GPNMB,FXR1,CSTA,AKR1C3,SPP1,MT1X,ATP1B3,KRT5,SLC2A1,SOX2,IFI16,PGD,ACAP2,NTRK2,RNF168,NIFK,UCHL1,AKR1B10,SLC9A3R1,PTGR1,LIMA1,DST,GSTM3",mix,lung epithelial cells (basal cells),F
Salcher_2022,F46,"SFTPC,SFTPA2,SFTPA1,NAPSA,SFTPB,SLC34A2,FABP5,CTSH,SFTA2,SERPINA1,SFTPD,NUPR1,PIGR,C3,CLDN18,AREG,PGC,SELENOP,SLC39A8,LPCAT1,HLA-DPB1,CXCL2,SELENBP1,PEBP4,AKAP13,HOPX,CXCL17,SCD,SFTA3,C16orf89,AK1,C4BPA,LRRK2,MLPH,LAMP3,FGGY,DLC1,ABCA3,SOD3,WIF1,GKN2,PLA2G1B,TFPI,MFSD2A,MACROD2,ALPL,TCIM,CACNA2D2,C2,ZNF385B",mix,type II pneumocytes,F
Salcher_2022,F45,"TUBA1A,EEF1G,TUBB,RPL17,JUND,STMN1,CCND1,SARAF,GABARAP,NME2,PTMS,MDK,H4C3,MARCKS,CCT2,TBCB,ARL6IP4,GTF2I,NDUFA12,NDUFA13,MARCKSL1,BASP1,RNASEK,CCT3,SRSF9,UCHL1,PLD3,SRP9,PCSK1N,GABARAPL2,C4orf48,CBX1,MAP1B,KHDRBS1,JPT1,NDUFB8,SNRPB,UBXN1,SNF8,SNHG7,HBB,CENPX,PPP1R14B,RAMP1,NCOA7,RABAC1,DPYSL2,VAMP2,HNRNPR,ATP5F1C",mix,unknown,F
Salcher_2022,F50,"TSPAN1,AGR3,TPPP3,CAPS,IGFBP7,TUBA1A,CRIP1,CETN2,C9orf24,C20orf85,PSENEN,IFT57,SMIM22,CTSS,IK,TMEM190,CFAP276,NUDC,RSPH1,FAM183A,IGFBP2,ODF3B,MORN2,PIFO,CLDN3,DMKN,C12orf75,SNTN,CD24,CKB,GABARAP,ODF2L,DNPH1,CCN2,C9orf116,MS4A8,HOATZ,SERPINB6,C5orf49,LRRIQ1,MRPS31,CRNDE,WDR54,EFHC1,DYNLRB2,SLC44A4,METTL7A,KIF21A,CAPSL,ARL3",mix,lung epithelial cells (Clara cells),F
Salcher_2022,F53,"S100A9,S100A8,SERPINA1,IFI6,HLA-DRB1,MT1E,CTSC,EIF5A,IFI16,HLA-DPA1,SPATS2L,IK,ARL6IP5,HLA-DRB5,ISG15,NOP58,CTSS,HLA-DPB1,HLA-DQB1,ZRANB2,PHLDA2,LARP7,SLC9A3R1,C4orf48,CAPG,AZGP1,CTSE,FKBP3,ZMAT2,PPP1R14B,CLTB,TAF7,LY6D,TMEM256,BST2,PFDN1,ACADVL,GOLGA2,NUB1,SNF8,RNF213,MSN,TTC1,TUBA4A,TNFSF10,HIF1A,REEP3,STAT1,PITX1,C15orf48",mix,unknown,F
Salcher_2022,F44,"S100P,MTRNR2L12,CLDN18,PSCA,CEACAM5,LAMB3,XIST,TSPAN1,TFF1,LYZ,MUC5AC,MARCKSL1,SPINK1,TSPAN8,LDLR,CTSE,MUCL3,VSIG2,ANKRD36C,LAMC2,KLF4,TFF3,CAPN8,STK24,PLAUR,KLF2,TTC19,BCAS1,APOL1,MUC13,SDCBP2,TCN1,DUSP4,CYP3A5,COL17A1,CAMK2N1,NBL1,REG4,LPCAT4,TM4SF4,LGALS4,VSIG1,MYRF,ZZEF1,PLAC8",mix,lung epithelial cells (Clara cells),F
Salcher_2022,F48,"S100A9,S100A8,SPRR1B,KRT6A,CSTA,SPRR3,S100P,SLK,EMP1,LCN2,TACC1,C15orf48,SCEL,CLDN1,SPRR2A,IL1RN,TMPRSS4,ADGRF1,RND3,EHF,TRIM24,MXD1,PSCA,ERO1A,CXCL8,SAMD9,CXCL1",mix,lung epithelial cells (type II pneumocytes and Clara cells),F
Salcher_2022,F52,"KRT17,AKR1C2,S100P,SPP1,SERPINB3,RARRES1,PSIP1,AKR1C1,LXN,GPX2",mix,lung epithelial cells (type II pneumocytes and Clara cells),F
Salcher_2022,F51,"ALDOA,MSLN,C3,IGFBP3,ARPC1B,CD24,EEF1G,TAPBP,MUC20,PLAAT3,STEAP4,CHP1,ERO1A,LAPTM4B,SMS,ASS1,CTSS,CAPG,PON2,CLDN3,ARPC1A,SRI,ECH1,MVP,GOLM1,PGD,GPI,XRCC6,KDELR2,SCCPDH,MDH2,BLVRB,CTTN,DNAJC3,ST14,PFKP,CRIP2,TSPAN3,C6orf62,LAMB3,C15orf48,TYMP,C1orf43,GRN,RAB5IF,SLC44A4,SYPL1,SRP9,TOR1AIP2,YWHAH",mix,lung epithelial cells (type II pneumocytes),F
Salcher_2022,F43,"AKR1C1,CCT6A,AKR1C3,AKR1C2,KRT17,GPNMB,NTS,NSD3,SSB,SNRPD1,GSTM3,PSMB5,ETFB,NIPSNAP2,DYNC1I2,CCT4,SLC9A3R1,LMAN1,ERLEC1,RBMX,UBE2L3,H4C3,DDX18,ADM,TPR,MRPL52,SLC3A2,TCEAL9,STOML2,NARS1,CACYBP,MDH1,C1QBP,REL,RALY,CWC15,MRPS18B,U2SURP,TARS1,NME1,NDUFB6,EGFR,GPI,EIF4A3,TMEM14A,AFG3L2,GSTO1,LARP7,PSMC1,SGK1",mix,lung epithelial cells (type II pneumocytes),F
Salcher_2022,M5,"RGS1,FCER1G,CD69,RGS2,ALOX5AP,TYROBP,AREG,CLU,SAMSN1,RAC2,CAPG,PLIN2,TPSB2,TPSAB1,ANKRD28,LMO4,HPGD,CPA3,VWA5A,GATA2,IL1RL1,MS4A2,LTC4S,HPGDS,RGS13,KIT,RHEX,SLC18A2",mix,mast cells,M
Salcher_2022,F36,"IGKC,RPS10,RPL17",mix,unknown,F
Salcher_2022,F37,"DUSP6,ARHGEF6,MTRNR2L12,EIF4G2,GNPTAB,CTSB,BACE2,EFCAB14,YWHAB,HSPH1,BRD2,LPCAT2,BMP2K,TPP1,TPM4,CD84,TPSD1,NCOA4,LCP1,ELL2,MBNL1,FOSL2,ACTR2",mix,mast cells,F
Salcher_2022,F38,"AKAP13,ATP1B3,ZEB2,ELL2,SYTL3,PHF20,CPM,MAPK1,TNIK,NFKB1,FER,B4GALT5,IL6ST,DENND4A,NTM,PTPN1,ZBTB20,RAB7A,ARHGAP15,SYAP1,SLC24A3,CAPZA1,DNAJC1,EEF1G,MSRA,RPS6KA5,DDAH2,PAK1,CHN2,MARCHF3,GNB1,RAPGEF2,ATXN1,CPEB4,KMT2E,FKBP5,SLC44A1,ADAM12,RANBP2,ABCC1,CHST11,CADPS,CRIP1,PRKCA,LINC-PINT,RNF130,ANKRD44,ABCA1,ZSWIM4,KIF13B",mix,mast cells,F
Salcher_2022,M4,"IFI27,MT1E,BEX3,MGST1,MIF,RBIS,BASP1,EEF1G,CTSL,RPL22L1,ASPH,OCIAD2,HMGA1,KRT18,BNIP3,PPP1R14B,NME2,NME1,MRPS16,ADIRF,PCBD1,C19orf33,PSMA6,FABP5,DCBLD2,S100A16",mix,unknown,M
Salcher_2022,F33,"NME2,RPL36A,IFI27,RPL17,S100A4,EEF1G,MT1E,C19orf33,PSMA6,SNCG,STC1,MT1X,RNASEK,NT5E,PRSS3,GABARAP,TOMM5,ERRFI1",mix,unknown,F
Salcher_2022,F35,"H3-3A,STMN1,SLC25A6,SLC25A3,MDK,PGAM1,EIF3H,ALDOA,SNRPB,ARL4A,ID1,PTMS,PSMB7,ERGIC3,CAMTA1,SNHG32,NDUFB8,NME4,MARCKS,NENF,PSMA2,C1orf43,NDUFC2,SRSF7,CCT3,ATF4,COPS6,ATP5F1A,KIF5B,SMIM26,CUTA,MICOS10,APOE,PSMB4,EIF3F,ID3,SSU72,KHDRBS1,SNHG7,CALR,TUBA1A,HIGD2A,PNISR,RPN2,PFDN4,ARL6IP4,BSG,PFDN2,SSR2,EIF4A2",mix,unknown,F
Salcher_2022,F34,"IL13RA2,HSPB1,TPM4,JUN,RSL1D1,PDIA3,HSPA5,CAST,CD74,SEPTIN7,IFI16,IER2,TFPI,SSR4,SPATS2L,EIF3A,IER3,TAGLN2,CXCL2,UCHL1,SUCLG1,PEBP1,TAX1BP1,PSMB4,CCT6A,TXNRD1,AKR1B1,DBI,GADD45B,FOS,SLC25A6,SNRPC,HLA-DRA,H1-10,RAD21,TUBA1C,EIF3I,SSRP1,CCDC80,RBM39,CST3,NNMT,TCEAL9,ERLEC1,LRPAP1,NOP58,HSPA9,FLOT1,NDUFAF2,CD151",mix,unknown,F
Salcher_2022,M6,"CD52,CXCR4,HLA-DQB1,LAPTM5,CD69,IGKC,CORO1A,CD37,LTB,GPR183,CD83,CD48,IGHM,HLA-DQA1,CD79A,LIMD2,IGLC2,HLA-DMA,CD79B,MS4A1,IGHA1,BANK1,VPREB3",mix,B cells,M
Salcher_2022,F39,,mix,B cells,F
Salcher_2022,F40,"DNAJA1,HSPA1A,HSPD1,HSPH1,MCL1",mix,unknown,F
