Data,Cluster,Markers,Organization,cell_type,level
Savas_2018,M0,"TNFRSF4,TNFRSF18,TIGIT,TUBB,SPOCK2,BATF,ZFP36L1,PKM,CALM3,CYTOR,PIM2,PGAM1,TYMP,CXCR6,CORO1B,LINC01943,CTSC,CTLA4,PRDX2,COX5A,DDIT4,GBP2,CARD16,PRDX1,COX17,DUSP4,SYNGR2,PDIA6,DNPH1,SH2D2A,TNFRSF1B,RANBP1",breast,regulatory T cells (Tregs),M
Savas_2018,F3,IL2RA,breast,regulatory T cells (Tregs),F
Savas_2018,F1,"CXCL13,CXCR4,NR3C1",breast,T follicular regulatory cells (Tfr),F
Savas_2018,F2,"HMGB2,STMN1,PTTG1,H2AZ2,DUT,ANP32E,MZT2B,NKG7,HLA-DRA,H4C3,CKS2,RAD21,LSM5,DEK,SMC4,NUCKS1,TUBA4A,DDX39A,MAGOH,SMC3,KPNA2,C12orf75,YWHAH,IDH2,KIF20B,TMPO,TUBB4B,LMNB1,PCLAF,SNRPD3,FABP5,LSM3,CKS1B,CARHSP1,TMEM106C,UBE2C,NUSAP1,SIVA1,SMC2,PCNA,PSMC3,TOP2A,HSPB11,MACROH2A1,MKI67,RRM2,KIF22,SNRNP25,SLBP,CDK1",breast,unknown,F
Savas_2018,F0,"CXCL13,GZMA,GZMB,CCL4,ALOX5AP,CCL5,LINC01871,KLRB1,LAG3,GNLY,CTSD,CRIP1,PDCD1,PLAAT4,CD6,STK17A,IFNG,FAM118A",breast,exhausted regulatory T cells (Tregs),F
Savas_2018,M3,"NKG7,GZMA,GNLY,CXCL13,GZMB,HLA-DRB1,GZMK,CCL4,CCL3,LAG3,HLA-DPB1,CTSW,CLEC2B,PRF1,LINC01871,GZMH,RGS2,CD8A,CHST12,CD8B,HAVCR2,KLRC1,HLA-DPA1,HLA-DRA",breast,CD8+ cytotoxic T cells,M
Savas_2018,F7,"GZMK,DUSP2,VCAM1",breast,CD8+ cytotoxic T cells (effector memory subset),F
Savas_2018,F8,"LINC01871,RPL17,CTSD,NBEAL1,HOPX,KRT86,ANXA1,MIF,CAPG,KLRD1,CRIP1,JAML,ZNF683,LINC02195,FAM118A",breast,unknown,F
Savas_2018,M6,"IFI44L,GBP1,IFIT3,XAF1,IFIT1",breast,interferon-stimulated cells,M
Savas_2018,M5,,breast,unknown,M
Savas_2018,F10,"JUN,DUSP1,FXYD5,RPL37,SH3BGRL3,CXCR4,PABPC1,HLA-E,RPL37A,CYBA,JUNB,HNRNPA2B1,COX4I1,RPL22,ZFP36L2,CD2,COX7C,RPS11,HMGB1,PTPRC,RPS10,CD3D,HSP90AA1,N4BP2L2,SERF2,SRSF5,LTB,HCST,RACK1,TRBC2,TXNIP,TMA7,FTL,BTF3,MYL12A,RPS21,CD52,RPL36A,TRAC,KLF6,SRSF7,ITM2B,IL7R,CALM1,EVL,SRGN,CFL1,EMP3,RPL27,EIF4A2",breast,T cells,F
Savas_2018,F11,"MT-ND5,MT-ND4L,MT-ND6,MTRNR2L1,MTRNR2L12",breast,unknown,F
Savas_2018,M2,"ZFP36,ANXA1,CREM,GPR183,RGCC,YPEL5,BTG2,FAM177A1,LMNA,NR4A2",breast,unknown,M
Savas_2018,M1,"NKG7,GZMK,CTSW,TRGC2",breast,gamma-delta T cells,M
Savas_2018,F5,"TRDC,ISG15,ZNF683,XCL1",breast,gamma-delta T cells (Vδ1 subset),F
Savas_2018,F4,"GZMA,GZMK,CST7",breast,gamma-delta T cells (cytotoxic subset),F
Savas_2018,M4,"EIF3D,MPHOSPH8,DENND2D",breast,unknown,M
