Data,Cluster,Markers,Organization,cell_type,level
Sharma_2020,M2,"IFI27,IFITM3,TM4SF1,SPARCL1,HES1,FKBP1A,GNG11,SPRY1,CD59,CD9,VAMP5,A2M,CDKN1A,TIMP1",liver,hepatic stellate cells,M
Sharma_2020,F16,"SPARC,ENG,APOA2,COL4A1,HNRNPA1,FABP5,RPL4,MGST3,CLIC1,NAP1L1,YWHAB,RAB13,NNMT,EIF3E,PPIB,SNRPD2,RPLP0,CALR,COL4A2,SERBP1,ARPC1B,TXN,TPM4,COL15A1,FXYD5,CD99,ALDOA,CSTB,CD93,ECSCR.1,IGFBP4,ARHGDIB,GPX1,UQCRH,GMFG,ATOX1,RABAC1,MYH9,AP2S1,SLC25A6,NPM1,EEF2,EEF1B2",liver,hepatic stellate cells,F
Sharma_2020,F13,,liver,hepatic stellate cells,F
Sharma_2020,F14,"SRGN,SLC9A3R2,C10orf10,IFI6,IRF1,ADAMTS1,CLDN5,ICAM2,FAM107A,NR4A1,BTG2",liver,activated hepatic stellate cells,F
Sharma_2020,F15,"STC1,HLA-DRA,DNASE1L3,SLC2A3,GJA1,HLA-DPA1,IVNS1ABP,ARRDC3,HLA-DPB1",liver,activated hepatic stellate cells,F
Sharma_2020,M0,"NKG7,CD69,PTPRC,IL32,TNFAIP3,CXCR4,CCL5,BTG1,CORO1A,ISG20,CCL4,CD3D,GMFG,TSC22D3,SARAF,S100A4,SRGN,LEPROTL1,CREM,ELF1,RARRES3,HCST,CST7,CD52,CYBA,ANXA1,YPEL5",liver,Natural Killer (NK) cells,M
Sharma_2020,F0,,liver,Natural Killer (NK) cells,F
Sharma_2020,F1,"NKG7,GNLY,GZMB,CMC1,KLRD1,TYROBP,GZMH,PRF1",liver,Natural Killer (NK) cells,F
Sharma_2020,F2,"APOA2,CTSW,ZFAND2A,ALB,APOC1,APOC3,HSPA1A,CACYBP,HSPB1,PRF1,HSPA1B",liver,unknown,F
Sharma_2020,F3,"HSPA1A,DNAJB1,HSPA1B,HSPH1,HSPD1,ZFAND2A,DUSP1,CACYBP,IL7R,TXNIP",liver,NK cells with stress response,F
Sharma_2020,F5,"IGKC,IGHG4,IGLC2,SSR4,IGHG3,IGHG1,HERPUD1,IGLC3,SPCS2,SPCS1,HSP90B1,FKBP11,JCHAIN,IGHA1,FKBP2,VIMP,XBP1,SEC11C,MYDGF,MZB1,CD63,SDF2L1,ITM2C,IGHG2,LMAN1,ERLEC1,PRDX4,CD79A,PLPP5,CD38,IGHGP,SELM,DERL3",liver,Plasma cells,F
Sharma_2020,F6,"HLA-DPB1,HLA-DRB1,CD37,HLA-DRA,HLA-DPA1,IGLC2,GPR183,HLA-DQB1,HLA-DQA1,HLA-DMA,CD79A,MS4A1",liver,B cells,F
Sharma_2020,F4,"PMAIP1,CARD16,LINC00152,BATF,TIGIT,DUSP4,SPOCK2,LTB,CTSC,ICOS,CD27,TNFRSF4,UCP2,PKM,ARID5B",liver,NK-like cells with T cell features,F
Sharma_2020,M3,"HLA-DRA,S100A11,TYROBP,HLA-DPA1,GPX1,CSTB,PSAP,SDCBP,HLA-DRB1,HLA-DRB5,FCER1G,NPC2,VAMP8,CTSD,LYZ,CST3,SOD2,HLA-DQB1,GPR183,AIF1,GLUL,CTSB,HLA-DPB1,HLA-DMA,LST1,TIMP1,GSTP1,PLAUR,NAMPT,LGALS1,CTSS,ANXA2,HLA-DQA1,GRN,LITAF,LAPTM5,EMP3,FCGRT,DUSP1,RGS2",liver,Kupffer cells,M
Sharma_2020,F18,CORO1A,liver,Kupffer cells,F
Sharma_2020,F17,"C1QA,APOC1,C1QB,C1QC,SEPP1,APOA2,CCL3,ALB,CTSD,LIPA,PLD3,SPP1,FABP5,CTSZ,LGMN,CTSL,CD14",liver,Kupffer cells,F
Sharma_2020,F19,"S100A9,S100A8,FCN1,EREG",liver,Kupffer cell precursors or inflammatory monocytes,F
Sharma_2020,F22,"TUBB,RAN,LDHA,HMGB2,CAPG,NUCKS1,HIST1H4C,STMN1,SERBP1,IFI16,PKM,VPS29,HN1,RBX1,LSM5,GSN,CNBP,LDHB,NDUFS6,PPP1CA,PA2G4,TUBA1A,CALM3,CKS1B,DEK,PTTG1,DNMT1,KIAA0101,TMPO,NUSAP1,ERH,PSMB8,DTYMK,CDK1,TOP2A,UBE2C,TK1",liver,unknown,F
Sharma_2020,F20,"IFI27,IL32,HES1,RHOB,CLU,ANXA4,KRT8,EGR1,ITGB1,HSD17B11,CD59,CYSTM1,TM4SF4,SERPING1,SPINK1,KRT18,ATP1B1,SPP1,TM4SF1,CYB5A,KRT19,DEFB1,VTN,TUBB4B,DSTN,TNFRSF12A,CLDN4,SLPI,CD24,MGST1,ELF3,GC,LGALS4,FXYD2,SPINT2,TSPAN8,MMP7,CYP3A5,PERP",liver,Hepatocytes,F
Sharma_2020,F21,"ALOX5AP,CD9,BIRC3,CD69,TPSB2,CLU,TPSAB1,TSC22D1,RAC2,FOXP1,CPA3,HPGDS,HPGD,CTSG,MS4A2,RGS13,VWA5A,IL1RL1",liver,mast cells,F
Sharma_2020,M5,"HBB,GNLY",liver,unknown,M
Sharma_2020,M6,"ARL6IP1,HIST1H4C,HMGB2,TRAC,TUBB,LSP1,STMN1,LDHB,RAC2,PKM,HMGN2,NUCKS1,CALM3,CD7,CD2,SAMSN1,TRBC2,HNRNPA3,CD3E,IL2RG,CORO1A",liver,T cells,M
Sharma_2020,M1,"APOA2,ALB,APOC3,APOC1,APOA1,RBP4,ORM1,FABP1,APOH,CLU,PEBP1,SERPINA1,AHSG,HP,SEPP1,NUPR1,DCXR,RARRES2,AMBP,ORM2,ALDOB,TF,AGXT,KNG1,MGST1,CYB5A,VTN,TTR",liver,hepatocytes,M
Sharma_2020,F8,"NEAT1,CYP2A7,BHMT,AFM,SLC22A7,CYP4F3,MST1,SON,SRSF11,F12,COL18A1,ECHDC2,CYP2A6,MLXIPL",liver,hepatocytes,F
Sharma_2020,F11,"GPX1,SAA1,IGFBP1,UGP2,PLIN2,S100A10,SOD2,APCS",liver,hepatocytes,F
Sharma_2020,F7,"IGKC,IGLC2,FXYD1",liver,unknown,F
Sharma_2020,F9,"MT2A,FGG,FGB,PLA2G2A,IFI27,MT1E,RPL31,HPD,SPINK1,MT1X,CYP2E1,IL32,HPX,DDT,SERPINC1,MT1G,FGL1,PFN1,UQCR11,FGA,C4BPB,RPS2,MAT1A,PRAP1,PRDX6,TXNDC17,NNMT,ADH1A,ETFB,GPX4,PRDX2,HGD,C4BPA,TDO2,HULC,GSTO1,COX6C,NDUFB1,AKR1C1,PCK1,TM4SF5,ANGPTL3,MPC2,COX5B",liver,hepatocytes,F
Sharma_2020,F10,"NEAT1,HSPA1A,MLXIPL,ASGR1,CYP3A5,C3,HSPA1B,HSPH1,HSPB1,SDS,ITIH1,HMGCS1,ATF5,SOD2,ACSM2B,CCNL1,DDX5,SAT2,DST,ACSM2A,INSIG1,ASL,AFM,SCD,DNAJB1,CP,CPS1,ZFP36L1,BAAT,ECHDC2,HSPD1,ITIH3,APOB,HSPA6,MST1,JUN",liver,hepatocytes,F
Sharma_2020,F12,"MT2A,C4BPB,SERPINC1,PLA2G2A,PCK1,C3,ASGR1,MT1X,C8G,FGL1,C1S,A1BG,ADH1B,MAT1A,PRAP1,SERPINF2,KLF6,GADD45G,ITIH3,FOS,A2M,AZGP1,FDPS,F2,CYP2C9,MT1E,BAAT,BLOC1S1,ASL,CYP4F3,SERPINA6,HPN,NNMT,CP,LEAP2,FGB,NDUFA3,TM4SF5,PON1,SLC38A4,EEF1D,CYP2B6,FN1,ACSM2A,TMEM176A,SLC27A5,IFI6,GATM,PRDX4,GPT",liver,hepatocytes,F
Sharma_2020,M4,"MT2A,TIMP1,RARRES2,CD63,SEPP1,GSTA1,TPI1,ATP5J2,SPINK1,CALD1,COX7B,LDHA,ATP5O,NDUFA11,DSTN,PPIB,ORM1,TTR,SERPINA1,APOH,LAMTOR5,ENO1,AKR1C3,PHPT1,SPARCL1,SLIRP,CLU,HSP90B1,BLOC1S1,IFI27,ATP5H,NDUFB9,VTN,RBP4,NDUFB1,PTGES3,HMGN2,FN1,AMBP,ANAPC11,ATP5G1,NDUFC2,NUCKS1,ATP5C1,SNRPF,PSMB3,P4HB,AGT,PSMB1,GPX4",liver,hepatocyte,M
Sharma_2020,F23,"TAGLN,ACTA2,MYL9,TPM2,SPARCL1,MGP,VIM,ADIRF,RGS5,SPARC,TPM1,BGN,GADD45B,IGFBP7,SELM,IGFBP5,GPX3,DCN,CRYAB,ID3,EGR1,PPP1R14A,GSTP1,CRIP2,CD9,PTP4A3,TSC22D1,SEPT7,MYLK,SEPW1,JUNB,ADAMTS1,SH3BGRL,MAP1B,MEF2C,CNN3,HCFC1R1,FRZB,CAV1,NR4A1,MYH11,CSRP1,LMNA,TPM4,WBP5,GSN,PDLIM3,OAZ2,SBDS,LHFP",liver,hepatic stellate cells,F
Sharma_2020,F24,"GSTA1,HIST1H4C,TF,GSTA2,MT-ND5,AGR2,TMEM176B,C3,CFHR1,FN1,CD24,ID2,FGG,HMGCS2,ALB,PTGR1,P4HB,RPN2,NDUFC2,ITIH2,UQCC2,EFNA1,MPC2,SPINK1,ERGIC3,C8G,S100A16,ERP29,ASGR2,REG1A,IFI6,MRPL14,HES1,ARL6IP4,ECHS1,DHRS7,ELF3,FGA,MYDGF,ANPEP,SOD2,GGH,AKAP9,S100A13,GSTK1,CYP3A5,NDUFB9,COPE,SEC11C,A1CF",liver,hepatocyte,F
Sharma_2020,F25,,liver,hepatocyte,F
Sharma_2020,F26,"S100A4,ZFP36,HLA-E,KLF6,SARAF,ANXA1,TSC22D3,CREM,CRIP1,UBXN1,RARRES3,SRGN,DNAJB6,HERPUD1,CLK1,ARHGDIB,FAM177A1,BTG1,VIM,LDHB,LINC00152,LEPROTL1,PPP1R2,ISG20,RNF213,CD74,TUBA4A,YPEL5,CD44,IL2RG,EZR,IDS,CXCR4,CD3D,CCL5,TNFAIP3,ELF1,FXYD5,CD52,GMFG,HLA-DRB1,RP11-347P5.1,TRAC,RGS1,TRBC2,HCST,LAPTM5,FNBP1,GPBP1,CD69",liver,unknown,F
Sharma_2020,M7,C1orf56,liver,unknown,M
