Data,Cluster,Markers,Organization,cell_type,level
Sikkema_2023,M0,"SFTPC,SFTPB,SFTPA1,SFTPA2,RNASE1,NAPSA,MGST1,SLPI,HOPX,CXCL17,SFTA2,MUC1,SERPINA1,S100A14,CTSH,SLC34A2,SCGB3A2,AREG,SFTPD,EMP2,MRPL14,TFPI,AK1,CXCL2,SPTSSA,BEX3,SCD,MLPH,SFTA3,LRRK2,PIGR,SOD3,LAMP3,TCIM,C16orf89,SELENBP1,MALL,CLDN18,ADGRF5,SDC4,RNF145,PLA2G1B,WIF1,NKX2-1,C4BPA,PEBP4,FGGY,MFSD2A,PGC,LPCAT1",airway,alveolar type 2 cells,M
Sikkema_2023,F5,"CHI3L2,CXCL1,RPS4Y1,HSPA1A,CXCL8,CXCL3,NFKBIZ,PLIN2,TTN,IER3,DNAJA1,KCNQ1OT1,CPB2,RGS16,SLC38A2,PTPN13,SLC6A14,ID2,HSPA1B,MACF1,ATF3,SCGB1A1,BMP2,MTRNR2L12,ANKRD12,BRD2,IRF1,SYNE1,CHD2,CD83,SFPQ,ACSL4,INTS6,SGMS2,BCL6,ARIH1,ANK3,ICAM4,GOLGB1,ADAMTS1,KLF4,MAFB,MIR23AHG,NABP1,SLC25A44,NR2F2,ZBTB10,KANSL1L,PLK2",airway,alveolar type 2 cells,F
Sikkema_2023,F0,TTN,airway,unknown,F
Sikkema_2023,F1,"MT-ATP8,GABARAP,NME2,ATP6V0C",airway,alveolar type 2 cells,F
Sikkema_2023,F2,S100A9,airway,unknown,F
Sikkema_2023,F3,"CAV1,CEACAM6,CAV2",airway,alveolar type 2 cells,F
Sikkema_2023,F6,"PLP2,TUBB,SMC4,RPA3,STMN1,HMGB3,CKS1B,HMGB2,PTTG1,CAV1,RRM1",airway,proliferating alveolar type 2 cells,F
Sikkema_2023,F4,"SFN,PHLDA2,ERRFI1,TNFRSF12A,SGMS2,TMC5,TXNRD1,S100A16,PARD6B,EIF4EBP1,S100P,GADD45A",airway,alveolar type 2 cells,F
Sikkema_2023,M1,"KRT19,WFDC2,S100A2,LCN2,AQP3,KRT17,AGR2,MSMB,PERP,PRSS23,ELF3,TACSTD2,ALDH3A1,KRT15,ALDH1A1,F3,KRT5,S100P,ADH1C,SERPINF1,SPINT2,FXYD3,KRT7,MDK,EPAS1,EPHX1,CXCL17,S100A16,S100A14,C19orf33,ADIRF,KLF5,VMO1,MUC4,SERPINB3,KRT18,PIGR,ADH7,DSP,CHST9,EHF,ID1,AQP5,SOX2,SLPI,PLPP2,MUC1,KRT8,ASS1,TSPAN1",airway,airway epithelial cells,M
Sikkema_2023,F7,"LYPD2,S100A4,PSCA,PI3,LYNX1,MUC5AC,LY6D,BPIFA1,PIGR,CYP2F1,CEACAM5,TMC5,MUC16",airway,goblet cells,F
Sikkema_2023,F9,"KRT5,JUN,CXCL8,CXCL1,CLDN4,HSPA1A,KRT15,CD81,FOSB,RPL17,JUND,ZFP36,SFN,NCOA7,KLF6,ETS2,YBX3,GPX2,ATF3,TKT,GPRC5A,HSPA1B,PLP2,PPP1R15A,NDUFA13,TUBA1C,BHLHE40,EIF4A1,RND3,PHLDA2,TNC,KRT17,HNRNPDL,TPM4,EGR1,KRT6A,POLR1D,TNFAIP3,AKR1C1,KRT14,BTG2,S100A9,DUSP1,GADD45A,NR4A1,DNAJB1,HES1,SLC38A2,FAM133B,FOS",airway,airway basal epithelial cells,F
Sikkema_2023,F8,,airway,airway epithelial cells,F
Sikkema_2023,F10,"SCGB1A1,PIGR,CYP2F1,TSPAN8,MUC5B,TFF3,C3,C16orf89",airway,goblet cells,F
Sikkema_2023,F11,"FOS,FOSB,EGR1,ATF3,CCN2,CCN1,BTG2,DST,BCAM,GADD45B,PPP1R15A,IGKC,ERRFI1",airway,airway epithelial cells (stress/activation response subset),F
Sikkema_2023,M7,"IGFBP7,WFDC2,TUBA1A,CRIP1,FXYD3,TSPAN1,CAPS,GSTA1,CLDN4,C20orf85,PIGR,TPPP3,TSTD1,C9orf24,SAA1,CYP4B1,AGR3,PLAC8,IK,NUDC,MUC4,TMC5,TMEM190,RSPH1,FAM183A,KRT8,ODF3B,CFAP276,ARHGAP18,SMIM22,NUCB2,GCC2,CETN2,MORN2,IGFBP2,PIFO,PSENEN,CHST9,IFT57,ALDH3A1,HSPB11,HSPH1,POLR2I,SNTN,HOATZ,ELF3,ODF2L,C12orf75,DNPH1,C9orf116",airway,airway epithelial cells,M
Sikkema_2023,F39,"MTRNR2L8,MUC16",airway,airway epithelial cells,F
Sikkema_2023,F37,"unknown,SFTPC,GABARAP,ZFP36,FOLR1",airway,type II pneumocyte,F
Sikkema_2023,F38,"SCGB3A1,BPIFB1,MSMB,JUN,FOS,SERPINB3,JUNB,S100P,HES1,EGR1,PRSS23,IER2,BTG2,VMO1,KRT17,NCOA7,CXCL1,MDK,FOSB,CXCL8,CD55,MUC5B,NTS,TSPAN8,CYP2F1,KLK11,SOX4,SDC1,SLC12A2,FMO2",airway,airway secretory cells,F
Sikkema_2023,M2,"IFI27,IGFBP7,SPARCL1,TIMP3,MGP,TM4SF1,CLDN5,CAV1,GPX3,SERPING1,ID3,TFPI,PECAM1,IGFBP4,A2M,CAVIN2,AQP1,MT1M,RAMP2,GNG11,CNN3,SPTBN1,SPARC,TPM1,CRIP2,HYAL2,VAMP5,EGFL7,CALD1,CAVIN1,SLC9A3R2,TCF4,ENG,NPDC1,EMP1,RNASE1",airway,endothelial cells,M
Sikkema_2023,F12,"DCN,CFD,FBLN1,LUM,ADH1B,IGFBP6,C1R,SERPING1,COL1A2,COL6A2,C1S,PTGDS,CCDC80,SERPINF1,RARRES1,NNMT,PLA2G2A,S100A4,RARRES2,SELENOP,FN1,PMP22,C7,PLAC9,COL6A1,COL1A1,COL3A1,EGR1,MMP2,SFRP2,NBL1,MGST1,MFAP4,SELENOM,FHL1,CFH,LTBP4,DST,CLU,PCOLCE,C3,ABI3BP,PRDX6,PLPP3,FSTL1,MEG3,VCAN,COL6A3,NFIC,APOD",airway,fibroblasts,F
Sikkema_2023,F14,"FCN3,TMEM100,DEPP1,EDN1,TCIM,IL32,FAM107A,IL7R,RNASE1,CLEC14A,NOTCH4,CD36,MT1A,CA4,LDB2,CD93,DUSP6,LRRC32,PCAT19,SEC14L1,IL6,CTNNAL1,LIFR,GPIHBP1,CD14,WARS1,CDH5,CX3CL1,NOSTRIN,PTPRB,ADGRF5,THBD,NEDD9,BTNL9,SLC6A4",airway,endothelial cells,F
Sikkema_2023,F13,"VWF,ACKR1,HSPG2,LIFR,TSPAN7",airway,endothelial cells,F
Sikkema_2023,F17,"TAGLN,MYL9,TPM2,ACTA2,BGN,SOD3,PPP1R14A,TINAGL1,FLNA,ITGA1,MFGE8,COL4A1,CCN5,PDGFRB,MYLK,CRYAB,PPP1R12A,C11orf96,FILIP1L,MCAM,LPP,CRISPLD2,TGFB1I1,COX4I2,COL18A1,EZR,MYH11,APOE,ACTN1,PDLIM7,FXYD1,HES4,GJA4,SDC2,MAP1B,NDUFA4L2,WFDC1,AOC3,EGFL6,HIGD1B,NEXN,COL6A2,MYO1B,ITM2C,CARMN,NOTCH3",airway,vascular smooth muscle cells,F
Sikkema_2023,F15,"FCN3,unknown,MT-ATP8,CLEC14A,VIPR1,PTPRB,CLEC3B,ADGRF5,GABARAP,TSPAN7,SLC6A4,S1PR1,BTNL9,LIMS2,FOXF1,IL7R,VWF",airway,endothelial cells,F
Sikkema_2023,F18,"CCL21,FABP5,PPFIBP1,GYPC,CD36,FABP4,TFF3,SNCG,MMRN1,STMN1,ARL4A,PPP1R2,NME2,NRP2,LAPTM5,PDPN,TM4SF18",airway,lymphatic endothelial cells,F
Sikkema_2023,F16,"AQP1,DEPP1,CA4,HPGD,ICAM2,EMCN,IL1RL1,IL32,EDNRB,SLC9A3R2,TINAGL1,SERPINE1,ANXA3,ACVRL1,HLA-DMA,ROBO4,PHLDA1,FRY,MARCKS,SOSTDC1,HLA-DQA1,DHRS7,STXBP6,DNAJC1,TBX3,ADGRL2,BCAM,TMEM204,GALNT18,S100A3,TSPAN12,FENDRR,FOXF1,PRX,GMFG,CD82,ACE,B3GALNT1,CCND3,SGK1,SYNGR2,VIPR1,NOTCH4,CDH5,ESAM",airway,endothelial cells,F
Sikkema_2023,M4,"CD52,CCL4,CCL5,CXCR4,IL32,SRGN,LAPTM5,PTPRC,NKG7,CD37,CORO1A,CD69,RAC2,EVL,DUSP2,HCST",airway,T cells,M
Sikkema_2023,F28,"SCGB1A1,SCGB3A1,SLPI",airway,unknown,F
Sikkema_2023,F27,"NKG7,GNLY,CCL4,PRF1,CCL3,KLRD1,GZMB,TYROBP,CST7,GZMH,GZMA,FCER1G,CCL4L2,KLRB1,FCGR3A,FGFBP2,PLAC8,SPON2,CMC1,GZMM,KLRF1,CTSW,BIN2,HOPX,CD247,ITGB2",airway,Natural Killer (NK) cells,F
Sikkema_2023,F29,"MT-ND4L,unknown,IFITM1,MT-ATP8,EEF1G,GABARAP",airway,unknown,F
Sikkema_2023,F32,"HLA-DRA,IGKC,HLA-DRB1,LTB,HLA-DPB1,HLA-DPA1,REL,EZR,BIRC3,YPEL5,JUND,HLA-DQB1,CD83,GPR183,HLA-DQA1,CD55,HLA-DMA,MS4A1,CD79A,IRF8,MEF2C,HLA-DMB,BANK1,ADAM28",airway,unknown,F
Sikkema_2023,F30,"TRAC,IL7R,RGCC",airway,naive T cells,F
Sikkema_2023,F31,"TPSB2,TPSAB1,RGS2,HSPA1A,FCER1G,LMNA,SAMSN1,FOSB,PPP1R15A,HSPA1B,GLUL,TYROBP,LAPTM4A,CPA3,PEBP1,CAPG,LGALS3,GPX1,NPC2,CST3,TIMP1,PRDX6,CD9,CLU,NFKBIZ,MS4A2,ATP6V1F,HPGDS,ANKRD28,MIR23AHG,HPGD,GATA2,KIT,PLIN2,VWA5A,RGS13,CPM,LTC4S,SLC18A2,RHEX,HDC,IL1RL1",airway,mast cells,F
Sikkema_2023,F33,"IGKC,HERPUD1,HSP90B1,XBP1,SPCS2,TMEM258,SPCS1,JCHAIN,SEC62,FKBP11,IGHA1,SEC61G,PDIA6,FKBP2,MYDGF,TMED9,SEC11C,SELENOS,MANF,SSR3,SDF2L1,ITM2C,RRBP1,CD79A,MZB1,HDLBP,TPD52,PRDX4,MEF2C,DERL3",airway,plasma cells,F
Sikkema_2023,F34,"HLA-DRA,IGKC,TYROBP,HLA-DRB1,HLA-DPB1,HLA-DPA1,PLAC8,GPX1,CST3,NPC2,SPCS1,GPR183,C12orf75,HERPUD1,JUND,PLP2,CLIC3,GNAS,RAC1,ERP29,FCER1G,SNX3,NR3C1,RNASET2,PLEK,ITM2C,HLA-DQA1,HLA-DRB5,CTSB,TMED10,HLA-DQB1,SLC20A1,CXCR3,HLA-DMA,GRN,IRF7,ZNF706,SOX4,IRF8,ERCC1,CD68,UGCG,HLA-DMB,PPP1R14B,CCDC50,JCHAIN,IRF4,MZB1,TCF4",airway,unknown,F
Sikkema_2023,M3,"TYROBP,LGALS1,HLA-DPB1,HLA-DPA1,CTSS,LYZ,RGCC,AIF1,LAPTM5,C1QA,COTL1,S100A9,C1QC,C1QB,HLA-DQB1,CXCL3,PLIN2,GSTO1,C1orf162,VIM,LST1,MS4A7,CTSL,CD37,GCHFR,FCGRT,FBP1,THBS1,BCL2A1,GRINA,MRC1,PYCARD,STXBP2,HEXB,MS4A6A,LTA4H,EVI2B,CD68,SNX10,CD52,PLAUR,LAIR1,LCP1,HLA-DRB5,FXYD5,MARCO,GRN,C5AR1,CD163,CD83",airway,macrophages,M
Sikkema_2023,F20,"MT-ATP8,GABARAP,ATP6V0C,NME2,RNASEK,EEF1G",airway,unknown,F
Sikkema_2023,F21,"RGS2,FCN1,GPR183,CORO1A,G0S2",airway,macrophages,F
Sikkema_2023,F22,"HLA-DQA2,LPL,GLDN,LAIR2,HPGD,PPARG,S100A13,PAG1,CHIT1,AKR1C3,INHBA",airway,alveolar macrophages,F
Sikkema_2023,F24,"CCL4,IL1B,CCL20,CXCL8,CCL3,CES1,HLA-DQA2,CCL4L2,LPL,FN1,PLEK,IL1RN,MIR3945HG,INHBA,PDLIM1,HCK,AKR1C3,IL7R,CXCL5,MT1X,MARCKS,DEFB1,KYNU,VMO1,SCGB3A1,SEPTIN11,SCGB1A1,SDC4,PHLDA3,GBP1,TNFAIP6,ISG15,CXCL1,unknown,TNIP3,IL1A,GCH1,IL6,C15orf48,TUBA1C",airway,macrophages,F
Sikkema_2023,F19,"NUPR1,CCL18",airway,airway macrophages,F
Sikkema_2023,F25,"RETN,IFI27,SERPING1,INHBA,DNAJB1,HSPH1,CES1,LGALS3BP,RBP4,PHACTR1,PLAAT3,RND3,ATF3,BRD2,PHLDA3,NABP1,B3GNT5,IER5,ABL2,DOCK8,BAZ1A,BHLHE41,NCEH1,NUFIP2,ATP1A1,FAM89A,MBD2,YME1L1,KDM6B,FHL1,HSPA1B,TCF7L2,MRPL18,RASGEF1B,TLE5,SLC38A2,UBE2R2,WASF2,SVIL,RBBP6,AKR1B1,STMN1,ATP1B1,ZBTB7A,PPP1R10,EIF4E,COLEC12,INTS6,GOLGB1,RSRP1",airway,alveolar macrophages,F
Sikkema_2023,F26,"STMN1,HMGB2,CKS2,H4C3,CKS1B,PTTG1,SKA2,CKAP2,HMGB3",airway,proliferating macrophages,F
Sikkema_2023,F23,"TNFRSF1B,ATP2B1,BASP1,CREM,NR4A2,PPIF,HSPH1,ITGAX,KDM6B,FCN1,FOSL2,CD48,RSRP1,MARCKS,LILRB2,NABP1,RGS2,MAT2A,NR4A3,ATP13A3,PTPRE,CORO1A,CHD1,FNIP2,EMILIN2,OTUD1,SPAG9,MTRNR2L12,SERPINB9,MAP3K2,ELL2,AQP9,FGL2,MAP2K3,ZFYVE16,METRNL,ETF1,NUMB,PNPLA8,DNTTIP2,CD93,DUSP2,C15orf48,TET2,MXD1,DSE,SLC43A2,S100A12,CLK1,EHD1",airway,alveolar macrophages,F
Sikkema_2023,M6,"LYZ,WFDC2,PIGR,FXYD3,CXCL17,AQP5,BPIFA1,SEC11C,PHLDA1,unknown,PHB,FAM3D,SELENOM,TMED3,MARCKSL1,STATH,NDRG2,ZG16B,PRR4,LTF,CA2,SLC12A2,AZGP1,PIP,FCGBP,TCN1,BPIFB1,CLDN10,DMBT1",airway,goblet cells,M
Sikkema_2023,M5,"RNASE1,TACSTD2,KRT18,KRT7,CAV1,EMP2,IL32,CYP4B1,IGFBP7,BCAM,C19orf33,CD151,RAB11FIP1,CCN1,GPRC5A,SLC34A2,LMO7,ICAM1,TSPAN13,CEACAM6,CLDN4,MYL9,DHCR24,FOLR1,EFEMP1,EPCAM,PEBP4,SFTA2,SFTA3,FMO2,SLC39A8,ID3,CLIC3,AGER,TSPAN4,MGLL,ANXA3,GAS6,BEX3,CLDN18,DST,MSLN,VEGFA,SPINT1,HOPX,EFNA1,PDLIM2,LIMCH1,SDC1,NEDD4L",airway,airway epithelial cells,M
