Data,Cluster,Markers,Organization,cell_type,level
Song_2019,M2,"LYZ,CST3,C1QA,HLA-DQB1,C1QB,HLA-DPA1,ALOX5AP,TYROBP,GPR183,GRN,CTSS,CD68,LST1,HLA-DRB5,C1orf162,SERPINA1,C1QC,CD83,CTSH,IFI6,APOC1,RGS10,H2AFY,FCGRT,DNAJA4,HLA-DQA2,HLA-DMA,ALDH2,HLA-DMB,PHACTR1,AP2S1,AIF1,HLA-DQA1,RP11-1143G9.4,OLR1,CTSZ,MGAT1,RAB31,CSTA,LGALS3,MRC1,FCGR2A,MS4A7,PLAUR,MS4A6A,PYCARD,JAML,AKR1B1,CXCL16,TNFSF13B",lung,alveolar macrophages,M
Song_2019,F13,"AREG,GPR183,RGS2,NR4A2,ZNF331,INSIG1,G0S2,RGS1",lung,alveolar macrophages,F
Song_2019,F11,"DUSP4,S100B,SERPINB9,CD48,CST7,ISG20,VMO1,TUBA1A,LGALS2,SERPINF1,ATP1A1,BIRC3,SEPT6,NAAA,C1orf54,LIMD2,FNBP1,LDLRAD4,CPNE3,IL1R2",lung,alveolar macrophages,F
Song_2019,F10,"FABP4,IFI27,MARCO,LPL,MCEMP1,STXBP2,LINC01272,TREM1,LGALS3BP,SNX10,MSR1,SERPING1,RBP4,RETN,GYPC,RGCC,STOM,RP11-598F7.3,FBP1,INHBA,TGM2,SMCO4,PLA2G16,VSIG4,FCGR3A,CYB5A,S100A13,CFD,HP,NUPR1,PPARG,PDLIM1,FHL1,ABCG1,AKR1C3,BHLHE41,RP5-839B4.8,SPARC,C2,MME,CTSL,ALDH1A1,UBASH3B,GLIPR2,PPIC,TFRC",lung,alveolar macrophages,F
Song_2019,F12,"BIRC3,IL7R,PMAIP1,DUSP4,CCR7,IRF1,BASP1,SERPINB9,IRF8,MARCKS,CLIC2,FNBP1,TNFAIP2,TNFAIP8,PTPN1,LGALS2,BHLHE40,GADD45A,MIR155HG,CST7,CD40,RAB9A,ERICH1,RHOF,NFKBID,DAPP1,STK4,PRRG4,DUSP5,FSCN1",lung,alveolar macrophages,F
Song_2019,M7,"IFITM3,EGR1,SERPINH1,ITGB1,TUBB,C12orf57,IFI6,PEBP1,SEPT7,TPM4,MT1X,ARID5B,TACC1,LAPTM4A,MYADM,NUCKS1,S100A13,FKBP5,RABAC1,RHOC,GEM,EID1,TSC22D1,NDUFB7,NUPR1,SEP15,ID3,BSG,H2AFJ,GSN,CYR61,AP2M1,OSTC,WBP5,CCDC85B,ZNHIT1,LGALS3BP,NUCB1,VKORC1,NDUFC2,MDK,DAD1,SELM,MT1E,LPP,ANXA6,CLU,PMP22,ZBTB16,CD59",lung,fibroblasts,M
Song_2019,M1,"CCL5,GNLY,KLRB1,IL7R,CCL4,NKG7,CD7,CD69,TUBA4A,IL32,CST7",lung,natural killer (NK) cells,M
Song_2019,F9,"IL7R,RGS1,LMNA,RPS4Y1,BIRC3,CD3D,SAMSN1",lung,NK cells,F
Song_2019,F7,"RPS4Y1,ZFP36L1,SOD2,GUK1,HLA-DRB1,CDKN1A,HLA-DRA,PPIB,DSTN,TPM3,BST2,PTGDS,BAG3,HSP90B1,MIDN,ENY2,ARPC1B,HLA-DPB1,STOM,CCDC85B,PDIA3,GNG5,GPX1,MYH9,BHLHE40,FKBP1A,MT1X,VMP1,JMJD1C,ATP1A1,BRK1,CSRNP1,ZFAND5,POMP,IER3,NAMPT,DNAJB4,SNX3,MSN,UQCR11,SERTAD1,TIMP1,SEPW1,SEC61G,GIMAP7,TACC1,COX7A2L,CLTA,TPST2,C9orf16",lung,unknown,F
Song_2019,F6,"AREG,GZMB,CCL3,GNLY,TYROBP,SPON2,FGFBP2,KLRD1,CD247,KLRF1,PLAC8,ZEB2,PYHIN1,PIP4K2A,FCER1G,CLIC3,FCGR3A,AKNA,CMC1,PRF1",lung,natural killer (NK) cells,F
Song_2019,F8,"GYPC,LMNA,ARL6IP1,CSTB,POLR2L,PHLDA1,COX6A1,CD63,FOSB,ANAPC16,ARL4A,ANXA2,CTSD,DUSP1,EIF3L,GSTP1,TMEM50A,RWDD1,PRDX6,CAPZB,NDUFA4,GABARAPL2,SEC11A,ALDOA,FABP5,AHNAK,TMEM123,HLA-DRA,RHOC,FKBP1A,VDAC2,EID1,STMN1,TMEM230,LAMTOR4,PEBP1,NDUFB8,LY6E,HLA-DRB1,NEDD8,TPM4,ATP5O,USMG5,MAF,RAB11A,LAPTM4A,C4orf3,BRK1,FIS1,VPS29",lung,unknown,F
Song_2019,F5,"NKG7,GNLY,HSPA6,CMC1,FGFBP2,GZMH,KLRD1,CTSW,FCGR3A,GZMA,PRF1,IFNG,XIST",lung,natural killer (NK) cells,F
Song_2019,M0,"SFTPB,HOPX,ELF3,NAPSA,WFDC2,PIGR,LMNA,AQP3,EGR1,SPINK1,SFTA2,SFTPA2,CYB5A,MGST1,SLC34A2,SLPI,CD9,KRT18,IFITM3,RNASE1,NFKBIZ,GPRC5A,CEACAM6,NUCKS1,SOX4,CLDN4,S100A13,XIST,APLP2,KRT8,SLC5A3,SPINT2,C8orf4,SCGB3A2,TRAM1,SYNGR2,ATP1B1,ERRFI1,KRT19,EMP2,CXCL2,ICAM1,KCNQ1OT1,TSTD1,MRPL14,ANAPC11,RHOB,SDC4,CD24,LDLR",lung,Type II pneumocytes,M
Song_2019,F1,"SCGB3A1,IFI27,SFTPD,FABP5,RPS4Y1,SERPINA1,CYBA,SFTPC",lung,Type II pneumocytes,F
Song_2019,F3,ANKRD36C,lung,unknown,F
Song_2019,F2,"S100A9,ANXA1,MYC,TREM1,NME1,LAMB3,VDAC2,CCL20,CPD,ID1,PRELID1,TMEM167A,SNHG15,CXCL8,SERPINA1",lung,unknown,F
Song_2019,F4,"SFTPA1,SFTPC,MT2A,SERPINA1,CCL20,CXCL8,MT1X,SLC39A8,ID1,S100A9,CXCL3,PRELID1,SF3B5,STOM,ZNF90,PSMA2,G0S2,EIF3J,ZFAND6,CALM3,FABP5,TOMM22,LRRC59,ACSL4,CXCL1",lung,Type II pneumocytes,F
Song_2019,F0,"SCGB3A2,CEACAM6,SMIM22,CD24,MSLN,TMC5,EFNA1,GDF15,CRABP2,MDK,EPCAM,CLDN3,S100A16,AGR2,SUSD2,SPINK1,AGR3,GOLM1,B3GNT7,SDC1,TFPI2,PIGR,LMO3,ITGA3,PRSS8,MUC21,SELENBP1,RASD1,TNNT1,SLC40A1,SFTA3,FMO5,C16orf89,FLRT3,PLPP2,TMPRSS2,ABCA3,ADGRF5,ADGRF1,CLIC6,CDKL2,C10orf10,JUP,IRX2,EHF,ERBB3,RAMP1,WBP5,NKX2-1,DPP4",lung,Type II pneumocytes,F
Song_2019,M4,"CD83,GPR183,HLA-DQA1,RPS4Y1,RHOH,IGKC,LTB,CCR7,NFKBID,IRF8",lung,activated dendritic cells,M
Song_2019,F18,"BTG1,CD48,CD52,CD79A,LY9,CMTM6,CD69,TXNIP",lung,activated B cells,F
Song_2019,F19,"SEC61B,LDLRAD4,HSP90B1,NR4A3,DBI,GPX1,GZMB,AREG,NPC2,ID2,PLAC8,IRF7,IRF4,IRF2BP2,RAB11FIP1,SPCS1,RP5-1171I10.5,ALOX5AP,DDX18,LPIN1,RANBP2,JTB,ATF3,TXN,RHEB,ANKRD11,THEMIS2,AKAP13,PARK7,NOP58,CDKN1A,UBE2A,TYROBP,HSPA5,SOX4,PTGDS,GNA15,SEC61G,DNAJB9,NR3C1,C11orf31,B4GALT1,NINJ1,GNL3,CLN8,TSPAN13,DCK,VAMP8,APRT,XBP1",lung,activated dendritic cells,F
Song_2019,M3,"TYROBP,S100A9,FCER1G,AIF1,LST1,LYZ,CTSS,IL1B,PLAUR,TIMP1,BCL2A1,G0S2,S100A8,ASAH1,EREG,FCN1,ZEB2,SERPINA1,CXCL8,C15orf48,NINJ1,COTL1,LINC01272,CFD,CSTA,STXBP2,CST3,STX11,TNFRSF1B,SERPINB9,RILPL2,EMP3,ATP2B1,OLR1,BASP1,C5AR1,SLC11A1,PRELID1,LIMS1,CXCL2,IFI30,CTSL,THBS1,CEBPB,CTSB,CFP,ACSL1,ANXA5,MGAT1,VCAN",lung,macrophages,M
Song_2019,F14,"ISG20,HLA-DRB5,RPS4Y1,BIRC3,HLA-DQA2,CDC42EP2",lung,macrophages,F
Song_2019,F17,,lung,macrophages,F
Song_2019,F16,"SPP1,GPR183,HLA-DMA,CAPG,RGS1,DUSP4,APOC1,PPA1,HMGN1,CKLF,PPIB,CTSZ,ALOX5AP,P4HB,FBP1,LMNA,XIST,UQCR10,MYDGF,SYNGR2,SDF2L1,IL7R,HLA-DMB,C15orf48,TMED2,SHFM1,PARK7,FABP5,RALA,GSN,ANAPC11,ID3,ATOX1,GEM,YWHAH,ISOC2,PDIA6,ATP5J,ALCAM",lung,alveolar macrophages,F
Song_2019,F15,"S100A12,CCL2,CXCL3,THBD,PPIF,MCEMP1,CTSL,RP11-1143G9.4,CD300E,MIR4435-2HG,RETN,PHLDA1,ZNF90,AQP9,LINC00152,TPM4,CD14,FNDC3B,GLIPR2,MRC1,ALOX5AP,DUSP4,IL1RN,ANPEP,SPP1",lung,macrophages,F
Song_2019,M6,"IGKC,IFI6,ARID5B,FKBP2,SSR3,MYDGF,LINC00152,ANKRD28,FKBP11,SEC11C,SDF2L1,SELM,IGLC2,PIM2,IGHG3,PRDX4,IGHG1,IGHM",lung,plasma cells,M
Song_2019,M8,"PLAC8,PIGR,PRDX5,DNAJA4,HMGN3,DSTN,NUDC,HSBP1,ATPIF1,IFI27,CLDN4,YWHAE,AKAP9,CD24,MPC2,TAX1BP1,DYNLT1,SRI,TSTD1,H2AFJ,UFC1,CD59,CYB5A,PRKAR1A,INTS6,ODF2L,RARRES3,ROMO1,TSC22D1,SHFM1,NDUFS6,ERGIC3,SMIM22,MRPL41,SSB,CYSTM1,CRIP1,AZIN1,CAST,SYNE2,SIVA1,AES,KTN1,FKBP2,MGST1,EMP2,YBX3,APP,GABPB1-AS1,SF3B2",lung,unknown,M
Song_2019,F24,"DNAAF1,ALDH1A1,RPS4Y1,ERRFI1,HLA-DRB5,NFKBIA,PKIG,ZBTB16,SFTPC,TNFAIP8L1,FAM134B",lung,unknown,F
Song_2019,F23,"CAPS,RSPH1,PIFO,SMIM22,AGR3,MORN2,SLC44A4,EFHC1,LRRC23,TCTEX1D2,CLDN3,FOXJ1,AGR2,CLDN4,NQO1,CTGF,DNALI1,TMC5,DNAH5,KIF9,SPAG16,DMKN,MTRNR2L8,CYP4B1,CDS1,CP,DPCD,CES1,XIST,IQCG,PLPP2,IFT22,RRAD,DZIP3,RABL2B,TUSC3,TSPAN6,APOD,SIX1,CLIC6,WBSCR27,C21orf58,PDLIM4,WDR34,DNAH11,SSBP4,LCN2,LRP11,CLUAP1,RP11-620J15.3",lung,ciliated epithelial cells,F
Song_2019,M5,"IL32,ZNF90",lung,unknown,M
