Data,Cluster,Markers,Organization,cell_type,level
Sountoulidis_2023,M0,"NKAIN2,FAT3,NLGN1,HPSE2,ADH1B,LUM,TCF21,PRKCB,C7,MEOX2,SEMA3D,COL14A1,CNTNAP2,RSPO2,ANGPT1,SULT1E1,ITGA8,PRR16,ARHGAP20,LURAP1L,CACNA1D,ABCA8,UNC13C,GLIS3,STXBP6,POSTN,SCN7A,WNT2,FREM1,COL24A1,ABCA6,SLC9A9,CAMK2N1,ADAMTS12,SGCD,ASPA,COL21A1,TMEM132C",lung,unknown,M
Sountoulidis_2023,M6,"GPC5,ADAMTSL1,SCGB3A2,ALCAM,STOX2,EPCAM,FRAS1,CPM,GRIP1,DMD,SFTA3,CLU,SEMA3E,LMO7,PPP1R9A,FGFR2,CKB,CTNND2,KRT19,TPPP3,PATJ,ANK3,MYO6,CCSER1,FREM2,KRT18,ERBB4,PAWR,TSPAN13,KRT8,HMGA1,IGFBP7,SHANK2,DCDC2,CD24,SEMA3C,UNC13B,FRY,DDAH1,KHDRBS2,TTC6,MACROD2,FHIP1A,CRNDE,NKX2-1,ANOS1,CLIC6,IRX2,ADGRV1,GRHL2",lung,alveolar epithelial type 2 cells (AT2),M
Sountoulidis_2023,F42,,lung,alveolar epithelial type 2 cells (AT2),F
Sountoulidis_2023,F39,"NRG1,GHRL,GRP,NPAS3,FSTL5,NCAM1,GALNT13,DPP10,NRXN1,PCSK1N,ADCY2,CACNB2,NNAT,AGBL4,DTNA,RALYL,TFF3,PTPRN2,NEBL,DACH1,RUNX1T1,ACSL1,UCHL1,PDZRN3,HES6,unknown,RGS7,BEX1,RAPGEF4,RIMBP2,RIMS2,CA8,ABCA5,DPYSL3,MAP1B,CACNA1A,GRIK2,CXXC4,KLHL32,KCNB2,NEGR1,DACH2,HIVEP3,NOL4,FXYD3,C3orf14,HEPACAM2,CADPS,JAM3,FGF14",lung,unknown,F
Sountoulidis_2023,F38,"NKAIN2,NCAM1,FSTL5,TMEM132D,TLL1,CDH2,NEGR1,EYA1,THSD4,NIBAN1,ZMAT4",lung,unknown,F
Sountoulidis_2023,F41,"RP1,AGR2,AGBL4,KIF5C-AS1,DNAJA4,CAMK1D,ANXA1,LRRIQ1,EYA1,CHST9,CFAP299,NEK10,GLIS3,ULK4,TMEM232,CCDC146,PACRG,KIAA0825,unknown,AGR3,unknown,CDHR3,NEK11,CAPS,DNAH7,ARHGAP18,ANKRD37,TSGA10,EFHC1,CEP128,RFX2,CCDC138,SPEF2,MOK,CDS1,DNAH12,MIPEP,LRRC23,SPATA6,WDR49,CFAP54,ARMC2,DRAIC,SPAG1,RPGR,H2AJ,FBXL13,CCDC30,MORN2,CCDC88C",lung,alveolar epithelial type 2 cells (AT2),F
Sountoulidis_2023,F40,"VCAN,CNTNAP2,ROBO2,NALF1,NR2F2-AS1,GPC3,ADGRB3,RUNX1T1,MEIS1,LGALS1,ARHGAP28,COL1A1,COLEC12,PIEZO2,LSAMP,TSHZ2,COL3A1,COL1A2,FREM1,UNC5C,COL6A2,ZEB2,DCN,CCBE1,LUM,COL5A2,COL6A3,unknown,CACNA1C,CDH11,NR2F1,SLIT3,ANGPT1,MEOX2,RSPO2",lung,fibroblasts,F
Sountoulidis_2023,M11,"HLA-B,PRKCH,CD44,CHST11,DOCK10,TOX,ETS1,HLA-E,KCNQ5,HLA-C,SFMBT2,unknown,SRGN,MAP3K8,ZC3HAV1,NFATC2,CLEC2B,MARCHF3,STK17B,STK4,MBP,ARHGAP15,STK17A,ZBTB16,MCTP2,ATP8A1,SLC38A1,PTPRC,ARHGDIB,SATB1,RELB,LCP1,STAT4,TYROBP,PREX1,ARAP2,IKZF2,WIPF1,TGFB1,IQGAP2,DUSP2,LYN,LAPTM5,PPP1R16B,RUNX1,FCER1G,CXCR4,KDM4C,TNFAIP3,CAMK1D",lung,unknown,M
Sountoulidis_2023,F4,"IL7R,LTB,AFF3,ARHGAP10,KIT,LINC00299,TOX2,BTBD11,LST1,RUNX2,UNC5C,SORCS1,MYO1D,DAPK1,MAST4,IL1R1,RASSF8,IL4I1,ADAM12,S100A6,RETREG1,RPS6KA2,COL23A1,SPATS2L,PLPP1,TIAM1,HUNK,CTNND2,PLCB4,COLQ,CCR6,MPPED2,SLCO2A1,CFH,B3GALT5,KRT86,SDC4,RORC,ENPP1,NR1D1",lung,unknown,F
Sountoulidis_2023,F8,"NKG7,BICDL1,SAMD3,GZMM,IFNG,TYROBP,CST7,AOAH,KLRD1,GNLY",lung,natural killer (NK) cells,F
Sountoulidis_2023,F7,"NALF1,ROBO2,PLXDC2,MAST4,TCF4,SBF2,NFIB,MARCKS,PLEKHA5,DOCK4,CCBE1,PTPRD,ROR1,FN1,PSD3,COL1A2,PRKG1,MDK,COL3A1,FAM13A,ADGRB3,UNC5C,LSAMP,VCAN,NFIA,ARHGAP6,LUM,DCN,FER,ROBO1,MAP4K3,PARD3,FMNL2,GPC6,PKP4,PLEKHH2,ZNF704,PIEZO2,PPFIBP1,ST7,DST,A2M,PTK2,GPC3,PTPRG,SOX4,TANC1,AOPEP,SELENOP,FRMD4B",lung,unknown,F
Sountoulidis_2023,F5,"MEF2C,TCF4,CD74,HLA-DRA,EBF1,GNG7,GAB1,GAB2,YBX3,IGHM,CMTM7,CSGALNACT1,INSR,AKAP12,MKI67,VPREB3,BCL11A,CD79B,PHACTR1,CD79A,RUBCNL,KHDRBS2,MME,HLA-DPB1,HLA-DPA1,CD24,HLA-DRB1,PAX5,DIAPH3,NIBAN3,KNL1,ANLN,NCAPG,WDFY4,ZGRF1,ARHGAP11A,CCNB2,CENPW",lung,B cells,F
Sountoulidis_2023,F6,"CCL3,CCL4,GZMB,PRF1,GNLY,LINGO2,KLRF1,MYBL1,GZMH,FCGR3A,RAP1GAP2,NCAM1,HAVCR2,DENND2D,SH2D1B,GIMAP4,GSAP,KLRK1-AS1,XCL2,GIMAP7,PLEK,KRT72",lung,natural killer (NK) cells,F
Sountoulidis_2023,M1,"EYA4,SPON1",lung,unknown,M
Sountoulidis_2023,F15,"TENM3,XIST,NCAM2,IGFBP5,DOK5,ASPN,HMGA2,MPPED2,NRK,FAM13C",lung,unknown,F
Sountoulidis_2023,F13,"NKAIN2,RSPO2,SNED1,PLAT,TCIM,COL24A1,UNC13C",lung,unknown,F
Sountoulidis_2023,F14,"ACTA2,DACH2,TAGLN,SEMA3C,ATRNL1,MAGI1,MYH11,ANO4,SEMA5A,MYOCD,OPCML,LMCD1,HTRA1,ZNF536,PRAG1,ACTG2,PLXNA4,MT2A,CXCL14,SLCO2A1",lung,smooth muscle cells,F
Sountoulidis_2023,F12,"unknown,MGP,OGN,ABI3BP,GFRA2,GALNT17,NCKAP5,SEMA3E",lung,unknown,F
Sountoulidis_2023,M4,"FLRT2,HHIP,TENM4,TENM3",lung,unknown,M
Sountoulidis_2023,F23,"SULT1E1,RSPO2,PRKCB,SCN7A,ARHGAP20,MEOX2,ELMO1,TFPI,ZDHHC14,XIST,FREM1",lung,unknown,F
Sountoulidis_2023,F30,"LUM,MID1,MEOX2,IGFBP7,PID1,NAV3,NUPR1,ABCA8,MYOF,KIF5C-AS1,THY1,CCDC102B,COL6A6,THBS2,TENT5A,ADH1B,ANXA1,CFH,EMP1,LINC01133",lung,unknown,F
Sountoulidis_2023,F24,"ACTA2,TAGLN,IGF1,POSTN,ACTG2,MYH11,DACH2,NCKAP5,KIF5C-AS1,ADGRG6,ZNF536,HTRA1,PLXNA4,SPON1,SEMA6D,RPS4Y1,GUCY1A1,LMCD1,MYOCD,ADAMTS6,NAV2,NUPR1,NOTUM,CAV1,NKD1,DOCK3,PLP1,CARMN,FGF18,ZNF385D-AS2,LTBP2,KCNMB1,CKB,GBP1,FBXL22,IL4R",lung,smooth muscle cells,F
Sountoulidis_2023,F25,"RPS4Y1,CADM2,MGAT4C,MPPED2,DOK5,EBF1,SGCZ,COL9A2,COL2A1,SOX9,PRDM16",lung,unknown,F
Sountoulidis_2023,F29,"CADM2,GRIP1,MACROD2,S100A10,unknown,unknown,ANK3,ADAMTSL1,FRAS1,PRSS35,PDZRN4,PAWR,ERBB4,TNNT1,ANKS1B,KRT19,ALCAM,SBSPON,PLCE1,WT1,H1-4,ADAMTS5,IGFBP2,RDH10,ISYNA1,ATP11A,CNTN3,COL11A1,ALDH1A2,DOCK11,GRID2,LMNB1,PTPRQ,LGALS3,FGF9,MID1,PATJ,BCAM,SERPINB9,NRXN3,SH3BP5,PHACTR1,SGIP1,CD47,GADL1,DPP4,UPK3B,CMYA5,BNC1,GPM6A",lung,unknown,F
Sountoulidis_2023,F27,"MYH11,MYOCD,ACTG2,SYNPO2,DACH2,CDH12,RIMS1,PAG1,ERG,IGF1,MYL4,FHDC1,unknown",lung,smooth muscle cells,F
Sountoulidis_2023,F26,"LRP1B,NRXN1",lung,unknown,F
Sountoulidis_2023,F31,"COL2A1,MGP,COL11A1,COL9A2,ERG,ECRG4,COL9A1,KLF2,CSGALNACT1,SOX9,BMPR1B,KCNQ5,LINC00511,PRRX1,LUM,CHST11,NPAS3,GDF10,LGALS3,WWP2,HAPLN1,CNMD,FRY,FRZB,SDK2,CFH,RARG,TSPO,ACAN,ITM2A,MATN4,S100B,UCMA,NRK,FMOD,FIBIN,DLK1,FGFRL1,COL11A2,EPYC,ADCY2,MATN3,DOCK8,COL15A1,S100A1,SNORC,MIA,CAPN6",lung,chondrocyte,F
Sountoulidis_2023,F28,"ALDH1A2,KRT8,SBSPON,KRT18,unknown,RDH10,KRT19,IGFBP2,TENM2,WT1,TNNT1,CADM2,BCAM,PDZRN4,GPM6A,MGP,FGF9,COL18A1,WNT2B,UPK3B,MACROD2,CXADR,ANK3,PODXL,PTPRQ,NPHS1,GADL1,APOE,SERPINB9,COBLL1,MTUS2,CRIP1,BMP3,SPOCK2,CFC1,ITGA3,HAS1,BICDL1,PLP2,CRB2,GRIP1,CDH3",lung,unknown,F
Sountoulidis_2023,M5,"SRGN,RNASE1,SLC8A1,DNAJA4,RBM47,GAS7,CXCL8,RUNX1,PDE4B,ANXA1,HDAC9,CD83,ITPR2,PDLIM5,IL1B,HLA-B,GAB2,IER3,CHST11,CCL4,LYVE1,TNFAIP3,SPP1,TNFAIP8,TRAF3,CD36,CCL3,PTPRJ,RAB31,IQGAP2,AIF1,SFMBT2,CD74,MCTP1,ARHGAP26,FNIP2,LYN,CTSB,MYO9B,unknown,CAMK1D,CTSZ,HLA-DRA,MAFB,ICAM1,ARHGAP15,PTPRE,VAV3,KYNU,B3GNT5",lung,Alveolar macrophages,M
Sountoulidis_2023,F33,"XIST,NAV2,MERTK,EGFL7,IGF1,NAV3,MTUS1,FGF13,ESRRG,BNC2,LRRC23,SYT1,GPR34,HRH1,LINC00639,GABRA3,H2BC18,SEMA6A,KLF2-DT",lung,Alveolar macrophages,F
Sountoulidis_2023,F32,"CCL4L2,CCL3L1,MIR155HG,TNF,SLC41A2,CCR7,CCL4,PHLDA1,CXCL3,TRAF1,MMP19,DUSP6,IL1RN,PPARG,CHST7,MIR222HG,PLAU,PDGFB,LINC00513,BIRC3,CCL3,LRP12,ELOVL7,GBP2,IL1A,BCL2A1,KMO,CXCL1,CCR5,CXCL2,LUCAT1",lung,Activated alveolar macrophages,F
Sountoulidis_2023,F37,,lung,Alveolar macrophages,F
Sountoulidis_2023,F34,"S100A8,S100A9,VCAN,AQP9,FCN1,PLCB1,TNFAIP6,unknown,MCTP2,G0S2,S100A12,SVIL,LRRK2,CSTA,PADI4,FGR,MTF1,SELL,CSF3R,CKAP4,MEGF9,S100P,CDA,CLEC5A,RNASE2,DYSF,GLT1D1,KCNE1,SLC22A15,FPR2,FCAR,CYFIP2,MGST1,CLEC12A,CD48,RIPOR2,QPCT,MTMR11",lung,Alveolar macrophages,F
Sountoulidis_2023,F35,"BMP6,CYTIP,HLA-DPB1,CLEC10A,RUNX3,MIR181A1HG,HLA-DQA1,CD48,ARL4C,MCOLN2,SULF2,CCR7,FCER1A,HLA-DQB1,SLC41A2",lung,Alveolar macrophages,F
Sountoulidis_2023,F36,"HLA-DQA1,HLA-DQB1,MCOLN2,MIR181A1HG,CALCRL,CCSER1,TOX,JAZF1,ZEB1,GPRIN3,PTK2,NETO2,LMNA,SLC9A7,RAB7B,KCNK13,AP1S3,PLEKHM3,CADM1,PKIB,ZBTB46,SLC7A11,TRERF1,MAP4K5,CARD11,PPA1,STK39,C1orf54,CRACD,ADAM28,ANPEP,THRB,SLC41A2,CYTIP,ZNF366",lung,Alveolar macrophages,F
Sountoulidis_2023,M13,RPS17,lung,unknown,M
Sountoulidis_2023,F11,"SLIT2,RSPO2",lung,unknown,F
Sountoulidis_2023,F10,"ACTA2,TAGLN,ACTG2,IGF1,ZNF385D,MYH11,CAV1,MAP3K20,NBL1,FOXF1,LTBP1,HHIP,SEMA3C,MYOCD,WFDC1,ADAMTS6,CXCL14",lung,smooth muscle cells,F
Sountoulidis_2023,M3,"TOP2A,CENPF,DIAPH3,TYMS,PTTG1,UBE2C,MKI67,CDK1,CENPE,ASPM,KPNA2,TPX2,MAD2L1,KIF20B,CKS1B,BIRC5,CKAP2,TUBB6,PTN,CCNB1,DLGAP5,KIF11,CCNB2,SMC2,KIF23,ANLN,NUSAP1,NCAPG,KNL1,H2AX,ECT2,NUF2,SPC25,CCNA2,CDC25C,NDC80,KIF15,PBK,CDC20,KIF4A,CDCA2,KIF2C,GTSE1,KIFC1,LMNB1,BUB1,AURKB,TTK,CENPK,KIF20A",lung,proliferating cells,M
Sountoulidis_2023,M7,"DPP10,TENM3,DLGAP1",lung,unknown,M
Sountoulidis_2023,F43,RPS4Y1,lung,unknown,F
Sountoulidis_2023,F44,"XIST,ADGRG7",lung,unknown,F
Sountoulidis_2023,M9,"HBB,HBZ,SNCA,NCOA4,SLC25A39,FAM210B,AHSP,HBM,BPGM,ALAS2,MYL4",lung,erythroid cells,M
Sountoulidis_2023,F51,"MT1H,MT1G,CCN2,TENM3,SLC39A8,MT1F,TAGLN,RIMS1,NKAIN3,CDC42EP3,CLSTN2,FHL2,COL12A1,FBN3",lung,unknown,F
Sountoulidis_2023,F49,"HBB,DCN,LUM,FN1,COL1A2,SELENOP,GPC3,PLXDC2,LSAMP,ADH1B,ITGA8,LGALS1,ADGRB3,SLIT2,SPARCL1,NALF1,FAT3,MAST4,COL1A1,NFIB,POSTN,C7,MEOX2,BMP5,TCF21,DOCK4,COL21A1,GNAI1,COL6A2,DST,MAML2,ADGRL2,COL6A3,SPTBN1,ENAH,TMEM132C,NR2F2-AS1,TFPI,ROBO2,NLGN1,ENPP2,CDH11,LHFPL6,MFAP4,MBNL2,MEST,PLEKHH2,SCN7A,NR2F1,RSPO2",lung,unknown,F
Sountoulidis_2023,F50,"RHAG,UBAC1,MT1E,HMGA1,YWHAH,MT1F,SLC39A8,LMO2,SPTB,KLF1,UROS,MT2A,HMGB3,HMBS,CPOX,IQGAP2,MT1G,RPA3,BEX1,ANK1,UROD,PTTG1,CD36,RGS6,MT1X,SPTA1,MT1H,CTSE,SLC25A21,ABCB10,GTF3A,GYPE,DLGAP5,HMMR,AURKA,CDKN3,TUBB6,ST6GALNAC1,SGO1,HTATIP2,LRR1,GTSE1,NDC80,DHRS13,ITM2A,KIF2C,unknown,TMOD1,RAB6B,HBE1",lung,erythroid cells,F
Sountoulidis_2023,M2,"LDB2,ZEB1,CALCRL,MEF2C,RAPGEF5,EGFL7,EPAS1,IGFBP2,A2M,ARHGAP29,IGFBP4,PECAM1,PRKCH,ARHGAP18,GNG11,PDE4B,CLDN5,CAVIN2,PLEKHG1,FLT1,EDN1,GALNT18,HLA-B,FLI1,PLCB4,KLF2,CD93,HLA-E,HSPG2,MTSS1,CAV1,LXN,ERG,RGCC,CAVIN1,DOCK9,DUSP6,S100A16,VWF,RPS6KA2,ETS1,HPGD,CDH5,TCIM,TM4SF1,FOXO1,NEDD9,BICD1,SH3RF3,NPAS2",lung,endothelial cells,M
Sountoulidis_2023,F21,,lung,endothelial cells,F
Sountoulidis_2023,F16,"GJA4,VEGFC,AQP1,IGFBP3,INSR,THSD7A,PRND,SERPINE2,CXCR4,SOX5,DKK2,UNC5B,SRGN,GJA5,SMAD6,CXCL12,TMEM100,SYNJ2,HEY1,GRIA2,SLC45A4,PDLIM1,SOX6,EYS,DGKI,FBLN5,CFH,GPRIN3,CHRM3",lung,lymphatic endothelial cells,F
Sountoulidis_2023,F17,"TOP2A,TYMS,CENPF,PTTG1,UBE2S,UBE2C,PCNA,DIAPH3,SMC2,CDK1,NUSAP1,BIRC5,LMNB1,CKS1B,MKI67,ASPM,TK1,TPX2,DLGAP5,CCNA2,KIF14,NUF2,KNL1,CDC20,HMMR,ANLN,NCAPG,PBK,BRIP1,KIF11,MELK,KIF23,CLSPN,BUB1,RAD51AP1,NDC80,AURKB,ARHGAP11A,STIL,CIT,KIF2C,GTSE1,KIF15,BRCA2,TTK,RACGAP1,PARPBP",lung,proliferating endothelial cells,F
Sountoulidis_2023,F20,"HDAC9,ADGRB3,PCSK5,FBN1,SERPINE2,ADAMTS6,MMRN1,TLL1,FLRT2,ACKR3,TMTC2,MGP,MMP16,CPE,SEMA6D,ARL4A,NR2F2-AS1,IL1R1,ELN,ADGRG6,ENTPD1,LYST,CLU,SLCO2A1,COL5A2,NUAK1,MMP28,LTC4S,DCC,PTGDS,ACKR1,NPNT,CHODL,SELP,ALCAM",lung,endothelial cells,F
Sountoulidis_2023,F19,"ADGRB3,SOX5,ROBO2,TSHZ2,TMEM108,ARHGAP42,SLIT2,LSAMP,COL1A2,COL3A1,NR2F2-AS1,NR2F1,VCAN,COL5A2,ARHGAP6,ROR1,ITGA1,CCBE1,DCN,CDH11,SULT1E1,FAM162B,COL1A1,COL6A3,GPC3,PLEKHH2,LUM,PCDH7,ITGA8,UNC5C,GPC6,MEST,NLGN1,FAT3,TRPC6,BMPER,SCN7A,GUCY1A2,IL1RAPL1,PRDM6,BMP5,PRKCB,SLC4A4,ALDH1A2,CACNB2,RSPO2,ADH1B,GUCY1A1,PDZRN3,SLIT3",lung,fibroblasts,F
Sountoulidis_2023,F18,"CCL21,EFNA5,NTS,FLRT2,RELN,TSHZ2,MMRN1,PRSS23,BMP2K,CTHRC1,THSD7A,ARL4A,PTX3,PROX1,SLC9A9,MRC1,ITGA9,PGM5,SEMA3A,STAB2,NR2F1,ANGPT2,DOCK5,GLIS3,TFF3,STON2,NPAS3,MPP7,PCLO,GPM6A,IL7,CXADR,TBX1,NLGN4X,GPRIN3,ELN,DOCK8,TRPC6,PARD6G,STK32B,SLC38A1,LGALS3,LOX,unknown,MITF,CYTL1,KCNIP1,SPOCK3,PDPN,ADAMTSL3",lung,lymphatic endothelial cells,F
Sountoulidis_2023,M10,"TENM3,DMD,PCDH9,PDE4B,CKB,TOX,ERBB4,PLCB4,NNAT,BICD1,MOXD1,TUBB2B,CNTN4,NKAIN3,ANK2,DPYSL3,SLC35F1,GPM6B,ZNF536,FGF13,NRXN1,PTPRZ1,KHDRBS3,LRRTM4,HS6ST2,MLLT11,COL25A1,RALYL,CDH6,UCHL1,KIF21A,SNTB1,GRID2,GFRA1,FRMD5,GRIK2,SORCS1,MDGA2,TMEM178B,CDH13,ITGA4,KLHL13,ZNF804A,LINGO2,NLGN4X,S100B,PLP1,ST6GALNAC5,ASCL1",lung,neuronal cells or neuronal-like cells,M
Sountoulidis_2023,F1,"ADGRG6,POSTN,CDH19,SNTB1,COL1A1,PLP1",lung,neuronal-like cells (possibly Schwann cell precursors or peripheral glia),F
Sountoulidis_2023,F3,"TOP2A,CENPF,UBE2C,SMC4,TYMS,PTTG1,MKI67,H1-3,ASPM,CDK1,H2AX,NUSAP1,DIAPH3,TPX2,H1-1,CENPE,MAD2L1,MIS18BP1,CKAP2,BIRC5,SMC2,CKS1B,KIF20B,KNL1,ANP32E,DLGAP5,UBE2T,ECT2,CCNB2,SPC25,DTYMK,CCNA2,NCAPG,GTSE1,KIF14,APOLD1,KIF23,PBK,H1-5,NDC80,CDC20,CDCA2,BUB1,CDC25C,PIMREG,TTK,KIF4A,KIFC1,CENPA,TACC3",lung,unknown,F
Sountoulidis_2023,F2,"STMN2,SYT1,PCSK1N,GAP43,KCNQ5,TUBB2A,CNTNAP2,ENOX1,ELAVL4,PHOX2A,SLC8A1,EML5,STMN4,ARHGEF28,NRG1,RAMP1,BEX1,PRPH,ASTN2,UNC5C,RTN1,MAPK10,INA,AKAP6,CNTN1,APLP1,CADM2,SLIT3,TAGLN3,ELAVL2,CADPS,DCX,SYNPO2,EEF1A2,DCLK1,CHRNA3,SCG2,SNAP25,DNM3,ISL1,CUX2,NEGR1,ABCB1,HEBP2,GAL,DLGAP2,SLC5A7,TMEFF2,DPP6,ELAVL3",lung,neuronal cells,F
Sountoulidis_2023,M8,"ACTA2,IGFBP7,INPP4B,TCIM,ALDH1A2,MYH11,SEMA5A,EBF1,PDE3A,DOCK10,CNTN4,ARHGAP29,RAPGEF5,KCNQ5,MT2A,CTNNA3,FILIP1,EDNRA,MYOF,MAP2,MGP,SLC8A1,EPS8,PDGFRB,RFTN1,SPRY1,LPL,PCDH18,RYR2,CNNM2,BGN,BCHE,C11orf96,SLC35F1,TRPC6,HES4,RASL12,CCDC102B,unknown,MCAM,GPM6B,TGFB1I1,CAV2,PDLIM1,MCTP2,GUCY1B1,A2M,EGFL6,ADAMTSL3,THY1",lung,vascular smooth muscle cells,M
Sountoulidis_2023,F47,"TOP2A,CENPF,TYMS,MAD2L1,SMC4,HELLS,UBE2C,TPX2,DIAPH3,SMC2,KIF20B,CDK1,CENPK,ASPM,LMNB1,ANLN,KNL1,ECT2,NCAPG,NUF2,TK1,SPC25,KIF11,CENPU,NDC80,CIT,CLSPN,RAD51AP1,MELK,ARHGAP11A,KIF15,CCNA2,PBK,ZWINT,KIF2C,CIP2A,BRCA1,FANCI,FANCA,TACC3,UHRF1,CCDC150,CHEK1,PARPBP,ORC6,GTSE1,CDKN3,POLQ,C1orf112,BRCA2",lung,proliferating vascular smooth muscle cells,F
Sountoulidis_2023,F45,,lung,vascular smooth muscle cells,F
Sountoulidis_2023,F46,"CREB5,ATF3,BAG3,HSPA6,EGR1,BTG2,GADD45B,NAMPT,JUNB,NR4A1",lung,vascular smooth muscle cells,F
Sountoulidis_2023,F48,"NALF1,ROBO2,LSAMP,GPC6,GPC3,CCBE1,PDE4D,IL1RAPL1,CNTNAP2,NLGN1,CELF2,AFF3,TMEM108,COLEC12,FAT3,COL14A1,PLPP1,MAST4,MECOM,RSPO2,CACNA1D,TMEM132C,ADH1B,GULP1,MFAP4,C7,BICC1,ENPP2,SLC9A9,ARHGAP28,DPYD,HPSE2,LRRC17,FREM1,BNC2,GLIS3,SEMA3D,GABRG3,COL24A1,SGCD,ELMO1,SVEP1,WNT2,NCAM2,DYNC1I1,ADAM22,REPS2,NTNG1",lung,vascular smooth muscle cells,F
Sountoulidis_2023,M12,"CAVIN2,ARHGAP18,GNG11,THBS1,HLA-B,SRGN,HLA-E,PECAM1,PDE3A,TNIK,SLC2A3,SH3BP5,MTSS1,DNM3,SLC24A3,PDLIM5,ESAM,CD9,IQGAP2,NLK,ABCC4,CD55,CD36,DIAPH1,GADD45A,CNST,PDLIM1,RGS6,TGFB1,ITGA6,STIM1,MBP,STK4,HLA-C,UBASH3B,PARVB,RAB32,RAP2B,MIR4435-2HG,GUCY1B1,CA2,GSN,ARHGDIB,FAXDC2,GMFG,FCER1G,DGKD,VAV3,TPST2,MTURN",lung,endothelial cells,M
