Data,Cluster,Markers,Organization,cell_type,level
Steen_2021,M6,"GNB2L1,AC090498.1,CD79A,MS4A1,ATP5E,ATP5G2,ATP5L,SEPT9,SEPT6,GLTSCR2,ATP5I,C19orf43,TCEB2,C11orf31",blood,B cells,M
Steen_2021,F29,"FOS,TCL1A,RACK1,VPREB3,SMIM14,ATP5MC2,DUSP1,ATP5MG,RALGPS2,LY6E,ATP5F1E,SP110,EMP3,IGHD,NDUFA13,IFITM3,SPIB,SELENOH,EIF4A1,PDLIM1,IGHM,UBE2L6,RNASEK,TRIR,ELOB,FCRLA,ATP5MC3,ARPC4,FCER2,NOP53,LGALS9,CSNK2B,PLAC8,BANK1,IFI30,ATP5PB,ATP5F1C,ATP5MF,PLD4,HVCN1,ANXA6,STAT1",blood,B cells,F
Steen_2021,F30,"IGKC,UBE2J1,IGLL5,GSTP1,JCHAIN,POU2AF1,MZB1,XBP1,SPCS2,IGHG3,RABAC1,TPD52,SEC11C,COPE,ST6GAL1,HSPA5,OGT,TMED2,REEP5,TRAM1,SEL1L3,CD38,FKBP2,SSR3,PLPP5,UFM1,RGS13,SELK,H1FX,MYDGF,PIM2,P4HB,CDK2AP2,SEC14L1,HIST1H1C,IGHG1,RGS1,KDELR2,SDF2L1,FKBP11,ITM2C,DERL3,HM13,VIMP,PRDX4,DNAJB9,HERPUD1,PDIA6,CD59,IGHG2",blood,plasma cells,F
Steen_2021,F28,"RACK1,ATP5F1E,TCL1A,BANK1,ATP5MC2,HVCN1,LAT2,FCER2,ANXA6,STAT1,ATP5MG,CR2,SELENOH,UBE2L6,SMIM14,NOP53,TRIR,ATP5F1D,DUSP1,RIPOR2,ATP5IF1,ATP5ME,CYBC1,ATP5MD,IGHM,FOS,SELENOF,ATP5PB,VPREB3,LINC02397,FCRLA",blood,B cells,F
Steen_2021,F26,"IGLV2-23,HLA-DQA2,RGS13,IGLC2,PARP1,POU2F2,BTG2,S100A4,ATP5F1E,FAM129C,ATP5MC2,IGLC3,RACK1,IGHV7-4-1,CTSS,LRMP,HSP90B1,CCR7,CD82,EZR,H2AFV,HERPUD1,S100A10,CYB561A3,ATP5MG,VOPP1,HNRNPU,HMGA1,RAC1,RALGPS2,RHEX,IGHA1,CD72,ATP6V1F,CCT4,ILF2,APH1A,DBNL,HMGN3,CCT3,HAX1,SIT1,UFC1,MDH2,PRDX1,HSPA5,GRHPR,FCRL2,ATP5MF,BAX",blood,Plasma cells,F
Steen_2021,F24,"CD3E,VIM,IL7R,CD7,CD3D,TCF7,S100A6,HCST,LINC00861,GIMAP4,DENND2D,CD3G,NOSIP,FYB,LEF1,AAK1,IL32,CAMK4,CD2,TC2N,GIMAP7,LAT",blood,unknown,F
Steen_2021,F23,"HLA-DPA1,HLA-DRA,HLA-DPB1,MS4A1,HLA-DQA2,HLA-DRB5,HLA-DQB1,MEF2C,BANK1,HLA-DQA1,TCL1A,LINC00926,CD83,CD19,HLA-DRB1,HLA-DMA,FAM129C,HVCN1,FCER2,STX7,RALGPS2,RP11-693J15.5,IGHM,CD79A,CD72,CD22,LAT2,SMIM14",blood,memory B cells,F
Steen_2021,F27,"TCL1A,RGS13,SMIM14,IRF8,LRMP,BACH2,HMGA1,CD27,CD40,ATP5G3,HLA-DMB,UBE2J1,GSTP1,CD19,POU2AF1,MEF2C,IGLL5,SHFM1,ATPIF1,ITSN2,KIAA0922,ODC1,CD22,FCRLA,LYN,LAT2,SYK,GGA2,MBD4,SELT,BCAS4,SYNE2,SMARCB1,HERPUD1,ATP2A3,PRDX6,CTSH,SRSF9,STAG3,PTP4A2,CCDC69,ELL3,TPM4,SOCS1,PARP1,RFTN1,BASP1,TPD52,RABGAP1L,NCOA3",blood,Germinal Center B cells,F
Steen_2021,F25,"CD3D,LAT,IL32,SRGN,PASK,CD3E,NEAT1,TRBC1,TC2N,IL6ST,SPOCK2,CORO1B,CD2,CHI3L2,FYN,FAM118A,ITM2A,LCP2,SEPW1,TOX2,PDCD1,GIMAP4,GIMAP7,TIGIT,CD6,SCGB3A1,RP11-455F5.5,MAF,RP5-1028K7.2,ICOS,TBC1D4,SH2D1A,ICA1,CD7,DGKA,ZAP70,CD3G,FYB,TCF7",blood,unknown,F
Steen_2021,M5,"IGLV4-69,CD79A,IGHV3-74,SNHG29,GAS5,IGHM,HMGA1,SPIB,PIM2,SEPTIN6,HLA-DQA1,FOXP1,NAPSA,POU2F2,SET,RELB,SEPTIN7,ANXA5,CSNK2B,TOMM6,FCRLA,TYROBP,NDUFC2,IGLC2,SH3BP5,CTSH,EIF4A1,ATP5PO,PSMA2,KDELR1,DNPH1,MOB1A,RALGPS2,PTPN1,PPP1R15A,HLA-DMA,BLNK,MRPL52,TCF4,TPM4,PLEK,POU2AF1,CYB561A3,BCL2A1,CLTA,SMARCB1,ACTG2,POLR2E,RTRAF,MCM5",blood,B cells,M
Steen_2021,F22,"IGLV4-69,IGHV3-74,TPM2,TCL1A,PLD4,GTSF1,SELL,CYBB,ACTG2,SLC16A4,ALDH2,ITM2C,IGHV3-49,IGLC7,RASSF6,IGLC3,MARCH1,BIK,IGLC2",blood,plasma cells,F
Steen_2021,F19,"HLA-DRA,TRBC2,TSTD1,IGKC,CD274,IGHV3-23,BEX3,IGHV3-20,CAV1,ID3,IGHV3-43,ACP5,CXCR3,FXYD6,AC233755.2,BEX2,RAB31,GBP4,CD151,IGHG1,IGKV4-1,SAMSN1,SFTPB,IGHG3,CD27,TNIK,HLA-DQA2,DUSP23,POMC,HPDL,VAMP5,RTL8A,GPM6A,SKAP1",blood,memory B cells,F
Steen_2021,F20,"CENPF,PTTG1,MKI67,RRM2,TOP2A,CKS1B,H2AFX,UBE2C,HIST1H1B,NUSAP1,CCNB1,KPNA2,CDC20,PCLAF,PLK1,CDKN3,ASPM,TPX2,CDK1,BIRC5,CCNB2,KIFC1,CCNA2,CDCA3,GTSE1,AURKB,HMMR,HIST1H3B,NUF2,CENPE,CDCA8,DLGAP5,NCAPG,SGO2,NDC80,CEP55,KIF11,CDCA5,CDCA2,SPC25,KIF23,TROAP,KIF2C,NCAPH,TYMS,MND1,SHCBP1,BUB1,CKAP2L,KIF4A",blood,proliferating B cells,F
Steen_2021,F21,"IGKC,IGKV4-1,AC233755.2,IGHV3-23,IGHV3-20,IGLC1,SRGN,JCHAIN,UBE2J1,DERL3,IGHG3,CD27,IGHV3-43,FKBP11,TXNDC5,ADTRP,PRDM1",blood,plasma cells,F
Steen_2021,M4,"HLA-DRA,HLA-DQB1,S100A11,HLA-DQA1,HLA-DQA2,PLEK,TXN,IFI30,CTSB,CTSS,AIF1,TYROBP,CST3,NPC2,TUBA1A,CTSH,SAMHD1,ANXA5,BCL2A1,IRF7,C17orf49,FCER1G,TYMP,GRINA,PYCARD,SOD2,GRN,CD63,C1orf162,ATOX1,HLA-DMB,LAP3,RNH1,LYZ,LGALS1,VAMP5,GBP1,ANXA2,LYN,H2AFY,CD4,SPI1,MYDGF,MAN2B1,GNAI2,SDCBP,AP1S2,CTSD,C1QB,CAPG",blood,monocyte-derived dendritic cells,M
Steen_2021,F12,"CD14,FCN1,PLAAT4,CCL4,SLC39A8,S100A8,CCL3,LILRB2,MARCKS,FCGR3A,MT1F,DUSP6,DRAM1,IL4I1,ANKRD22,MT1X,ACP2,CEBPD,CLEC4E,AGTRAP,MS4A7,TMEM176A,MAFB,GPR84,CXCL10,S100A9,NR1H3,FCGR1A",blood,monocyte-derived dendritic cells,F
Steen_2021,F14,"APOE,PTGDS,APOC1,MMP9,CHI3L1,CTSL,GPNMB,PLA2G2D,ADAMDEC1,CCL18,IFI27,C2,DNASE2,FUCA1,PLTP,NPL,CD59,UBD,NUPR1,RARRES1,TCN2,IL32",blood,monocyte-derived dendritic cells,F
Steen_2021,F13,CD1C,blood,monocyte-derived dendritic cells,F
Steen_2021,F15,"GZMB,PTGDS,JCHAIN,TCL1A,ALOX5AP,PLAC8,LILRA4,MZB1,PLD4,TSPAN13,ITM2C,SPIB,CLIC3,IL3RA,C12orf75,LTB,SCT,GAS6,TCF4,UGCG,IGKC,TPM2,LRRC26,PPP1R14B,SERPINF1,LIME1,APP,SOX4,OFD1,MAP1A,PTCRA,NUCB2,SMPD3,LAMP5,IGHM,DNASE1L3,MAPKAPK2,PLP2,TRAF4,BCL11A,CCDC186,SHD,ZFAT,NIBAN3,TLR9,KRT5,PARP10,DERL3,CLEC4C,TMEM8B",blood,plasmacytoid dendritic cells,F
Steen_2021,F18,"IDO1,DNASE1L3,C1orf54,CPNE3,ID2,TSPAN13,RGCC,ISG20,CCND1,LMNA,SHTN1,CST7,MZT2A,WDFY4,CSRP1,CLEC9A,ANPEP,ICAM3,VMO1,NET1,TMEM14A,EGLN3,ASB2,XCR1,RAB7B,DBN1,CADM1,ZNF366,PDLIM7",blood,monocyte-derived dendritic cells,F
Steen_2021,F17,"DDIT4,SEPT9,FAM96A,SEPT6,C8orf59,RARRES3,FAM96B,SEPT2,SEPT7,C19orf70,MINOS1,ASNA1,C19orf24,KIAA1551,FAM129A,SMIM37,FAM173A",blood,monocyte-derived dendritic cells,F
Steen_2021,F16,"ITM2C,LILRA4,JCHAIN,DDIT4,PLD4,ALOX5AP,CLIC3,SELL,IL3RA,PLAC8,GPR183,PLP2,CXCR4,RNASE6,SERPINF1,CXCR3,UGCG,LRRC26,TCF4,TCL1A,AC245014.3,APP,STMN1,C12orf75,PPP1R14B,SMPD3,RPS6KA4,SPIB,PTCRA,GZMB,SOCS1,CLEC4C,DHRS7,NAPSA,DERL3,TSPAN13,SEPT9,BCL11A,NUCB2,RASD1,DNASE1L3,FCHSD2,BLNK,LAMP5,FKBP2,ARHGAP9,FAM96A,GAS6,GAPT,SEPT6",blood,plasmacytoid dendritic cells,F
Steen_2021,M1,"CCL5,GZMK,NKG7,CST7,GZMA,CCL4,CD8A,DUSP2,PRF1,LAG3,RARRES3,CMC1,FYN,CXCR6,CD2,LYST,CD8B,TIGIT,EOMES,APOBEC3G,CXCR3,ITM2A",blood,CD8+ effector memory T cells,M
Steen_2021,F6,"GNLY,CTSW,IFITM3,ID2,XCL1,XCL2,KLRD1,KLF2,PPP1R15A,TRDC,HOPX,MATK,TYROBP,KLRB1,FCER1G,PLAC8,IL7R,CAPG,KLRC1,TXK,FGR,NCR3,KLRF1,SH2D1B,GSN",blood,CD8+ effector memory T cells with NK-like features,F
Steen_2021,F5,"PLAAT4,IL2RG,RNASEK,SEPTIN1,FXYD2,GZMH,EEF1G,RESF1,PCED1B-AS1,RPS4Y1,NDUFA13,KLRK1,GIMAP5,SEPTIN7,EIF4A1,SNHG29,RPS17,IFNG,ARPC4,NDUFB8,GIMAP1,CSNK2B,NDUFA11,CTSD,BLOC1S1,UBE2V1,SEPTIN9,ARL6IP1,NDUFC2,SEPTIN6,GZMB,TLE5,PSMA2,TOMM6,SNHG6,CIAO2B,TAP2,GAS5,NDUFA7,TRAPPC5,RBIS,PTMS,HAVCR2,GNLY,CCL3",blood,CD8+ effector memory T cells with cytotoxic activity,F
Steen_2021,F4,"RARRES3,SEPT1,KIAA1551,CXCR4,SEPT7,SEPT9,SEPT6,AES",blood,CD8+ effector memory T cells,F
Steen_2021,F8,"TUBA1B,HMGB2,LBR,TPM4,STMN1,C17orf49,CACYBP,TMPO,YWHAH,ANP32E,PTTG1,TUBB4B,SMC4,DDX39A,CKS2,H2AFX,TUBA1C,KPNA2,KIF20B,NCAPD2,MCM7,HADH,CENPK,PHF19,UBE2S,DTYMK,EZH2,MKI67,RRM1,SMC2,CENPM,MAD2L1,CKS1B,FEN1,TYMS,CENPF",blood,unknown,F
Steen_2021,F7,"RPS10,AC090498.1,GNB2L1,ATP5E,ATP5L,ATP5G2,FYB,TCEB2",blood,unknown,F
Steen_2021,M2,"SEPTIN6,TIGIT,PLAAT4,GBP5,SEPTIN1,MAL,PCED1B-AS1,SNHG6,TNFRSF4,SEPTIN9,FOXP3",blood,regulatory T cells,M
Steen_2021,F9,"FOXP3,IL10RA",blood,regulatory T cells,F
Steen_2021,F10,"TCF7,LINC01871,LIMS1,IGFBP4,AC004585.1,TSHZ2,CD40LG,SMCO4",blood,unknown,F
Steen_2021,M0,"IL7R,CCR7,PIK3IP1,TCF7,FYB1",blood,naive T cells,M
Steen_2021,F0,"SNHG29,CRIP1,GAS5,SNHG6,IL2RG,SEPTIN1,RNASEK,SEPTIN9,SEPTIN6,TLE5,PCED1B-AS1,PLAAT4,ATP5PO",blood,naive T cells,F
Steen_2021,F2,"CD8B,CD8A,CCL5,PLAAT4,LINC02446,KLRK1",blood,cytotoxic T cells,F
Steen_2021,F1,"SEPT6,RARRES3,SEPT9,SEPT1,KIAA1551,TIGIT,SEPT7",blood,naive T cells,F
Steen_2021,F3,"SEPT1,AES,SEPT9,RARRES3,SEPT6",blood,unknown,F
Steen_2021,M3,"CD79B,MS4A1,NCF1,CD83,MARCKSL1,ALOX5AP,GRHPR,CD79A,CTSH,HLA-DQA1,NDUFB3,C8orf59,HDAC1,IGKC,HLA-DRA,TKT,SRSF9,ATP1A1,FABP5,SSB,SEC11C,VPREB3,MRPL41,COPS9,C12orf75,DDX21,GADD45GIP1,SELENOF,SYK,ATP5MC1,APOD,CYC1,JCHAIN,IMPDH2,PSMA4,FAM162A,ATF5,CD24,METAP2,SPINT2,FCRL3,SEPT7,SORL1,MZB1,MINOS1,TIMM13,NSMCE1,CYB5R3,HSPA9,SEPT2",blood,B cells,M
