Data,Cluster,Markers,Organization,cell_type,level
Suo_2022_Bone_marrow,M3,"PLEK,RGS10,PDLIM1,TLN1,FERMT3,UROD,TGFB1,LIMS1,BEX3,NFE2,TPM1,CKB,TUBA1C,CAVIN2,SPINT2,GATA2,PF4,KIF2A,CLU,PDCD10,VCL,ICAM2,SNCA,RGS18,VDAC3,HBD,FYB1,SERPINB6,VASP,RHAG,NT5C3A,RSU1,CMAS,ILK,GP9,TIMP1,GATA1,ESAM,SLC2A3,HEMGN,BIN2,LAT,ETFA,ITGA2B,DLC1,NME4,TIMP3,F2R,MMRN1,MPP1",bone marrow,megakaryocytes,M
Suo_2022_Bone_marrow,F19,"HBA2,PSMA2,NDUFB8,HBA1,HBG2,NDUFC2,HNRNPA1L2",bone marrow,erythroid progenitor cells,F
Suo_2022_Bone_marrow,F18,"PF4,THBS1,CALD1,S100A8,CD36,SH3BP5,SELP,PPBP,RAB32,NEXN,MYLK,CD9,DAPP1,LY6G6F,MYL9,C19orf33,TUBB1,TMEM40",bone marrow,megakaryocytes,F
Suo_2022_Bone_marrow,F17,"MT-ATP8,NME2,TMEM35B,GET4,GNG10",bone marrow,megakaryocyte progenitor cells,F
Suo_2022_Bone_marrow,M2,"MS4A3,CLC,ANXA1,ALOX5AP,PRSS57,PLIN2,RGS2,PLD3,LMO4,C1orf162,CPA3,GATA2,HPGDS,TPSAB1,PRG2,SAMSN1,MIR4435-2HG,RHEX,TPSB2,CNRIP1,CD82,HDC,HPGD,TIMP3,ADAM8,CSF2RB,LTC4S,unknown,IL5RA,BTK,SLC18A2,IL1RL1,TESPA1,GRAP2,SLC45A3",bone marrow,mast cells,M
Suo_2022_Bone_marrow,F14,"IFITM3,NCF1,S100P,PLAUR,ATP10D,IFITM1,CLU,FOSB,CR1,NFKBIZ,TSC22D3,CXCR4,TNFAIP3,BTG2,GCSAML",bone marrow,mast cells,F
Suo_2022_Bone_marrow,F12,"HBG2,HBA2,HBA1",bone marrow,unknown,F
Suo_2022_Bone_marrow,F13,"H1-3,TYMS,TOP2A,UBE2C,CKS1B,CENPF,PCLAF,MKI67,CDK1,NUSAP1,NUCB2,AURKB,TPX2,BIRC5,ZWINT,UBE2T,CENPM,PHGDH,GGH,PHF19",bone marrow,proliferating mast cells,F
Suo_2022_Bone_marrow,F16,"KIT,VWA5A,TPSD1,ALDH1A1,LINC02829,HS3ST1,ATP6V0C,RPS6KA5,RHOBTB3,CAVIN2,PIK3R6,BLVRA,STXBP5,KRT1",bone marrow,mast cells,F
Suo_2022_Bone_marrow,F15,"VWA5A,KIT,ALDH1A1,ARHGAP18,RPS4Y1,POU2F2,KRT1,RPS6KA5",bone marrow,mast cells,F
Suo_2022_Bone_marrow,M5,"SELENOP,MS4A6A,DDIT4,EGFL7,JUN,CD9,FABP4,MARCKS,RHOB,TCF4,CD36,KLF6,ENG,ID1,SLC2A3,CTSL,PLIN2,ID3,IGFBP7,GNG11,RBP7,BST2,CD81,RNASE1,COL6A2,DAB2,GIMAP4,VAMP5,LGMN,PRCP,IGFBP4,ELK3,CD93,MDK,RGCC,PLVAP,A2M,PECAM1,PIM3,PLTP,RAMP2,HSPG2,FSCN1,LPAR6,SCARB2,NRP1,SPTBN1,CREM,RAB13,S100A16",bone marrow,endothelial cells,M
Suo_2022_Bone_marrow,F32,"MT-ATP8,ALDOA,CLEC3B,RGCC,NPDC1,FZD4,NME2,COL4A2,LAMB1,CRIP2,S1PR1,CALCRL,APLNR,TIMP3,FLT4,ID1,WWTR1,CDH5,PDE2A,RAMP2,JUP,FN1,CAV1,TIE1,HSPG2,PLAAT3,CNN3,ESAM,PPARG,F2R,COL4A1,EFNA1,CLEC14A,TEK,BTNL9,MDK,EMP1",bone marrow,endothelial cells,F
Suo_2022_Bone_marrow,F30,"RPS17,RPS10,HBG2,HBA2,HBA1,HBG1,PCAT19,ATP5PO,NDUFA13,NDUFA11",bone marrow,erythroid progenitor cells,F
Suo_2022_Bone_marrow,F29,"TYROBP,CD74,AIF1,HLA-DRA,SRGN,SPP1,C1QC,FCER1G,CD14,S100A4,CD68,C1QB,APOC1,MS4A7,VAMP8,S100A9,CTSS,C1QA,HLA-DRB1,LST1,HLA-DPA1,FOLR2,ANXA1,FOS,CXCR4,RGS10,RGS1,HLA-DRB5,RNASET2,ARPC1B,CREG1,CAPG,CTSZ,LGALS3,MS4A4A,HMGA1,HLA-DPB1,EMP3,LCP1,SPI1,IGSF6,CSF1R,RGS2,TYMP,TGFBI,UCP2,CYBB,PYCARD,HLA-DMA,ITGB2",bone marrow,unknown,F
Suo_2022_Bone_marrow,F31,"RPS4Y1,GDF15,PDLIM1,SHANK3,RFK,FAM241A,SOX18,FAM162A,SOCS3,ARRDC2,PHLDA1,CDKN1C,FERMT2,HIC1,RAB3C,NT5E,ABCB8,AFMID,PEAR1,TNFRSF10B,ADAMTS9,unknown,PLSCR4,PCGF2,RNF11,EPHA2,DUSP5,BTG3,SORBS3,CDKN1A,DOCK9,ILVBL,PPIL4,CNTNAP3B,REXO2,BGN,TMEM255B,CTD-3080P12.3",bone marrow,endothelial cells,F
Suo_2022_Bone_marrow,M0,"LYZ,MPO,RETN,S100A9,S100A8,TYROBP,unknown,TSPO,CSTA,HCST,SRGN,LST1,MNDA,STXBP2,FCN1,MS4A6A,VSIR,PRTN3,FCER1G,CYBB,CDA,S100A11,FGR,VCAN,COTL1,PADI4,ITGB2,RNASE2,GCA,S100P,CFP,AZU1,NKG7,ANXA1,S100A12",bone marrow,neutrophils,M
Suo_2022_Bone_marrow,F0,"MT-ATP8,ALDOA,ATP6V0C,NME2",bone marrow,neutrophils,F
Suo_2022_Bone_marrow,F1,"SNHG25,PCLAF,STMN1,NDUFA11,RANBP1,ATP5PO,MRPL12,PRTN3",bone marrow,neutrophil precursors,F
Suo_2022_Bone_marrow,F2,"CD52,FPR1,RGS2,CD14,RBP7,SLC2A3,BCL2A1,JAML,NEAT1,ORM1",bone marrow,neutrophils,F
Suo_2022_Bone_marrow,F4,"CAMP,LTF,LCN2,PGLYRP1,HP,ALOX5AP,CHI3L1,CYSTM1,NCF1,CRISP3,CD177,CEACAM8,IFITM3,UGCG,TFF3,CEBPE,CPNE3,ANXA3,STOM,ARG1,CHIT1,CEACAM1,CD24,FOLR3,ORM1,BPI",bone marrow,neutrophils,F
Suo_2022_Bone_marrow,F3,"H1-3,UBE2C,MKI67,STMN1,PTTG1,H1-4,NME2,SMC4,TUBA1C,CKS1B,TOP2A,SMC1A,NUSAP1,TPX2,TMPO,TYMS,KIF22,HMMR,CENPE,PLK1,GTSE1,ANLN,NCAPG,CENPF",bone marrow,proliferating neutrophils,F
Suo_2022_Bone_marrow,F5,"DEFA1B,DEFA1,DEFA3,DEFA4,ELANE,BPI,CD24,SLPI,CEACAM8,CEACAM6",bone marrow,neutrophils,F
Suo_2022_Bone_marrow,F6,"HLA-DPA1,SOX4,HLA-DPB1,LTB,CD79B,CD38,SSBP2,IGLL1",bone marrow,unknown,F
Suo_2022_Bone_marrow,M6,"HBG1,HBA2,HBA1,HBG2,AHSP,PRDX2,BLVRB,SLC25A37,HBM,ALAS2,H1-0,CD36,MPP1,HBB,SNCA,SLC25A39,GYPB,GYPA,HMBS,FBXO7,SLC4A1,HEMGN,ARL4A,SELENBP1,UROD,FECH,EIF2AK1,SLC2A1,CCNDBP1,SMIM1,CTSL,FAM210B,EPB42,BPGM,OAT,KLF1,GATA1,SPTA1,CPOX,RFESD,PIM1,HBQ1,EPOR,STRADB,MARCHF3,TRAK2,TENT5C,RHD,HBZ,MOSPD1",bone marrow,erythroid progenitor cells,M
Suo_2022_Bone_marrow,F33,"TRIM58,ATP6V0C",bone marrow,erythroid progenitor cells,F
Suo_2022_Bone_marrow,F35,"TUBA1C,HMGN2,NUSAP1,TYMS,H2AC14,unknown,CDK1,TMPO,H1-4,RAN,H2AC13,IDH2,SRSF2,SUMO2,DEK,SMC4,LBR,PSMA7,H1-3,TUBB4B,H3C14,H3C15,MKI67,CENPF,AQP1,PTTG1",bone marrow,proliferating erythroid progenitor cells,F
Suo_2022_Bone_marrow,F34,"PTMA,RPL13A,RPL26,RPS20,HMGB1,HNRNPA1,RPL27A,RPS17,RPS2,RPL36A,STMN1,EEF1B2,SUMO2,RPS10,SNRPE,ERH,B2M,HNRNPC,SLC25A6,SRSF2,HSPE1,UQCRQ,TMEM14C,METAP2,HMGB2,PFN1,PSMA7,FAM178B,PCLAF,TMSB10,NOP53,SLIRP,ILF2,PGK1,HMGN1,EDF1,SUB1,RPL10,EIF3E,ATP5F1A,SNRPB,NAP1L1,SRSF3,RPL23,TMSB4X,RPA3,COX5A,KCNH2,RPS16,APEX1",bone marrow,erythroid progenitor cells,F
Suo_2022_Bone_marrow,F36,,bone marrow,erythroid progenitor cells,F
Suo_2022_Bone_marrow,M10,"S100A10,ANXA2,MMP9,RGS10,ACP5,CD68,CTSK,ATP6V1B2,CKB,CTSZ,TCIRG1,RAB13,SMS,ATP6V1E1,CYSTM1,MAP4K4,CKLF,COL6A2,SNX10,LGALS3,ATP6AP1,MICOS13,FOSL2,CA2,SDHB,OXR1,NDUFB8,SLC16A3,GLRX3,APOE,BOLA3,LMNA,CSF1R,LIMS1,ITGB1,FAM162A,UQCC2,SPP1,ETFB,GNPTAB,HCFC1R1,COL6A1,RNASE1,NRP2,ATP6V1A,NDUFV3,ATP6V1C1,CD84,CD9,EIF4EBP1",bone marrow,osteoclasts,M
Suo_2022_Bone_marrow,M9,"MPO,CTSG,PRSS57,MS4A3,AZU1,EGFL7,PRTN3,CFD,C1QTNF4,TENT5A,SMIM24,DLK1,RNASE2,SPINK2,GIHCG,TRH,CLEC11A",bone marrow,neutrophil progenitor cells,M
Suo_2022_Bone_marrow,F46,"NME2,MT-ATP8,GABARAP,DDTL,ATP6V0C,UQCRHL,MRPS24,PTPRCAP,MAN2B1",bone marrow,neutrophil progenitor cells,F
Suo_2022_Bone_marrow,F45,"SNHG25,HBG2,NDUFA11,HBA1",bone marrow,erythroid progenitor cells,F
Suo_2022_Bone_marrow,F47,"JUN,HSPA6,CD52,CD34,RHOB,SELL,PPP1R15A,JUNB,NRIP1,MDK,IFI16,HOPX,ANGPT1,DDAH2,PTPRCAP,LIMS1,IFITM3,MLLT3,GNAI1,PRSS2,HEMGN,BTG2,TIMP3,ADGRG1,CAVIN2,JAML",bone marrow,neutrophil progenitor cells,F
Suo_2022_Bone_marrow,M7,"SPARC,COL1A1,VCAN,COL1A2,IBSP,IFITM3,ZFP36L1,TIMP1,DDIT4,ID3,SELENOP,MDK,SERPINH1,FN1,PCOLCE,DSTN,MMP13,S100A10,CLEC11A,GSN,LUM,SPP1,SERPINF1,MARCKS,RRBP1,NME4,PRDX4,COL3A1,BGN,PLD3,LY6E,ITM2C,CRTAP,S100A13,IGFBP5,ID1,MAGED2,APOE,ANXA2,TSC22D1,COL6A2,CALD1,THBS1,APP,CTNNB1,GJA1,CALU,CYP1B1,P4HA1,OLFML3",bone marrow,osteoblasts,M
Suo_2022_Bone_marrow,F41,"COL2A1,HAPLN1,COL9A1,SNORC,COL9A3,COL11A2,DLK1,COL9A2,ACAN,HBB,CNMD,MEG3,CCN1,EPYC,ECRG4,MATN1,S100B,MATN3,FMOD,S100A1,FGFBP2,GPC3,LGALS3,FRZB,PEG10,COMP,MIA,C1QTNF3,PRELP,SCRG1,FIBIN,SPINT2,CAPN6,COL27A1",bone marrow,chondrocytes,F
Suo_2022_Bone_marrow,F37,"RPS10,RPS4Y1,NDUFA11,ATP5PO,VKORC1,SNHG25,MRPL12,HBG2",bone marrow,unknown,F
Suo_2022_Bone_marrow,F43,MMP9,bone marrow,osteoclasts,F
Suo_2022_Bone_marrow,F38,"CXCL12,VCAM1,CRABP1,IGFBP3,COL14A1,LPL,LEPR,TF,PLPP3,TNFAIP6,MEST,DLC1,EGR1,CFD,SPRY1,DUSP1,ESM1,FGF7,VGLL3,RAB20,TSPAN7,STOM,GGT5,SOCS2,CBLN2,PAPPA,AKAP12,MMD,EPHX1,CHL1,SH3BP5,NTRK2,PCSK5,SLC1A3,GHR,KITLG,VEGFC,MEG3,MMP28,PTX3",bone marrow,mesenchymal stem cells (MSCs),F
Suo_2022_Bone_marrow,F40,"CKS2,ARL6IP1,UBE2C,CKS1B,TUBB4B,SMC4,PTTG1,TOP2A,CENPF,TYMS,CCNB1,NUSAP1,MKI67,CDC20,KPNA2,CCNB2,TPX2,MAD2L1,BIRC5,CKAP2,CDK1,ASPM,CENPE,CDKN3,HMMR,UBE2T,TK1,ZWINT,KIF20A,CDC25B,CCNA2,LMNB1,DLGAP5,CENPK,PRC1,SGO2,H2BC9,NCAPG,NCAPD2,CENPU,PLK1,CDCA3,RACGAP1,DEPDC1,KNSTRN,AURKB,CENPH,DBF4,NUF2,NDC80",bone marrow,proliferating osteoblasts,F
Suo_2022_Bone_marrow,F39,"CHAD,BGLAP,CREB3L1,IFITM5,KDELR3,RARRES1,FKBP11,PHOSPHO1,DMP1,COL13A1,PLAAT3,SMPD3,GPRC5C,CD24,RHBDL2,DKK1,CYFIP2,PRSS35,CPZ,RAMP1,DPT,ABLIM1,SLC8A3,COL11A2",bone marrow,osteocytes,F
Suo_2022_Bone_marrow,F42,"S100A4,CD74,HBG2,RPS4Y1,S100A8,SRGN,HBA2,GMFG,S100A9,HBA1,LYZ,MPO,PRTN3,RPS10,HLA-DRA,ARHGDIB,RETN,FCER1G,VAMP8,S100A12,AIF1,AZU1,RAC2,LAPTM5,CXCR4",bone marrow,unknown,F
Suo_2022_Bone_marrow,M4,"CD52,LTB,VPREB1,VPREB3,CD79A,IGHM,CD79B,RCSD1,CD24,SEPTIN6,CD38,MZB1,ZCCHC7,PSMB9,SSBP2,RAG1,TMEM243,POU2AF1,AKAP12,EBF1,SEPTIN9,NIBAN3,BACH2,MME,MARCKSL1,HLA-DPA1,TCF4,ARPP21,APBB1IP,HLA-DPB1,BLNK,DCK,CD9,IGLL1,CD72",bone marrow,B cell precursors (pro-B or pre-B cells),M
Suo_2022_Bone_marrow,F20,"RPS10,ATP5PO,PSMA2",bone marrow,unknown,F
Suo_2022_Bone_marrow,F25,"TOP2A,TYMS,UBE2C,NUSAP1,TUBA1C,UHRF1,TUBB4B,CDK1,TPX2,AURKB,H1-5,LMNB1,H2AC14,CDC20,MKI67,CCNB2,JPT1,H2AC13,ASPM,H2AX,BIRC5,MAD2L1,CCNA2,CENPU,HMMR,DHFR,CENPW,KIF22,CKAP2,PTTG1,TOMM5,CENPF,RRM1,CENPE,ATAD2,KIFC1,NCAPG,SMC2,KPNA2,DLGAP5,CENPM,ZWINT,SAE1,MZT1,CDCA3,ANP32E,CKS1B,FBXO5,SKA2,UBE2T",bone marrow,proliferating B cell precursors (pro-B or pre-B cells),F
Suo_2022_Bone_marrow,F27,"NKG7,S100A4,IFITM1,SRGN,HCST,EMP3,KLRB1,IL32,CD7,ETS1,GIMAP4,S100A6,TYROBP,GIMAP7,CD3E,CD44,GZMA,S100A11,TRBC1,S100A10,CTSW,FCER1G,CD3D,FYB1,DENND2D,CD247,GZMM,BIN2",bone marrow,unknown,F
Suo_2022_Bone_marrow,F24,"TCL1A,IGHV5-78,NCF1,FCRLA,RUBCNL,LHPP,ACSM3",bone marrow,pre-B cells,F
Suo_2022_Bone_marrow,F28,"JCHAIN,LST1,ETS2,MIR181A1HG,NME2,LAIR1,SASH3,CD7,IFITM1,DDIT4,B3GNT2,FBXW7,GRSF1,IGFBP7,TRBC2,CDK6-AS1,LY6E,UMODL1,LY9",bone marrow,B cell precursors (pro-B or pre-B cells),F
Suo_2022_Bone_marrow,F26,"TCL1A,IGKC,RPS10,FCRLA,IGLC2,CCDC112,LINC01781,SPIB,CCDC191",bone marrow,pre-B cells,F
Suo_2022_Bone_marrow,F21,"DNTT,IGHV5-78,LINC01013,H2BC12,TRGV9,unknown",bone marrow,pre-B cells,F
Suo_2022_Bone_marrow,F23,"TCL1A,PTTG1,TUBA1C,LMNB1,TOP2A,H2AX,FCRLA,IGHV5-78,CKS1B,ZWINT,UBE2C,KIF22,CDC20,MAD2L1,SYVN1,HMGB3,BIRC5,KPNA2,CCNB2,CENPU,TPX2,AURKB,NUSAP1,DHFR,H2AC14,UBE2T,MKI67,ASF1B,SAE1,TUBB4B,ANP32E,CENPF,CENPM,MZT1,RRM1,CDK1,CENPW,TYMS,CDKN2D,CCNA2,H1-5,H2AC13",bone marrow,proliferating B cell precursors (pro-B or pre-B cells),F
Suo_2022_Bone_marrow,F22,"RPS10,TOP2A,CENPF,MKI67,NUSAP1,PCLAF,PTTG1,CDK1,AURKB,CKS1B,UBE2C,ARL6IP1,ATP5PO,ASPM,TYMS,CCNB2,BIRC5,CKS2,CCNA2,TUBB4B,RRM2,CSNK2B,HNRNPA1L2,PSMA2,HMGB3,TPX2,KPNA2,NDUFA11,BLOC1S1,H1-5,MAD2L1,CENPW,ANP32E,UBE2T,PSMA1,ZWINT,SMC2,H2AC14,KIF22,H2AC13,PCNA",bone marrow,proliferating B cell precursors (pro-B or pre-B cells),F
Suo_2022_Bone_marrow,M1,"HLA-DPA1,HLA-DPB1,SAMHD1,PLD4,HLA-DRB5,HLA-DMA,IRF8,JAML,CCDC50,ITM2C,SELL,C12orf75,ZFP36,IRF7,HERPUD1,RNASE6,RNASET2,GPR183,CLEC10A,RUNX2,IL3RA,CSF2RA,MARCHF1,SPIB,LILRB4,FGD2,CCR2,ITGB7",bone marrow,plasmacytoid dendritic cells (pDCs),M
Suo_2022_Bone_marrow,F8,"RPS10,ATP5PO,SNHG25,PSMA2,NDUFA11,NDUFB8,NDUFC2,MRPL12",bone marrow,unknown,F
Suo_2022_Bone_marrow,F9,"UBE2C,TOP2A,MKI67,CDK1,NUSAP1,H2AX,H1-5,CDC20,TPX2,CENPF,CCNA2,KIF20A,INCENP",bone marrow,unknown,F
Suo_2022_Bone_marrow,F11,"FCN1,CFP",bone marrow,unknown,F
Suo_2022_Bone_marrow,F10,"ATP6V0C,NIBAN3,SCT,JCHAIN,CLIC3,CLEC4C,GZMB,RASD1,MZB1,SERPINF1,BTG2,TPM2,CCDC186,SMPD3,DERL3,ST6GALNAC4,LILRA4,IGLC3,IGLC2",bone marrow,plasmacytoid dendritic cells (pDCs),F
Suo_2022_Bone_marrow,M8,"TPM1,SELENOW,TPM2,OLA1,MYL6B,CKB,MAGED2,MYL4,AHCY,FHL1,IGF2,GAMT,TNNI2,PDLIM5,BIN1,PDE4DIP,MYL9,TNNT1,FXYD1,CFL2,MYLPF",bone marrow,myeloid progenitor cells,M
