Data,Cluster,Markers,Organization,cell_type,level
Suo_2022_Intestinal,M1,"COL3A1,CALD1,COL1A2,MYL9,ACTA2,LGALS1,LUM,MFAP4,SPARCL1,COL6A2,TPM2,TAGLN,DCN,PTN,COL1A1,COL6A1,COL6A3,CXCL12,PCOLCE,SPON2,NUPR1,C1S,BST2,TCF21,CCN1,TGFB1I1,GPC3,FSTL1,MMP2,PMP22,HSPB6,SPARC,FHL1,OGN,COL5A2,LTBP4,CALU,ACTG2,NREP,CNN3,FN1,IGFBP5,OLFML3,MEG3,FBLN1,EMP3,RGS10,VCAN,RARRES2",intestine,fibroblasts,M
Suo_2022_Intestinal,F20,"DES,MYLK,CNN1,CKB,ACTG2,CSRP1,CCN2,CAV1,RGS5,MYH11,PPP1R14A,POSTN,DUSP1,RAMP1,RBPMS,FLNA,ZYX,BCHE,PALLD,ATP1B1,SMTN,WIF1,ID2,CSRP2,NEXN,C11orf96,ALDH1A1,NRP2,PRSS23,CRYAB,ACTN4,KCNMB1,PARVA,SVIL,HCFC1R1,LPP,SLMAP,CCDC107,MRPS6,LMOD1,SFRP1,LIMS2,TLN1,SOD3,BAG2,TES,CFL2,GREM2,SORBS1,CDC42EP3",intestine,fibroblasts,F
Suo_2022_Intestinal,F23,"ACTG2,FLNA,RHOB,CKB,MYH11,DES,CSRP1,IGFBP7,SYNPO2,RBPMS,MYLK,CNN1,SMTN,WIF1,DUSP1,SVIL,CAV1,LPP,NRP2,PALLD,PDLIM3,CD9,ECRG4,FHL2,MRGPRF,WDR1,VCL,CRYAB,LMOD1,MSRB3,CCN2,PARVA,FBXO32,LIMS2,SEPTIN6,WFDC1,RGS5,CARMN,TINAGL1,ZYX,PLN,SORBS1,CCDC107,SLC25A4,KCNMB1,SBSPON,SYNM,RAP1A,ASB2,PNCK",intestine,fibroblasts,F
Suo_2022_Intestinal,F17,"IGF2,C7,RAMP1,ATP1B1,ISLR,MMP23B,IGFBP2,MATN2,KCNN3",intestine,fibroblasts,F
Suo_2022_Intestinal,F10,"ADAMDEC1,TMEM176B,FABP5,LINC01082,TMEM176A,FOXF1,IFITM1,PITX1,ADAM28,SLC9A3R2,CXCL14",intestine,fibroblasts,F
Suo_2022_Intestinal,F18,"C1QTNF3,COL14A1,FIBIN,SRPX,DPT,MMP23B,ADH1B",intestine,fibroblasts,F
Suo_2022_Intestinal,F19,"RPS17,RPS10,C7,POSTN,CCDC80,DPT,RPS4Y1,NDUFA11,ATP5PO,EIF4A1,SERPINF1,C1R,MATN2,RHOC,NDUFA13",intestine,fibroblasts,F
Suo_2022_Intestinal,F21,"IFITM1,IGFBP7,CXCL14,TMEM176B,FRZB,FOXF1,PLAT,TMEM176A,ADAMDEC1,PDGFRA,TGFBI,NPY,PDLIM1,CITED2,IGFBP3,NBL1,CEBPD,HLA-B,BMP4,LY6H,NKX2-3,SLC2A3,MGLL,ETS2,CYGB,PROCR,EDIL3,NSG1,ADAM28,F3,FENDRR,BMP5,EDNRB,PLAU,APOD,TBX3,ENHO,F2R",intestine,fibroblasts,F
Suo_2022_Intestinal,F11,"RPS17,RPS10,LINC01082,SHISA3,ADAM28,LRRC17,ARHGAP15,ATP5PO,EIF4A1,NDUFA11,HNRNPA1L2,RPS4Y1,C1R",intestine,fibroblasts,F
Suo_2022_Intestinal,F24,"DES,MYLK,ACTG2,CKB,MYH11,CNN1,RPS17,ID2,RGS5,RPS10,SYNPO2,SLMAP,SMTN,COL4A1,LPP,RGS2,WIF1,NDUFA11,MAB21L2,PPP1CB,ATP5PO,CSRP1,SVIL,PDLIM3,CD9,MICOS10,WDR1,NDUFA13,CARMN,ALDH1A1,CFL2,KCNMB1,CRYAB,MAP1B,CAV1,MAP3K20,NDUFB8,VCL,RAP1A,BAG2,PLN,LMOD1,PPP1R12B,MGP,NEXN,SLC25A4,MRGPRF,NRP2,ECRG4,FLNA",intestine,fibroblasts,F
Suo_2022_Intestinal,F22,"RAD21,H2AZ2,RHEB,TUBB4B,TUBB6,PSME2,BUB3,SNRPB,LSM4,PSIP1,ARL6IP1,CKS1B,TMSB15A,SMC4,TOP2A,TYMS,CBX5,CKS2,UBE2C,SKA2,PTTG1,SAE1,CCDC34,CENPW,NUSAP1,ANP32E,CDK1,TMPO,PCNA,JPT1,TMEM106C,CENPF,CDCA4,HMGB3,PCLAF,SMC2,KPNA2,SMC3,KIF22,GGH,MIS18BP1,H2AX,UBE2T,TK1,MAD2L1,BARD1,CKAP5,KIF20B,PHGDH,MNS1",intestine,proliferating fibroblasts,F
Suo_2022_Intestinal,F14,"RAMP1,ATP1B1,RGS5,CNN1,ALDH1A1,ACTG2,RPS10,BCHE,FHL2,ATP5PO,CSRP2,NDUFA11,PPP1CB,CKB,NRP2,LY6H,PRSS23,DLK1,NDUFC2,NPR3,KCTD12,OSR1,ETV1,HAND1,ANXA3,MYH11,RPS4Y1",intestine,fibroblasts,F
Suo_2022_Intestinal,F15,"PLAT,IGF2,CTSL,RAMP1,TIMP3,SPRY1,RGS5,FHL2,ATP1B1,IGFBP2,LY6H,BCHE,CHCHD10,CSRP2,PRSS23,CNTFR,DLK1,NPR3,KCTD12,SFRP1,OSR1,NNAT,ALDH1A1,PRKAR2B,CRIP2,ETV1,GFRA1,SOSTDC1,HAND1,SNCA,GPR20,EDN3,KIT,COL13A1,ANXA3,MPPED2,FGL2,STK17A,ANO1,ALDH1A2",intestine,fibroblasts,F
Suo_2022_Intestinal,F13,"TMEM176B,RPS17,RPS10,FRZB,TGFBI,PDLIM1,PDGFRA,ADAMDEC1,TMEM176A,NPY,RPS4Y1,CXCL14,F2R,C1R,EIF4A1,PLAT,GEM,BMP4,CCDC68,FENDRR,PROCR,TMEM123,MGLL,NSG1,ADAM28,PLK2,F3,BMP5,EDNRB,MTUS1,PLAU,CDH13,GJA1,APOD,CPM,PTPRE,IFITM1",intestine,fibroblasts,F
Suo_2022_Intestinal,F12,"RGS5,FABP5,CAV1,IGFBP7,BGN,PDLIM1,COL4A1,FRZB,SPRY1,PDGFRB,CRIP2,NR2F2,MEF2C,DLC1,GEM,PHLDA1,MGP,LBH,ISYNA1,EPS8,CPE,TINAGL1,NDUFA4L2,MT2A,EDNRA,PTK2,MCAM,BCAM,A2M,SULT1E1,NOTCH3,CYTOR,COL18A1,SEPTIN4,SERPINI1,EBF1,RASL12,ARHGAP29,ANGPT2,FAM162B,COX4I2",intestine,fibroblasts,F
Suo_2022_Intestinal,F16,"C7,PDLIM1,CCL2,NFKBIA,HLA-B,CTSC,MGP,C1R,LHFPL6,VCAM1,MFGE8,IGFBP3,CSRP2,ID1,FOSB,HERPUD1,MCL1,CPE,JUND,NR2F2,EIF4A1,PPA1,OAZ2,APOE,IL11RA,RPS4Y1,SERTAD1,SERPINF1,CCL19,LGALS3,IRF1,HNRNPA1L2,CD74,SEMA5A,MYC,CCL21,CCDC102B,APOC1,IL34,IL32,CTSH,MSC,CXCL13,ICAM1,CCNL1,PRRX1,RGS16,RBP5",intestine,fibroblasts,F
Suo_2022_Intestinal,M2,"ALDH1A1,CD9,TIMP3,PLAT,FXYD1,ZEB2,CRYAB,AP1S2,S100B,NKAIN4,NDRG2,PLP1,HAND2-AS1,MAPRE2,MOXD1,GPM6B,COL18A1,HAND2,GAS7,MPZ,CRIP2,RASSF4,ABCA8,NRXN1,TTYH1,LGI4,LAMP5,TUBB2B,CDH19,PAQR6,APOE",intestine,enteric glial cells,M
Suo_2022_Intestinal,F29,"COL3A1,FGL2,TSC22D4,DUSP1,CRABP1,PPP1R15A,NFKBIA,RARRES2,AHNAK,OLFML2A,GFRA3,COL4A1,RGCC,EGFL8,COL4A2,NR4A1,MATN2,LAMA4,CADM4,TGFBR2,COL14A1,C1orf198,S100A11,LAMB1,H2AJ,HSPG2,PRSS23,NR4A2,SELENOM,MIA,NR2F2,FLRT3,SAMHD1,PLEKHA4,MAL,MBP,FN1,NRP2,HCFC1R1,LAMC1,ITIH5,ITGA6,ARHGAP15,LAMA2,OLFML2B,RGS10,TNFAIP6,NID2,SCN7A,ADIRF",intestine,enteric glial cells,F
Suo_2022_Intestinal,F25,,intestine,enteric glial cells,F
Suo_2022_Intestinal,F27,"APOE,BCAN,IGFBP7,PAQR6,TPD52L1,HEY1,THY1,HES4,WDR86,ENTPD2,FRZB",intestine,enteric glial cells,F
Suo_2022_Intestinal,F28,"H4C3,TUBB4B,UBE2C,TOP2A,PTTG1,CENPF,H2AZ2,ARL6IP1,RAD21,CKS2,BUB3,LINC00682,CALM3,HP1BP3,SMC4,JPT1,CKB,NUSAP1,CKS1B,LSM5,LSM4,CDK1,FABP5,CBX5,VDAC3,TMSB15A,MACROH2A1,SKA2,H2AX,GGH,KPNA2,MKI67,TYMS,HMGB3,SMC2,KIF22,CDC20,MAD2L1,PHGDH,CCNB1,DTYMK,TMPO,UBE2T,CCNB2,BIRC5,CKAP2,ASPM,TPX2,UBE2S,TUBA1C",intestine,proliferating enteric glial cells,F
Suo_2022_Intestinal,F26,"RPS17,RPS10,RPS4Y1,RHOC,CD59,NDUFA13,ATP5PO,NDUFA11,CNPY2,HNRNPA1L2,NDUFB8,PSMA2,EIF3C",intestine,unknown,F
Suo_2022_Intestinal,M0,"PHGR1,LGALS3,KRT18,TFF3,KRT8,LGALS4,MT1G,EPCAM,AGR2,SERPINA1,TSPAN8,FABP1,MT1H,ELF3,CLDN4,CCL25,TTR,SPINK1,FXYD3,APOA1,MT2A,EFNA1,S100A14,GSTA1,NEAT1,SPINT2,MUC13,ANXA4,CKB,CYP2W1,ANXA13,FABP2,RBP2,ANPEP,APOB,MT1E,PCBD1,CLU,PDLIM1,OAT,ACTN4,PTP4A1,GDF15,TUBB4B,TMEM141,CLDN3,KLF5,STARD10,SAT1,MTTP",intestine,intestinal epithelial cells,M
Suo_2022_Intestinal,F2,"LCN15,IGF2,SLC26A2,KRT19,UGT2B17,AKAP7,RNF186,C10orf99,GUCA2A,TSPAN1,MUC12,C15orf48,PRAC1",intestine,intestinal epithelial cells,F
Suo_2022_Intestinal,F0,"APOA4,APOB,LPGAT1,SULT2A1,PCSK1N,NR0B2,SLC2A2,FOLH1,MELTF,GK,MUC17,DPEP1,ACSL5,AFP,MYL9,HKDC1,DAB2,BTNL3,MXRA8,SLC7A7,GNS,ACE2,MST1,ENPP7,CAPN3,MAF,GLA,APOC3,PIM1,UGCG,GLRX,MAMDC4",intestine,enterocytes,F
Suo_2022_Intestinal,F7,"GUCA2A,RPS4Y1,NDUFA13,C10orf99,LIPH,SNHG25,unknown,unknown,EIF3CL,U2AF1",intestine,intestinal epithelial cells,F
Suo_2022_Intestinal,F5,"CLCA1,FCGBP,MUC2,REG4,GUCA2A,SPINK4,ITLN1,SELENOM,KLK1,ST6GALNAC1,RNASE1,GSN,HEPACAM2,REP15,BCAS1,FRZB,ATOH1,RAP1GAP,FHL2,SPDEF,MLPH,LRRC26,NEURL1",intestine,goblet cells,F
Suo_2022_Intestinal,F6,"RPS10,AADAC,RPS4Y1,ATP5PO,NDUFA13,ARL6IP1,QPRT,MRPL23,EIF4A1,NDUFB8,NDUFC2,CNPY2,SNHG25,unknown,EIF3C,HNRNPA1L2,unknown,NDUFA11,EIF3CL,unknown,CBWD1,U2AF1,GATD3,unknown,SULT1A4,SLX1B,GSTM1",intestine,intestinal epithelial cells,F
Suo_2022_Intestinal,F4,"VIM,ACTG2,CD74,APOC3,APOA4,COL1A1,TAGLN,MLN,SPARC,LGALS1,ACTA2,COL1A2,COL3A1,NTS,TPM2,HLA-DRB1,HBB,CALD1,DES,HLA-DRA,MYLK,IGFBP7",intestine,intestinal myofibroblasts,F
Suo_2022_Intestinal,F9,,intestine,intestinal epithelial cells,F
Suo_2022_Intestinal,F1,"MUC2,LCN15,VIM,CLCA1,FCGBP,ACTG2,IGF2,TAGLN,HSPA6,MLN,ACTA2,LGALS1,CD74,COL3A1,PYY,COL1A1,TPM2,SPARC,CXCL14,CHGA,CALD1,DES,INSL5,CNN1,GCG,COL1A2",intestine,enteroendocrine cells,F
Suo_2022_Intestinal,F3,"VIM,COL1A1,LGALS1,SPARC,COL3A1,MDK,COL1A2,PCSK1N,CXCL14,CALD1,LUM,DCN,COL6A2,VCAN",intestine,fibroblasts,F
Suo_2022_Intestinal,F8,"STMN1,HMGB2,FABP5,ARL6IP1,UBE2C,RAD21,PTMS,PTTG1,CKS1B,H2AX,TOP2A,CCNB1,MLEC,CDK1,CDC20,MKI67,NUSAP1,CENPF,CCNB2,CCNA2,CDKN3,UBE2S,TPX2,CENPM,CDT1,BIRC5,CKAP2,KIF20B,AURKB,CENPK,ORC6,CENPN,RAD51AP1,MND1,PARP2,RANGAP1,RMI2,RRM2,CENPH,CENPU,CDCA4,SHMT1,NUP107,DEPDC1B,LMNB2,ASPM,RPL39L,BARD1,CDC25B,EZH2",intestine,proliferating intestinal epithelial cells,F
Suo_2022_Intestinal,M4,"CAV1,IGFBP4,FABP5,RAMP2,EFNA1,IGFBP7,HLA-E,IL32,HLA-B,CAVIN1,ID1,CRIP2,GNG11,TIMP3,NFIB,S100A16,IGFBP3,BCAM,TM4SF1,SPTBN1,FSCN1,PRCP,MGST2,CAVIN2,EGFL7,CLDN5,ARL4A,PLVAP,CCDC85B,HSPG2,KLF2,MEF2C,RNASE1,PRSS23,PECAM1,A2M,GNAI2,CAV2,VAMP5,CD320,ENG,DEPP1,COL4A1,GJA1,CTHRC1,ICAM2,GMFG,STOM,ARHGAP29,CD34",intestine,endothelial cells,M
Suo_2022_Intestinal,F36,"MGP,UPK3B,COL3A1,POSTN,COL1A1,TPM1,MSLN,KRT19,KRT8,KRT18,ADIRF,COL1A2,TPM2,ANXA1,OGN,C3,RARRES2,BCHE,EMP3,SLPI,CCDC80,DCN,CLDN15,EFEMP1,EZR,CPE,MYL9,TFPI2,HCFC1R1,IGFBP6,IGFBP5,ANXA3,TMEM98,HTRA1,CRIP1,GSTM3,MEST,CLIC3,TAGLN,EFEMP2,EIF4EBP1,SPRY1,ID4,PMP22,PLP2,CCN1,COL6A1,COL8A1,C1S,MT1E",intestine,fibroblasts,F
Suo_2022_Intestinal,F35,"CCL21,TFPI,NTS,TFF3,ARL4A,LYVE1,PROX1,NUPR1,CEBPD,MMRN1,PLSCR4,STAB2,unknown,NR2F2,DKK3,RELN,RHOJ,FLT4,NR2F1,PTX3,LAPTM5,SPHK1,TSHZ2,STXBP6,CD47",intestine,lymphatic endothelial cells,F
Suo_2022_Intestinal,F34,"SPARCL1,RGCC,CLEC3B,MADCAM1,IGF2,PLVAP,CD34,NPDC1,APLNR,C1orf54,TCIM,JAM2,COL15A1,FLT1,CLEC14A,NRP1,RBP5,SOX7,ESAM,RNASE1",intestine,vascular endothelial cells,F
Suo_2022_Intestinal,F39,"NTS,TFF3,RPS17,RPS10,ECSCR,PLSCR4,PROX1,RPS4Y1,CTSD,MMRN1,PCAT19,CCL21,EIF4A1,NDUFA13,CD47,LYVE1,NDUFA11,ATP5PO,TSHZ2,NR2F1,CCL14,PPIC,ALDH2,MICOS10,NDUFC2,C1orf21,TMBIM4,PTPRE,STAB2,ARL2,PPP1R2,RAB5C,PSMA2,NDUFB8,PSMA1,CNPY2,BLCAP,ARL6IP1,C6orf141,TRMT9B,MYZAP,SERF1B,CLU,MAGED4,MAGED4B",intestine,lymphatic endothelial cells,F
Suo_2022_Intestinal,F38,"IGFBP3,IGF2,RNASE1,GJA4,CLEC3B,AQP1,SRGN,ESAM,PODXL,RBP7,DLL4,MGLL,MYO10,PRND,CD93,CXCR4,ACVRL1,NOTCH4,BHLHE40,TP53I11,UNC5B,FLT1,CXCL12,MCAM,MMRN2,HES4,MECOM,ACE,JAM2",intestine,vascular endothelial cells,F
Suo_2022_Intestinal,F37,"RPS17,RPS10,ECSCR,C1orf54,TCIM,NDUFA13,NDUFA11,ATP5PO,NDUFC2",intestine,endothelial cells,F
Suo_2022_Intestinal,M6,"CD74,HLA-B,HLA-DRA,HLA-E,HLA-DRB1,SRGN,SLC2A3,COTL1,VAMP8,ARHGDIB,LTB,EVL,RGS1,LSP1,TYROBP,CD52,CXCR4,RNASET2,CORO1A,GMFG,LAPTM5,AIF1,LIMD2,RAC2,FCER1G,TNFAIP3,GPSM3,LST1,PTPRC,LCP1,UCP2,CD37,HCST,JAML,CYTIP,CD53,HCLS1,WAS",intestine,myeloid cells (likely macrophages or dendritic cells),M
Suo_2022_Intestinal,F46,"COL1A1,COL3A1,COL1A2,SPARC,LGALS1,MFAP4,MDK,LAPTM4A,SERPINH1,CALD1,DCN,LUM,COL6A2,CXCL12,VCAN,BEX3,PTN,TPM2,TPM1,MYL9,PTMS,IGFBP5,TCF21,MFAP2,SPARCL1,COL6A3,FBLN1,IGFBP7,COL6A1,NREP,LTBP4,MEST,SOX4,MMP2,RBP1,MAGED2,ADAMDEC1,PCOLCE,FSTL1,AKAP12,FHL1,NID1,RARRES2,OLFML3,FOXF1,COL5A2,COL5A1,C1S,FN1,COL4A2",intestine,fibroblasts,F
Suo_2022_Intestinal,F44,"CST3,HLA-DPA1,HLA-DPB1,CEBPD,LYZ,NPC2,HLA-DRA,HLA-DQB1,CPVL,HLA-DQA1,HLA-DRB1,SPI1,HLA-DMA,GATM,PYCARD,CD14,TMEM176A,CXCL16,CCL3,FCGRT,RNASET2,HLA-DRB5,FGL2,TYROBP,PLSCR1,C1QB,CTSZ,DNASE1L3,ITGB2,CD68,BID,HMOX1,C1QA,GRN,IER5,GLUL,ASAH1,CD86,LGMN,MS4A6A,CTSS,CTSB,ATF3,SYNGR2,TMEM176B,CSF1R,C1QC,MAFB,TGFBI",intestine,macrophages,F
Suo_2022_Intestinal,F50,"SELENOP,C1QC,ZEB2,SLC40A1,MS4A7,CSF1R,SAMHD1,NAIP,IL10RA,STAB1,MS4A6A,MAF,FGL2,MEF2C,AOAH,CD163L1,ITPR2,RNF213,C1QA,LPAR6,CYBB,DUSP6,UTRN,DNASE1L3,CD36,RB1,CXCL12,CCDC88A,CFLAR,USP15,P2RY13,AHR,SEC14L1,TBXAS1,LINC00996,MRC1,FGD2,DAB2,LILRB5,MS4A4A,MFSD1,DMXL2,SYK,DOCK8,NRP1,ADAP2,VPS13C,GPRIN3,ITGA4,PTPRE",intestine,macrophages (M2-like),F
Suo_2022_Intestinal,F49,"NKG7,GZMA,CCL5,CD247,STK17A,TRBC2,CD96,CLEC2B,TUBB4B,CST7,GZMM,TYMS,CARHSP1,SMC4,CKS1B,UBE2C,TOP2A,NUSAP1,TRDC,MKI67,CENPM,BIRC5,ITM2A,TPX2,KLRB1,TMIGD2",intestine,unknown,F
Suo_2022_Intestinal,F45,"IL7R,IL32,CD7,CD52,CD3E,CD3D,KLRB1,S100A4,LCK,CD247,ERN1,SPOCK2,TRBC1,TRDC,CD96,TRBC2,TMIGD2,STK17A",intestine,unknown,F
Suo_2022_Intestinal,F47,"RPS17,IL32,RPS10,TRBC1,CD3D,CD3E,CD69,RPS4Y1,TMIGD2,LCK,TRAC,CD96,TRBC2,ACAP1,IL2RG,unknown,unknown,NDUFA13,CKLF",intestine,unknown,F
Suo_2022_Intestinal,F52,"ANXA1,ALOX5AP,S100A6,S100A4,CAPG,SLC40A1,LMO4,MIR23AHG,TSC22D1,LMNA,SAMSN1,DDAH2,KIT,BEX4,SERPINB1,ARHGAP18,FXR1,CD82,HPGDS,TNFSF10,TPSAB1,CPPED1,HPGD,CNRIP1,GRAP2,TPSB2,GIHCG,ALDH1A1,CPA3,VWA5A,RHEX,LTC4S,P2RX1",intestine,mast cells,F
Suo_2022_Intestinal,F48,"IGHM,CD79B,CD79A,VPREB3,MS4A1,TCL1A,CD24,NIBAN3",intestine,unknown,F
Suo_2022_Intestinal,F51,"PLAC8,ALOX5AP,IRF8,PLD4,TPM2,RNASE6,TCF4,IGKC,PLEK,SERPINF1,MEF2C,JCHAIN,OFD1,RAB11FIP1,PLP2,IRF7,unknown,CLIC3,CCDC50,SELL,C12orf75,GZMB,GNA15,CCDC186,IGLC2,UGCG,NIBAN3,IGLC3,MZB1,BCL11A,SEL1L3,IDH3A,IL3RA,CARD11,TSPAN13,SPIB,FUZ,ST6GALNAC4,TNNI2,PTCRA,DERL3",intestine,plasmacytoid dendritic cells (pDCs),F
Suo_2022_Intestinal,M5,"TTR,SPINK1,FXYD3,SPINT2,PCSK1N,KRT19,ALDH1A1,RGS2,PHGR1,CHGA,SCT,CPE,CYSTM1,CDHR5,LGALS4,CD24,CISD1,KCTD12,BEX1,AGR2,SERPINA1,TFF3,TSTD1,STARD10,PAM,SEC11C,DSP,F10,EPCAM,DDC,CDH17,HOPX,SCG5,QDPR,CLDN4,CLDN3,SCGN,TM4SF5,CHGB,TM4SF4,KRT8,SCG2,HEPACAM2,NEUROD1,MLXIPL,MS4A8,CRYBA2,SCG3,FEV,QPCT",intestine,enteroendocrine cells,M
Suo_2022_Intestinal,F40,"PYY,CLU,SST,ISL1,CCK",intestine,SST-expressing enteroendocrine cells,F
Suo_2022_Intestinal,F41,"REG4,HOPX,LGALS3,RAMP1,LGALS2,SLC18A1,RAB3C,TPH1",intestine,enterochromaffin cells,F
Suo_2022_Intestinal,F42,"TPH1,NPW,PRAC1,IGFBP3,GCLC,NR4A1,TFF1,SLC38A11,PEG10,RGS4,SLC18A1,FXYD2,MCOLN3,SLC7A2,AMIGO2,CDKN2A,ODC1,HOXB13,LMX1A,ITPR2,GLIS3,RXFP4,PSTPIP1,SULF2,LCN15",intestine,enteroendocrine cells,F
Suo_2022_Intestinal,F43,"VIM,COL1A1,MFAP4,COL1A2,COL3A1,MEG3,SPARC,SERPINH1,LGALS1,IFITM3,CALD1,NREP,MFAP2,ZFP36L1,VCAN,LUM,DCN,COL6A2,PTN,FBLN1,COL6A3,MMP2,IGFBP5,TPM2,SPARCL1,EMP3,FN1,CXCL12,LTBP4,TCF21,SPON2,FSCN1,RBPMS,RARRES2,NFIA,C1S,PCOLCE,FSTL1,MMP14,IGFBP4,RGS10,TCF4,EFEMP2,CRTAP,KANK2,COL5A1,NBL1,PMP22,TSHZ2",intestine,fibroblasts,F
Suo_2022_Intestinal,M3,"MEG3,CD9,CRIP2,RAMP1,TCF4,MAP1B,PCSK1N,BUB3,TUBB2A,RTN3,MLLT11,NNAT,PFDN4,TUBB2B,RBFOX2,CD24,HOXB5,UCHL1,AP1S2,BEX1,DPYSL3,NCAM1,CFAP20,FSCN1,GDI1,SYT1,C4orf48,HAND2-AS1,MAPK10,STMN2,HEBP2,NCOA7,HOXA5,TCEAL7,BEX2,CADM1,PAFAH1B3,LINC00682,CRABP1,NSG1,JPT1,PRPH,SCG5,CRMP1,GAL,SNX7,HAND2,GAP43,KIF21A,ASCL1",intestine,Enteric neurons,M
Suo_2022_Intestinal,F33,,intestine,Enteric neurons,F
Suo_2022_Intestinal,F30,"RPS17,RPS10,ATP5PO,NDUFB8,NDUFA11,EIF4A1,RPS4Y1,NDUFA13,SNRPN,NDUFC2,ARL6IP1,CSNK2B,PSMA2,HNRNPA1L2,STARD4-AS1,EIF3CL,EIF3C,ABHD14A,ARPC1A",intestine,Enteric neurons,F
Suo_2022_Intestinal,F31,"IFITM3,APOE,ZFP36L1,S100B,COL1A2,PLP1,SAT1,COL1A1,TIMP3,PNRC1,TMEM176B,FXYD1,ALDH1A1,CD99,TMEM176A,CRYAB,GNG5,ANXA2,EMP2,CCL2,IGFBP4,PMP22,GPM6B,LAMP5,PLAT,IGFBP7,RASSF4,PAQR6,MPZ,SERPINE2,HES4,EMP3,VCAN,WDR86,COL5A2,TTYH1,NID1,SOX2,CDH19,PRIMA1,SPATS2L,ABCA8,ERBB3,DUSP6",intestine,Enteric glial cells,F
Suo_2022_Intestinal,F32,"PHOX2A,TAC3,ID4,TSHZ2,CRABP2,TIMP3,EEF1A2,TTC9B,TPD52L1,NXPH4,SLC5A7,SNX10-AS1,ZNF804A,CALB1,GPC6,PLPPR5",intestine,Enteric neurons,F
Suo_2022_Intestinal,M7,"GYPC,BLVRB,YBX3,PIM1,SLC25A39,MKRN1,SLC25A37,FBXO7,HBB,ADIPOR1,CISD2,NCOA4,RNF10,SELENBP1,SNCA,GLRX5,FAM210B,R3HDM4,MPP1,HBA2,DCAF12,BCL2L1,HBG1,HBG2,HBA1,STRADB",intestine,erythroid progenitor cells,M
Suo_2022_Intestinal,F53,"COL3A1,LGALS1,COL1A1,SPARC,COL1A2,MDK,DCN,CALD1,COL6A3,VCAN,CXCL12,LUM,MFAP4,FSTL1,COL6A2,TCF21,SPARCL1,PTN,NID1,OLFML3,IGFBP5,NREP,EMP3,CDH11,TPM2,COL6A1,PCOLCE,COL5A2,TSHZ2,FBLN1,HSPB1,RBP1",intestine,fibroblasts,F
Suo_2022_Intestinal,F54,"RBP2,APOA1,FABP1,SERPINA1,LGALS3,TTR,EPCAM,APOA4,PHGR1,ASS1,CTSA,S100A14,ANXA4,AMN,GSTA1,NPC2,MUC13,SAT2,CST3,LGALS4,S100A10,PRR13,ANPEP,ASAH1,KRT8,ANXA13,NEAT1,CD68,FCGRT,CDHR5,TMEM141,DBI,SMIM24,CLDN3,MTTP,CLIC1,HLA-C,SAT1,SLC9A3R1,APOB,KRT18,HEBP1,CLDN4,CLDN7,TSPAN3,ALKBH7,LGMN,CYP2W1,GRN,SLC3A2",intestine,enterocytes,F
