Data,Cluster,Markers,Organization,cell_type,level
Suo_2022_Liver,M4,"LTB,CD52,IGHM,IGLL1,SOX4,CD79B,TCL1A,CD79A,VPREB3,CD24,RCSD1,VPREB1,MZB1,CXCR4,NIBAN3,BLNK,HLA-DRA",liver,B cells,M
Suo_2022_Liver,F28,"CD7,AIF1,LST1,EGFL7,ACY3,MYH9,C1QTNF4,CD44,RPS4Y1,SMIM24,PGD,GSN,CNN2,SLC9A3R1,ZYX,JCHAIN,CD34,HCST,NKG7,TSC22D1,SPINK2",liver,unknown,F
Suo_2022_Liver,F26,"MT-ATP8,TCL1A,MTRNR2L12,HLA-DRB5,NCF1,FCRLA,BACH2,HLA-DQA2,RUBCNL,HLA-DQA1",liver,memory B cells,F
Suo_2022_Liver,F24,"IGLL1,ATP5PO,PCLAF,UBE2C,CSNK2B,NUSAP1,TOP2A,PSMA1,PCNA,CKS1B,CENPF,MKI67,HBG2",liver,unknown,F
Suo_2022_Liver,F25,"IGLC2,IGLC3,TCL1A,SPIB,MS4A1,HLA-DQB1,HLA-DQA1,FCRLA,HLA-DMB,IGHD,BIRC3",liver,memory B cells,F
Suo_2022_Liver,F29,"CD9,DNTT,AKAP12,DEPP1,ARPP21,GNG11,SOCS2,FHIT,RAG1,LINC01013",liver,pro-B cells,F
Suo_2022_Liver,F27,"IGLL1,UBE2C,TYMS,TOP2A,PTTG1,CKS1B,CENPF,H2AX,UHRF1,KPNA2,TMPO,CDC20,SMC4,CCNB2,NUCB2,PSIP1,KIF22,NUSAP1,LMNB1,BIRC5,PSMA6,CDK1,AURKB,MKI67,TPX2,H1-3,ZWINT,MAD2L2,TUBB4B,DNMT1,SPC24,NCAPH,RPA3,CDCA2,DDX39A",liver,proliferating B cells,F
Suo_2022_Liver,F30,"TUBB2B,ID2,XIST,CKB,BEX3,MLLT11,PAFAH1B3,VAMP2,EIF4A1,NDUFC2,MAP1B,RTN3,UBE2S,H1-0,MARCKS,CD63,DSTN,MDK,DCTN2,SNRPN,HBG2,GDI1,MAGED2,NME1,TUBB2A,STMN2,EGR1,PHPT1,MGST3,DYNLT1,DBN1,RDX,BASP1,NNAT,ACAT2,NDUFB8,MIR9-1HG,NFIB,SEPTIN11,NEUROD6,GADD45G,TMSB15A,TCEAL4,TSC22D1,CSRP2,UCHL1,SOX11,BEX1,FABP7,FSCN1",liver,unknown,F
Suo_2022_Liver,M5,"ALB,APOA1,SERPINA1,AMBP,MT1G,APOA2,AHSG,APOC3,MT1H,TTR,APOC1,FABP1,FGB,MT1E,MT1X,APOE,VTN,AFP,APOH,FGG,MT1F,APOB,MEG3,GPC3,AGT,RBP4,TF,CLU,FGA,ITIH2,ALDOB,S100A10,ITIH1,BEX1,KRT18,CYB5A,GATM,GSTA1,ASS1,GC,MT1M,FN1,ASGR1,APOM,SERPINF1,BNIP3,IDI1,KRT8,SERPINF2,CPS1",liver,hepatocytes,M
Suo_2022_Liver,F32,"HBA2,HBA1,FGL1,HBG2,PRAP1,NDUFB8,HBM,ATP5PO,HBZ,S100A4,HBG1,MYL4,XIST,FAM178B,SLC51A",liver,fetal hepatocytes,F
Suo_2022_Liver,F31,"MT-ATP8,RPS4Y1,SPINK1,unknown,unknown,DDTL,ACOT1",liver,hepatocytes,F
Suo_2022_Liver,F33,"CKS2,HMGB2,KPNA2,PTTG1,TUBA1C,UBE2C,CCNB1,TOP2A,CDK1,CENPF,NUSAP1,CCNA2,MKI67,TUBA1A,CENPU,AURKB,ASPM,PBK,CDCA3,TPX2,PLK1,HMMR,SPAG5,TACC3",liver,proliferating hepatocytes,F
Suo_2022_Liver,F36,,liver,hepatocytes,F
Suo_2022_Liver,F34,,liver,hepatocytes,F
Suo_2022_Liver,F35,"SNHG25,CKS2,HMGB2,CKS1B,KPNA2,PTTG1,UBE2C,RRM2,BIRC5,MKI67,AURKB,ASPM,PBK,TPX2,PLK1,HMMR,AURKA,MND1,TACC3,KNSTRN",liver,proliferating hepatocytes,F
Suo_2022_Liver,M3,"PRSS57,GIHCG,CNRIP1,MYC,HBD,PCLAF,GATA2,ITGA4,KCNH2,TESPA1,FAM178B,TYMS,CSF2RB",liver,unknown,M
Suo_2022_Liver,F23,,liver,unknown,F
Suo_2022_Liver,F21,"CPA3,VWA5A,HPGD,GABARAP,unknown,KIT,SLC18A2,LINC02829,TPSD1,PLA2G2A,ATP6V0C,AHNAK,TNFSF10,TPSB2,MT-ATP8,GRAP2,TYROBP,SLC45A3,VAT1,SVOPL,RHEX,ANXA1,MITF,HDC,MS4A2,IL1RL1,SLC2A3,CAPG,BHLHE40,S100A11,TPSAB1,TNFAIP3,FERMT2,ID2,ALOX5AP,ALOX5,STX3,ARHGAP18",liver,mast cells,F
Suo_2022_Liver,F19,"RPS4Y1,U2AF1,unknown,EIF3CL,unknown,MT-ATP8,SLX1B,SLX1A,DDTL,SMN2,MTRNR2L12",liver,unknown,F
Suo_2022_Liver,F18,"FAM178B,APOC1,HBA1,HBA2,MRPL12,RHAG,EPCAM,AHSP,KCNH2,TLCD4,FAM89A,unknown,ADD2,SLC16A9",liver,unknown,F
Suo_2022_Liver,F20,"ANXA1,HDC,ALOX5AP,ID2,MS4A3,RHEX,S100A11,TPSAB1,CXCL8,CPA3,FOSB,VWA5A,CAPG,unknown,HPGD,IL1RL1,SLC18A2,TNFAIP3,BIRC3,TPSB2,EVI2B,CD48,CCL4,TYROBP,TNFSF10",liver,mast cells,F
Suo_2022_Liver,F22,"CCL4,CCL3,ALOX5AP,TYROBP,HSPA6,HCST,HLA-B,NKG7,IFITM1,HOPX,CST7,SLFN5,CCL5,SORL1,BIN1,SH2D2A,KLRB1",liver,unknown,F
Suo_2022_Liver,M0,"TYROBP,LGALS1,HLA-DPA1,RNASET2,HMOX1,RNASE1,CTSS,FCER1G,CREG1,SPI1,DAB2,HLA-DPB1,HLA-DRA,MAFB,CCL3,LIPA,CSF1R,C1orf162,CCL4,CYBB,FCGR3A,GLIPR1,SAMHD1,CD68,LST1,GRN,HLA-DRB5,MPEG1,ITGB2,S100A9,HLA-DRB1,CD14,CXCL16,NINJ1,TIMD4,LILRB5,RGS2,IL10RA,CPVL,CD36,KCTD12,ADAP2,HLA-DMB,COTL1,RAB31,FCGR2A,LGMN,IGSF6,ADA2,C1QB",liver,Kupffer cells,M
Suo_2022_Liver,F0,"HBG2,CD5L,HBA2,HBA1,MARCO,MT1G,CXCL12,VCAM1,MAF,RNASE1,SELENOP,SDC3,CETP,FUCA1,ARL4C,ABCA1,ATP1B1,VSIG4,EGFL7,CD163,C2,RND3,FOLR2,EPAS1,FABP3,ANKH,APOE,TSPAN4,SUCNR1,ITGA9,LILRB5,MS4A4A,LYVE1,CDH5,TIMD4,ACVRL1,MCOLN1,AXL,APOC1,PLA2G7,NRP1,CTSL,A2M,CD81",liver,Kupffer cells,F
Suo_2022_Liver,F6,,liver,Kupffer cells,F
Suo_2022_Liver,F1,"LSP1,PLD4,PLP2,GPR183,CCDC50,IRF7,JAML,ITM2C,CD37,IGKC,C12orf75,CD7,CAPG,SPIB,IL3RA,GPX7,NREP,MAD2L1,UHRF1,CENPK",liver,Kupffer cells,F
Suo_2022_Liver,F3,"MT-ATP8,MTRNR2L12,ATP6V0C,HLA-DQA1,CLEC10A,HLA-DQA2,NME2,HLA-DQB1",liver,Kupffer cells,F
Suo_2022_Liver,F4,"S100A8,S100A12,FCN1,MNDA,RETN,TSPO,VCAN,CSTA,RBP7,C5AR1,PLP2,SLC2A3,CAPG,SELL,NFKBIZ,G0S2,THBS1,IL1B,NCF1,ICAM3,CSF3R,MXD1,PLBD1,BCL2A1,TNFAIP3,CD37,NCF2,CD52,CXCL8,FGR,S100P,NUP214,C19orf38,CDA,SLC11A1,TREM1,PADI4,ASGR1,IL1RN,BST1,VNN2,JAML",liver,Kupffer cells,F
Suo_2022_Liver,F2,"RPS4Y1,SPP1,ATP6V0C,MT-ATP8,EIF3C,U2AF1,EIF3CL",liver,unknown,F
Suo_2022_Liver,F5,"HLA-DQB1,HLA-DQA1,C1orf54,CD83,DNASE1L3,S100B,DUSP2,LGALS2,CPNE3,SHTN1,PPA1,CLEC9A,WDFY4,RGCC,RAB7B,HLA-DQA2,EGLN3,IDO1,P2RY14,APOL3,SLAMF7,FLT3,DENND1B,CADM1",liver,Kupffer cells,F
Suo_2022_Liver,M7,"DLK1,ID3,S100A10,MDK,SPARC,RBP1,MEG3,ID1,TPM1,CALD1,SOCS3,EGR1,FCN3,CXCL12,ECM1,SERPINH1,IGFBP7,GNG11,RHOC,COL1A1,COL3A1,DNASE1L3,MARCKS,DCN,RAMP2,BGN,APP,TFPI,CLEC1B,COL1A2,PTN,TCEAL9,KRT18,TCIM,CAV1,AKAP12,COL6A2,IL6ST,CNN3,NID1,LDB2,CAVIN2,FXYD6,RELN,S100A16,SLC2A3,COL4A2,COL6A1,EMILIN1,PLPP3",liver,hepatic stellate cells,M
Suo_2022_Liver,F49,"CCN1,KRT8,MFAP2,IGFBP5,RPS4Y1,CRABP2,LMO4,APOE,GPC3,RAB34,COL9A3,TNNT1,DMKN,WT1,ROR1,UCHL1,BEX2,DOCK11",liver,hepatic stellate cells,F
Suo_2022_Liver,F44,"FCN3,DNASE1L3,CLEC1B,OIT3,S100A16,LYVE1,NTS,MS4A6A,CTSD,FCN2,GMFG,DAB2,ADM,PRCP,CAVIN2,CLDN5,CETP,LPAR6,GIMAP4,GPR182,AP1S2,TSPAN7,CLEC2B,MYCT1,STAB2,CRHBP,ACP5,TINAGL1,COTL1,CCL14,MAF,CDH5,KDR,MRC1,CCL23,FEZ1,ESAM,IL33,CD36,FGF23,CD14,ICAM2,PLVAP,ARHGAP29,ECSCR,HSPG2,LGMN,NRP2,TM4SF1,FLT1",liver,liver sinusoidal endothelial cells (LSECs),F
Suo_2022_Liver,F45,"COLEC11,DLK1,DCN,IGFBP3,GPX3,DIO3,HGF,COLEC10,PTN,CXCL12,ASPN,OLFML3,NR1H4,MFAP4,MASP1,LRRC17,HHIP,CXCL14,GGT5,PCDH9,PELO,EDNRB,NID2,RARRES2,CTSC,HS3ST3B1,SPRY1,PDGFRB,POSTN,NPR3,LIFR,LUM,MT1E,CCBE1,PCOLCE,PTGIR,AGTR1,NGFR,RAMP1,COL6A1,CLEC11A,TNFRSF11B,COL6A3,COL5A2,APOA2,COL3A1,MYL9,PEG3,ACTA2,COL1A1",liver,hepatic stellate cells,F
Suo_2022_Liver,F51,"TM4SF1,PLVAP,IL33,CLEC14A,CD320,TSPAN7,ESAM,GJA4,HSPG2,MYCT1,EMCN,PCAT19,EFNA1,CTNNAL1,ECSCR,TSPO,TGM2,CALCRL,F8,A2M,BCAM,PECAM1,CDH5,EFNB1,CD40,ARL4A,MMRN2,RNASE1,CD34,ELK3,BMPER,SLC9A3R2,GIMAP4,PRSS23,FLRT2,SCGB3A1,ICAM2,SRGN,CD9,TUBA4A,ADIRF,TIE1,AQP1,ABCG2,MECOM",liver,liver sinusoidal endothelial cells (LSECs),F
Suo_2022_Liver,F47,"GABARAP,CDKN1A,PLVAP,BHLHE40,NPDC1,WWTR1,FEZ1,ALDOA,IFITM1,NRP2,CLEC1B,SHC1,A2M,ICAM1,KDR,MTRNR2L12,CD14,ANGPTL4,FLT1,MT-ATP8,TIE1,MRC1,CAVIN2,MYCT1,ESAM,F2R,FGF23,CD36,ACP5,TFPI2,CDH5,ARHGAP29,DAB2,STAB2,HSPG2,TINAGL1,ICAM2",liver,liver sinusoidal endothelial cells (LSECs),F
Suo_2022_Liver,F48,"LUM,PLAC9,GPC3,IGFBP5,ITM2A,VCAN,SERPINE2,THY1,MGP,OGN,SPARCL1",liver,hepatic stellate cells,F
Suo_2022_Liver,F46,"CXCL14,COLEC11,CXCL12,MT-ATP8,IGF2,RPS4Y1,NR1H4,IFITM1,GABARAP,EDNRA,COL5A2,PEG3,CD248,ROBO2,C4orf48,COLEC10,COL14A1,COL6A3,RHOBTB3,EPS8,CSRNP1,RSPO3,TUSC3,NGFR,ALPL,FN1,POSTN,RXRG,DIO3,MTRNR2L12,MASP1,MFAP4,GDF2,HGF,MFAP2,HHIP,COL3A1",liver,hepatic stellate cells,F
Suo_2022_Liver,F50,"H4C3,IGF2,HBG1,COL14A1,TYMS,UBE2C,RARRES2,CXCL14,PTTG1,CD248,CKS1B,KPNA2,TOP2A,H2AX,SMC4,CENPF,CDK1,MKI67,ROBO2,CENPW,NUSAP1,TMSB15A,CCNB1,COL5A2,RRM2,PEG3,EDNRA,AURKB,TPX2,MFAP2,ASPM,CCNA2,PSRC1,KIF20B,CENPU,FBXO5,TACC3,KIF20A,ORC6,KIFC1,NUF2,DLGAP5,PIMREG,NDC80,ANLN",liver,activated hepatic stellate cells,F
Suo_2022_Liver,M8,"LYZ,S100A9,PLAC8,TSPO,MPO,GIHCG,RETN,CFD,CLEC11A,PRSS57,PRTN3,MNDA,AZU1,STXBP2,CSTA,MS4A3,CTSG,RNASE2",liver,neutrophils,M
Suo_2022_Liver,F52,"HBG2,HBA2,NDUFB8,HBA1,ELANE,IGLL1",liver,unknown,F
Suo_2022_Liver,F54,"RPS4Y1,ZFP36,MT-ATP8,MTRNR2L12,U2AF1,EIF3C,EIF3CL,unknown,GABARAP,unknown,CBWD3,DDTL,SLX1A",liver,unknown,F
Suo_2022_Liver,F53,"S100A9,unknown,S100A8,ANXA2,FCN1,SAMHD1,S100A10,VCAN",liver,neutrophils,F
Suo_2022_Liver,F55,"C1QTNF4,GABARAP,DEFA4,ELANE,NME2",liver,neutrophils,F
Suo_2022_Liver,M6,"CD52,NKG7,LTB,CD69,KLRB1,CD44,DUSP2,CD7,IFITM1,RGS1,EVL,NR4A2,TNFAIP3,CCL5,ALOX5AP,CXCR4,GZMA,CD48,LSP1,IL32,CTSW,IRF1,TRBC1,ETS1,CST7,TRDC,CD3D,KLRC1,PTPRC,XCL1,PLAAT4,TRBC2,CD3E,CD247,GZMM,GZMK,IL2RB,PRF1,CLIC3,LCK,KLRD1,SH2D1A,TRAC,TSC22D3,PRKCH,CD96,SAMD3,CCL3,CCL4",liver,natural killer T (NKT) cells,M
Suo_2022_Liver,F41,"CST3,HLA-DRA,HLA-DPA1,LGALS1,C1QC,C1QA,C1QB,HLA-DRB1,S100A9,CCL3L1,HLA-DPB1,TIMP1,ANXA1,CTSB,TSPO,RNASET2,NPC2,RGS10,CTSS,CCL4L2,RHOB,FCGRT,IER3,HMOX1,GLUL,LYZ,IFITM3,CXCL8,PYCARD,FCGR3A,ASAH1,ANXA5,CD68,SAMHD1,NAMPT,GRN,MS4A7,MS4A6A,HLA-DRB5,IL1B,SLC40A1,BLVRB,SOD2,LGMN,MARCKS,LIPA,PLAUR,CD14,HLA-DQB1,C1orf162",liver,Kupffer cells,F
Suo_2022_Liver,F40,"IL7R,MTRNR2L12,GABARAP,MT-ATP8,AQP3,SLC16A3,TNFRSF25,TOX2,TCF7,HPN,ITM2C,KIT,TSPO,LINC00299,IGFBP7,IL1R1,SCN1B,JAG1,BCAS1,MATN2,RASD1,RARG",liver,natural killer T (NKT) cells,F
Suo_2022_Liver,F43,,liver,natural killer T (NKT) cells,F
Suo_2022_Liver,F38,"LST1,IL7R,ITM2C,TIMP1,PRMT9,TSPO,PEG10,TEX30,IL4I1,SCN1B,TNFRSF25,KIT,IL1R1,HPN",liver,natural killer T (NKT) cells,F
Suo_2022_Liver,F37,"MT-ATP8,IFITM3,MTRNR2L12,GABARAP,ATP6V0C",liver,unknown,F
Suo_2022_Liver,F39,"PCLAF,UBE2C,TUBB4B,TOP2A,CKS1B,MKI67,SMC4,ARL6IP1,CENPF,PCNA,NUSAP1,PTTG1,PSMA2,UBE2S,TYMS,RRM2,RPA3,CDK1,CENPM,TMPO,SMC2,AURKB,BIRC5,ZWINT,KPNA2,GTSE1,SPC25,DLGAP5,CDCA8,PLK1,KIF2C,MXD3,SGO1,AURKA,HMMR,CDCA3",liver,unknown,F
Suo_2022_Liver,F42,"MT-ATP8,CNN2,RGS10,CD3G,IL7R,AQP3,TCF7,NME2,CD27,CAMK4,SELL,LEF1,SIT1,CD5",liver,natural killer T (NKT) cells,F
Suo_2022_Liver,M1,"HBA2,HBA1,HBB,AHSP,HBM,HBG1,HBZ,SLC25A37,ALAS2,GYPA,MYL4,HMBS,SNCA,GYPB,HEMGN,SLC4A1,KLF1,FECH,SMIM1,UBAC1,RHAG,RFESD,EPB42,HBQ1,OAT,SELENBP1,SPTA1,DMTN,RHCE",liver,erythroid progenitor cells,M
Suo_2022_Liver,F14,PCLAF,liver,erythroid progenitor cells,F
Suo_2022_Liver,F10,"CST3,C1QB,CD74,C1QA,SLC40A1,C1QC,AIF1,HMOX1,FCGRT,HLA-DRA,TYROBP,FCER1G,LGMN,HLA-B,LIPA,SELENOP,LST1,TENT5C,TMCC2,NEAT1",liver,Kupffer cells,F
Suo_2022_Liver,F13,"HBE1,MT1G,unknown,MT1H,MT1X,MT1E,ADIPOR1,CTSE,MT1F,GABARAP,SLC39A8,PCGF5,PRXL2A,CITED2,TUBA1A,GDF15,TUBA4A,BEX1,GNG2,ESPN,SOD3,NGRN,TF,MAP1A",liver,erythroid progenitor cells,F
Suo_2022_Liver,F11,"MIF,KCNH2,GABARAP,AHCY,MT-ATP8,TOMM5,ALDOA,NME2,RNASEH2A",liver,erythroid progenitor cells,F
Suo_2022_Liver,F12,"SYNGR1,IMPDH2,KCNH2,FAM178B,GLRX,SMC3,MTDH,APEX1,DDX46,ERP29,SRRM2,PPIG,FUS,TOP2A,PPT2,REST,TK1,MKI67,CENPF,SEC63,HSP90B1",liver,proliferating erythroid progenitor cells,F
Suo_2022_Liver,M2,"EGFL7,CD52,PRSS57,LSP1,SPINK2,TAOK3,HOPX,SMIM24,ITGA4,C1QTNF4,CYTL1,CD34,ICAM3,CDCA7,SOX4,GIHCG,TRH,SEPTIN6,CD200,HOXA9",liver,hematopoietic stem cells (HSCs),M
Suo_2022_Liver,F15,"HBG2,ATP5PO,HBA1,HBA2,PSMA2,MRPL12,SNHG25,EMG1,FXN",liver,erythroid progenitor cells,F
Suo_2022_Liver,F17,"MT-ATP8,MTRNR2L12,GABARAP,NME2,HSPA6,PTPRCAP,HLA-DQA2,EIF4EBP3",liver,unknown,F
Suo_2022_Liver,F16,"RPS4Y1,C1QTNF4,EIF3C,unknown,EIF3CL,GABARAP,U2AF1,DDTL,unknown,MT-ATP8,SLX1B,GSTM1,MTRNR2L12",liver,unknown,F
Suo_2022_Liver,M10,"HMOX1,C1QA,FCN3,MT1G,MS4A6A,C1QC,RNASE1,C1QB,MT1H,FABP1,ALB",liver,Kupffer cells,M
Suo_2022_Liver,F7,"DNASE1L3,FCN3,S100A10,S100A16,RBP1",liver,Kupffer cells,F
Suo_2022_Liver,F9,"NEAT1,WSB1,KLF6,MS4A7,CCL3,XIST,LILRB5,FRMD4A,NR1H3,N4BP2L2,CD163,ABCA1,MAFB,MCOLN1",liver,Kupffer cells,F
Suo_2022_Liver,F8,"HMGA1,H2AZ1,NCL,LDHB,PPBP,TAGLN2,H4C3,SLC25A5,EIF5A,UBE2C,RPS4Y1,ZYX,S100A4,HMGN1,HSPA5,SRSF2,H1-4,HBD,RPL22L1,HNRNPDL,TUBA1C,HBG1,DUT,NME4,RAN,CNBP,PDIA3,IMPDH2,RBM3,VDAC2,IDH2,TXN,FXYD5,HNRNPF,NAA38,THBS1,CNN2,CKS2,LSM7,FKBP4,PLEK,TYMS,EIF3H,NDUFB9,C1QBP,PSMB1,TUFM,RGS10,GDI2,ATP5PB",liver,Kupffer cells,F
Suo_2022_Liver,M9,"PLEK,UBE2C,ZYX,TPM1,CLEC1B,PF4,GNG11,FYB1,CAVIN2,PDLIM1,CCND3,FERMT3,CLU,PPBP,STOM,GSN,PLP2,STXBP2,PPP1R14A,RAB32,CA2,SMIM1,LIMS1,GATA1,BIN2,RSU1,CDKN2D,ACTN1,C12orf75,CD9,FLNA,CALD1,RASGRP2,HBD,PPIF,PARVB,CMAS,THBS1,MYL9,GP9,KIF2A,DAAM1,SLC39A3,SNAP23,CAPN1,PDLIM7,TUBA4A,TPM2,PECAM1,LAT",liver,megakaryocytes,M
Suo_2022_Liver,F56,"TMEM40,GRAP2,PTCRA,ACRBP,C19orf33",liver,unknown,F
Suo_2022_Liver,F57,"PCLAF,PTTG1,FABP5,TYMS",liver,unknown,F
Suo_2022_Liver,F58,"MT-ATP8,MTRNR2L12,GABARAP,PF4V1,PSMA6,ATP6V0C,EIF3C,HMGN4,NGRN",liver,megakaryocytes,F
