Data,Cluster,Markers,Organization,cell_type,level
Suo_2022_Skin,M1,"SRGN,HLA-B,AIF1,ARHGDIB,CCL4,TYROBP,CD52,HLA-C,CORO1A,LAPTM5,CD74,LSP1,FXYD5,CD37,CD83,LST1,CXCR4,GMFG,HCST,LIMD2,HMGA1,PTPRC,RNASET2,NR4A2,RAC2,CREM,LCP1,DUSP2,VAMP8,NEAT1,ITGB2,FCER1G,GPSM3,CYTIP,CTSS,GPR183,CD48,ALOX5AP,WAS,TNFAIP3,CD53,STK17B,VSIR",skin,macrophages,M
Suo_2022_Skin,F15,"IL32,LTB,IFITM1,CD3E,CD3D,IL7R,CD7,RGCC,SELL,TRBC2,ITM2A,NOSIP,KLRB1,LCK,OCIAD2,TCF7,CD27,AQP3,LEF1,SEPTIN1,LAT,CD3G,CAMK4,CCR7,RHOH,LEPROTL1,CD2,STK17A,ICOS,FLT3LG,TLE5,CD69,TRAT1,GIMAP7",skin,T cells,F
Suo_2022_Skin,F22,"KLRB1,LTB,IL32,IL7R,TRBC1,AREG,TRDC,EML4,KIT,CD3E,IL4I1,ZBTB16",skin,unknown,F
Suo_2022_Skin,F14,"HLA-DRA,HLA-DRB1,HLA-DPA1,LYZ,FCN1,TSPO,HLA-DPB1,S100A9,CXCL8,CTSS,MNDA,IL1RN,MS4A6A,RETN,HLA-DMA,CAPG,PLAUR,RNASE6,RNF130,SPI1,HLA-DQB1,S100A8,ANXA2,CSTA,BCL2A1,IL1B,C1orf162,CFP,HLA-DRB5,PILRA,PLBD1,VCAN,TREM1,STXBP2,TYMP",skin,macrophages,F
Suo_2022_Skin,F25,"NKG7,CD7,KLRB1,IFITM1,CCL5,TRBC1,CMC1,CTSW,GZMA,XCL1,CD3D,CST7,STK17A,GZMB,TRDC,XCL2,CD247,CLIC3,CLEC2B,KLRC1,GZMM,PLAAT4,HOPX,MATK,APMAP,SH2D1A,GZMK,SAMD3,PRF1,KLRD1,IL2RB,GZMH,CD3E",skin,natural killer T (NKT) cells,F
Suo_2022_Skin,F21,"SPP1,CCL4L2,CCL3L1,CCL3,C1QC,IL1B,CCL2,CCL4,LGMN,IER3,RGS1,BIN1,IFNGR1,C5AR1,PLD4,SLC16A3,GSN,FCGR3A,VSIG4,A2M,MAF,PHACTR1,PLD3,LY86,FPR1,CSF2RA,LIMS1,PPT1,CSF1R,CXCL16,B3GNT5,NAA20,OLR1,OLFML3,GPR34,CLEC7A,C3,ACY3,TREM2,CKB,CX3CR1,PLXDC2,GNB4,FCGR2A,ABCG2,IGF1,LINC02712,FCGR1A,CH25H,PLAUR",skin,macrophages,F
Suo_2022_Skin,F24,"HLA-DRA,LTB,HLA-DRB1,HLA-DPA1,JCHAIN,HLA-DMA,HLA-DQA1,HLA-DRB5,IGHM,CD79A,HLA-DQB1,TCL1A,HLA-DPB1,RCSD1,CD79B,MS4A1,VPREB3,MZB1,CD24,SMIM14,NIBAN3,NCF1,FCRLA,CD72",skin,B cells,F
Suo_2022_Skin,F26,"CD7,PLAC8,JCHAIN,ITM2C,PLP2,IRF8,C12orf75,RNASE6,PLD4,SELL,CCDC50,IRF7,GZMB,JAML,LTB,SERPINF1,CLIC3,TCF4,CCDC88A,MPEG1,GNA15,IGKC,HLA-DPA1,TGFBI,SELPLG,MZB1,OFD1,APP,UGCG,HLA-DRA,TSPAN13,SLC20A1,GNG7,TPM2,BCL11A,IRF4,NIBAN3,EIF2AK4,IL3RA,HLA-DMA,IGLC3,NCF1,LILRB4,PTCRA,SPIB,DNASE1L3,TNNI2,LINC00996,EGLN3,SPON2",skin,dermal macrophages,F
Suo_2022_Skin,F20,"RNASE1,DAB2,SELENOP,C1QA,EGR1,LYVE1,LGMN,CD36,CCL2,BLVRB,CXCL8,AGR2,CSF1R,STAB1,C1QC,CD14,HSPA1B,PLTP,FOLR2,C1QB,A2M,CTSD,MAF,HMOX1,KLF4,MRC1,CCL3,CCL3L1,FSCN1,HPGDS,EGFL7,MAFB,CTSZ,IER3,MS4A4A,KLF2,MS4A6A,CCL4L2,MAN1A1,CCL4,CD163,PMP22,LILRB5,GAS6,CD68,F13A1,IGFBP4,LY96,MS4A7,NRP1",skin,M2 macrophages,F
Suo_2022_Skin,F23,"TPSAB1,HPGDS,TPSB2,CPA3,HPGD,LMO4,KIT,ARHGAP18,CNRIP1,GIHCG,IL1RL1,SLC18A2,RHEX,HDC,GATA2,MEG3,unknown,VWA5A,TIMP3",skin,mast cells,F
Suo_2022_Skin,F16,"CCL4L2,RNASE1,VCAN,LYVE1,TNF,MARCKSL1,DAB2,C1QC,CCL3,FOLR2,ITM2C,C1QA,CCL3L1,RPS4Y1,CD68,CREG1,SOX4,ANXA2,COL1A1,ID3,DSTN,COL1A2,IFITM3,COL3A1,BLVRB,APOE,SPINT2,PRDX2,KDELR1,C4orf48,BEX3,ARL4A,SNX6,ZNF428,DDAH2,MTCH1,PHPT1,CCL2,NREP,A2M,CD14,HPGDS,NBDY,CLTC,SPARC,MAGED2,RAB11B,TUBA1C,MDK,TMEM167A",skin,macrophages,F
Suo_2022_Skin,F27,"HLA-DPB1,HLA-DPA1,HLA-DRB1,HLA-DRA,HLA-DQB1,LYZ,HLA-DRB5,HLA-DQA1,IRF8,LMNA,HLA-DMA,RGCC,C1orf162,S100B,SAMHD1,CPVL,CLEC7A,PSMB9,PPT1,FNBP1,RAB11FIP1,FGL2,CPNE3,UPF2,C1orf54,HLA-DQA2,CALCRL,PKIB,DNASE1L3,LGALS2,RAB7B,WDFY4,EGLN3,CLEC9A,P2RY14,BATF3,IDO1,CCDC126,CRIP1,TACSTD2",skin,dendritic cells,F
Suo_2022_Skin,F19,"NKG7,S100A8,TSPO,S100A9,RETN,CTSD,SERPINB1,CST7,S100P,MPO,STXBP2,ADGRE5,CTSG,CSF3R,LYZ,NUCB2,PGD,CD24,MNDA,CLEC11A,CSTA,GRK2,SPN,AZU1,DEFA1B,PRTN3,GIHCG,DEFA1,DEFA3,H1-10,MS4A3,TRGC1,DEFA4,RNASE2,B4GALT5,ELANE,MLC1",skin,neutrophils,F
Suo_2022_Skin,F18,"RGS1,HLA-DPB1,CDKN1A,HLA-DQA1,IL32,IL7R,MARCKSL1,ATF3,BIRC3,FSCN1,HLA-DRA,SYNGR2,GSN,SAMSN1,CRIP1,CFLAR,BHLHE40,HLA-DPA1,CSF2RA,CTSH,FNBP1,HLA-DQB1,CFP,GRINA,ISCU,TYMP,IFNGR2,CCR7,LYST,RAB10,KIF2A,RAB8B,GRSF1,RELB,BASP1,STARD7,ALDH2,NRP2,RASSF4,UVRAG,HLA-DRB1,HLA-DRB5,PEA15,BCL2A1,NUB1,CYB5A,RAB9A,VOPP1,DAPP1,TMEM176B",skin,dermal macrophages,F
Suo_2022_Skin,F17,"SPP1,MARCKS,ANXA2,MARCKSL1,EGR1,ZEB2,SOX4,S100B,ATP5PO,XIST,C4orf48,IER5,PHACTR1,F13A1,KRT10,ID3,CTNNB1,BEX3,SNHG25,COL3A1,BLOC1S1,RHOB,NDUFA11,HSPA6,CSNK2B,HNRNPD,FAM133B,CTSD,ZNF428,SPARC,FSCN1,UBE2E3,MAF,RHOC,NDUFS4,MAGED2,RAP2B,KLF2,NME4,ATP1B1,PMP22,DAB2,SPTBN1,RCN2,CXCL2,ITM2C,CUEDC2,CTSZ,RAB5C,DYNC1I2",skin,macrophages,F
Suo_2022_Skin,M0,"COL3A1,COL1A1,DCN,LUM,COL6A2,GPC3,COL5A2,SFRP2,IGFBP5,ID1,FSTL1,COL12A1,CALD1,COL6A1,MEST,THY1,PRRX1,COL1A2,OGN,AKAP12,ECRG4,CTSK,OSR2,LOX,TWIST2,ISLR,SERPINF1,KCNQ1OT1,CRABP2,MAP1B,CXCL14,MFAP2,CRABP1,DLK1,POSTN,PDGFRA,C1QTNF2,PLAC9,RCN1,PCOLCE,MFAP4,MEG3,CD34,CCN1,CXCL12,OLFML3,ITM2A,COL5A1",skin,fibroblasts,M
Suo_2022_Skin,F5,"MT-ATP8,IGF2,APOE,ALDOA,PTX3,NME2,CFD,FABP4,DKK2,CD36,HSPB6,PROCR,TGFBR3,LPL,PRNP,LAMC1,MGST1,NUPR1,ITIH5,LYPLAL1-AS1",skin,fibroblasts,F
Suo_2022_Skin,F3,"PENK,F2R,MEF2C,TRPS1,CD55,CYYR1,PTCH1,SLC26A7,TMEM171",skin,fibroblasts,F
Suo_2022_Skin,F4,"UBE2C,CKS2,PTTG1,TYMS,TOP2A,H2AX,PCLAF,SMC4,CKS1B,CDK1,UBE2S,NUSAP1,CENPF,KPNA2,CENPW,MKI67,HMGB3,MAD2L1,TPX2,GGH,DTYMK,ZWINT,KIF22,CCNB1,BIRC5,CDKN3,CCNB2,TUBB6,TMPO,TK1,CCNA2,AURKB,CDC20,CENPK,UBE2T,CCDC34,CKAP2,RRM2,FBXO5,CENPE,BUB3,CDCA3,KIF20A,PBK,DHFR,LMNB1,DLGAP5,RACGAP1,CENPN,TACC3",skin,proliferating fibroblasts,F
Suo_2022_Skin,F0,"APCDD1,LINC02381,CLDN11,FABP7,ATP5PO,QPRT,RPS10,WIF1,CCL2",skin,fibroblasts,F
Suo_2022_Skin,F1,"IGF2,MGP,SERPINE2,NUPR1,MT-ATP8,ASPN",skin,fibroblasts,F
Suo_2022_Skin,F7,,skin,fibroblasts,F
Suo_2022_Skin,F6,"RNASE1,SPP1,CCL3,NR4A1,IER3,CCL4,CCL2,CPE,CCN2,CD36,GAS1,NFKBIZ,AIF1,NEAT1,BLVRB,PRSS23,F13A1,C1QA,PLTP,NR4A2,MAF,RNASET2,LGMN,CTSD,TYROBP,KLF2,C1QB,CXCL8,SFRP4,AGR2,LYVE1,C1QC,SRGN,FCER1G,IGF1,CD14,CCL3L1,IL1B,CCL4L2,FOLR2,CD68,PLAUR,CREG1,MTSS1,HMOX1,ICAM1,A2M,TNF,HCST,PAPPA",skin,fibroblasts,F
Suo_2022_Skin,F2,"PRSS23,MFAP5,CCN3,SFRP4,ELN,FBLN5,CLU,F10,MYC,GLT8D2,PENK,CPE,ASPN,PDGFRL,CCN2,MMP23B,LIMCH1,SEMA3C,PLP1,ANGPTL2,TAGLN,MGP,GAS1,KERA,PVALB,SCUBE2,ANOS1,THBD,MME,KCNJ8,MATN4,GAS2,EGFL6,NPR3",skin,fibroblasts,F
Suo_2022_Skin,M3,"PLAC9,CAV1,MT2A,TPM1,BGN,PRRX1,COL4A1,COL4A2,TPM2,IGFBP7,COL6A3,MYL9,MEF2C,SPARCL1,EGFL6,ACTA2,PTN,MYC,TIMP3,SPRY1,FABP4,THY1,TAGLN,LHFPL6,ISYNA1,PPP1R12A,TFPI,CPE,GPM6B,BCAM,PCDH18,PPP1R14A,MYH9,RARRES2,PDLIM7,EDNRA,MFGE8,TGFB1I1,DLC1,PDLIM1,EPS8,PDGFRB,EPHX1,EHD2,RGS16,GNAI1,TNMD,SULT1E1,IFITM1,MYO1B",skin,fibroblasts,M
Suo_2022_Skin,F32,"FABP4,IFITM1,IGF2",skin,fibroblasts,F
Suo_2022_Skin,F33,"RPS17,RPS10,IRF1,EIF4A1,ATP5PO,NDUFA11,NDUFA13,HES1,NDUFB8,PSMA2",skin,fibroblasts,F
Suo_2022_Skin,F36,"IGFBP5,ELN,ACTG2,SDC2,CRYAB,MFAP4,SPON2,GPC3,JAG1,MFAP2,LMOD1,FHL1,DNAJB4,COL12A1,SBSPON,COL5A1,PXDN,SMTN,MXRA8,HEY2,GUCY1A2,CAVIN2,PRSS23,CKB,OLFM2,SYNPO2,C1orf198,unknown,TTYH1,SLMAP,MATN2,PLPP1,CCDC80,LMCD1,NEXN,ECRG4,DENND2B,SLIT3,CARMN,INHBA,PALLD,GLIPR2,CNN1,SSTR2,PRSS35,TMEM119,UCHL1,GPX3,KRT18,C12orf75",skin,fibroblasts,F
Suo_2022_Skin,F35,"H2AX,CKS2,TYMS,H2AZ2,CKS1B,PHGDH,CBX5,PLP2,SMC3,H1-4,UBE2C,BUB3,PSIP1,ARL6IP1,TUBB6,SMC4,DNMT1,PTTG1,SMC2,TMPO,TMEM106C,TOP2A,TPX2,H1-3,DTYMK,CDK1,CENPW,MAD2L1,NUSAP1,CENPF,KIF22,MKI67,UBE2T,PCLAF,TK1,CDCA4,ZWINT,CENPK,CENPU,CENPH,BIRC5,ATAD2,H1-1,CKAP2,UHRF1,CCNB2,CENPN,RACGAP1,PHF19,CDC20",skin,proliferating fibroblasts,F
Suo_2022_Skin,F34,"ACTG2,GJA4,MYH11,NET1,OR51E1",skin,myofibroblasts,F
Suo_2022_Skin,M10,"TPM2,CKB,BIN1,CRYAB,UCP2,LINC02802,CRIP2,ZNF106,CAPN6,CFL2,IGF2,CDKN1C,COX7A1,SIRT2,BLCAP,ACTC1,GATM,SGCA,PDLIM3,RASSF4,SEPTIN4,MYLPF,ACTA1,DES,MYL4,TNNI2,TNNT3,MYOG,CDH15,MTRNR2L8,CHRNA1,ENO3,SCRIB",skin,skeletal muscle cells,M
Suo_2022_Skin,F9,"MYL1,SLN,TPM1,TNNC2,TNNT3,CKM,MYL5,COX6A2,MYOZ1,IL17B,MYBPC1,MYOZ2,CSRP3,APOBEC2,GAMT,TCAP,NMRK2,PDE4DIP,PGAM2,HSPB6,MYL9,MYBPH,CA3,SMPX,FHL1,CAV3,FXYD1,MB,TCEAL7,MYH3,LDB3,LRRC39,CACNG1,CALML6,LINC02308,CASQ1,CAPN3,TRDN,TUBA4A,CMBL,SRPK3,MYOT,TNNC1,ARHGAP36,CAVIN4,CACNB1",skin,skeletal muscle cells,F
Suo_2022_Skin,F8,"MALAT1,MT-CO1,MT-CO2,MT-CO3,MT-ATP6,PTMA,MT-ND4,H3-3B,MT-CYB,MT-ND1,MT-ND3,SPARC,MEG3,MT-ND4L,FOS,PPIB,TMSB4X,COX6A1,BTG1,SIRT2,GUK1,EGR1,MT-ND5,ZFP36L1,DDX5,CALR,H2AZ1,LAPTM4A,PRELID1,SCRIB,NES,HNRNPA0,PARP1,CD151,SERPINF1,HNRNPA2B1,IER2,CALM2,ITM2B,SON,RHOB,SPG21,HSP90AA1,HSPA5,MARCKS,ARF4,TTC3,MCL1,SNRPD1,CD164",skin,unknown,F
Suo_2022_Skin,M7,"PTN,CXCL12,ISLR,PCOLCE,APOE,OLFML3,LUM,AKAP12,FN1,TPM1,RBP1,BGN,COL6A3,CD248,CLU,RPS4Y1,RAMP2,SVIL,NNAT,CDH11,ARHGAP29,PLTP,OGN,LRRC17,SERPING1,FRZB,FKBP10,GJA1,COL4A1,LHFPL6,ISYNA1,PDLIM7,COL18A1,MDFI,SLC1A3,CPXM1,MXRA8,DBN1,CYP1B1,OSR1,GPRC5B,LAMA2,MLLT11,ZIC1,LAMC3,FLRT2,CFH,TLE1,NR2F1,CITED2",skin,fibroblast,M
Suo_2022_Skin,F57,"GAP43,PENK",skin,unknown,F
Suo_2022_Skin,F53,"IGFBP5,S100A10",skin,fibroblast,F
Suo_2022_Skin,F54,"GPC3,CRABP2,TAGLN,CRABP1,PLK2,PRRX1,TUBB2B,HMGA1,TGFBI,ZFHX3,MEIS2,ZFHX4,SOSTDC1,COL9A2,LIMCH1,PCSK9,PTX3,CD24,WNT2B,SMPDL3A,ZFHX4-AS1,C1QTNF2,LINC02381,LTBP1",skin,fibroblast,F
Suo_2022_Skin,F56,"ATF3,IGFBP7,PDGFRB,SLC2A3,NTM,ZFP36,TAGLN2,TFPI,THY1,TGFB1I1,JAG1,NDUFA4L2,EPS8,AGRN,NR4A1,SMOC2,PRSS23,MIR4435-2HG,GPRC5C,MT2A,CYTOR,HIGD1B,DMD,PDLIM5,NR4A2,ITGA1",skin,fibroblast,F
Suo_2022_Skin,F55,"HMGB2,KPNA2,UBE2C,DEK,ARL6IP1,BUB3,TYMS,CKS2,HMGB3,TMSB15A,PTTG1,DTYMK,SNRNP25,PSIP1,CENPW,CENPF,TMPO,CKS1B,TOP2A,KIF22,SMC4,UBE2T,CDK1,CDC20,CCNB1,NUSAP1,ZWINT,CCNB2,TPX2,BIRC5,MAD2L1,MKI67,UHRF1,CKAP2,CENPU,CDKN3,PLK1,KIF20B,PSMC3IP,CENPK,KIF20A,CENPM,CCNA2,ORC6,CENPE,DBF4,ASPM,CENPN,FBXO5,TACC3",skin,proliferating fibroblast,F
Suo_2022_Skin,M2,"DLK1,CCL2,MTRNR2L8,SPARCL1,PEG10,IGF2,LINC02802,CDK6,MATN2,SPATS2L,CDKN1C,LDOC1,NPY,C1QTNF3,CD82,COL15A1,MYF5,SGCA,TSPAN12,PDLIM4,SYTL2,FGFR4,CHODL,CLCN5,CDH15,CHRNA1,RAPSN,JSRP1",skin,unknown,M
Suo_2022_Skin,F31,,skin,unknown,F
Suo_2022_Skin,F29,"RPS17,RPS10,HSPA1B,HSPA1A,COL1A1,HSPH1,CACYBP,KCNQ1OT1,PCLAF,MZT2B,SNHG32,EIF4A1,ATP5PO,ATF4,SRRM2,XIST,ZFAND2A,CSNK2B,SNHG19,PSMA2,NDUFB8",skin,unknown,F
Suo_2022_Skin,F28,"UBE2C,CKS2,PTTG1,TUBA1C,TYMS,H2AZ2,CDK1,H2AX,TMSB15A,HMGB3,RHEB,TOP2A,NUSAP1,CKS1B,BUB3,UQCC2,GGH,CBX5,SMC4,USP1,RPA3,MAD2L1,CENPF,TMPO,PCNA,CENPW,UBE2T,MKI67,CARHSP1,CCNB2,CDKN3,ZWINT,TPX2,BIRC5,CCNA2,RNASEH2A,LMNB1,KIF20B,CDCA3,MIS18BP1,CENPK,PIMREG,ASPM,KIFC1,SPC25,EZH2,LSM4,ANLN,NCAPG,CENPU",skin,proliferating cells,F
Suo_2022_Skin,F30,"HSPA1A,HSPA1B,CRYAB,ZFAND2A,CDKN1A,HSPH1,LANCL2,BAG3,MRPL18,EIF3C,DDIT3,ALDH1A1",skin,unknown,F
Suo_2022_Skin,M5,"HLA-B,IGFBP7,CAV1,HLA-C,RAMP2,RBP1,GNG11,CAVIN1,NEAT1,GMFG,COL4A1,TIMP3,LYVE1,TFPI,CTSL,LAMA4,PRSS23,ARHGAP29,ARL4A,PTX3,CD151,BCAM,PRXL2A,CCL21,PRCP,LIMS1,NID1,SERPING1,NRP2,IGFBP4,EGFL7,TSPAN4,CRIP2,CTHRC1,S100A16,A2M,WWTR1,CD9,EHD2,VAMP5,PPFIBP1,TFF3,TGFBR2,STOM,CLDN5,MGST2,HSPG2,LDB2,MSN,MAFF",skin,lymphatic endothelial cells,M
Suo_2022_Skin,F45,"TFF3,NTS,CCL21,STAB2,MFAP2,PTX3,CLU,LAPTM5,NUPR1,LYVE1,PCBD1,PROX1,PLTP,PRSS23,SCN3B,PLSCR4,TSPAN5,CXADR,CDC25B,PLPP1,ARRDC2,PLAAT3,PTPRE,ELN,RELN,MMRN1,ALDH2,FLT4,UCP2,GPM6A,UGP2,NR2F1,RAB6B,DPP4,IGF1",skin,lymphatic endothelial cells,F
Suo_2022_Skin,F46,"SPARCL1,CD34,PLVAP,A2M,ESAM,SPARC,IL32,TAGLN2,RNASE1,APLNR,COL15A1,CD93,NRP1,ANXA1,ADAM15,PALMD,IGFBP3,DEPP1,NPDC1,C1orf54,ADGRL4,IL33,TM4SF18,JAM2,ROBO4,CLEC3B,EPAS1,RGCC,FABP4,FLT1,IGFBP2,SOX17,ARHGDIB,IGF2,IL3RA,MMRN2,AQP1,CDC42EP3,MEG3,CCL2,MYL9",skin,blood vascular endothelial cells,F
Suo_2022_Skin,F47,"RPS17,RPS10,COL1A1,COL3A1,COL1A2,HES1,NDUFA11,PCAT19,ATP5PO,DCN,PSMA2",skin,fibroblasts,F
Suo_2022_Skin,M6,"HBA1,HBA2,HBG1,BLVRB,HBB,SLC25A39,SLC25A37,ADIPOR1,HBG2,SNCA,NCOA4,HBM,HBZ,AHSP,ALAS2,MYL4,FECH,TENT5C,BPGM,SMIM1",skin,erythrocytes or erythroid precursors,M
Suo_2022_Skin,F49,"CXCL14,CRABP1,CD9",skin,unknown,F
Suo_2022_Skin,F48,"ITM2A,POSTN,DLK1,DCN,GPC3,PLAC9,MGP,PCOLCE,LUM,IGF2,OGN,COL12A1,FSTL1,MEST,SERPINF1,VCAN,ASPN,MDK,ISLR,MFAP5,OLFML3,SRPX,AKAP12,AHNAK,MFAP4,TIMP1,MFAP2,COL5A2,EFEMP1,FNDC1,CCN3,CXCL12,IGFBP6,PDGFRL,DKK2,NUPR1,C1S,ANGPTL1,F10,MMP23B,COL14A1,NT5E,SFRP2,COL5A1,FN1",skin,fibroblasts,F
Suo_2022_Skin,F51,"ACTA2,IGFBP7,PLAC9,MYL9,BGN,MT2A,FABP4,FABP5,COL4A2,APOE,CAV1,TAGLN2,TPM4,COL4A1,TPM1,TAGLN,TPM2,SPARCL1,NDUFA4L2,LHFPL6,TCIM,KCNJ8,PDLIM1,ADIRF,CCDC102B,RGS16,SEPTIN4,A2M,TINAGL1,NR2F2,ABCC9,NOTCH3,ANGPT2,EGFLAM,ENPEP,MYLK,GUCY1B1,COL5A3,PELI1,FAM162B,BCAM,MCAM,ITGA1,COX4I2,RBPMS,TRPC6,AOC3,INPP4B,ITGA7,RASL12",skin,unknown,F
Suo_2022_Skin,F50,"HBE1,unknown,MT2A,MT1G,MT1H,MT1X,MT1E,MT1F,UCP2,SLC39A8,PRXL2A,CTSE,TUBB4B,KLF1,GSTO1,TESC,LXN,HSF1,UBAC1,HMBS,PKLR,RPS4Y1,HMGA1,SLC29A1,BEX1,KEL,unknown,unknown,DNAJC9,GFI1B,ICAM4,TSPAN13,ST6GALNAC1,MYT1",skin,erythrocytes or erythroid precursors,F
Suo_2022_Skin,F52,"HMBS,ARL4A,EPB42,NFE2,SLC2A1,PNP,NARF,TMCC2,KLF1,TSPO2,FHDC1,CA8",skin,erythrocytes or erythroid precursors,F
Suo_2022_Skin,M11,"CXCR4,IGFBP3,PHLDA1,CXCL14,SRPX,CD248,EDNRA,CRABP1,CKB,COL21A1,CENPW,CDH11,PLK2,CYTL1,unknown,unknown,CRYM,HMGB3,INHBA,RSPO3,PRCP,NTRK2,SPON1,EBF1,CAPN6,PCSK2,JAG1,NKD1,PAPPA2,TRPS1,LAMC3,DAAM2,ADIRF,F2R,RBP4,TTYH1,TPD52,SOX2,SMOC1,ENTPD2,ALPL,NPS,HEY2,BMP7,HES4,HHIP,NDP,ANKRD29,LAMA3",skin,fibroblasts,M
Suo_2022_Skin,F12,"CRYAB,HSPH1",skin,unknown,F
Suo_2022_Skin,F10,"EGR1,SOCS3,FOSB,KLF4,HES4,CHCHD10",skin,fibroblasts,F
Suo_2022_Skin,F11,,skin,fibroblasts,F
Suo_2022_Skin,F13,"SNHG32,KLF10,RPS17,XIST,HMGB2,H2BC21,NEDD8,ID2,DYNC1I2,RPS10,VAMP2,HES1,EIF4A1,NDUFA11,ATP5PO,PSMA1,CSNK2B,DDX39B,NDUFC2,IER3IP1,PSMA2,NDUFB8",skin,fibroblasts,F
Suo_2022_Skin,M4,"PRSS23,S100B,CD9,AP1S2,PLP1,CRYAB,GPM6B,DST,IGFBP7,HMG20B,SEMA3C,APOD,GPNMB,PCSK2,QPCT,SNCA,SPTSSA,NSG1,EDNRB,TTYH1,PLAT,MPZ,MOXD1,TFAP2B,TFAP2A,MAL,ITGA6,RAB38,PAX3,LIMS2,BCAN,ERBB3,PTPRZ1,CDH19",skin,Schwann cells,M
Suo_2022_Skin,F40,"MLANA,RPS17,RPS10,TRPM1,PMEL,CHCHD6,DCT,SERPINF1,NEAT1,TYRP1,LINC02877,ATP5PO,EIF4A1,MITF,CAV1,NDUFA11,CD59,XIST,RAB5C,NDUFC2,CSNK2B,NDUFB8,QARS1,ADGRG1,CTSD,PTGDS,MRPL12",skin,Melanocytes,F
Suo_2022_Skin,F37,"IGFBP7,TYRP1,APOE,PMEL,CDC42EP3,KIT,MITF,CDH3,NSG1,GPNMB,NME2,ATP6V0C,CAPN3,VAT1,GPR143,FDFT1,CCN3,STX7,FRZB,GLMP,CTSB,SLC24A5,LYPD1,DCT,MYO10,LIMS2,ZNF106,CAV1,SLCO4A1-AS1,CYSTM1,TYR,PDLIM3,LYST,GYPC,ADGRG1,BCAN,ATP1B3,TIMP2,MCOLN3,CISD1,SERPINF1,MC1R,MLANA,CHCHD6,CD44,TRPV2,RETSAT,RAB38,LINC02877,TRPM1",skin,melanocytes,F
Suo_2022_Skin,F38,"PRSS23,NRXN1,OLFML2A,CXCL12,EGFL8,MOXD1,COL20A1,PTX3,BGN,PLAC9,S100A4,GFRA3,RXRG,MMP2,PLPP1,MATN2,CADM1,TGFBR2,GFRA1,CRABP1,NTM,DGKB,COL1A1,MPZ,COL4A1,LINC01198",skin,Schwann cells,F
Suo_2022_Skin,F41,"FXYD1,COL3A1,APOA1,EMP2,MBP,ARHGAP15,MPZ,COL14A1,EGFL8,MATN2,SEMA3B,RARRES2,TIMP3,TSC22D4,GFRA3,CMTM5,ABCA8,KCTD12,CTNNAL1,FLRT3,CADM4,RBP1,ID1,COL5A1,PLEKHA4,RELN,ID2,NID2,RGCC,SCCPDH,GAS2L3,NDRG2,SELENOM,NR2F2,PALLD,NRP2,GASK1B,TSPAN15,OLFML2B,GATM,PLAAT3,ITIH5,TCIM,TMEM176A,PGM1,PCBP4,LAMA2,RASSF4,FGL2,TMEM176B",skin,Schwann cells,F
Suo_2022_Skin,F43,"HMGB2,PTTG1,CKS2,PDLIM3,PMEL,UBE2C,CAPN3,TYMS,CAV1,CKS1B,ARL6IP1,CENPF,H2AX,TOP2A,KPNA2,PLP2,CDH3,SMC4,DCT,JPT1,CMC2,IQGAP1,MYO5A,TMSB15A,COMMD4,CDC25B,CDK1,HMGB3,DTYMK,DDX39A,NUSAP1,MAD2L1,RPA3,NUDT1,MKI67,PLXNC1,MZT1,HADH,SKA2,FBXL5,CDC20,UBE2S,CENPW,CCNB1,GGH,CKAP2,UBE2T,TPX2,BIRC5,CDKN3",skin,Melanocytes,F
Suo_2022_Skin,F39,"RPS17,RPS10,CADM1,MEG3,LINC01198,GFRA1,ATP5PO,CDH6,PLAC9,TAX1BP3,IGFBP5,TENT5A,MMP2,CNPY2,COL20A1,VAMP2,S100A16,NDUFC2,FILIP1L,SLITRK6,CSNK2B,NDUFB8,FIGN,HSPB2",skin,Schwann cells,F
Suo_2022_Skin,F44,"COL3A1,PLAC9,COL5A2,COL6A2,POSTN,COL6A1,COL5A1,SEPTIN11,LY6E,CCDC80,ITM2A,COL12A1,LMAN1,DLK1,MEST,IGFBP3,GPC3,DCN,LUM,TCF4,CXCL14,SELENOP,SPON2,ELN,MGP,OLFML3,FBLN2,CRABP2,NTRK2,FBN2,ZFHX4,CD248,PCOLCE,ANTXR1,FBLN5,SSPN,RUNX1T1,ANTXR2,RECK,SFRP2,FKBP11,GSTM5,STAT5A,ANGPTL2,PRRX1,ECRG4,THAP6,MFAP4,EHD2,ASS1",skin,Fibroblasts,F
Suo_2022_Skin,F42,"ID3,TTYH1,COL18A1,LINC01198,RBP1,POSTN,CCN2,ID1,RPS4Y1,TMSB15A,JPT1,TYMS,SCRG1,NR2F2,NPR3,HNRNPA1P48,SPP1,UCHL1,HMGA2,MEST,CNN2,KANK4,CRABP2,EGR2,HEY2",skin,Schwann cell precursors,F
Suo_2022_Skin,M9,"CXCL14,KRT17,CD9,WIF1,HMGA1,PLP2,BCAM,PHGDH,SPINT2,GJA1,PERP,CD24,ABI3BP,KRT5,EMP2,S100A16,PTCH2,S100A14,KRT19,KRT15,TM4SF1,DSP,KRT14,LGALS7B,EFNA1,GATA3,TFAP2B,CXADR,TFAP2A,EPCAM,KRT8,LGALS7,IRX2,CLDN1,CDH3,PDGFA,BEX2,KRT18,GJB6,PTPRF,SFN,DDR1,DSC2,KREMEN2,GJB2,TRIM29,SPINT1",skin,keratinocytes,M
Suo_2022_Skin,F63,"UBE2C,TOP2A,PTTG1,CENPF,H2AX,NUSAP1,CDC20,H2AZ2,CDK1,CCNB1,MKI67,CCNB2,TPX2,BIRC5,CDKN3,ASPM,CDCA3,TMPO,AURKB,CCNA2,DLGAP5,KIF23,KIF20A,KIFC1,TROAP,RACGAP1,ANLN,CDC25B,DEPDC1B,SGO1,PBK,TACC3,NCAPG,PRC1,PIMREG,NDC80,CENPN,CDCA8,ECT2",skin,proliferating keratinocytes,F
Suo_2022_Skin,F65,"CRABP2,IGFBP5,NDUFA4L2,IGFBP6,COL7A1,WNT3,PLAU",skin,keratinocytes,F
Suo_2022_Skin,F67,"WIF1,PTCH2,FRZB,NRP2",skin,keratinocyte progenitor cells,F
Suo_2022_Skin,F66,"KRTDAP,DMKN,KRT1,FABP5,KRT13",skin,keratinocytes,F
Suo_2022_Skin,F64,"KRT4,CLIC3,KRT13,RPS10,IGFL2,CLDN4,SLC2A1,TACSTD2,NDRG2,CTSC,ITM2C,DMKN,SPRR3,C19orf33,CAST,ATP5PO,MAL,NECTIN4,CRABP2,HIF3A,COX4I2,ELF3,NDUFA11,SCEL,S100A9,PCP4,RHOV,UPK2,SERPINB2,RAB11FIP1,CLDN7,NDUFB8,NEAT1,ARPC1A,GABRP,QPRT,UPK1A,IGFL2-AS1,TNNT2,SNHG25,EPAS1,AGR3,NOTCH3,MAB21L4,GPRC5A,PWWP2B,MAL2,GOLM1,IL36RN,LYPD3",skin,keratinocytes,F
Suo_2022_Skin,M8,"TUBB2B,CKB,NNAT,MLLT11,NFIA,EZR,TMSB15A,BASP1,NDUFC2,DBN1,GPM6B,GSTA4,CD24,UCHL1,FXYD6,RPAIN,GAP43,CADM1,MACROH2A2,BCL11A,CRMP1,ENC1,SOX11,PCBP4,STMN2,HMGA1,BEX2,BEX1,MAP2,TAGLN3,SYT1,APLP1,ARC,GPC2,DCX,MIR9-1HG",skin,neuronal cells or neuronal precursors,M
Suo_2022_Skin,F60,"FABP7,MIR9-1HG,SOX2,PCLAF,CSNK2B,SMC4,XIST,EMX2,FOSB,LINC01551,PAX6,LGALS1,DOK5,COL1A2,COL1A1,COL3A1,TTYH1",skin,neuronal precursor cells,F
Suo_2022_Skin,F58,"NEUROD6,GPM6A,BCL11A,NRN1,NEUROD2,NSG1,CNTNAP2,ABRACL,GAP43,SYT1,C3orf14,LINC01551,CSRP2,ARL4D,STMN2,XIST,PPP2R2B,MIR9-1HG,CELF2,RTN1,MAP2,NSG2,FEZ1,NDUFB8,AUTS2,PRKX,NELL2,BCL11B,KIF5C,RAB3A,ZEB2,ZNF462,KLC1,NFIX,DTD1,FOXG1,CXADR,SYP,THRA,XPR1,SCG3,TTC9B,SEZ6,ATP1A3,RUNDC3A,SH3BP5,PDE1A,CELF5,CSNK2B",skin,neuronal cells,F
Suo_2022_Skin,F61,"ID3,CCN2,TTYH1,CCN1,TPBG,ISYNA1,WLS,LY6H,MEST,ZFP36,MT-ATP8,CD99,ZFP36L1,RPS4Y1,PEA15,CDO1,SOX2,ATF3,NELL2,NGRN,MTRNR2L12,IGFBP5,LINC02381,VAT1,SOST,HOXB2,DDR1,WASF1,MFAP2,ANXA2,CNN2,ZYX,CITED2,FRZB,NEFL,PIM1,IFITM3,DDOST,CLU,SERTAD1,CCND1,MAFF,HOXB5,EFNB3,ZNF503,GADD45B,SOCS3,ATP6V0C,MAL,STAT3",skin,neuronal precursor cells,F
Suo_2022_Skin,F62,"PRPH,RPRM,NTRK1,STMN4,GNG3,CNTN2,C14orf132,TUBA1C,RTN1,TUBB3,PDLIM7,CTNNA1,PAPSS1,RGS10,RUNX1T1,INA,SIX1,NPPA,SEPTIN6,SCD5,ISL1,GABARAP,NEFM,FGF13,APC,ZNF385A,BTBD17,DPYSL4,PDE4DIP,EBF1,TLX3,SERINC1,TUBB4A,SHC1,SPTAN1,DST,USP22,PNRC1,C20orf27,NEFL,ATXN7L3B,CASP3,FLOT1,G6PD,NHLH1,GNAO1,RAI14,ANK2,NRXN1,SCARB2",skin,neuronal cells,F
Suo_2022_Skin,F59,"ASS1,RPS4Y1,NEUROD1,ISL1,PPP1R17,MT-ND4L,MFAP4,PPP1R14A,PCBP4,MT-ATP8,SIX1,NEUROG1,NTN5,SSTR2,EIF5A,SUSD2,EYA2,MTRNR2L12,DDIT4,TGIF1,TUBA1C,SVIL,HPCA,GABARAP,AFAP1,BTBD17,NGRN,COL16A1,PTPRF,CHRNA3,TFAP2B,DLC1,PAX3,TFAP2A,TRHDE,RPRM",skin,neuronal crest-derived cells or neuronal precursors,F
