Data,Cluster,Markers,Organization,cell_type,level
Travaglini_2020,M2,"CXCR4,CCL5,NKG7,HOPX,KLRB1,PRF1,GNLY,HCST,ITGB2,CD7,CTSW,PTPRC,CD69,KLRD1,CD53,IFITM1,CCL4,GZMA,CORO1A,CD2,TRAC,CD247,RAC2,TRBC2,CYTIP,LSP1,MYO1F,BIN2,IL2RG,GZMB,GZMM,ACAP1,LIMD2,LCK,CST7,ISG20,SYTL3,CD48,DUSP2,GZMH,RGS1,DDIT4,PLAC8",airway,natural killer (NK) cells,M
Travaglini_2020,F13,"TRAC,RGS1,CD3D,CD44,CD3E,COTL1,IL7R,PLP2,RGCC,LTB,LMNA,ANKRD28,TNFAIP3,SAMSN1,JUN,LGALS3",airway,mucosal-associated invariant T (MAIT) cells,F
Travaglini_2020,F14,"AREG,FCGR3A,SPON2,CCL3,CLIC3,TYROBP,RPS4Y1,MYOM2,KLRF1,FGFBP2,FCER1G,KLRD1,SCGB3A1,SCGB1A1,S1PR5,MAPK1,CHST2,CEBPD,PLAC8",airway,natural killer (NK) cells,F
Travaglini_2020,F16,"CD3D,CD8A,CD3G,TRGC2,KLRG1",airway,gamma-delta T cells (γδ T cells),F
Travaglini_2020,F15,"FCER1G,KLRF1,CLIC3,TRDC,SFTPC",airway,unknown,F
Travaglini_2020,F17,"TUBA1B,HMGB2,TUBB,HLA-DRA,FCER1G,LYZ,H2AZ2,C1QA,DEK,C1QB,ANP32B,NUCKS1,RPS27L,CALM3,APOC1,STMN1,H4C3,GLUL,PSMA4,ARL6IP1,CTSS,SLC25A5,GRN,CAPG,LMNA,GSTO1,BAX,FABP4,ZNF706,C1orf162,POMP,MACROH2A1,YWHAH,CLTA,JPT1,MRPL51,LSM4,NPC2,IDH2,HLA-DQB1,ATP6V1F,CCL4L2,DECR1,IFI6,NUCB2,GLIPR2,NDUFB4,HSPB1,COX17,APOE",airway,unknown,F
Travaglini_2020,F18,"RGS1,TRDC,KLRC1,SAMSN1,ITGB1,ANKRD28,LGALS3,RBPJ,KLRC2,XCL1,XCL2,CLU,ZNF683,ITGA1,KRT86",airway,tissue-resident natural killer (NK) cells,F
Travaglini_2020,M0,"TYROBP,FCER1G,LYZ,AIF1,MARCO,CTSS,TYMP,HLA-DMA,LST1,HLA-DQA1,MS4A7,HLA-DQB1,unknown,ATP6V0B,CTSB,GLIPR2,LTA4H,GLRX,LGALS3BP,CCL20,CES1,C1orf162,CD68,CAPG,PRR13,BRI3,LRPAP1,CCL18,CD14,CRIP1,HLA-DQA2,LSP1,CTSZ,CFD,IL1B,LAMTOR1,HLA-DMB,SPI1,HLA-DRB5,TALDO1,C1QC,FN1,MRC1,NAMPT,COMT,RETN,ALOX5AP,MSR1,HCST,COTL1",airway,macrophages,M
Travaglini_2020,F0,"CCL20,CXCL8,CXCL5,MT1X,MIR3945HG,CCL3,SCGB3A1,SCGB1A1,RPS4Y1,CCL4L2,TNIP3,CCL4,IL1RN,LILRA4,TRGC1,ATP6AP1L,TNFAIP6,C15orf48",airway,macrophages,F
Travaglini_2020,F3,"CCL18,NUPR1,RBP4,IFI27",airway,alveolar macrophages,F
Travaglini_2020,F1,"RGS2,FCN1,FGL2,CORO1A,CD48,VCAN,CFP,AREG,LIMD2,CXCR4",airway,alveolar macrophages,F
Travaglini_2020,F2,"CXCR4,AREG,CORO1A,DDIT4,IGKC,GZMB,LILRA4,PPP1R14B,NKG7,PRKCB,ITM2C,ARL4C,CLIC3,GPR183,C12orf75",airway,macrophages,F
Travaglini_2020,M3,"IFI27,IGFBP7,CAV1,TIMP3,MT1M,ADIRF,SPARCL1,GPX3,MGP,CLDN5,RAMP2,GNG11,SPARC,MT1E,TM4SF1,CAVIN2,TMEM100,RNASE1,CNN3,CALD1,A2M,EGFL7,APP,CAVIN1,IGFBP4,CRIP2,AQP1,EPAS1,HYAL2,EMP1,RAMP3,TFPI,DEPP1,SELENOP,FCN3,SLC9A3R2,TPM1,CAV2,ENG,SPTBN1,CA4,ID3,ARHGAP29,ITM2A,TCF4,LHFPL6,TINAGL1,ACVRL1,CDH5,CALCRL",airway,endothelial cells,M
Travaglini_2020,F20,"HPGD,EDNRB,SGK1,EMCN,IL1RL1,SOSTDC1,SERPINE1,PRX,S100A3,HLA-DQA1,FRY,ANXA3,MARCKS,F2RL3,CCND3,EFNB1,ITGA10,ACE,ROBO4,B3GALNT1,DNAJC1,CYP3A5,DHRS7,TSPAN12,TSPAN15,MYO6,TYMP,FENDRR,CA4,GALNT18,TBX3",airway,endothelial cells,F
Travaglini_2020,F19,"FCN3,AKAP12,EDN1,IL7R,CD36,BTNL9,SLC6A4,CD93,GPIHBP1,SLCO4A1,NOSTRIN,PTPRB,LIFR,LRRC32",airway,endothelial cells,F
Travaglini_2020,F25,"CXCL2,MT1A,PTPRB,TSPAN7,IFITM1,GIMAP7,SOCS2,IL33,SOX17,CTNNAL1,PALMD,HEY1,JAM2,MMRN2,SRPX,NNMT,F8,EFNB2,NRN1,GJA5,CXCL12,ASRGL1,HIF1A,KCTD12,RPGR,ENPP2,IGFBP3,LIFR,PROCR,SERPINE2,DKK2",airway,endothelial cells,F
Travaglini_2020,F24,"TAGLN,ACTA2,MYL9,TPM2,MFAP4,BGN,HSPB1,SOD3,DCN,SELENOM,CSRP1,TPPP3,CRIP1,PLAC9,TGFB1I1,NUPR1,FILIP1L,PEBP1,MYLK,PDLIM3,CAVIN3,PRELP,LGALS3,FLNA,MYH11,CRISPLD2,AEBP1,PPP1CB,PPP1R14A,WFDC1,ARID5B,DKK3,SDC2,CSRP2,PDLIM7,IGFBP5,FXYD1,PDGFRB,LPP,ELN,ESD,COL1A1,PTMS,CRYAB,ECRG4,PLS3,C1S,RRAD,CCN2,ITM2C",airway,fibroblasts,F
Travaglini_2020,F22,"DCN,LUM,CFD,SELENOP,PTGDS,MFAP4,RARRES2,CCN1,COL6A2,NNMT,FBLN1,FN1,COL1A2,CLU,C1R,MACF1,C1S,PLAC9,ADH1B,NBL1,INMT,TCF21,PMP22,LTBP4,EFEMP1,ARID5B,SOD3,LITAF,C7,GPC3,COL6A1,CD44,CES1,PCOLCE,PRELP,RGS2,DST,NUPR1,HSPB1,SELENOM,MYC,QSOX1,LBH,FILIP1L,ZYX,PLPP3,PLTP,MMP2,LGALS3BP,CRISPLD2",airway,fibroblasts,F
Travaglini_2020,F23,"BGN,ACTA2,COL4A1,DCN,TAGLN,COL4A2,SOD3,COX4I2,ITGA1,RARRES2,APOE,HIGD1B,PDGFRB,PPP1R14A,EGFL6,TCF21,SDC2,NDUFA4L2,EFEMP1,C11orf96,PTN,TPPP3,LGALS3BP,NDRG1,ARID5B,ITM2C,PMP22,GJA4,BBX,PCOLCE,RGS5,TPM2,IGFBP2,ANXA6,EHD2,F2R,CPM,HSPA2,MFGE8,FAM162B,RGN,LPL,CHN1,PAG1,MYLIP,UXS1,CARMN,NR2F2,WLS,LAMB1",airway,fibroblasts,F
Travaglini_2020,F26,"CLU,VWF,PRSS23,PTGDS,CXCL2,NNMT,ACKR1,PTPRB,CTNNAL1,RGS5,LIFR,PLAT,PRCP,IL33,TNFAIP3,CPE,SOX7,SRPX,C7,ASRGL1,CSF3,NCOA7,ABI3BP,CYP1B1,VCAM1,IFITM1,IL1R1,PTGIS,ADGRG6,PLA1A,MMRN1,SELP",airway,vascular endothelial cells,F
Travaglini_2020,F27,"CLU,NNMT,THBD,AKAP12,HSPB1,GYPC,PPFIBP1,CCL21,MARCKSL1,FXYD6,MGST2,GNAS,EFEMP1,CTSD,TUBB6,ARL6IP1,PRSS23,ACTN1,LYVE1,ARID5B,STMN1,ZNF706,PPP1R2,SNCG,SRI,FABP5,LIMS1,CD47,FABP4,ARL4A,FSCN1,ATP1B3,PEPD,ELK3,APOLD1,LGALS3,TMEM70,CCDC80,ENO1,MYC,TFF3,RGS16,EIF3L,NRP2,GFUS,MMRN1,CYTOR,PDLIM4,TM4SF18,LAYN",airway,lymphatic endothelial cells,F
Travaglini_2020,F21,"CTNNAL1,RGS5,PALMD,XIST,IL33,TSPAN7",airway,endothelial cells,F
Travaglini_2020,M1,"SLPI,SFTPB,SFTPC,SCGB3A1,SFTPA1,RNASE1,SFTPA2,ADIRF,NAPSA,HOPX,SFTPD,WFDC2,CXCL17,KRT18,KRT19,SFTA2,EZR,SCGB3A2,MGST1,AGR3,TPPP3,KRT8,ELF3,FXYD3,MUC1,CXCL2,SPINT2,SLC34A2,PGC,SDC4,TACSTD2,AQP3,AK1,PIGR,KRT7,FOLR1,EPHX1,AGR2,RNF145,BEX3,GPRC5A,SELENBP1,ATP1B1,PERP,CYP4B1,CTSH,CLU,CLDN4,CLDN7,C16orf89",airway,airway epithelial cells,M
Travaglini_2020,F10,"TSPAN1,AQP5,SERPINB3,PLAC8,MDK,S100A2,KLK11,TNFSF10,PRSS23,CHST9,S100P,KRT15,HES1,PLPP2,CXCL1,BPIFB1,DDIT4,IGFBP2,HMGB3,RHOC,SERPINF1,DHRS3,HMGA1,TSPAN8,LMO4,MSMB,KRT5,IGFBP3,ADH1C,VMO1,CXCL6,FAM3D,OAT,CSTA,TIMP1,KRT17,HS3ST1,ZG16B,SERPINB4,SLC27A2,CCNO,DHRS9,CLDN10,UPK1B,CLCA2,RNF207,HCAR2,LCN2,EYA2,LRATD1",airway,airway basal epithelial cells,F
Travaglini_2020,F9,"BPIFB1,LCN2,SAA1,CCL20,SAA2,CP,TFF3,KLK11,MDK,S100A9,SERPINF1,CCL2,CXCL1,S100P,RARRES1,TIMP1,MMP7,TSPAN8,MSMB,TMEM45A,CXCL8,ANKRD36C,IGFBP3,AKR1C1,TNFSF10,VMO1,MUC5B,FAM3D,PI3,IL6,TGM2,TNIP3,CYP2F1,LTF,DUSP5,FCGBP,CXCL6,TFPI2,ZG16B,ATP12A,CX3CL1,IRAK3,KYNU,LINC00342",airway,airway secretory cells,F
Travaglini_2020,F5,"CAPS,C9orf24,C20orf85,TMEM190,CETN2,FAM183A,CFAP276,ODF3B,RSPH1,PIFO,MORN2,TSPAN1,C9orf116,PSENEN,LRRIQ1,CAPSL,HOATZ,DNAAF1,ZMYND10,MS4A8,C5orf49,SNTN,C12orf75,IGFBP7,DYNLRB2,ECRG4,IK,EFHC1,SLC44A4,CIBAR2,MORN5,WDR54,ROPN1L,CFAP126,CCDC170,CST6,CFAP298,CFAP95,MRPS31,DYNLT2B,CCDC78,LRRC23,CP,RPA3,TEKT1,DNAH5,ERICH3,DRC3,KIF9,DPCD",airway,ciliated airway epithelial cells,F
Travaglini_2020,F7,"AGER,CAV1,RGCC,CAV2,ANXA3,MYL9,RTKN2,CST6,SFTA1P,MSLN,GAS6,IL32,CEACAM6,TIMP3,PLAC8,AQP4,SPOCK2,UPK3B,CCN1,PDLIM2,ANKRD29,HBEGF,VEGFA,TNNC1,CAVIN1,SCEL,CLIC5,MYADM,PCYOX1,SEMA3B,PLLP,ITGA3,DST,CCN2,ANOS1,DAPK2,MYO1C,MS4A15,GGTLC1,unknown,WFS1,COL8A1,FHL1,SPARC,NCKAP5,PDPN,ARHGEF26,TUBB6,OTULINL,KLK11",airway,airway epithelial cells,F
Travaglini_2020,F4,"NAPSA,SFTPD,NNMT,WIF1,C4BPA,LRRK2,LAMP3,PGC,CA2,PEBP4,LPCAT1,ABCA3,CHI3L2,HHIP,FGGY,C3,CPB2,RASGRF1,C11orf96,C2,RGS16",airway,alveolar type 2 cells,F
Travaglini_2020,F11,"KRT17,IGFBP7,S100A2,IGFBP2,CXCL8,CAV2,SERPINF1,HMGB3,APOD,TIMP1,MYC,LAMB3,SOD3,OAT,IER3,GPC3,CH25H,KRT5,KRT15,TINAGL1",airway,airway basal epithelial cells,F
Travaglini_2020,F6,"CAV1,CEACAM6,MGP,CTSE",airway,airway epithelial cells (likely secretory or glandular subtype),F
Travaglini_2020,F8,"RPS4Y1,SOCS2,C11orf96,DMBT1,SLC6A14,PHLDA2,LAMP3,CCL20,CXCL8,CCL2,CHCHD7,MFSD2A,LRRK2,ABCA3",airway,airway secretory cells,F
Travaglini_2020,F12,"BPIFB1,AQP5,NUCB2,DMBT1,CD24,LYZ,AZGP1,PIP,TIMP1,FAM107B,LTF,PRR4,unknown,FAM3D,NDRG2,ZG16B,MARCKSL1,PPP1R1B,PHLDA1,SLC12A2,BPIFA1,C6orf58,CLDN10,ODAM",airway,airway secretory cells,F
Travaglini_2020,M4,"CAPG,CLU,ALOX5AP,TPSB2,HPGD,TPSAB1,RGS2,RGS1,AREG,CD69,CD37,IL1RL1,BIRC3,SAMSN1,RAC2,CKLF,STMN1,MIR23AHG,ALOX5,CPM,DDIT4,GATA2,CREM,LTC4S,SOCS1,GPR65,CPA3,ANKRD28,LMO4,RGS10,ITM2C,HPGDS,MS4A2,BATF,CTNNBL1,LAT,VWA5A,RGS13,RHOH,KIT,MAOB,SLC18A2,RHEX,FCER1A,HDC",airway,mast cells,M
Travaglini_2020,F28,RPS4Y1,airway,unknown,F
Travaglini_2020,F29,"GADD45B,CCL4L2,CREM,CD83,TNFAIP3,REL,CSF1,SOCS3,TPM4,CCL4,NR4A1,HECW2-AS1,JUND,TNFRSF9,KDM6B,DUSP6,NFE2L2,NAMPT,LEO1,IGHA1,SKIL,ICAM1,NR4A3",airway,activated mast cells,F
Travaglini_2020,F31,"CD52,STK4,HCST,HINT1,ARID4B,CORO1A,CXCR4,IL32,CCL5,LYAR,EVL,TRAC,ITGB2,CD2,CD3D,GZMA,TRBC2,KLRB1,IFITM1,IL7R,FYB1,CD3E,LCK,CYTIP",airway,T cells,F
Travaglini_2020,F30,"RPS4Y1,TNFAIP8,IFNGR2,PIM1,RELB",airway,unknown,F
Travaglini_2020,M5,"CXCR4,BIRC3,ISG20,IGKC,IGHA1,ITM2C,CORO1A,FKBP11,LTB,JCHAIN,IGLC2,IGHG1,IGLC3",airway,plasma cells,M
Travaglini_2020,F33,"HLA-DPB1,HLA-DRB1,LAPTM5,MS4A1,LTB,HLA-DQA1,HLA-DQB1,HLA-DRB5,BANK1,HLA-DMB,VPREB3,FCMR,TNFRSF13C,LINC00926,MARCHF1,RIPOR2,IGHD,CD69,SELL,RCSD1,GPR183,PTPRC,ARHGAP24",airway,B cells,F
Travaglini_2020,F32,"MZB1,JCHAIN,FKBP11,HSP90B1,SEC11C,XBP1,ITM2C,DERL3,SRGN,FKBP2,GSTP1,PRDX4,TMEM59,LMNA,CD27,IGHG3,PSAP,SELENOS,PDIA6,CD63,SEC61B,PPIB,SELENOK,SPCS2,CTSH,SSR3,MANF,TMEM258,MYDGF,DNAJB9,SPCS3,TMED10,HSPA5,PIM2,KRTCAP2,ANKRD28,TMED9,SELENOM,MCL1,LMAN2,CD59,RABAC1,CRELD2,NPC2,TXN,RPS27L,RGS1,NUCB2,TIMP1,TXNDC15",airway,plasma cells,F
