Data,Cluster,Markers,Organization,cell_type,level
Wang_2020,M2,"PTPRG,PRKG1,COL1A2,DST,SLIT2,TTC28,COL1A1,TCF4,LAMA2,LDB2,LHFPL6,TIMP3,COL4A2,SH3D19,ZFPM2,NFIB,GRK5,FBXL7,MEIS1,ADGRL2,CACNA1C,ZEB1,CALD1,AKT3,COL4A1,TFPI,PLEKHH2,PRICKLE2,COL5A2,PIEZO2,RBMS3,SETBP1,NRP1,PBX1,PDZRN3,ARHGAP6,EPB41L2,COL3A1,COL6A2,LAMA4,BACH2,FN1,PPFIBP1,SRGAP1,SNED1,MAGI2,LSAMP,ADAMTS9-AS2,SPARC,BNC2",airway,fibroblasts,M
Wang_2020,F20,"TNC,IL1R1,ZNF385D,THBS1,SAMD4A,XIST,SGIP1,PITPNC1,BMPER,ROR2,CD44,GALNT2,MTHFD1L,ETS2,THBS2,ELL2,FGF7,NAMPT,RUNX1,PALM2-AKAP2,SFMBT2,C11orf96,ACTN1,OSMR,HBA2,LITAF,MT2A,EML4,LDLRAD3,ADAMTS1,CLIP1,ADGRA3,CSGALNACT2,MEG8,PVT1,PGAP1,TGFBI,RASA3,TNFAIP2,NOD1,CRISPLD2,YBX3,TIMP1,SOBP,CHSY1,NHS,CEMIP2",airway,fibroblasts,F
Wang_2020,F16,"LDB2,EPAS1,RALGAPA2,CALCRL,MAGI1,RAPGEF5,PECAM1,EGFL7,ST6GALNAC3,CEMIP2,PRKCH,PTPRB,VWF,EMCN,GNA14,CD36,ADGRF5,DOCK9,MEF2C,RGCC,EXOC6,FLI1,MYH9,SEC14L1,ANO2,ETS1,ENG,RAPGEF4,RAPGEF1,EPB41L4A,ECE1,PCDH17,PLEKHG1,ARHGAP31,SH3BP5,FLT1,SHANK3,SLCO2A1,KLHL5,ARHGAP29,TEK,FENDRR,ARHGAP18,SHROOM4,ID1,SNRK,SORBS1,CLDN5,NRG3,ERG",airway,endothelial cells,F
Wang_2020,F17,"RYR2,CCBE1,LIMCH1,CACNA1D,ITGA8,NAV2,SCN7A,GALNT17,ANGPT1,NEBL,ADARB1,USP53,SVEP1,ADGRB3,MYLK,AC092691.1,ABCA6,MAMDC2,DLGAP1,LMCD1,AC245297.3,AL139383.1,PDE4DIP,VGLL3,NKD1,ADH1B,GRIA1,IL16,NPNT,FMO2,PTPRS,FBLN5,NEGR1",airway,fibroblasts,F
Wang_2020,F22,"COL1A1,BNC2,CCDC102B,HBA2,GPC6,BICC1,ADGRL3,PCDH7,NAV3,GALNT17,MIR99AHG,FLRT2,SEMA5A,ADAMTSL3,KCNQ1OT1,HBA1,TTC3,RBPJ,PLAGL1,AC092691.1,ABCA10,COL21A1,CYR61,MID1,FOS,THBS2,BCL2,NR4A1,TENT5A,KLF12,ABCA9,BCKDHB,NCAM2,COL12A1,SEMA3D,PID1,DCLK1,DYNC2H1,BMPR1A,COL4A3BP,LTBP4,PRRX1,FGFR1,ID3,UST,NREP,COL6A6,PRSS23,FBLN1,EBF1",airway,fibroblasts,F
Wang_2020,F25,"EBF1,PLCB1,ADAMTSL3,CCDC102B,PDE3A,LAMB1,MYO1B,SEMA5A,TRPC6,DOK6,NCALD,EDNRA,PAG1,GUCY1A2,FARP1,INPP4B,MLLT3,ENOX1,PDGFRB,ADAMTS9,ADGRF5,CARMN,MYOF,PKNOX2,PDZD2,ARHGAP42,COL18A1,MYH11,EPS8,PAWR,CHN1,PLEKHA2,ADGRD1,CNTN4,CNNM2,DGKG,RNF152,RFTN1,ADARB2,HES4,ADCY3,ARHGEF17,EDIL3,SEMA6D,NOTCH3,MCAM,NCK2,GJC1,MIR4435-2HG,TBX5",airway,fibroblasts,F
Wang_2020,F27,"ST6GALNAC3,KALRN,MAGI1,EFNA5,GLIS3,ZDHHC14,FLRT2,THSD4,ITGA9,NXN,ZNF521,DOCK9,CD36,SEMA6A,RHOJ,TSPAN5,ADAM10,SEMA3D,CNKSR3,PLEKHG1,MAN1A1,STOX2,NHSL1,DAPK1,PTPRE,SEMA3A,ADAM19,L3MBTL4,MIR4435-2HG,NRG3,PTPN14,MAP3K1,DOCK5,PGM5,CERS6,PRKCH,LMBR1,RALGAPA2,PKHD1L1,ANKS1A,ELK3,VAV3,RPS6KA2,MDFIC,BACE2,SLC22A23,ENOSF1,PRKAG2,MGAT5,SNTG2",airway,fibroblasts,F
Wang_2020,F24,"RYR2,COLEC12,CDH11,FAM155A,ROR1,COL6A3,HMCN1,UNC5C,PTPRD,C7,MGP,MEOX2,VCAN,PCDH7,FAT3,PSD3,KIF26B,EDNRA,GPC3,ROBO2,NEBL,ADAMTS2,MYH10,CCBE1,GUCY1A2,NAP1L1,ENOX1,CYP7B1,EMP1,ANGPT1,LAMB1,ADAMTS12,DOCK10,SCN7A,PDE3B,PRKCB,TPM1,MOXD1,PLCE1,ITSN1,LBH,PMP22,GLI3,NTM,LIMD1,TMEM132C,LDLRAD3,NEO1,RUNX1,GRK3",airway,fibroblasts,F
Wang_2020,F21,"AFF3,NCALD,EMCN,NEDD4L,SORBS1,KHDRBS2,CDH13,FLI1,MYO6,ZNF331,FRY,HPGD,PECAM1,KIAA1217,STXBP6,SEMA6A,RAPGEF5,SHANK3,SLCO2A1,ARHGAP29,EPAS1,DOCK9,CLDN5,PRKCH,FENDRR,ARHGAP31,NRG3,ADGRF5,GALNT18,EGFL7,SEC14L1,COBLL1",airway,fibroblasts,F
Wang_2020,F23,"EBF1,MIR99AHG,ADH1B,PID1,NAV3,NLGN1,C7,CRISPLD2,LTBP1,DCLK1,ABCA8,ABCA10,NEGR1,CCDC80,LRP1,ABCA9,PCSK5,ADAMTSL1,PRRX1,GSN,C3,C1S,UST,TLN2,RARRES1,ABCA6,PTGIS,IGF1,ESR1,NNMT,DDR2,SCARA5,PODN",airway,fibroblasts,F
Wang_2020,F19,"ROBO2,SOX5,ZNF385D,ADGRB3,THSD4,HPSE2,ROBO1,ITGA9,PBX3,SEMA3C,FLRT2,ACTA2,FLNA,ARHGAP42,MLLT3,MAP3K20,CARMN,LMCD1,TBX5,LTBP1,POSTN,SLC4A4,MYH11,ENTPD1-AS1,SPON1,ADGRG6,COL4A5,MSI2,TRERF1,IGF1,TBX3,TAGLN,NREP,ADAMTS6,NKD1,TNFRSF19,UBASH3B,LTBP2,PTK7,UNC13C,NTN1,EYA4,CCDC68,PLS3,BRINP3,RUNX1,COL24A1,SYNPO2,DACH2,PRDM6",airway,fibroblasts,F
Wang_2020,F18,"COLEC12,ABI3BP,XIST,TPST1,LIFR,GPC6,SAMD4A,NLGN1,OSMR,GMDS,KCNT2,ADAMTSL1,MARCH3,MAP3K5,LPAR1,DPYSL3,CFH,PLAGL1,SEMA5A,GNA14,VCAN,SLCO3A1,CRISPLD2,IFI16,NAMPT,GALNT2,ENOX1,MEG8,FLRT2,THBS1,LDLRAD3,THBS2,CCDC80,ROR2,SPATS2L,SFMBT2,TENT5A,NTM,PTPN2,JAK2,ABCA1,YBX3,LTBP4,TNFAIP2,DENND5A,ZFP36,C3,COL6A6,CNKSR3,TIAM1",airway,fibroblasts,F
Wang_2020,F26,"FAM155A,ITGA8,PIEZO2,ABI3BP,PLEKHH2,HBA2,ADH1B,COL6A3,CCBE1,LIMCH1,CACNA1D,VCAN,NLGN1,PKN2,MEOX2,PLPP1,PCDH7,GPC3,HPSE2,CNTNAP2,HBA1,ZDHHC14,FAT3,ADAMTS12,LUM,CDH11,MAPK10,NCKAP5,COL14A1,FOS,CYR61,PRDM6,CACNB2,FOXP2,ADGRB3,PRKCB,LIMD1,SPATA6,ARHGAP28,SELENOP,FAM13A,DLGAP1,TARID,C7,NTNG1,LBH,THRB,FMO2,PCDH15,GHR",airway,fibroblasts,F
Wang_2020,M1,"SLC11A1,PPARG,SNTB1,PLXDC2,MRC1,RBM47,FRMD4A,TNS3,RAPGEF1,PTPRC,MGAT5,LSAMP,FTH1,RUNX1,ABR,MSR1,CCDC88A,MAN1A1,KCNMA1,DOCK2,ATP2B1,GLUL,PSAP,FKBP5,COL4A3BP,MTRNR2L12,TFRC,ADAM17,MYO9B,FOS,GTDC1,DENND1A,MITF,TBXAS1,MANBA,ABCG1,SLC39A11,SLC8A1,ALOX5,PCED1B,CEP170,TPRG1,PDE4DIP,RREB1,SLCO2B1,ARHGAP18,CTSL,GPRIN3,SAMHD1,MARCO",airway,alveolar macrophages,M
Wang_2020,F10,"SLC16A10,ZNF331,XIST,SAMSN1,ARID5B,SDC2,BASP1,PMP22",airway,unknown,F
Wang_2020,F12,"LSAMP,AC092691.1,GLDN,PELI1,AC105402.3,HEATR5B,IL1RAP,AKT3,FRY,ADGRE5,LINC00278,KLHL29,ACSM3,SGMS2,AC090796.1,LMNA,LMBR1,ATP10A,AHR,TRHDE,ACACB,ARHGEF28,FABP4,HLA-DRB5,AL390036.1,NFIA,MACC1,CNST,HPGD,WDR49,CHRM3,MME,SEPT11,IRS2,ZBTB7C,KCNAB1,PAQR5,AC096564.1,PKP2,INHBA",airway,alveolar macrophages,F
Wang_2020,F15,"ITSN1,SAMSN1,XIST,MERTK,TLR2,MEF2C,TGFBI,LGMN,SDC2,PTPRE,MTSS1,ATP8B4,ARHGAP21,CEMIP2,TCF4,ANKH,SSBP2,MALT1,ENTPD1,ARRDC3,PFKFB3,AXL,UST,SLC7A8,BCAT1,MB21D2,PAM,CYTH4,SSH1,KDM7A,RHBDF2,RNF145,TNFSF13B,CREB5,RAPH1,TNFRSF1B,TUBGCP2,WIPI1,IGF2BP3,SELENOO,FOSL2,AP000311.1,HIF1A-AS2,CHSY1,MXD1,TIMP1,LILRB5,AUTS2,VEGFA,RUBCNL",airway,alveolar macrophages,F
Wang_2020,F9,"C1QA,C1QB,INHBA,FBP1,C1QC,LYZ,HLA-DPB1,HSP90AA1,HLA-DPA1,CD68,JUN,S100A10,JUND,RPLP1,APOE,AL390036.1,ALDH2,CD63,CD81,TGM2,RPL30,AC019183.1,CD52,RPS15,FCER1G,RPL11,ALOX5AP,RPL15,PTMA,CST3,S100A4,UBB,APOC1,MME,SH3BGRL3,CFL1,TSPO,YBX1,TUBA1B,RPL28,RPS3,HLA-DQB1,EVL,LPL,CXCL16",airway,alveolar macrophages,F
Wang_2020,F8,"TPST1,PLPP3,XIST,RGL1,MERTK",airway,alveolar macrophages,F
Wang_2020,F11,"F13A1,STARD13,FRMD4B,MTSS1,SLC9A9,LGMN,ZFP36L1,WWP1,MS4A6A,PID1,HDAC9,GAS7,ITSN1,SELENOP,ME1,STAB1,ATP8B4,CEMIP2,AP2A2,BNC2,EPS8,CD14,SRGAP1,AOAH,AFF3,TNFRSF1B,TTYH3,AUTS2,RGL1,SSBP2,CD36,ADAP2,AP1B1,ST6GAL1,SLC40A1,ANTXR2,ABCC5,CYTH4,CREM,MEF2C,CEBPD,MAF,CD163L1,CSF1R,HRH1,LPAR6,INPP5D,MS4A4E,RCSD1,TPCN1",airway,alveolar macrophages,F
Wang_2020,F13,"LSAMP,AC092691.1,FN1,ATP10A,SAMD4A,MME,PCOLCE2,ME1,PRKCH,TTC39B,KLHL29,MACC1,ITGB8,RETREG1,ARHGEF28,MLPH,CHRM3,CES1,AC068992.1",airway,unknown,F
Wang_2020,F14,"APOE,LYZ,SLC2A3,CD14,ITGB2,CD9,HSPA1A,RPSA,RETN,LSP1",airway,alveolar macrophages,F
Wang_2020,M0,"SFTPB,MECOM,ANK3,ALCAM,LMO7,ACOXL,PTPN13,RBPMS,MAGI1,NEBL,PHACTR1,NEDD4L,ERBB4,ATP13A4,LRRK2,RANBP17,YAP1,TOX,ABCA3,KANK1,PTPRD,ADK,PARD3,TMEM163,EPS8,MLLT3,SHANK2,DANT2,RNF145,NHSL1,CD55,GPC5,FOXP2,LIMCH1,ELF3,RAI14,FGFR2,WWTR1,SH3RF1,GPRC5A,LMO3,C1orf21,MTUS1,GCNT2,MET,MACROD2,EPB41L5,UNC13B,PATJ,PDZD2",airway,unknown,M
Wang_2020,F4,"CDK14,PLCL1,SCGB1A1,TRIM2,GRIP1,ARHGAP42,FAM129A,BMPR1B,HNMT,INPP4B,EHF,CLIC6",airway,unknown,F
Wang_2020,F0,"ABCA3,XIST,BMP1,AFF3,TTN,TNIK,NAPSA,MLPH,DUOX1,TFPI,SFTPA1,PTGFR,SPIRE1,SLC22A31,MFSD2A,CAPN8,PRKCA,AGBL1,LAMP3,ACSL4,COLEC12,PARM1,CACNA2D2,SCN1A,ACSS2,CSF3R,C8orf34,HHIP,SFTPA2,KIAA1324L",airway,unknown,F
Wang_2020,F5,"XIST,HBA2,IGF2BP2,ADAMTS9,PUM3,PABPC1,HBA1,TENT5A,NECTIN3,ITGA2,MTHFD1L,ZFAS1,SLC25A37",airway,unknown,F
Wang_2020,F2,"NCKAP5,KHDRBS2,DST,RTKN2,COL8A1,ARHGEF26,AC027288.3,RAB11FIP1,ST6GALNAC5,NXN,GPRC5D-AS1,CAV1,COL4A3,SCEL,MAGI2,ARAP2,NEDD9,LINC01290,ANOS1,SAMD4A,GALNT18,CLIC5,SEMA5A,MAP2,AC002066.1,MVB12B,AGTPBP1,CNTN6,GRK5,CAPN2,FAM107B,NRG3,RAB31,RP1,RBMS3,PAPSS2,ANKRD29,N4BP1,RHOBTB3,THSD7A,PHLDB2,EPB41L3,MS4A15,GPM6A,KCNT2,ABLIM1,COL4A4,MYO16-AS1,NRG1,ATP10A",airway,unknown,F
Wang_2020,F1,"AFF3,CCDC141,CD36,SFTPA2,SFTPA1,FAM155A,TNIK,KIAA1324L,AC010998.1,HIST1H2AC,TTN,AC087286.2,FOS,AP003086.2,LRRC36,LRP2BP,LANCL1-AS1,BMP1,AC046195.1",airway,unknown,F
Wang_2020,F6,"ADAMTSL1,CASC15,ANKRD29,GRK5,F3,NDNF,ACADL,HIF3A,ST6GALNAC5,CLDN18,USP9Y,TIMP3",airway,unknown,F
Wang_2020,F3,"ADAMTSL1,CD36,CASC15,ERRFI1,TTTY14,HBA2,SLIT2,IGF2BP2,SLC2A3,LINC01876,PTP4A1,FRAS1,JUND,SCGB3A1,NR4A1,PRICKLE1,CTNNA3,FAM85B,TLR2,SOX6,RNF220,HIF3A,MALL,BHLHE40,TPM4,ARL17B,CPAMD8,HBA1,ADGRL2,CDK6,HIST1H2AC",airway,unknown,F
Wang_2020,F7,"ADAMTSL1,CFTR,HBA2,HIST1H2AC,ARFGEF3,PLCL1,TTC6,CLIC6,PTP4A1,PRICKLE2,SCGB3A2,FUT8,LINC01876,SCGB3A1,NDRG1,ST6GALNAC3,EHF,SCGB1A1,HBA1,SLC41A2,HIF3A,XBP1,VIM,NR4A1,NRXN3,FBXL7,TRIM2,GRIP1,STEAP4,MBOAT2,EPB41L4A,DNAH5,SBF2,FRAS1,RPL13,BHLHE40,PDCD4,SLC4A7,NEGR1,CFH,CP,SEMA3C,NTN1,CDK14,SDK1,GOLM1,BMPR1B,HNMT,GRHL1,SLC44A5",airway,unknown,F
Wang_2020,M3,"PTPRC,ARHGAP15,FYN,PRKCB,DOCK2,DOCK10,RIPOR2,AOAH,CDC42SE2,DOCK8,FYB1,STK17B,STK10,STK4,XYLT1,TNFAIP8,SMAP2,INPP5D,MYO1F,PIK3R5,WIPF1,IKZF1,APBB1IP,BCL2,IQGAP2,PIP4K2A",airway,macrophages,M
Wang_2020,F29,"SKAP1,INPP4B,CD96,SYNE2,TOX,CD247,RORA,BCL11B,IL7R,ANK3,CAMK4,SLFN12L,ITK,TC2N,THEMIS,PRKCQ,ETS1,PRKCH,STAT4",airway,unknown,F
Wang_2020,F28,"SLC8A1,PLXDC2,ZEB2,LRMDA,TBXAS1,ZSWIM6,GNAQ,RNF149,ETV6,SAT1,MAML3,SBF2,MEF2C,VCAN,MARCH1,WSB1,BACH1,TRPS1,ATG7,NAMPT,SLC11A1,DOCK4,PRKCE,FTH1,FAM49A,SAMHD1,RBM47,KYNU,FGD4,TNFRSF1B,SYK,MYO1F,GRB2,IRAK3,RNF130,BAZ2B,DENND1A,RIN3,NAIP,USP32,TRIO,TET2,DOCK5,RNF13,ALOX5,NUMB,TLR2,CTSS,RAB31,DMXL2",airway,macrophages,F
Wang_2020,F32,"BACH2,PDE3B,THEMIS,CAMK4,PRKCA,BCL11B,FHIT,TXK,SERINC5,ZEB1,CERS6,ESYT2,LEF1,CD247,TNIK,ITK,SARAF,KCNQ5,TMC8,PCED1B,IL7R,FUT8,ETS1,PRKCQ,PRMT2,RASA3,MGAT4A,STAT5B,OXNAD1,RBL2,MLLT3,NCK2,CSGALNACT1,CRTC3,IGF1R,PLCL1,IL6ST,NAP1L4,NDFIP1,ATP10A,PLAC8,ITPKB,ABLIM1,CYLD,STK17A,LEPROTL1,SCML4,TCF7,ATF7IP2,APBA2",airway,unknown,F
Wang_2020,F31,"CD247,PRKCH,STAT4,MCTP2,PLCB1,TXK,TOX,NCALD,SYNE1,SYTL3,SAMD3,RASA3,PTPN4,RORA,STK39,PRKCQ,ZBTB16,PYHIN1,AC022075.1,KLRD1,CARD11,TFDP2,ETS1,SLFN12L,GNLY,TGFBR3,SKAP1,RUNX3,NFATC2,KLRF1,IKZF3,KCNQ5",airway,unknown,F
Wang_2020,F30,"BACH2,AFF3,MTSS1,MEF2C,ARHGAP24,RCSD1,CD74,HDAC9,ZHX2,KCNQ5,PRDM2,SIPA1L3,MCTP2,RALGPS2,IKZF3,PLCG2,BANK1,PLEKHA2,ADAM19,EBF1,IQSEC1,TRAK1,STRBP,LRMP,SP110,GNG7,CDK14,EZR,ARHGAP17,TMEM156,PLEKHG1,SP140,SWAP70,PARP15,SETBP1,CD37,SNX2,CD83,IGF2BP3,IGHM,BCL11A,TPD52,SEL1L3,RUBCNL,TCF4,MS4A1,WDFY4,FCRL1,RAB30,BLK",airway,B cells,F
Wang_2020,F33,"FNDC3B,MEF2C,ST6GAL1,MSI2,FNDC3A,GLCCI1,HIPK2,MAN1A1,FUT8,SEL1L3,PLCG2,ANKRD28,RALGPS2,GMDS-DT,GMDS,VOPP1,DNAJC1,MBNL2,CSGALNACT1,IGKC,DENND1B,RAPGEF2,FAM69A,CDK14,GNG7,PDE4B,NRDC,HERPUD1,SEC14L1,ERN1,MIR4435-2HG,XKR6,GALNT2,GAB1,AC008014.1,SCAPER,SEC31A,TPD52,USP48,LIMD1,EVI5,ELL2,SEC63,RUNX2,EIF2AK3,MAP4K3,CHST15,FAM214A,HDLBP,GPHN",airway,airway macrophages,F
Wang_2020,F34,"HDAC9,ASAP1,AUTS2,ATP2B1,TOX,SLC8A1,NCALD,TRIO,PTPRE,GAS7,FMNL2,CCDC88A,DENND1B,SIPA1L3,HLA-DRA,MARCH1,CD74,CBL,ZEB1,TET2,HLA-DRB1,MIR181A1HG,HLA-DPB1,TRERF1,CIITA,CPVL,CSF2RA,ID2,NFATC2,EXOC6,CLEC7A,ADAM19,NLRC5,ELOVL5,HIP1,RAB11FIP1,CD226,LRRK2,VOPP1,PIK3CB,AHCYL2,AC004687.1,WDFY4,MYO9A,OSBPL3,ABL1,STX12,SUSD6,MIR4435-2HG,RUFY3",airway,alveolar macrophages,F
Wang_2020,F36,"GRK3,LYST,AUTS2,ARAP2,UVRAG,CERS6,RBM47,REL,RAB8B,ALCAM,TANK,SAMSN1,FAM49A,CEP350,VOPP1,CFLAR,RFTN1,PHKB,ZEB1,CSF2RA,BMP2K,NFKB1,KLF6,RAB10,KIF2A,PTPN1,VPS8,TBC1D8,MAP4,RNF144B,ANTXR2,FAM69A,CCDC88A,JAK2,RNF145,RPL41,RNF130,ANKRD10,PLXNC1,FOXN2,CTBP2,PELI1,PPP1R16B,CD83,RSRC1,GNPTAB,HIVEP1,KDM2B,RUFY3,TRAF3",airway,macrophages,F
Wang_2020,F35,"AFF3,CARD11,TCF4,AUTS2,MDFIC,CHD9,CERS6,PTPRE,PDE4B,RREB1,ARHGAP24,RUNX2,WDFY2,SEL1L3,USP24,RAP1GAP2,HNRNPU,CDYL,RNF130,JAK2,NIN,TUT4,MAN1A1,PI4KA,CCDC88A,MEF2C,RAB11FIP1,TTC3,NPC1,SKAP2,PLAC8,ERN1,JAML,SETBP1,HDAC9,PIK3AP1,MYO9A,ZNRF2,EXOC6,CD2AP,WDFY4,SP110,STRBP,AC008014.1,ASPH,BCL11A,ARHGAP17,ANTXR2,NFX1,BTAF1",airway,unknown,F
Wang_2020,M8,"ARHGAP15,TNIK,BNC2,PRKCA,SLC2A3,PRKCB,ARHGAP18,NTM,BMP2K,IQGAP2,ALOX5,DIP2C,MCTP2,AC245297.3,ACSL4,SKAP1,MCTP1,SLC24A3,DACH1,IKZF1,SAMSN1,SRGN,STXBP5,RHOBTB3,RPS6KA5,STXBP6,MARCH3,MEIS2,MSRA,TRERF1,SYTL3,AC098617.1,LMO4,BACE2,SYTL2,CTNNBL1,EPB41L1,ARHGEF6,STX3,ATP6V0A2,IL18R1,GRAP2,RIPOR2",airway,unknown,M
Wang_2020,M6,"SYK,SCLT1,PTMA,CCDC14,NSD2,CEP192,PRIM2,MIS18BP1,CENPP,LYZ,TUBA1B,SMC4,POLA1,MMS22L,EZH2,ATAD2,AC016205.1,DIAPH3",airway,unknown,M
Wang_2020,F42,"ZEB2,HLA-B,ARHGAP15,DOCK8,LYZ,VIM,PTPRC,SLC8A1,DOCK10,PLXDC2,SFMBT2,DENND1A,GRB2,HLA-C,TXNIP,ELMO1,FLI1,CHST11,PABPC1,LYST,IKZF1,SRGN,RPS19,GRN,SYK,SAMHD1,GPCPD1,CTSS,CNTRL,PIP4K2A,TBXAS1,CCDC88A,RAPGEF1,ARHGAP26,CD74,LYN,LDLRAD4,FNBP1,DOCK2,CMIP,TUBB,RPS2,MYO1F,S100A11,VCAN,IRAK3,DENND4A,CBL,TAOK3,RPL13",airway,unknown,F
Wang_2020,F43,"SFTPB,MECOM,NEDD4L,DLC1,SFTA3,LIMCH1,MAGI1,MAGI3,ANK3,RBPMS,MACROD2,PATJ,PARD3B,SOX5,PTPRG,PTPRK,LAMA3,MAST4,AGAP1,SYNE2,CADM1,ZNF385B,LMO7,GPC5,STOX2,DLG2,ACOXL,RANBP17,GLCCI1,ADGRV1,GPHN,TACC2,LARGE1,NAV2,CACHD1,EGFR,SHROOM3,NBEAL1,CADPS2,UNC13B,SNX25,PRKG1,KIAA1217,SYNE1,P3H2,MTUS1,PARD3,VEPH1,THSD4,AFDN",airway,unknown,F
Wang_2020,M4,"SDK1,MAPK10,PLEKHA5,PRICKLE2,MSI2,RFX3,SHANK2,IGF2BP2,KIAA1217,WDPCP,C11orf49,MNAT1,ULK4,ANXA4,STRBP,CEP112,PLEKHA7,PSD3,DMD,RFX2,IGFBP7,DIS3L2,SNED1,BICC1,CPLANE1,LRIG1,FAM13A,TMC5,DYNC2H1,ODF2L,ATP2A2,CSPP1,FAM160A1,THADA,EZR,FOXP2,PLCH1,OSBPL3,SPATA6,C8orf34,EFCAB2,BBS9,RGL1,WDR60,SYNE1,ARMC9,FUT8,CCDC146,ANKUB1,KIAA0825",airway,unknown,M
Wang_2020,F37,"FYB2,CHST11,AP001831.1",airway,unknown,F
Wang_2020,F38,"RPL41,HBA2,ACTG1,PTMA,HSPH1,SIDT1,TUBA1A,CKB,TMEM190,RPL13,RPL15,HSP90AB1,JUND,HBA1,CLIC1",airway,unknown,F
Wang_2020,F39,"CDC20B,CCDC171,CCNO,KIAA1328,LINC01572,CNTN4,CEP350,PLCE1,SCAPER,RANBP9,FCHSD2,RANBP17,KCNQ1OT1,AC092683.1,TRAF3IP2-AS1,ASAP1,PTPRG,SCGB3A2,KDM5B,DEUP1,TMEM108,TTTY14,UBAP2,CCDC14,FGFR2,RTTN,KIF24,ACSL3,TIMM23B,FAM19A2,NOS1AP,NUP160,ARFGEF2,TPP2,RBL2,VEZT,SUGP2,CEP70,AP2B1,DNAH14,EZH2,CEP78,AGO2,NSD2,NPNT,TM7SF3,HACD3,SPATS2,SMC4,ASAP2",airway,unknown,F
Wang_2020,M5,"PIP4K2A,HBA2,CD36,MAN1A1,TFRC,BMP2K,HSP90AA1,EPB41,HBA1,SLC25A37,RAB11A,CDC27,TSPAN5,CPEB4,MARCH3,NAP1L4,CTSL,ZC3HAV1,WRN,SLC22A23,YBX3,ZNF451,SORBS1,LTBP1,PLCL2,DNAJB6,SOX6,MBOAT2,RIOK3,MOB1B,TMEM131L,CAT,XPO7,SUCO,STAM,STOM,HSPA1A,EIF5,ATG2B,BLVRB,HBB,RHBDD1,USP12,DDI2,SELENBP1,RCL1,USP7,SEC62,MICAL3,SLC40A1",airway,erythrocytes,M
Wang_2020,F40,"NFIA,KMT2C,EZH2,ARL15,CENPF,STAG1,DNAJB1,MBOAT2,SLC25A21,ATP2C1,HSPD1,NBAS,IQGAP2,LPCAT3,ITGA4,DLEU2,IKZF1,LMO2,SRSF4,HNRNPH1,NSD2,CBLB,TRIM33,SREBF2,SSBP2,ZCCHC7,SUCO,B4GALT5,RIF1,PTPRA,ARID1B,HMGB2,UGCG,GNAQ,TENT2,SLC20A1,RAP1A,PDS5B,MBP,USP6NL,PRKAR2B,MFHAS1,FAF1,GPBP1,STIP1,RBM6,THOC2,LCOR,RAP1B,NSMCE2",airway,unknown,F
Wang_2020,F41,"TMCC2,XPO7,NCOA4,SLC40A1,LPIN2,PIM1,RBM38,COL3A1,RNF10,DCAF12,SLC14A1,MICAL2,GLRX5,BPGM,ADIPOR1,SLC25A39,TCP11L2,FAM210B,TENT5C,FRMD4A,GLUL,HLA-A,GUK1,MKRN1,ATG14,TRIM58,STK11,ARL4A,BCL2L1,HBG1",airway,erythrocytes,F
Wang_2020,M7,"SOX5,LSAMP,MECOM,FBXL7,VIM,TOX,COL3A1,GPC6,MAPK10,TRPS1,MEIS1,PSD3,PLCB1,FRY,KCNQ1OT1,THSD4,MIR99AHG,FGFR2,THBS1,BICC1,DANT2,KCNMA1,PLAGL1,RPL13,SPARC,PDE4DIP,STK39,SNED1,XYLT1,EPB41L2,WWP2,BNC2,ADGRB3,CDK6,PDZD2,CSGALNACT1,KCNT2,HIST1H2AC,KLF12,RPL15,ELN,CALD1,PDGFC,ZFYVE16,RHOBTB3,NFIB,SORBS1,SORBS2,MGP,RPS2",airway,fibroblast,M
Wang_2020,M9,"FAM155A,NEBL,SDK1,DLG2,CAMK1D,SLC8A1,TCF4,ERBB4,TEAD1,MAGI2,PIEZO2,TSHZ2,SOX5,PPP1R9A,GPC6,TOX,PDZRN3,BCL2,AHI1,MSI2,KCNMA1,CACNB2,KHDRBS2,GSE1,ADGRV1,TMEM108,NLGN1,NCALD,CERS6,PCED1B,PRKN,PLCL1,PDE4B,DAAM1,GULP1,CCSER1,XKR6,CNTN4,TSC22D1,PRKD1,SH3PXD2A,LARGE1,ABHD2,KLF12,ROBO1,FLNB,SIL1,MEIS2,PTK2B,DTNB",airway,unknown,M
