Data,Cluster,Markers,Organization,cell_type,level
Wilson_2022,M3,"SLC12A3,AL355612.1,TRPM6,TMEM52B,KNG1,AC078980.1",kidney,unknown,M
Wilson_2022,F19,,kidney,unknown,F
Wilson_2022,F20,"CUBN,KCNQ1OT1,ACSM2A,TRPM3,RAB11FIP3,ACSM2B,AC096577.1,LRP2,SLC4A4",kidney,proximal tubule epithelial cells,F
Wilson_2022,M0,"ACSM2A,CUBN,ACSM2B,LRP2,FTCD,SLC17A1,ERRFI1,MSRA,LINC01060,PCDH15,AC003044.1,ASS1,SMIM2-AS1,SLC5A12,BNC2,MIOX,MIR100HG,ALDOB,AL110292.1,Z93403.1,RHOBTB1,KCNJ15,PLG,DPYS,NOX4,SLC36A2,SLC13A1,AC087762.1,PRLR,HPN,LINC01622,TPCN1,SLC1A1,SLC16A9,MCF2L,ENPEP,AC008554.1,LINC01515,SLC6A13,ARHGAP10,SLC7A8,BHMT2,AGXT2,SFXN5,BHMT,AL589669.1,SLC28A1,HECW1,CDHR3,SLC12A6",kidney,proximal tubule epithelial cells,M
Wilson_2022,F0,"LINC00486,XIST,MECOM,AC019197.1,ERBB4,KCNIP4,HSP90AA1,SLC8A1,RUNX1,SPP1,DHFR,GPC5,CCDC144A,AP3D1,CLPTM1L,PLIN5,PNN,KAZN,PDE1A,ANKS1B,SLC12A3,MT-CO3,MT-CO2,PAPPA",kidney,proximal tubule epithelial cells,F
Wilson_2022,F3,,kidney,proximal tubule epithelial cells,F
Wilson_2022,F1,"LINC00278,TTTY14,ALDH3A2,UTY,USP9Y",kidney,proximal tubule epithelial cells,F
Wilson_2022,F2,"LINC00278,TTTY14,FBP1,UTY,AL162725.2,USP9Y,AL592183.1,RFX3-AS1,SH3BP5,PPP2R1B,ABR,LINC01229",kidney,proximal tubule epithelial cells,F
Wilson_2022,M1,"SLC12A1,PLCB1,CASR,CACNA2D3,UMOD,EFNA5,RBFOX1,KLHL13,LINC01606,HIP1,CCDC148,RP1,SKAP1,OSBPL3,FGF13,FMN1,HS6ST2,ENOX1,CADM1,DNM3,EGF,EFHD1,RANBP3L,NAV2,ADAMTS17,SGIP1,CA10,ESRRB,TMEM72,GP2,INPP4B,KNG1,RNF150,SUSD4,MYO3B,STK32B,KCTD1,ACSL4,NELL1,CLCNKB,ZDHHC14,STK39,PRDM16,CACNB4,GPC5,NRK,BACE2,LINC00970,SLC16A7,LINC01762",kidney,unknown,M
Wilson_2022,F7,"UTY,SAMD4A,AC079352.1,BBOX1,ARHGAP26,DGKH,VCL,ITGB8,ALCAM,PAPPA2",kidney,unknown,F
Wilson_2022,F6,"SLC12A3,AL355612.1,TEX41,TRPM6,CACNB4,ZNF385D,TMEM52B,AC078980.1,KLHL3,PIK3C2G,TOX3,ABCA10,TBC1D9,CNOT6L,IL1RAPL2,SPP1,UNC5C,SAMD5,KL,DACH1,GPRIN3,TMPRSS2,MYO1B,AMY2B,TMEM101,L3MBTL4,CACHD1,AL158071.3,SLC24A3,EMX1,DEPDC1B,SALL3,FRMD3,GRIP1,ITPKB,GRAMD1B",kidney,unknown,F
Wilson_2022,F5,,kidney,unknown,F
Wilson_2022,F9,"SLC12A3,SLC8A1,LINC00486,AL355612.1,GRAMD1B,XIST,FRMD3,TRPM6,NCKAP5,KLHL3,PIK3C2G,KCTD8,SLC4A4,IL1RAPL2,CUBN,AC092683.1,L3MBTL4,CCDC144A,GRIP1,LUZP1,LRP2,SH3PXD2A,PLCG2,MT-CO3,SRRM4,TRPM3,AFMID,LHX1,DHFR,PLEKHD1,SPP1",kidney,unknown,F
Wilson_2022,F10,"XIST,MTRNR2L12,TENM4,AC138123.1,NTRK2,CACNB2,CLDN10-AS1,RGS6,KCTD16,FOXP2,TMEM72-AS1,PXDNL,PRDM16-DT,AC124017.1,NRCAM,KCNMB2,FGFR2,AC004870.4,MST1,F11,RAP1GAP,BMP6,AL159156.1,FGF14,LINC01197,PRKX",kidney,unknown,F
Wilson_2022,F8,"AC011246.1,XIST,LINC00486,HSP90AA1,GPC6,SLC4A4,CUBN,PLIN5,DHFR,NR4A1,TRPM3,CHP1,TMEM120B,LRP2,MT-CO3,LDLR",kidney,unknown,F
Wilson_2022,M8,"ACSM2A,ACSM2B,FTCD,SLC16A9,MIOX,MME,SLC13A3,SLC6A13,AFM,GLYAT,AC096577.1,AGXT2,PRODH2,PAH,LINC00671,CYP3A5,SLC22A6,AC004053.1,SLC34A1,RNF212B,LINC01020,SLC27A2",kidney,proximal tubule epithelial cells,M
Wilson_2022,F38,"SORCS1,MTRNR2L12,LINC00278,DHFR,FOXO3",kidney,proximal tubule epithelial cells,F
Wilson_2022,F35,XIST,kidney,proximal tubule epithelial cells,F
Wilson_2022,F36,"AC004053.1,SLC8A1,ARSB,LINC01349,BHMT,XIST",kidney,proximal tubule epithelial cells,F
Wilson_2022,F37,"LINC00278,SLC66A2",kidney,proximal tubule epithelial cells,F
Wilson_2022,M5,"TEX41,PIK3C2G,GRIP1,SOX5,TMTC2,BMPR1B,HSD11B2,SNTG1,PWRN1,LINC01099,SCN2A,MYO1B,PAPPA,C11orf80,KCTD8,FAM171A1,SLC38A1,MYO5A,CRYBG1,KITLG,NRCAM,TOX3,STIM2,MID1,SGPP1,MPPED2,APCDD1L-DT,SCNN1G,DPY19L2,AC011586.2,ADAMTS16,FRY,SCIN,ATP1B3",kidney,unknown,M
Wilson_2022,F26,"RGS6,TRPM6,FGF13,GRB14",kidney,unknown,F
Wilson_2022,F25,"ARG2,PLCL2,LINC01482,EYA4,AQP2",kidney,unknown,F
Wilson_2022,F27,"XIST,LINC00486,SLC4A4,HSP90AA1,LHX1,DHFR,CUBN,NCKAP5,GPI,MT-CO3,LRP2,PTH1R,RNF213,MAST4,SLC13A3,GPX3,SLC17A1,SLC5A12",kidney,proximal tubule epithelial cells,F
Wilson_2022,F28,"RUNX1,LSAMP,PDE1C,BHLHE40,VCL,ACTB,GDF15,ACTG1,FOSL2,GADD45B,KRT19,PFKP,PPP1CB,IER3,MIR222HG,DOT1L,SGK1,MAP3K14,TTTY14,FAM102A,ELOVL7,IFRD1,ACTR3,S100A6,CRY1,ADM,SGMS2,SDC4,PPP4R1,NFKBIZ,HOMER1,UPP1,LIMA1,KLF6,TNFRSF12A,UTY",kidney,unknown,F
Wilson_2022,M2,"RBMS3,PLPP1,ST6GALNAC3,LDLRAD4,MEIS2,TIMP3,CALD1,LDB2,ASAP1,ZEB1,SEC14L1,EMCN,TMTC1,FBXL7,EPAS1,SLCO3A1,ADGRF5,SORBS1,ITGA1,NRG3,MEF2C,CACNA1C,KALRN,SNED1,TCF4,RARB,PTPRB,FLT1,AC119674.1,ELMO1,SLCO2A1,DLC1,EBF1,PRKCH,SH3RF3,CDK17,ZBTB46,HIVEP3,SHANK3,GNA14,RAPGEF5,RAPGEF4,TEK,KLF7,PECAM1,EGFL7,ENG,ERG,ARHGAP31",kidney,endothelial cells,M
Wilson_2022,F16,"PDE3A,ADAMTS6,PCSK5,EXOC6,ABLIM1,GFOD1,PTPN14,VEGFC,SMAD6,PLCB4,ATP13A3,RNF144B,AP002989.1,PLXNA2,PTPRJ,PALMD,EFNB2,MAP2,SULF1,ELN,ABI3BP,MPPED2,CTTNBP2NL,ENTPD1,KIF13B,ABCC4,CTDSPL,PLD1,JAG1,NEBL,CPAMD8,ATP2A3,KCNN3,PLCG2,FBLN5,KLF2",kidney,endothelial cells,F
Wilson_2022,F11,"PTH2R,PKHD1,LINC00486,CUBN,CCSER1,SLC4A4,ESRRG,BICC1,PTH1R,PATJ,CMTM8,ACSM2A,LRP2,CEACAM1,ACSM2B,CGNL1,ATP1B1,ANK3,SLC13A3,RAB11FIP3,FGGY,DANT2,PPP2R3A,WDR72,KANK1,PAX8,SLC2A9,PPARA,PDZD2,CA12,SLC5A12,SLC17A1,SOX6,FARP1,ABLIM1,PCLO,SIPA1L3,ARHGAP6,TRPM3,GRAMD1B,GPX3,RNF152,KCNQ1OT1,NCKAP5,TINAG,GPC5,HSP90AA1,AC019197.1",kidney,proximal tubule epithelial cells,F
Wilson_2022,F15,"USP53,NR4A1,ZFPM2,AFF3,FOS,PALLD,TPM1,DMD,TSHZ2,BNC2,MEIS1,PIK3R1,SAMD4A,NOX4,GPC6,NR2F2-AS1,NR2F1-AS1,MAP3K5,MIR100HG,UBC,NEGR1,SYNPO2,ADAMTSL1,RFTN1,RERG,SLIT2,ZFAND5,ESR1,GUCY1A2,JUN,PSD3,MYH10,MYLK,CDH11,NFASC,PID1,ADAMTSL3,SVEP1,MAPK10",kidney,endothelial cells,F
Wilson_2022,F14,"PDE3A,SLIT3,TRPM3,ROBO1,ITGA8,PCDH9,FRY,PIP5K1B,PDE1A,EPS8,MEIS1,SDK1,NR2F2-AS1,CLMN,MYO1D,COL25A1,NTRK3,PIEZO2,TSC22D1,SAMD12,CPM,DGKG,CARMN,TBL1X,MAPK10,MSRB3,TMEM131L,ANO3,CACNB2,LTBP1,UNC5C,ROR1,TPM1,ARHGAP42,ATP10A,PALLD,ELL2,CD46,SPARCL1,DOCK8,ZFPM2-AS1,PHTF2,DMD,PDGFRB,COL4A5,CPED1,NHS,TBX2,ARHGEF17,COL18A1",kidney,endothelial cells,F
Wilson_2022,F13,"CHRM3,ITGA8,NRG3,HECW2,CDH13,TBC1D8,NTN4,NOSTRIN,PLAT,RCAN2,PDGFD,BTNL9,CMTM8,SPATA13,SGK1,RGL1,IGFBP5,NAV1,CHST11,MEG3,RXFP1,MEG8,SLC9A3R2,HIF3A,CALCRL,CNST,CRHBP,DYSF,RASGRP3,EHD3,SMAD6,GFOD1",kidney,endothelial cells,F
Wilson_2022,F12,"ADGRB3,GPM6A,NAV3,PGM5,SLC2A3,RAMP3,ZNF521,EHD4",kidney,endothelial cells,F
Wilson_2022,F17,"ZEB2,SFMBT2,SLC9A9,DAPK1,RNF130,RNF144B,CCDC91,DISC1,SAT1,DOCK8,RBM47,SRGAP2B,CELF2,ARHGAP24,WDFY2,HLA-DRB1,PTPRJ,INPP5D,CCDC88A,DOCK5,RHOA,FAM49B,FAM53B,HDAC9,DMXL2,MYO9B,CIITA,HERPUD1,SRGN,RAB31,SRGAP2C,CD74,RNF149,IQGAP2,RIN3,GNA13,RUNX1,LRRK2,GRK3,DOCK10,TBXAS1,STK17B,ZNF710,PTPRE,RASSF4,TRAF3,MANBA,MCTP1,LYN,SMAP2",kidney,endothelial cells,F
Wilson_2022,F18,"STOX2,NHSL1,ZFPM2,AUTS2,ITGA9,FRMD4B,SAMD4A,VAV3,ABLIM1,TSHZ2,PTPN14,CALCRL,MSRB3,TFPI,EFNA5,ELK3,RPS6KA2,NR2F1-AS1,ZNF521,GPM6A,OSBPL9,ADAMTS9,CNKSR3,SLC9A9,EXOC6,MICAL3,GALNT18,NAIP,DOCK8,SLC38A2,HDAC9,ADAMTSL1,CHSY3,DAPK1,EMP1,FLRT2,PGM5,CMSS1,AFAP1L1,FBN1,EML4,SH2D3C,FLT4,DOCK5,AC002070.1,ZNF423,TTLL5,PALD1,RHOJ,PXN",kidney,endothelial cells,F
Wilson_2022,M7,"PACRG,SLC26A7,CLNK,PDE1C,ITGA6,EPS8,ATP6V0A4,RCAN2,ARHGAP18,ADGRF5,GPAT3,NCOA7,PLCG2,ABCC4,ATP6V0D2,GLCCI1,SNTB1,SLC22A23,TBC1D14,GRB10,FYB2,CACNB2,TMPRSS2,PSD3,SCIN,CELF2,TMEM213,GALNT17,MUC20,TMEM101,AL356124.1,NRXN3,PRLR,CA8,RHBG,ADAMTSL1,ELOVL7,TMEM116,UST,SEMA3C,SLC4A9,PXK,PPARG,STIM1,SHOC1,MPP7,LINC01091,ATP6V1C2,LINC01187,HS6ST3",kidney,unknown,M
Wilson_2022,F34,"XIST,LINC00486,SLC4A1,HSP90AA1,PTH2R,TRABD2B,COL18A1,PLIN5,PPARA,LINC01320,SLC4A4,WDR60,CCDC144A,NFIC,CCSER1,MT-CO2,GPC5,KDM4B,CUBN,LRP2,MT-CO3,TMEM120B,CKB,KCNIP4,NRSN2-AS1,TRPM3,SLC12A1,SPP1,ABR,LDLR,SLC17A1,MTRNR2L1,DHFR",kidney,unknown,F
Wilson_2022,F33,"SLC26A4,DGKI,BMPR1B,ADAMTSL3,AC011246.1,SLC35F3,PPM1E,DACH1,AL390957.1,INPP4B,PLPP3,BCO2,UTY,MVB12B,MFHAS1,MLLT3,TRPC1,RNF150,TRHDE,SEMA5A,BCAP29,GPSM2,MBOAT2,KRT7,INSRR,EVA1C,TIAM1,TLDC2",kidney,unknown,F
Wilson_2022,F32,"ADGRF5,MPPED2,PDE1A,TMEM101,DSCAML1,NXPH2,CNTNAP5,UAP1,LEF1,KIT,DMRT2,CHL1,THRB-AS1,AC092422.1,FAM13C,HS6ST3,SMIM34B",kidney,unknown,F
Wilson_2022,M4,"BNC2,ITGB8,CNTN4,NRG3,STOX2,KCNMB2,RHEX,PRUNE2,RERG,ALDH1A2,UGT2B7,RBMS3,ARHGAP10,TPM1,SEMA5A,FOXP2,CTTNBP2,NRP1,CLIC4,TMEM178B,KLF6,CASC15,FAM189A1,FBXL7,UGCG,CDH6,MET,AC079352.1,AKAP12,ALPK2,KCNT2,ARHGAP26,MSC-AS1,TNIK",kidney,unknown,M
Wilson_2022,F22,"GPC6,DCC,MEG3,FTCD,AL589669.1,LINC01622,AC096577.1,GDA,AC007364.1,AC018467.1,RHOBTB1,AC003044.1",kidney,unknown,F
Wilson_2022,F21,"ALDH1A2,LINC01435,PDE1A,RBFOX1,ZFPM2,CFH,FBXL7,KCNT2,SLIT3,TSHZ2,TSPAN5,KCNMB2,KIRREL3,DUSP1,PCDH9,EFNA5,MYRIP,TENM3,RAPGEF3,COL4A5,PLCE1,NAV2,ROBO1,SIPA1L2,UNC5C,MEIS2,BMPR1B,ITGB3,TMEM163,WT1,LINC01197,AC003984.1",kidney,unknown,F
Wilson_2022,F24,"FOXP2,XIST,UNC5D,RNF144B,PROM1,HIST1H2AC,PHYHIPL,SGIP1,PLCB1,SATB2,HNF1B,CACNA2D3,SHISA9,SLC44A5,DYNC2LI1,SNTB1,VAV3,AC004889.1,KCNJ3,DNM3,GLCCI1,PRRG1,ASAP2,AC092894.1,SKAP1,FREM2,SEL1L3,DEPTOR,LRRC4C,CHL1,PFKFB3,MARCH1,ANKRD44,AC004870.4,CPVL,MRPS6,GRHL2,LINC02649,DNAH11,SMAD9,ABCA13,ID1",kidney,unknown,F
Wilson_2022,F23,"XIST,LINC00486,MECOM,HSP90AA1,TINAG,RALYL,AL589669.1,PPARA,MT-CO2,GPC5,SORCS1,SLC4A4,CA12,BOD1L1,SAMD5,SLC28A1,SPP1,LLGL2,GPX3,DHFR,MT-CO3,SMIM2-AS1,ANPEP,SLC8A1,PTH1R,LINC01622,GLDC,LINC00871,RNF152,CLDN10,HPN,SLC5A12,Z93403.1,MTRNR2L1,KCNIP4,SLC13A1",kidney,unknown,F
Wilson_2022,M6,"DACH1,MME,RBFOX1,PTPRD,ST6GALNAC3,IQGAP2,ARHGEF3,ENPEP,NPAS3,CA10,MGAT5,DPP6,MYO1B,CACNB2,TJP1,COL4A4,MYO1D,PDE4DIP,MAML3,ADAMTS9,PTPRO,SEMA5A,PLA2R1,FRMD3,PTPRQ,ZNRF3,SGIP1,SRGAP1,AL589935.1,RBMS3,CPNE8,ITGAV,FRY,RETREG1,IQCJ-SCHIP1,ST3GAL6,UACA,UNC5C,TGFBR3,NPNT,AC245297.3,VEGFA,CASZ1,DHRS3,DOCK5,EXPH5,NEDD9,CDC14A,SFMBT2,MYH9",kidney,kidney collecting duct principal cells,M
Wilson_2022,F29,CNTN4,kidney,kidney collecting duct principal cells,F
Wilson_2022,F30,"LINC00486,MECOM,CCSER1,SLC8A1,PKHD1,HIP1,BICC1,AC019197.1,CHD3,PTH2R,FGD4,MAGI1,ATP1B1,KCNIP4,DHFR,CA12",kidney,kidney collecting duct principal cells,F
Wilson_2022,F31,"UTY,FOS,RCAN1,DUSP1,USP9Y,NR4A1,FOSB,EGR1,LMNA,JUN",kidney,kidney collecting duct principal cells,F
Wilson_2022,M10,"ST6GAL1,DOCK8,GNG7,MEF2C,FUT8,CELF2,ANKRD44,PPP1R16B,HDAC9,SYK,PARP14,ELOVL5,TRAF3,AFF3,STK4,CAMK1D,JAZF1,STK17A,BANK1,CHST11,RIPOR2,DOCK10,SEL1L3,SMAP2,MARCH1,ELMO1,TMEM131L",kidney,unknown,M
Wilson_2022,M9,"RUNX1,PDE3B,TNIK,CELF2,PIP4K2A,CCND3,ANKRD44,PRKCH,STIM1,INPP4A,SORL1,ELMO1,RESF1,FYN,DOCK10,PARP8,NCK2,PRKCQ,ETS1,CEP85L,STK4,SH3KBP1,TTC39C,CCDC88C,CHST11,ZEB1,TNFAIP8,CLEC2D,DOCK8,WIPF1,RIPOR2,SMAP2,APBB1IP",kidney,unknown,M
