Data,Cluster,Markers,Organization,cell_type,level
Wong_2024,M0,"SFTPC,SFTPA2,SFTPB,SFTPA1,SLPI,NAPSA,SLC34A2,NPC2,CTSH,FABP5,SFTPD,SERPINA1,CYB5A,PIGR,C11orf96,TTN,SELENOP,SLC6A14,LRRK2,SCD,ELF3,AREG,ATP1B1,LAMP3,PEBP4,SLC25A5,MRPL14,WFDC2,ATP1A1,DUSP6,MUC1,XBP1,S100A14,UQCRQ,TSTD1,STEAP4,BLVRB,ABCA3,FASN,KRT8,F3,GPRC5A,SFTA2,TOP1,SDC4,ERP29,SYNE1,DHCR24,MSMO1,GOLGA4",lung,Type 2 pneumocytes,M
Wong_2024,M3,"S100A9,S100A8,APOC1,LYZ,TYROBP,C1QB,C1QA,SRGN,CTSS,HLA-DPB1,S100A4,MRC1,GRN,FCER1G,ALOX5AP,AIF1,CTSB,LAPTM5,CD163,HLA-DQB1,CD68,ACP5,LCP1,RAB31,MNDA,C1orf162,COTL1,TYMP,MS4A7,GMFG,SLC11A1,LST1,APOE,CTSZ,HLA-DQA1,C1QC,ZEB2,ACSL1,VSIG4,CTSC,CCDC88A,GCA,RNF149,MARCO,CAPG,EVI2B,GCHFR,HLA-DMA,MSR1,MCEMP1",lung,macrophages,M
Wong_2024,F11,"FABP4,FN1,GLDN,SERPING1,CCL18,INHBA,GPNMB,RGCC,CTSL,APOE,CRIP1,EML4,AKR1C3,HPGD,CHCHD10,SLCO2B1,LPL,JUN,DST,CES1,ABCG1,PPARG,CYP27A1,DOK2,LDHB,PNPLA6,SEPTIN11,TREM1,FAM89A,RND3,GYPC,GCHFR,PDLIM1,RBP4,RMDN3,COMT,PEBP1,unknown,SPN,BSG,APOC1,RASGEF1B,MARCO,AKR1C2,NUPR1,HSPB1,PTMS,LGALS3BP,SPOCD1,OLR1",lung,alveolar macrophages,F
Wong_2024,F10,"ACP5,VSIG4,OLR1,LY6E,HLA-DRB5,MCEMP1,CD9,CCL18,ABHD5,CXCR4,MIS18BP1,TCF7L2,LGALS9,MARCO,SLC31A2,NCEH1,CAT,SSB,ISG15,DST,IL3RA,FCGR3A,EVL,ADAM17,SLC7A7,CORO1C,ABCG1,HSPB1,EML4,SPN,IFI6,GPNMB,APOE,APOC1,LPL,GYPC,MSR1,CYP27A1,RAB13,FN1,IFI44L,PEBP1,LGALS3BP,FABP4,PPARG",lung,alveolar macrophages,F
Wong_2024,F12,,lung,macrophages,F
Wong_2024,F9,"IL1R2,FCN1,FGL2,CORO1A,CD93,MPEG1,RIPOR2,VSIR,CD300E,NAIP,S100A12,RGS2",lung,macrophages,F
Wong_2024,F13,"GPR183,PMP22,MARCKS",lung,unknown,F
Wong_2024,F14,"IL1R2,S100A12,RIPOR2,CSF3R,BASP1,SLC25A37,SCGB3A1,SELL",lung,alveolar macrophages,F
Wong_2024,F15,"CCL18,FABP4,HMGB2,CXCR4,INHBA,MZT2B,STMN1,RAD21,NIBAN1,SNHG32,TUBB4B,ARL6IP1,RHEB,TUBA1C,H4C3,H2AZ2,AKR1C3,UBE2R2,PTMS,TUBB6,LSM4,TMPO,SMC3,NUPR1,FN1,DUT,NASP,FAM111A,ANP32E,H1-4,LMNB1,H2AC20,H1-2,SMC4,BRCA2,CKS1B,H1-3,PCNA,KPNA2,SMC2,NETO2,HPGD",lung,alveolar macrophages,F
Wong_2024,M4,"SCGB1A1,CLU,ELF3,WFDC2,FXYD3,TMC5,IK,MARCKS,AGR3,SOX4,PERP,ALDH1A1,CAPS,ODF2L,AGR2,NUCB2,TUBA1A,DSP,ARHGAP18,DMKN,CETN2,ALDH3B1,DYNC2I1,TPPP3,ODF3B,CD24,IGFBP2,C9orf24,IGFBP5,C20orf85,SMIM22,CYP4B1,TFF3,CLDN3,METRN,MORN2,MRPS31,CFAP298,RSPH1,TMEM190,HOATZ,PSENEN,CST6,MLF1,PIFO,LRRC23,TSPAN1,LRRIQ1,RRAD,RUVBL1",lung,Club cells,M
Wong_2024,F18,,lung,Club cells,F
Wong_2024,F16,"DNAH12,CEP126,DRC3,SAXO2,EFCAB1,LDLRAD1,CIBAR2,HYDIN,LRRC23,NEK10,DNAH7,TTLL10,CCDC170,CSPP1,CD24,HSPH1,RP1,LRRIQ1,SSBP4,CCDC17,NEK5,EFHC1,RABL2B,DYNLRB2,CFAP221,C9orf116,DNAAF1,DYNC2I1,DYNLT4,MNS1,CCDC78,MT1E,METRN,PLAC8,FAM227A,MICOS13,CFAP157,NPHP1,CFAP251,CFAP46,SPA17,HSPB11,unknown,CFAP74,ARMC3,CLUAP1,ECI2,NDUFAB1,SYNE1,RTN4",lung,Ciliated cells,F
Wong_2024,F17,"BPIFB1,KLK11,FABP5,SAA1,C3,CXCL17,RNASE1,ADIRF,STEAP4,MGP,LY6E,TSPAN8,TMEM45A,S100A14",lung,Club cells,F
Wong_2024,M5,"CAV1,AGER,GPRC5A,LMO7,KRT7,KRT19,IFI27,CEACAM6,DST,CAV2,RGCC,MYL9,SCEL,ANXA3,TACSTD2,VEGFA,SPOCK2,FMO2,CAVIN2,TNNC1,CLIC3,COL8A1,ANKRD29,COL12A1,CLIC5,TSPAN13,CYP4B1,C19orf33,TIMP3,LAMB3",lung,alveolar epithelial type 1 cells (AT1),M
Wong_2024,F19,,lung,alveolar epithelial type 1 cells (AT1),F
Wong_2024,F20,"PLCG2,CCN2,FLRT3,CCN1,CITED2,ID4,OTULINL,ANKRD29,DENND3,CXADR,ID3,PLLP,MAGI3,WFS1,NFIC,HSPG2,SESTD1,NKX2-1,HSPA5,LPP,GOLGA8B,EGFR,SHROOM3,RAB14,IRX2,EFNA1,KLF13,ANOS1,COL4A4,COL4A3,MSLN,DAPK2",lung,alveolar epithelial type 1 cells (AT1),F
Wong_2024,F21,"MT1X,CCL2,IRF1,SFN,ZFP36,DNAJA1,F3,PTGS2,GADD45B,TXNRD1,TUBA1C,CSNK1A1,ITGA2,ARAP2,NAMPT,TIPARP,LAMC2,BMP2,CLIC1,STX12,CLIP1,ATP2B4,SOCS3,ITPKC,HSPA1A,AREG,MYADM,ELOVL5,CCNL1,AMD1,KDM6B,DGKD,IL32,EIF5,HSPA8,ZDHHC9,ETS2,PLAUR,JUNB,ERRFI1,ANKLE2,DDX21,NPEPPS,SGMS2,ISG20,CLDN4,SERPINB1,FOSL1,FOSB,CDKN1A",lung,alveolar epithelial type 1 cells (AT1),F
Wong_2024,M1,"SPARCL1,TIMP3,MT1M,CLDN5,A2M,IGFBP7,TIMP1,GPX3,PECAM1,TGM2,TCF4,HYAL2,CLU,IFI27",lung,endothelial cells,M
Wong_2024,F2,"VWF,ACKR1,CLU,NNMT,LIFR,C7,PRSS23,MMRN1,IL1R1,ADAMTS9,POSTN,RAMP3,CRIM1,PLAT,MRTFB,NDRG1,IL33,HSPG2,NCOA7,PTGIS,CCL23,CPE,SRPX",lung,lung endothelial cells,F
Wong_2024,F1,"IL1RL1,BTNL9,ADGRF5,IL7R",lung,endothelial cells,F
Wong_2024,F5,"CCL21,AKAP12,MMRN1,PPFIBP1,IGFBP5,GYPC,HSPB1,LYVE1,CNKSR3,PLPP1,TFF3,APOLD1,PPP1R2,PTPRE,MAF,MRC1,SELENOW",lung,lymphatic endothelial cells,F
Wong_2024,F3,"DCN,LGALS1,CST3,FN1,C11orf96,CFD,S100A4,C7,TAGLN,FBLN1,ADH1B,COL6A2,SELENOP,MYL9,RARRES2,TCEAL4,SELENOM,PRDX6,GPX4,PRELP,C1S,C1R",lung,fibroblasts,F
Wong_2024,F4,"CLEC14A,VWF,FAM107A,IGFBP3,CCN2,RNASE1,CXCL2,SRGN,ADAMTS1,DEPP1,TNFSF10,EFNB2,F8,ID3,GJA1,CD93,ENG,TMEM100,CDC37,PAPSS2,SOCS2,EDN1,LEPR,ENPP2,NOTCH4,PLSCR1,RPGR,SLPI,ASRGL1,SWAP70,ECE1,SRPX,CTNNAL1,IL33,PTGIS,ARL6IP1,MMRN2,ATP13A3,PIK3R3,BST2,CTTNBP2NL,ARGLU1,HERPUD1,LIFR,ALDH2,TSPAN7,HEY1,RNF144B,GJA5,NASP",lung,lung endothelial cells,F
Wong_2024,M2,"CYBA,PTPRC,ZFP36L2,IL7R,IL32,SMAP2,ETS1,GIMAP7,NKG7,CCL5,HCST,ARL4C,CXCR4,FYN,CORO1A,ARHGDIB,CST7,IKZF1,PRF1,KLRD1,STK4,DDIT4,CD7,GMFG,SRGN,LCP1",lung,natural killer (NK) cells,M
Wong_2024,F7,"GNLY,NKG7,GZMB,PRF1,KLRD1,FGFBP2,KLRB1,CCL4,CST7,SPON2,AREG,FCGR3A,CTSW,CD247,TYROBP,FCER1G,CD7,GZMA,ITGB2,KLRF1,PLAC8,GZMM,CLIC3,ZEB2,EFHD2,ATM,ABHD17A,PLAAT4,PLEK,PYHIN1,LITAF,BIN2,KLF2,FLNA",lung,natural killer (NK) cells,F
Wong_2024,F6,"IL7R,CD3D,CD2,CD3E",lung,T cells,F
Wong_2024,F8,"IGKC,HERPUD1,CD74,SFTPC,FKBP2,IGHM,JCHAIN,HLA-DPB1,SFTPB,CD79A,MEF2C",lung,unknown,F
Wong_2024,M6,"SRGN,FCER1G,CLU,ALOX5AP,CD52,ARHGDIB,CAPG,IL1RL1,LCP1,LAPTM5,ARHGAP18,HPGD,TYROBP,FXYD5,SAMSN1,RGS2,RAC2,TPSB2,TPSAB1,CPA3,GATA2,LTC4S,RGS1",lung,mast cells,M
