Data,Cluster,Markers,Organization,cell_type,level
Wu_2021,M1,"IGFBP7,IFITM3,SPARCL1,IGFBP4,TAGLN,SPARC,CALD1,ACTA2,EGR1,IFI27,COL1A2,CRIP2,MYL9,SOCS3,COL1A1,GSN,ID3,TIMP1,SELM,TIMP3,TPM2,CAV1,SERPING1,TPM1,CYR61,A2M,NNMT,COL6A2,BGN,ADIRF,PTRF,APP,CTGF,PDLIM1,TCF4,CNN3,GNG11,FN1,PRKCDBP,COL18A1,COL4A2,MFGE8,SERPINH1,TSC22D1,LHFP,CYB5R3,CST3",breast,fibroblasts,M
Wu_2021,F8,"APOD,SFRP2,DCN,LUM,POSTN,RARRES2,CFD,FBLN1,SERPINF1,CXCL12,MXRA8,GEM,ISLR,IGF2,CTSK,C1S,SPON2,MMP11,COL6A1,C3,AEBP1,MFAP4,COL6A3,MFAP2,HTRA1,LRP1,TMEM176A,COL1A1,COL12A1,COL5A1,COL1A2,TIMP2,SRPX,PRRX1,PLTP,THBS2,CLEC11A,PODN,COL14A1,MMP2,FBLN2,EFEMP2,COL5A2,MMP14,OLFML3,MAFB,CCDC80,PTGDS,VCAN,IGF1",breast,fibroblasts,F
Wu_2021,F9,"FABP4,CLDN5,ACKR1,EGFL7,PLVAP,TM4SF1,HLA-DPB1,ADGRL4,HLA-DRB5,AQP1,SLC9A3R2,HYAL2,SRGN,RNASE1,GIMAP7,NDUFC2,MGST2,HLA-DRA,CLEC14A,VWF,ECSCR.1,HLA-DRB1,RAMP2,PECAM1,IGKC,PALMD,PCAT19,CD93,EMCN,HLA-DPA1,RBP7",breast,endothelial cells,F
Wu_2021,F6,"ACTA2,RGS5,IGFBP5,NDUFA4L2,SOD3,CPE,MT1M,PLAC9,PPP1R14A,C11orf96,TINAGL1,PTP4A3,MCAM,PDGFRB,CRYAB,NOTCH3,PHLDA2,GJA4,SEPT4,COX4I2,EFHD1,LBH,FRZB",breast,fibroblasts,F
Wu_2021,F7,"RAMP2,TM4SF1,PLVAP,RNASE1,BCAM,ACKR1,VWF,NPDC1,SPRY1,PECAM1,AQP1,EGFL7,ESAM,FXYD5,CLDN5,HSPG2,RAMP3,HLA-DRB5,EMCN,MGLL,RBP7,COL15A1,CD34,CALCRL,HLA-DRB1,DUSP23,SDPR,ADAM15,CD93,NEDD9,ARHGAP29,PDK4,CDC42EP3,ICAM2,MCTP1,CXorf36,CYYR1,SYNGR2,ENG,S1PR1,ICAM1,PTPRB,SRGN,SH3BP5,ADCY4,FLT1,CLEC14A,ADGRL4,PRCP,HLA-DPA1",breast,endothelial cells,F
Wu_2021,F10,"DCN,LUM,APOD,SFRP2,C1S,RARRES2,CTSK,C1R,COL1A2,CCDC80,VCAN,PTGDS,COL3A1,FBLN1,SPON2,TMEM176B,MMP2,IGF1,MEG3,MFAP4,IGFBP6,NBL1,DPT,POSTN,OLFML3,PDGFRA,CXCL14,COL6A3,LRP1",breast,fibroblasts,F
Wu_2021,F12,"SRGN,RPL22L1,ASPH,STMN1,MMP14,TKT,CCT6A,CAPN2,PLAU,NUTF2,C7orf73,PFN2,CHCHD10,TUSC3,VDAC1,COTL1,EMP3,PLP2,HN1,PHLDA2,NME4,EIF4EBP1,LRRC59,NME2,RP11-14N7.2,C7orf50,NQO1,CD82,S100A16,TNFRSF12A,C20orf24,SDC1,MRPS16,MGST1,TOMM5,PGD,CNN2,SERPINE1,SFN,PCBD1,PDLIM4,CD44,GPC1,PYCR1,HGF,TUBA1C,NPM3,MLLT11,AKR1B1,CKAP4",breast,cancer-associated fibroblasts,F
Wu_2021,F13,"IL32,TMEM176B,TMEM176A,GBP1,SULF1,CD24,IGKV3-20,IGKV3-11",breast,unknown,F
Wu_2021,F11,"MT1X,MT1E,CLU,CXCL14,APOE,MYLK,CRYAB,KRT14,KRT17,CNN2,LBH,DST,SNCG,C2orf40,FBXO32,CITED2,PERP,DKK3,SGK1,SCPEP1,PDLIM3,CNN1,MYH11,PRNP,PTN,ACTG2,TUBB2A,PDLIM4,FHL2,TACSTD2,KRT8,PIK3R1,KRT7,KRT5,SPINT2,SFRP1,SFN,SAA1,FXYD3,ANXA3,WFDC2,SEMA3C,TNS4,TRIM29,DMKN,COL17A1",breast,myofibroblasts,F
Wu_2021,M0,"CCL4,IL32,SRGN,CD52,RGCC,IL7R,PTPRC,CD2,CD3D,LAPTM5,CD3E,CD7,HCST,TRBC2,IL2RG,CXCR4,RAC2,CD37,RHOH,CORO1A,CD69,BIRC3,STK17B,LSP1,TNFAIP3,CCL5",breast,T cells,M
Wu_2021,F0,ATP6V0C,breast,unknown,F
Wu_2021,F1,"DUSP4,BATF,TIGIT,CALM3,CXCL13,TNFRSF18,CD27,GABARAP,PKM,COX5A,HLA-DRB5,UCP2,PGAM1",breast,T follicular helper (Tfh) cells,F
Wu_2021,F2,"RPS17,RPS10",breast,unknown,F
Wu_2021,F3,"JUND,HSPA1B,LMNA,RPS10,NEAT1,TUBB4B,HSPA5,GNAS,SFPQ,ATP1B3,ARL4C,SLC38A2,DDX3X,TGFB1,FAM107B,AES,EIF4A3,KLF2,VMP1,UBE2S,FAM133B,NASP,GOLGB1,RP11-138A9.1,IER5,CNOT6L,AHNAK,HNRNPU,NDUFB8,CDV3,ARPC1B,H1FX,CD81,CCDC64,UBALD2,ZC3HAV1,XIST",breast,unknown,F
Wu_2021,F5,"NKG7,GNLY,CST7,GZMB,KLRB1,CTSW,CCL4,GZMA,ITGB2,HOPX,GZMH,KLRD1,CD247,CCL3,GZMM,GSTP1,PRF1,C12orf75,BIN2,TYROBP,CMC1,PLAC8,FCER1G,CCL4L2,SPON2,FCGR3A,FGFBP2,KLRF1",breast,Natural Killer (NK) cells,F
Wu_2021,F4,"NKG7,CXCL13,GZMA,CD8A,HLA-DRB1,CTSW,ITM2A,HLA-DPB1,HLA-DRB5,CD8B,ZNF683,ITGB2,CTSD,CD63,GZMH,TIGIT,RAC1,PPP1CA,ZYX,CD82,TBC1D10C,HLA-DQA1,LCP2,SHISA5,PRF1,HLA-DQB1,ANXA6,LAG3,HLA-DPA1,CXCR6,CD27,SIT1,PTMS,APOBEC3C,PDCD1,SLC9A3R1,HLA-DQA2,PSMB10,GZMB,ANXA5,SEPT1,CCL4L2,HLA-DRA,APOBEC3G",breast,CD8+ exhausted T cells,F
Wu_2021,M3,"MGP,CD24,KRT19,KRT18,CLDN4,AZGP1,SPINT2,GLUL,DSTN,KRT7,MARCKSL1,KRT8,MGST1,TSTD1,TACSTD2,AGR2,MDK,TM4SF1,ELF3,FXYD3,TSC22D1,TPM1,SLC39A6,PERP,CRABP2,CD9,NDUFAB1,SLPI,PPA1,PDCD6,STRA13,DCXR,SRP9,CYB5A,NDUFB7,NUCKS1,TSPAN13,EPCAM,MPC2,S100A14,CLDN7,SMIM22,TRPS1,EFNA1,SDC4,CLDN3,MLPH,SLC9A3R1,TPD52,HOOK2",breast,luminal epithelial cells,M
Wu_2021,F28,"LTF,KRT15,ANXA1,SAA1,CRYAB,CXCL2,KRT23,AREG,SFRP1,MMP7,EMP1,MFGE8,RCAN1,CCL28,NDRG2,RGCC,GABRP,CX3CL1,CYR61,SAA2,TPT1-AS1,CHI3L1,CXCL3,PIGR,C2orf82,RARRES1,NTRK2",breast,luminal epithelial cells,F
Wu_2021,F31,"VIM,LDHB,FDCSP,CRABP1",breast,unknown,F
Wu_2021,F24,"TFF1,STC2,AREG,IGFBP4,IFITM1",breast,luminal epithelial cells (hormone-responsive subtype),F
Wu_2021,F29,"AGR3,ANKRD30A,PIP,TIMP1,BST2,PRSS23,SLPI,NDUFC2,IFI6,KLF4,WFDC2,DEGS2,CEBPD,SCGB3A1,AQP3,ISG15,TXNIP,CRISP3,TFPI2,RNASET2,ATP5O,S100P,NDUFA11,CXCL13,C1orf21,EHF,CHPT1,KCNK6,FCGRT,SCUBE2,TMBIM4,RHOBTB3,C15orf48,PHGR1,ECH1,UGDH,CNPY2,MYBPC1,XIST,PSCA,SCGB2A1,LINC00993,SCGB1D2,HOXA9,HOXA7,HMGCS2,NEK10,FAM198B,PIK3C2G,HOXB3",breast,luminal epithelial cells,F
Wu_2021,F20,"SCGB2A2,PIP,CALML5,SCGB1D2,SCGB2A1,S100A1,APOD,IGFBP5,MUC1,KRT23,RASD1,SSFA2,PYDC1,FMOD,MAOB",breast,luminal epithelial cells,F
Wu_2021,F27,"CALML5,RARRES1,HLA-DRA,S100A4,SAA1,VIM,ARPC1B,CRYAB,HLA-DRB1,MT1X,KRT15,NFIB,NDUFC2,ATP5O,TIMP3,HLA-DPB1,C6orf15,UGP2,HLA-DPA1,PSMB9,SFRP1,COTL1,MFGE8,ATP1B3,IFI27,ANXA1,SLC25A37,MMP7,FAM3C,TRIP6,SDHD,CTSC,HLA-DRB5,PSMG3,KRT6B,MRPL12,CAV1,SAA2,HLA-DQB1,CWC15,KRT5,TAP1,TNFRSF11B,KRT14,KLK6,CEP57,FSCN1,CALD1,CAV2,LDHB",breast,luminal epithelial cells,F
Wu_2021,F22,"S100A9,S100A8,S100P,S100A7,ARPC1B,KRT17,CYBA,FABP5,AQP3,KRT81,RHOV,ID3,HMGB3,S100A2,ANXA1,PLK2,PSMA2,NME1,KRT16,ATP5O,SERPINB3,NDUFB8,DEFB1,S100A4,LY6D,KIAA0101,FGG,CXCL8,CXCL1,KRT6A,SERPINB4,CPE,FURIN,CSTA,AKR1C2,RDH10",breast,luminal epithelial cells,F
Wu_2021,F26,"ANKRD30A,RP11-206M11.7,KRT15,IFITM1,MUC1,LTF,STC2,C15orf48,ESR1,C4orf48,CA2,NUPR2,FOXA1,MS4A7,SCGB3A1,GJA1,CFD,AGR3,CYP4X1,SREBF1,NAT1,MUCL1,SKIL,SUSD3,SEMA3C,ANKRD28,AMFR,CYP4B1,MUC6,ARMT1,PIP,CRIP1,DHRS2,TBC1D9,IGFBP4",breast,luminal epithelial cells,F
Wu_2021,F23,"MUCL1,SCGB1B2P,CALML5,NDUFC2,ATP5O,ECH1,NME1,PDLIM3,LMTK3,TM7SF2,ACADM,ALDH2,DKK1,HMGCS2,FGG,LDHB,HPD,SPINK8,SCGB2B2,HOXA9,S100P",breast,luminal epithelial cells,F
Wu_2021,F25,"IFI27,AGR3,DHRS2,IGKC,LGALS3BP,HLA-DRB1,TXNIP,GSTM3,IL6ST,ARMT1,MLLT4,MRPS30,TIMP3,GJA1,ELP2,EMC3,UGCG,MRPL12,RP11-53O19.1,DNAJC12,BMPR1B,STC2,PRSS23,VPS37A,AC018816.3,ZNF703,TMEM150C,GDAP1,GADD45G,NPY1R,CHPT1,IGLC2,CAPS,IGHG3,ARSG,RP1-313I6.12,TRH,PLIN5,SERPINA5,BASP1,BCAS1",breast,luminal epithelial cells,F
Wu_2021,F21,"MUCL1,RP11-206M11.7,TFF3,AIM1,ATG5,SCD,TMC5,HIST1H4C,TFAP2B,APOD,FABP7,CD82,MARCKS,IGKV3-20,NGRN,IGKV4-1,CKB,IGKV3-15,QRSL1,IGKV1-9,IGKV3-11,EPHX1,LINC01285,LINC01133,TMSB15A,EGLN3,C6orf203,IGLV1-40,CLCA2,TTLL7,CTAG2,IGFBP5,PDSS2,LINC00221,LIN28B,RTN4IP1",breast,luminal epithelial cells,F
Wu_2021,F30,"S100P,MT1X,KRT23,ERBB2,LRRC26,GRB7,PPP1R1B,HOXB2,CEACAM6,STARD3,OXR1,TSPAN1,CASC3,MSL1,PGAP3,CPE,PAPSS2",breast,luminal epithelial cells,F
Wu_2021,M4,"HLA-DRA,CST3,HLA-DRB1,HLA-DPA1,HLA-DPB1,HLA-DRB5,TYROBP,IER3,CTSB,NPC2,HLA-DQA1,LAPTM5,SOD2,HLA-DQB1,LYZ,COTL1,ZNF331,C1QB,C1QC,FCER1G,C1QA,EMP3,NAMPT,ITGB2,LCP1,APOE,AIF1,CD83,GLUL,CAPG,CCL3,APOC1,SGK1,CTSS,C15orf48,ASAH1,KLF4,MAFB,YWHAH,PLAUR,CCL4,MS4A6A,NINJ1,CTSL,CTSH,MARCKS,ATP1B3,MS4A7,TMEM176A,RGS1",breast,macrophages,M
Wu_2021,F35,HLA-DQA2,breast,macrophages,F
Wu_2021,F32,"SEPP1,PLTP,DAB2,F13A1,FOLR2,STAB1,MRC1,VSIG4,NAIP,RNASE1,ABCA1,SLCO2B1,GNG10,CD93,LYVE1,MAF,GYPC,GPR34,PMP22,SLC40A1,RB1,ARL4C,CD209,CD163",breast,Tissue-resident macrophages,F
Wu_2021,F33,"FN1,CXCL10,IFITM1,NUPR1,MMP9,LGALS2,GBP1,IL4I1,WARS,GBP5,CD24,IGKV1-5,CXCL9,IGKV3-20,IGKV3-11,IGKV1-9",breast,M2 macrophages,F
Wu_2021,F34,"FN1,CCL3L3,RPS10,OLR1,IER5,BRI3,BAG3,KLF2,GPNMB,SPP1,TIMP2,YBX3,KCNQ1OT1,SCPEP1,EIF4A3,PABPC4,LAMP2,FAM133B,CLK1,NUFIP2,NEU1,MTRNR2L8,UBE2S,HEXA,CD9,IGLC2,DNAJA4,NUPR1,HTRA1,IER5L,IGHG1,ACP5,HCAR2,TUBA1C,IGLC3,IGHA1,CBX4,ERRFI1,UBE2M,MMP2,IGHG3,EVA1B,PXDC1,SRP19,COMMD3,GLRX5,SAP30,POLG2,AHSA2,DDX39B",breast,tumor-associated macrophages (TAMs),F
Wu_2021,M2,"IGKC,IGHG1,LTB,CD79A",breast,B cells,M
Wu_2021,F16,"IGKV3-20,IGKV3-15,IGKV3-11,IGKV1-5,IGKC,IGKV1-9,IGKV4-1,IGHG1,IGHV3-21,IGKV3D-11,IGHV6-1,IGHV4-39,IGKV1-8,IGHG4,IGHV3-23,IGKV1-12,IGLL5,XBP1,IGKV1D-39,IGKV1-16,IGKV1-17,IGKV1-27,HM13,SSR3,P4HB,CRELD2,IGHV3-30,PRDX4,KDELR1,MZB1,UBE2J1,ERLEC1,SEC11C,JCHAIN,MYDGF,SPCS3,DERL3,KDELR2,FKBP11,VIMP,SDF2L1,ITM2C,LMAN1",breast,plasma cells,F
Wu_2021,F14,"HLA-DRA,HLA-DPB1,MS4A1,HLA-DPA1,HLA-DQB1,CD52,HLA-DQA1,CD83,HLA-DRB1,HLA-DRB5,CD55,HLA-DMA,ZFAS1,REL,CD69",breast,activated B cells,F
Wu_2021,F17,"IGLV1-40,IGLV3-25,IGLC2,IGLV2-14,IGLV1-51,IGLV1-44,IGLV3-1,IGLC3,IGLV2-23,IGLV2-11,IGLV1-47,IGLV3-21,MZB1,IGHV3-30,IGLV6-57,CH17-224D4.2,IGLV3-19,FKBP11,IGLV2-18,DERL3,PRDX4,XBP1,IGLV3-9,SDF2L1,SEC11C,IGLV2-8",breast,plasma cells,F
Wu_2021,F18,"IGHG3,IGLC2,IGHG4,HSPA1A,IGLC3,HSPA1B,MZB1,IGHG2,FKBP11,IGHGP",breast,plasma cells,F
Wu_2021,F15,"CCL5,TNFAIP3,CD3E,IL7R,IL32,S100A4,LTB,ZNF331,COTL1,EVL,RARRES3,FYB,CD7,SLC2A3,MT2A,HCST,CD3D,CD69,CD2,DUSP2,ANXA1,LCK,LEPROTL1,CCR7,PTPRC,CNN2",breast,T cells,F
Wu_2021,F19,"JCHAIN,GPR183,AREG,NPC2,S100A6,IRF7,ITM2C,HLA-DQA1,RGS1,TXN,ALOX5AP,IRF8,PLP2,BRK1,DBI,VAMP8,PLAC8,SRSF3,PARK7,RGS2,CST3,NAP1L1,VIMP,TCF4,RPS10,ZNF331,GZMB,CD83,NR3C1,CTSB,ARPC1B,GRN,CCDC50,TSPAN13,POMP,C9orf142,RBX1,IFI44L,CTSC,NR4A3,HLA-DMA,SEC61G,DDX24,STMN1,SELL,RNF149,UBE2L6,TYROBP,SEL1L3,PTGDS",breast,plasmacytoid dendritic cells (pDCs),F
