Data,Cluster,Markers,Organization,cell_type,level
Wu_2024_2,M4,"S100A8,HBB,HBA2,MNDA,CSF3R,GCA,BASP1,RIPOR2,SORL1,SLC25A37,SYNE1,EMB,MAPK14,LRRK2,FCGR3B,ABTB1,IL1R2,PYGL,CLEC12A,S100A12",lung,neutrophils,M
Wu_2024_2,F18,"CXCL8,G0S2,BCL2A1,TPI1,IVNS1ABP,JUNB,IER3,GRINA,CYSTM1,NFKBIA,PGK1,IER2,SFTPC,C4orf3,CXCR4,LGALS1,EGR1,NFKBIZ,NOP10,GLUL,PLIN2,LRG1,CD63,FOS,ERO1A,UPP1,CSTB,ZFP36L1,SQSTM1,PELATON,FLOT1,ETS2,GUK1,PKM,LUCAT1,TCIRG1,RPS21,CLIC1,ENO1",lung,neutrophils,F
Wu_2024_2,F17,"LTF,CD24,LYZ,OLFM4,FCN1,CYBB,ABCA13,MMP8,EMB,LCN2,CEACAM8,RETN,PGLYRP1,UGCG,CYP4F3,STOM,unknown,MIR223HG,PABPC1,HMGN2,PLBD1,KBTBD7,HNRNPH1,RAB27A,KIAA1109,RIOK3,CALM1,RPL5,IKZF1,FBXO9,LTA4H,ANXA3,CPNE3,SYNE1,RPLP2,HNRNPA2B1,PADI4,ANXA1,PAG1,RFLNB,RPS24",lung,neutrophils,F
Wu_2024_2,F16,"RIPOR2,LRRK2,VMP1,VNN2,SELL,CMTM2,FKBP5,NABP1,IL18R1,RESF1,CREB5,TUBA1A,CXCR2,RGS2,NIBAN1,JAML,STEAP4,PLXNC1,AQP9,CPPED1,CR1",lung,neutrophils,F
Wu_2024_2,M8,"CCL4,CCL5,NKG7,SYNE2,CST7,ARL4C,FYN,CD48,PIK3R1",lung,natural killer (NK) cells,M
Wu_2024_2,F32,GNLY,lung,natural killer (NK) cells,F
Wu_2024_2,F33,"IL7R,RGS1",lung,unknown,F
Wu_2024_2,F34,"GZMA,KLRD1,KLF2,HCST,PRF1,CELF2,GIMAP7,CD3G,ARPC3,S100A9,PSME1,PRMT2,ARHGDIB,CD3E,EMP3,CD52,CTSW,ARL6IP5,CFLAR,SAMD3,CAST,CORO1A,S100A8,HNRNPA1,RIPOR2,PPIB,SP100,TPM3,PRDM1,HLA-F,TRGC1,HOPX,ABHD17A,ARPC1B,CTSC,CDC42SE1,ANKRD11,GTF3A,PDIA3,NDUFB2,FKBP5,FGFBP2,IQGAP1,GZMM,ACTR3,IKZF3,FCGR3A,PLEK,ARPC5,PLAC8",lung,natural killer (NK) cells,F
Wu_2024_2,M6,"AREG,IL1RL1,RGS2,CLU,CD69,RGS1,TPSB2,TPSAB1,GATA2,CPA3,KIT,HPGDS",lung,mast cells,M
Wu_2024_2,F25,ENO2,lung,mast cells,F
Wu_2024_2,F27,"APOC1,FN1,HLA-DRB1,CCL18,CTSS,CD163,GRN,ACP5,HLA-DPB1,HLA-DRB5,TFRC,C1QA,APOE,HLA-DPA1,MRC1,ANXA5,NUPR1,TSPO,GPNMB,LYZ,HLA-DRA,MS4A7,ANXA2,MSR1,MARCO,SAMHD1,C1orf162,PSMA7,MACROH2A1,HLA-DQA1,CTSZ,ACTR2,BRI3,FABP4,LGALS3,DAB2,HLA-DQB1,SLC11A1,C1QC,GCHFR,EVI2B,CTSC,INHBA,CD81,LIPA,SERPINA1,MCEMP1,TIMP2,FABP5,LPL",lung,unknown,F
Wu_2024_2,F26,"SCGB3A1,SCGB1A1,SFTPA1,PNMT",lung,unknown,F
Wu_2024_2,M1,"CXCL8,IER3,CCL3,IL1B,SPP1,RNASE1,CCL3L1,EREG,THBS1,CCL4L2,CXCL2,LUCAT1,CD14,CCL4,C15orf48,PHLDA1,CD83,IFNGR2,MAFB,G0S2,NINJ1,SEMA6B,CCL20,unknown,BCL2A1,PTGS2,PLAUR,VCAN,CXCL3,VEGFA,EGR1",lung,macrophages,M
Wu_2024_2,F7,"C1QA,C1QB,CTSL,APOE,CCL2,C1QC,CD163,MRC1,HLA-DRB5,ACP5,ARL4C,LAMP1,HLA-DPB1,FABP5,HLA-DPA1,STAB1,PLD3,GPR183,CTSC,LIPA,TGFBI,FUCA1,RAB31,TUBA1B,CTSZ,DAB2,MAF,PRDX1,CXCL16,SLCO2B1,IDH1,COX6C,VSIG4,SPRED1,VAMP8,CAPG,MS4A7",lung,alveolar macrophages,F
Wu_2024_2,F5,"SERPINB2,NLRP3",lung,macrophages,F
Wu_2024_2,F6,HILPDA,lung,unknown,F
Wu_2024_2,F8,"HSPA1A,DNAJB1,HSPA1B,APOC1,HSPB1,HSPA6,APOE,CCL18,FABP4,HSPH1,IER5,HSPA8,HSPE1,HSPD1,RHOB,TENT5A,PFDN2,TCP1,ZFAND2A,TFRC,SOD1,MSR1,CCT4,CACYBP,TCEAL9,HLA-DQA1,BAG3,SERPING1,NMB,SERPINH1,unknown",lung,alveolar macrophages,F
Wu_2024_2,M5,"HBB,HBA2,HBA1",lung,red blood cells,M
Wu_2024_2,F21,"IL32,IL7R,ETS1,ACTG1,LDHB,ARL4C,FYB1,SYNE2,HSPA8,LCP1,GIMAP7,C12orf57,SAMHD1,TRBC2,TLE5,CD3E,PCED1B-AS1,CD3G,SSR2,PSMA7,BCL11B,CD3D,ARL6IP5,RPL17,PRMT2,TRAC,CD2,EVL,DEK,SNHG5,ARPC1B,TPR,RESF1,RNF213,HCST,ARPC5,TMEM123,S100A10,S100A4,GIMAP4,LEPROTL1,RAC2,LTB,PTP4A2,RCAN3,AAK1,CD48,PRKCQ-AS1,EMP3,LEF1",lung,T cells,F
Wu_2024_2,F19,"IGHM,HLA-DRA,CD79A,MS4A1,HLA-DPA1,HLA-DPB1,HLA-DRB1,IGHD,CD79B,BANK1,TCL1A,HLA-DQB1,STX7,IGKC,MARCHF1,SP100,LTB,BIRC3,TP53INP1,POU2F2,RALGPS2,GABPB1-AS1,FCMR,ANKRD44,RNASE6,LINC02397,RCSD1,AFF3,LINC00926,SNX2,IRF8,BTG1-DT,PLAC8,BCL11A,TLE1,PCDH9,SESN1,VPREB3,LIMD2,ZFP36L1,PRKCB,MEF2C,IGLC3,IGLC2",lung,B cells,F
Wu_2024_2,F23,"MT-ATP8,TYROBP,LYZ,SLC11A1",lung,unknown,F
Wu_2024_2,F22,"HBA1,HBA2,SLC25A37,HBD,CA1,AHSP,HBM,ALAS2,FKBP8,SLC25A39,BLVRB,MKRN1,FBXO7,SLC4A1,DCAF12,SNCA,FAM210B",lung,red blood cells,F
Wu_2024_2,F20,"SFTPC,LGALS1",lung,unknown,F
Wu_2024_2,F24,"IGKC,SFTPC,S100A11,CSTB,GPX1,MT2A,TYROBP,CTSD,HLA-DRB1,APOC1,S100A10,CD63,GPX4,MIF,TPI1,ENO1,LGALS3,PLIN2,CXCL8,C1QB,LDHA,SEC61G,CCL18,C1QA,NPC2,ALOX5AP,NOP10,PKM,POMP,HLA-DRB5,CLIC1,FCER1G,ANXA2,TMEM258,GLUL,COX5B,BRI3,SPP1,CLEC2B,CTSB,NDUFA4,GSTP1,MGST3,CD81,C4orf3,LGALS1,COX6A1,RAC1,ATP6V1F,CHCHD10",lung,unknown,F
Wu_2024_2,M2,"MT1E,SFTPA2,SLPI,SFTPA1,MGST1,CYB5A,MT1X,ADIRF,CCL20,WFDC2,SCD,KRT19,SFTPB,HILPDA,CTSH,PPA1,NAPSA,ERRFI1,KRT7,GDF15,TACSTD2,ARF4,MKNK2,KRT18,CAPN2,MUC1,PGC,SNHG16,QSOX1,SDC4,KRT8,TXNDC17,CYSTM1,TUBB4B,CCN1,ATP1B1,PDIA6,ELF3,TSPAN3,PRDX6,SPINT2,MSMO1,ANXA3,CTNNA1,LMO7,SLC34A2,ATP1A1,HDLBP,SFTA2,C19orf33",lung,alveolar type 2 cells,M
Wu_2024_2,F12,"BPIFB1,IGFBP3,SCGB1A1,TFF3,KRT17,KRT15,IGFBP5,EDN2,SLC6A8,S100P,FHL2,CDC42EP5",lung,unknown,F
Wu_2024_2,F11,"CAPS,CD24,CLDN3,DNAH11,TMEM190,MUC4,GCLC,PIFO,ODF3B,MLF1,TSPAN1,DNAAF1,C9orf24,RSPH1,C12orf75,CFAP157,LRRIQ1,CFAP95,CCDC170,PPIL6,FAM183A,WEE1,ZMYND10,SPATA18,FAM81B,CFAP276,C20orf85",lung,ciliated cells,F
Wu_2024_2,F9,"FASN,PGC,NNMT,FABP5,SFTPA1,ID1,MALL,HMGN3,STEAP4,SDR16C5,SELENOP,DHCR24,SLC34A2,CPM,TGM2,NAPSA,TNFSF10,PEBP4,AQP1,SLC6A14,CACNA2D2,ROS1,HLTF,GSTA4,KCNJ15,SFTA2,ABCC4,MMP28,C3",lung,alveolar type 2 cells,F
Wu_2024_2,F10,,lung,alveolar type 2 cells,F
Wu_2024_2,M7,"SERPINE1,TM4SF1,TIMP3,SPTBN1,TFPI,SPARCL1,PODXL,SYNE2,ETS1,TCF4,CALCRL,EPAS1,DEPP1,EGFL7,IFI27,CLDN5,IGFBP4,APP,RHOC,SPARC,PCAT19,CAV1,EMP2",lung,endothelial cells,M
Wu_2024_2,F28,,lung,endothelial cells,F
Wu_2024_2,F29,"MGP,GPX3,PLAT,CLU,CD93,PTGIS,EGR1,SOX4,ANGPTL4,WWTR1,HSPG2,CDC42EP3,UPP1,BACE2,S100A16,UBE2J1,ECE1,CALU,P4HB",lung,endothelial cells,F
Wu_2024_2,F31,"FCN3,ID1,KLF2,CAVIN2,A2M,BMPR2,RNASE1,APOC1,IL7R,SFTPA2,RGCC,C1QB,ENG,SGK1,LIFR,SCGB3A1,MT1M,SFTPA1,C1QA,TMEM100,SCGB1A1,KCTD12,SLC6A4,HPGD,VWF,SFTPB,RAMP2,TPM1,SLPI,VIPR1,HYAL2,RAMP3,GSN,ARHGAP18,SLCO2A1,S100A9,TYROBP,TSC22D3",lung,lung capillary endothelial cells,F
Wu_2024_2,F30,"PPFIBP1,ACTN1,AKAP12,LMO2,MAF,MMRN1,ADIRF,LIMS1,CALD1,CAVIN2,ID1,CCL21,SOX4,FN1,SLC39A14,SLC38A2,CNKSR3,GABARAPL2,MZT2B,FABP5,MGST2,ARL4A,NR2F2,GYPC,ADD3,EGLN3,LAPTM5,TFF3,LGALS3,BNIP3,MTUS1,SMAD1,PDLIM4,NNMT,DST,PKHD1L1,FLT4,PDE2A,PROX1,NRP2,VPS35L,PRXL2A,NR2F1,TC2N,SEMA3A,ANKRD37,PDPN,SEMA3D,PARD6G,KBTBD11",lung,lymphatic endothelial cells,F
Wu_2024_2,M0,"APOC1,FABP4,CST3,ALOX5AP,CCL18,LYZ,APOE,NUPR1,VCAN,SLC11A1,FABP5,ANXA2,MNDA,HLA-DPA1,AHNAK,AIF1,MGST1,HLA-DRA,MRC1,MSR1,MS4A7,CTSS,GCHFR,RAB11FIP1,SCGB3A1,ASAH1,CD53,PTMS,CCDC88A,PGD,CFD,CD163,PPT1,BLVRB,HLA-DRB5,COTL1,TYROBP,CD52,unknown,FCGR3A,PLD3,GLRX,ANXA5,C5AR1,CSTA,INHBA,CAPG,UQCRH,CXCL16,CLTA",lung,alveolar macrophages,M
Wu_2024_2,F0,"CXCL8,SPP1,NMB,SDC2,P4HA1,MYDGF,FDX1,ERO1A,HILPDA,SEMA6B,TMEM140",lung,alveolar macrophages,F
Wu_2024_2,F2,"GNLY,CCL5,SYNE2,ETS1,CD2,GZMA",lung,unknown,F
Wu_2024_2,F4,"SCGB3A1,SCGB1A1",lung,club cells,F
Wu_2024_2,F1,"IL1R2,FGL2,RGS2",lung,alveolar macrophages,F
Wu_2024_2,F3,"FCN1,MS4A6A,FGL2,GLIPR1,METTL7A,CSF3R,HBB,LRRK2,RNASE2,MPEG1,CORO1A,SULT1A1,RGS2,HBA2,ITGAM,SELL,RNASE6,LBR,IL1R2,PRKCB,RASSF2,HBA1,GASK1B,VSIR,ADAMTS2,ICAM3,S100A12,FLT3,MIR223HG,NRGN,RIPOR2,PSTPIP1,RAB3D,GIMAP7,CDA,MTARC1",lung,alveolar macrophages,F
Wu_2024_2,M3,"MT1E,CAV1,EMP2,ADIRF,MT1G,AGER,HOPX,KRT7,GPRC5A,KRT18,SFTA2,KRT19,MYL9,TAGLN,TIMP3",lung,alveolar type 2 cells,M
Wu_2024_2,F13,"AGER,HOPX,SFTA2,KRT7,RNASE1,MT1G,CEACAM6,TACSTD2,KRT8,KRT18,CLDN18,RAB11FIP1,TSPAN13,KRT19",lung,alveolar type 2 cells,F
Wu_2024_2,F15,"MGP,SPARCL1,CALD1,CCN2,HLA-DRA,GPX3,RGCC,CD74,IGFBP5,TPM1,APOC1,SFTPA2,DDX17,A2M,TPM2,C1QA,NEXN,SERPING1,DCN,C1QB,SFTPA1,S100A9,SCGB3A1,GRN,SCGB1A1,CLU,NCL,TCEAL4,PEBP1,LPP,ARGLU1,AKAP9,CYBA,YWHAB,TLN1,THBS1,FN1,DDX24,PALLD,ANKRD12,PPP1R14A,TACC1,CCN5,ID1,ARID5B,PRELP,ITGA1,TYROBP,ELN,SEPTIN7",lung,alveolar type 2 cells,F
Wu_2024_2,F14,"TIMP1,IER3,C11orf96,SERPINE1,MGP,unknown,PLIN2,LDHA,CFD,HSP90B1,SEC61G,COL6A2,HILPDA,RPL7,MMP2,MIF,LMAN1,TPM2,COL6A1,G0S2,CD44,TUBB,CALU,THBS2,CALD1,IGFBP4,DDIT4,C1R,P4HB,RPL4,TUBA1B,SEC61B,SELENOM,C1S,FGFR1,BGN,ERO1A,CANX,AEBP1,H2AZ1,PPIB,PTGS2,EIF1B,PGK1,SOX4,GSTO1,SERPING1,CLEC2B,RND3,LRP1",lung,alveolar type 2 cells,F
Wu_2024_2,M9,"SFTPA2,SFTPA1,SCGB3A1,SCGB1A1,MT-ND6,MT-TM",lung,club cells,M
