Data,Cluster,Markers,Organization,cell_type,level
Wu_2024_3,M5,,lung,unknown,M
Wu_2024_3,F24,"NEAT1,ENO1,RPL37,HLA-A,HLA-E,EIF1,RPL41,RPS23,RPS11,RPL36,HLA-B,RPL34,RPS13,AHNAK,RPS14,RPL11,RPS2,RPL35,DDX5,RPS16,RPL5,RACK1,RPL13A,NACA,PABPC1,UBA52,RPL14,RPS27,RPS4X,RPL39,ATP5F1E,PNRC1,RPL38,RPS15,RPS7,RPS8,ZFAS1,RPLP2,RPL26,FAU,PTMA,RPL35A,RPL32,OAZ1,HSP90AB1,RPS9,RPL9,RPS29,RPS21,RPLP0",lung,unknown,F
Wu_2024_3,F23,"MTATP6P1,MTCO1P12,MT-ND6",lung,unknown,F
Wu_2024_3,M1,"CXCL8,HLA-DRA,CTSB,TYROBP,CTSD,LYZ,PLIN2,GRN,C1QA,TYMP,CTSZ,CTSS,CCL18,GLUL,FABP4,CTSL,GPX1,AIF1,MS4A7,ARPC5,VCAN,SDCBP,SLC11A1,CXCL16,APOE,ISG15,CD164,FABP5,GRINA,MACROH2A1,CXCL3,ACP5,C15orf48,RNASET2,LY6E,INHBA,ALOX5AP,CRIP1,CD52,GRB2,DYNLL1,CD53,CFD,CTSC,CD44,SPI1,LTA4H,APOC1,CD14,PLD3",lung,alveolar macrophages,M
Wu_2024_3,F5,"HLA-DQB1,CES1,MTCO1P12,MT-TV,FABP4,TMSB4XP4,DST,ABCG1,PPARG",lung,alveolar macrophages,F
Wu_2024_3,F6,"NME2,ATP6V0C,RNASEK,RPL17,TAF10,GPX1P1,DBNDD2,MRPS24",lung,alveolar macrophages,F
Wu_2024_3,F7,"CYP1B1,CCL3,IL4I1,LUCAT1,IER3,EREG,ARL4C,G0S2,CLEC5A,RNASE1,PLEKHO1,GPR183,SPP1,MARCKS,FCGR2B,CCL2",lung,alveolar macrophages,F
Wu_2024_3,F9,"CST7,IFITM1,IL32,CCL5,PTPRCAP",lung,unknown,F
Wu_2024_3,F8,"CCL2,RNASE1,GPX1P1,G0S2",lung,alveolar macrophages,F
Wu_2024_3,F10,"MARCKS,TMEM176B,CDKN1A,BIRC3,ID2,BASP1,CST7,TMEM176A,MALT1,NFKB1,SLC44A1,IL4I1,PPA1,ADAM8,PEA15,WFDC21P,DUSP5,FSCN1,RASSF4,RELB,RAB9A,CERS6,NR4A3,IKZF1,CCR7,GPR183,IER3,GRSF1,IDO1,MARCKSL1,DUSP4,ITGA4,DAPP1,NME3,CCL22,ANXA6,ST8SIA4,MIR155HG,CCL17,NFIL3,MTSS1,RGS1,RFTN1,BCL2L11,IL2RA,UBD,GPR157,LAMP3,TRAF1,SINHCAF",lung,alveolar macrophages,F
Wu_2024_3,M4,"TM4SF1,SPTBN1,IFI27,ETS1,STC1,TNFSF10,APP,CLDN5,PECAM1,DEPP1,TCF4,TFPI,EGFL7,PPFIBP1,FLT1,PODXL,EPAS1,MARCKS,CALCRL,IGFBP4,GNG11,YES1,CDH5,CAVIN1,CAV1,TIMP3,COL4A2",lung,endothelial cells,M
Wu_2024_3,F20,"HSPA1A,HSPA1B,DNAJB1,SERPINE1,HSPH1,BIRC3,CXCL8,CLK1,DNAJB4",lung,stressed endothelial cells,F
Wu_2024_3,F19,"FLT1,PCDH17,PGF,ESAM,ADGRL4,SNRK,CD93,MCAM,PXDN",lung,endothelial cells,F
Wu_2024_3,F21,"CCL21,IGFBP7,AKAP12,ACTN1,CALD1,NRP2,FN1,EGLN3,FABP5,LMO2,LGALS3,CAVIN2,LIMS1,CST3,LYVE1,MMRN1,H1-0,NUPR1,GYPC,PTMS,FLT4,GABARAPL2,CDKN1C,DST,NRN1,C12orf57,NR2F2,LAMA4,ID1,MKNK2,MAF,ADIRF,NNMT,PPDPF,FABP4,CD55,MTUS1,PTPRE,PROX1,TFF3,GIMAP4,EFEMP1,SELENOM,SMAD1,GABARAP,TMEM50A,GIMAP7,SEMA3A,ARID5B,ARL4A",lung,lymphatic endothelial cells,F
Wu_2024_3,F22,"SPARCL1,EPAS1,MT1E,MT1X,CAVIN2,MT1M,CAV1,AQP1,DUSP1,FOS,NEDD9,RGCC,GPX3,EDN1,RAMP2,IFNGR1,VWF,HYAL2,FCN3,CD36,RNASE1,HLA-DPA1,TMEM100,KLF2,FKBP5,LIFR,ID1,SGK1,CLEC14A,A2M,TPM1,SLCO2A1,TAMALIN,FAM107A,BTNL9,CA4,IL7R,CLEC3B,ARRDC2,F8,PDK4,TMEM204,TSC22D3,LDB2,SOCS2,ITM2A,PAPSS2,LEPR,VIPR1,RNF115",lung,lung endothelial cells,F
Wu_2024_3,M3,"MT1G,MT1E,MT1X,AGER,VEGFA,MT1M,MT1F,ADIRF,GPRC5A,EMP2,IGFBP7,KRT17,CAV1,KRT7,MT1L,TACSTD2,PRSS8,SPRING1,C19orf33,EFNA1,KRT18,TIMP3,WFDC2,HOPX,MYL9,MGLL,CAVIN1,KRT19,NXN,CAV2,SDC4,KRT8,TSPAN13,TM4SF1",lung,alveolar type 2 epithelial cells,M
Wu_2024_3,F16,,lung,alveolar type 2 epithelial cells,F
Wu_2024_3,F18,"DNAJB1,HSPA1B,JUN,HSPH1,ATF3,HSPD1,HSPA8,DNAJA1,ZFP36,CLDN4,HSPE1,BAG3,IRF1,SYNE1,RGCC,SOX4,HBEGF,DDX5,MT-ND1,KLF6,PRDX1,HNRNPA2B1,TNFRSF12A,ANKRD1",lung,stressed alveolar type 2 epithelial cells,F
Wu_2024_3,F17,"7SK,ALDOA,GNG5,CRIP1,GABARAP,UPK3B",lung,alveolar type 2 epithelial cells,F
Wu_2024_3,M0,"PTPRC,CCL5,IFITM1,NKG7,CST7,CXCR4,HCST,PIK3R1,CD247,YPEL3,GIMAP7,SYNE2,FYN,CD37,EVL,CD2,ETS1,LCP1,RAC2,PLAAT4,STK4,ARL4C,ITGB2",lung,natural killer (NK) cells,M
Wu_2024_3,F0,"IL7R,MTND1P23,RPL10P9,CD3D,XIST,RBPJ,LTB,TRAC",lung,T cells,F
Wu_2024_3,F3,"NKG7,GNLY,IFITM1,TYROBP,GZMB,PRF1,CTSW,PTPRCAP,7SK,FCGR3A,FGFBP2,FCER1G,APMAP,PLEK,S1PR5,EEF1G,GZMH",lung,natural killer (NK) cells,F
Wu_2024_3,F2,"GNLY,NKG7,KLRD1,PRF1,FGFBP2,GZMB,CCL4,RPL10P9,GZMH,PLEK,ZEB2,MTND1P23,GNPTAB,CTSD,PYHIN1,KLRF1,ATM,XIST,FCGR3A,FCER1G",lung,natural killer (NK) cells,F
Wu_2024_3,F1,"RPL17,CRIP1,ALDOA,IFITM1,7SK,PTPRCAP,EEF1G,LTB",lung,natural killer (NK) cells,F
Wu_2024_3,F4,"RPL17,CD52,CRIP1,TSC22D3,ZFP36,IL7R,PTPRCAP,CD3E,CORO1A,CD69,EEF1G,RPL36A,EZR,FOS,DUSP1,EMB,ITK,CD3G,SMAP2,TUBA1B,HLA-F,CCND3,CD6,BATF,HMGB2,TUBA4A,ITM2A,HLA-DPA1,CCNH,ADGRE5,PARP8,ANXA6,CITED2,PIK3IP1,RBM3,TAGAP,RGS1,FKBP5,RPS2P5,STING1,PRDM1,RPS2P46,NIBAN1,COTL1,PLP2",lung,NK-like T cells,F
Wu_2024_3,M2,"KRT19,SFTPB,ELF3,KRT18,EZR,SLPI,CYB5A,ERRFI1,HSPH1,SLC34A2,GDF15,CLDN4,CLU,HSPA1B,KRT8,TACSTD2,MGST1,PERP,TSC22D1,WFDC2,MAL2,TMC5,MSMO1,AGR2,CDH1,CXCL17,KLF5,MET,ARFGEF3,GALNT3,EHF,LMO7,KRT7,SPINT2,NCOA7,EPS8,ARF4",lung,lung epithelial cells (likely alveolar type II cells),M
Wu_2024_3,F11,"TMEM190,DNAH11,CAPS,ODF3B,RSPH1,C20orf85,LRRIQ1,CFAP157,DNAAF1,MLF1,DNAJA4,C9orf24,DNAJB4,UBXN11,CCDC170,C5orf49,WEE1,PPIL6,DNAH5,MOK,PIFO,CD24",lung,ciliated epithelial cells,F
Wu_2024_3,F13,"KRT17,SCGB1A1,IGFBP3,S100A2,CXCL8,F3,IGFBP5,KRT15,UPP1,SLC6A8,AKAP12",lung,alveolar type II cells,F
Wu_2024_3,F12,"SFTPB,PGC,NAPSA,SFTPC,SERPINA1,TNFSF10,SLC34A2,SCD,SFTPA2,ICAM1,HOPX,ASPH,NPC2,ADIRF,RNASE1,CCND1,IFITM2,DRAM1,QSOX1,LPCAT1,CCL20,C1R,SFTA2,TXNDC17,TAPBP,PLOD2,SFTPD,IFITM1,ABCA3,C3,RBPMS,S100A14,EGR1,MUC1,SFTPA1,C1S,SLC6A14,ATP8A1,MAPK13,CITED2,PEBP4,MSN,C2,SLC39A8",lung,alveolar type II cells,F
Wu_2024_3,F14,"CCL20,TCIM,CXCL2,C11orf96,G0S2,HES1,ID4,RASD1,TBC1D22A-DT,PLK2",lung,alveolar type II cells,F
Wu_2024_3,F15,"SFTPC,SFTPA1,SFTPA2,PGC,NAPSA,FOS,EGR1,MUC1,HOPX,C11orf96,F3,SFTPB,C3,SFTA2,DBI,SFTPD,LPCAT1,AREG,POLR2L,PIGR,CXCL2,DHCR24,SLC6A14,FABP5,FASN,ID1,FOSB,LAMP3,NKX2-1,ADGRF5,CPM,EPHX1,ABCA3,DUSP6,MLPH,EMP2,MT-TP,LRRK2,MBIP,PLD3,MSN,MYO1B,ANK3,C4BPA,SDR16C5,SELENBP1,RBM3,PTPN1,AMD1,CD44",lung,alveolar type II cells,F
Wu_2024_3,M7,"FN1,IER3,SOX4,RND3,EGR1,G0S2,PTGS2,SERPINE1,MGP,MARCKS,IGFBP3,HILPDA,LIMS1,C11orf96,ADM,IL6,LRP1,DST,TFPI,C1R,USP53,COL6A2,FGFR1,MMP2,COL6A3,C1S,GEM,THBS2,THBS1,AEBP1,COL6A1,TIMP3,NR4A1",lung,fibroblasts,M
Wu_2024_3,F29,"ADAMTS1,TPM2,TGM2,IGFBP7,AKAP12,RHOB,TAGLN,MYH9,NDUFA4L2,MYLK,COL4A1,ACTN1,INHBA,SYNPO,HES4,MAP1B,COL18A1,ADIRF,EDNRB,TM4SF1,MYL9,EZR,LPP,MYH11,RHOC,CD151,NOTCH3,SSBP3,PDGFA,SLC25A4",lung,myofibroblasts,F
Wu_2024_3,F30,"CFD,IGFBP4,FGF7,COL1A2,COL3A1,NBL1,CLU,NNMT,MEDAG,IFITM1,CLMP,SH3BGRL3,VCAN,PPP1R14B,UBL5,PGAM1,IL33,LIMA1,PTGIS,MGST1,MPZL1,BSG,MYDGF,CCL2,CCDC80,AKR1C1,ATP5F1D,RARRES1,PRRX1,MPC2,CAPZB,ID2,EMP3,TMEM158,COL1A1,LXN,RABAC1,BICC1,AGTRAP,COX6C,STAT1,BNIP3,IGFBP3",lung,fibroblasts,F
Wu_2024_3,F28,,lung,fibroblasts,F
Wu_2024_3,F31,"SPARCL1,DCN,LUM,MFAP4,RARRES2,RGCC,ADH1B,FMO2,LTBP4,FBLN1,PTGDS,S100A4,GLUL,FHL1,GPX3,SELENOP,PRELP,CCN2,MT1M,SCN7A,PALLD,LIMCH1,GPC3,ELN,GSN,A2M,TPM1,MYH10,TSC22D1,PIK3R1,C7,DEPP1,TSC22D3,INMT,SOD3,MYADM,CFH,CSRP1,FILIP1L,SAMHD1,COL1A1,PDK4,PPP1R14A,SLIT3,ALDH1A1,LTBP2,CRISPLD2,FKBP5,PLXDC2,CES1",lung,fibroblasts,F
Wu_2024_3,F32,"IGFBP7,TXNIP,COL4A1,BGN,COL4A2,PDGFRB,RRAD,EZR,LAMB1,NDUFA4L2,PAG1,MYL9,CALD1,STOM,VCL,ITGA1,HES4,NR2F2,NR2F1,TBX2,GPX3,PPP1R14A,TCF21,NOTCH3,TUBA1A,GSN,RAPGEF5,TSC22D3,LHFPL6,FRMD4B,DCN,ACTA2,EFEMP1,LPL,NID1,TJP1,GAS6,MYADM,SEPTIN11,CRIP2,TCF4,SPARCL1,TBX5,COL18A1,LGALS3BP,MFGE8,ANXA6,ADGRD1,TPM1,LAMA2",lung,fibroblasts,F
Wu_2024_3,M6,"FCER1G,EGR1,PTGS2,BTG2,CLU,SAMSN1,NFKBIZ,NR4A1,FOSB,ARHGAP18,GNPTAB,CD69,ACSL4,FOS,RGS10,CAPG,HPGD,KIT,TPSB2,IL1RL1,GATA2,ALOX5AP,CPA3,TPSAB1,VWA5A,RAC2,CD37,HPGDS,TPSD1",lung,mast cells,M
Wu_2024_3,F25,,lung,mast cells,F
Wu_2024_3,F26,"DUSP1,FOSB,MIR23AHG,MS4A2,TSC22D3,LMNA,SLC18A2,RGS1,RHEX,NR4A2,ZFP36L2,TIMP3,TUBA1A,CPM,CAVIN2,MYADM,MAOB,CTNNBL1,FKBP5",lung,mast cells,F
Wu_2024_3,F27,"CD74,APOC1,CST3,HLA-DRA,NUPR1,HLA-B,CTSB,C1QA,LYZ,C1QB,BRI3,FN1,TSPO,HLA-DPA1,APOE,CTSL,CEBPB,SERPINA1,GRN,CCL18,RAC1,ANXA2,ANXA5,CTSZ,GRB2,NOP10,FABP4,CTSS,APLP2,CXCL16,FBP1,RTN4,ACP5,GPNMB,CD52,HINT1,TYMP,ATOX1,C1QC,CTSC,MARCO,UQCR11,CRIP1,HLA-DPB1,STXBP2,EFHD2,ARPC1B,GNG5,ARPC5,SNX10",lung,macrophages,F
Wu_2024_3,M8,"PTPRC,SERPINA1,CTSS,MARCKS,NAMPT,S100A9,S100A8,ALOX5AP,SPI1,AIF1,COTL1,CD53,FYB1,SNX10,CELF2,MAFB,ARRB2,FKBP5,GPSM3,LST1,SLC11A1,ACSL1,SLA,SMAP2,VASP,FCER1G,RGS2,TNFRSF1B,BCL2A1,PLEK,LAPTM5,SAMSN1,DUSP6,HCLS1,EVI2B,CYBB,LSP1,FCGR2A,LUCAT1,MNDA,PELATON,RNF149,SRGN,TYROBP,TLR2,CXCR4,LRRK2,CSF3R,VSIR,FPR1",lung,macrophages,M
Wu_2024_3,F34,"CXCL8,C15orf48,IVNS1ABP,SLC25A37,STEAP4,GBP5,PIK3AP1,AQP9,FNDC3B,LUCAT1,GBP1,CYSTM1,IL2RG,FCGR3B,SKIL,CASP4,MCEMP1,GK,IL1RAP,ERO1A,MIR223HG,PLSCR1,FBXL5,IER3,IL1B,FFAR2,ICAM1,NINJ1,CPD,TAP1,FLOT1,TAGAP,MAPK14,EHD1,GBP4,IL1RN,R3HDM4,LRG1,G0S2,CSF2RB,CR1,MBOAT7",lung,macrophages,F
Wu_2024_3,F33,"FOS,S100A4,DUSP1,S100A6,VIM,RPL11,FKBP5,TSC22D3,CD74,RPS14,CEBPD,CST3,SMAP2,RPS18,RPL19,RPS28,RPL27A,RPL34,RPS24,ZFP36L2,RPL26,UBA52,DDX5,CALM2,ARHGDIB,CELF2,RPS21,ANXA1,RPL23,VSIR,GNAS,PPIA,RPL27,S100A10,STK17B,LRRFIP1,ZFP36,C5AR1,RPS5,CALM1,MBNL1,RPL18A,LYZ,ROCK1,XIST,RPL12,SARAF,RPS23,ANXA5,FOSB",lung,macrophages,F
Wu_2024_3,M9,"CD37,CUTA,CYTIP,IGKC,JCHAIN",lung,plasma cells,M
