Data,Cluster,Markers,Organization,cell_type,level
Wu_2020_2,M0,"DEFA3,CD74,HLA-DRA,SNHG6,ZFAS1,S100A4,DBI,UQCRB,SNHG8,HLA-DPB1,HLA-DRB1,S100A12,CD52,C8orf59,MRPL33,SEPP1,SAT1,C6orf48,LST1,MT-ATP8,HLA-DPA1,IFITM3,HCST,MRPS18C,GPX1,C1orf186,ARL6IP5,MGST1",blood,monocytes,M
Wu_2020_2,F0,,blood,unknown,F
Wu_2020_2,F1,"CAMP,S100A11,GCA,TMSB4XP4,LTF,RNASE2,ALOX5AP,ELANE,LYZ,CSTA,S100P",blood,neutrophils,F
Wu_2020_2,M1,"CD99,SOX4,FOS,TAGLN2,DDX5,ITM2A,IGFBP7,PEBP1,DUT,PCBP1,PPDPF",blood,unknown,M
Wu_2020_2,F2,"FOS,ACTG1,CFD,PRSS57,LRRC75A-AS1,ANXA1,KLF6,DUSP1,CPA3,RPL23A,IRF2BP2,EEF2,BTG1",blood,unknown,F
Wu_2020_2,F3,"IGFBP7,CD74,GSTP1,ITM2A,S100A4,SPINK2,SNHG5,H2AFY,MT-TP,HCST,HPGDS,FXYD5,PPDPF,SMIM24,GLUL,ARPC5,CD82,RPS27L,ABRACL,AC002454.1,ANP32B,SHFM1,NAA38",blood,unknown,F
Wu_2020_2,M2,"LYZ,ELANE,MPO,AZU1,PRTN3,MTATP6P1,MNDA,CSF3R,HLA-C,ALOX5AP,IFI6,S100P,DEFA4,CST7,GCA,TSPO,CSTA",blood,neutrophils,M
Wu_2020_2,F5,"HBA1,HBA2,RPL23A,HBB,PLAC8,S100A6,TMSB4XP4,FCN1,HMGB2,RGL4,HMGN2,RPL7P9,RP11-466H18.1,RPS3AP26,RPL18AP3,RPL15P3,PRDX5,RPS3AP6,APMAP,RPL13P12,LAPTM5,NKG7,ALDOA,RAB31,COX6A1,CYBA,RPL3P4,LST1",blood,immature neutrophils,F
Wu_2020_2,F4,"DEFA3,PRTN3,CFD,MT-ND3,DEFA4,SLPI,CD74,PRSS57",blood,neutrophils,F
Wu_2020_2,M3,"CTSG,RNASE2,LGALS1,CFD,RNASE3,ELANE,CST3,SSR4,IGLC2,AZU1,CST7,CSTA,S100A11,PDIA6,FCER1G,HSPA5,HSP90B1,PSAP,PSME2,CALM1,S100A10,EMP3,TIMP1,TSPO,PRTN3,PRDX5",blood,neutrophils,M
Wu_2020_2,F6,"S100A9,CD74,S100A4,S100A8,HLA-DRA,PRTN3,AIF1,PSMA7,TYROBP,MT-ND5,LGALS1,FCN1,TSPO,PKM,HLA-DRB1,LAPTM5,S100A6,ARPC1B,COX5A,MTATP6P1,NDUFB1,MT-ND3,RHOA,GRN,PYCARD,SERPINB1,CSTA,PPIA,TALDO1",blood,neutrophils,F
Wu_2020_2,F7,"MPO,HBA2,HBB,HBA1,CST7,CALM2,HSP90B1,NUCB2,PDIA6,HSPA5,MALAT1,MGST1,RPL7P9,CALR,HBM,CLEC11A,LSM7,PPIB,TMSB4XP4,RPL3P4,HSPB1,PDIA3,CLU,BSG,SYNGR1,EIF4EBP1,SOX4,CD99,RP11-234A1.1,CDK2AP2,RPL23A,MS4A3,BTG1,DAD1,CTSW",blood,neutrophils,F
Wu_2020_2,F8,"IGHG4,IGHG1,IGHG3,SUB1,XBP1,MYDGF,JCHAIN,IGHA1,ITM2C,SEC61G,SEC11C,HERPUD1,SPCS2,MZB1,SPCS3,SSR3",blood,plasma cells,F
Wu_2020_2,M5,"HBA2,HBA1,CD52,HBD,IGLC2",blood,erythroblasts,M
Wu_2020_2,F11,"AHSP,HBM,PRDX2,BLVRB,CA1,SLIRP,HMGB2,ALAS2,GYPA,CAT,BSG,SLC4A1,GYPB,UROD,GYPC,MGST3,ATPIF1,MT-TP,POMP,HMGB1,HSP90AA1,COX7B,SON,RBX1,TUBB",blood,erythroblasts,F
Wu_2020_2,F10,"S100A9,CD74,CD52,HLA-DRA,S100A11,ELANE,IGLC2,HLA-B,IFITM2,GMFG,CFD,CD99,DAD1,ANXA1,MYL12A,IFITM3,HLA-C,ARHGDIB",blood,unknown,F
Wu_2020_2,M4,"RNASE2,MPO,CTSG,RNASE3,CAT,VIM,MT-TP,SPINK2,NAP1L1,AZU1,CLEC11A,ZFP36L2,MT-TV,CLC,MT-TL1,HBD,SELL,EEF2,NEAT1,FOS,GNAS,MT-ND4L",blood,neutrophils,M
Wu_2020_2,M6,"MTATP6P1,RP11-234A1.1,RPL3P4,RPL7P9,RPL18AP3,RP11-543P15.1,RPS3AP26,MT-TW,AC007969.5,CD164,RP11-761N21.2,RPS2P46,RPS3AP6,RP11-466H18.1,RPL15P3,RP11-371A22.1,RPS23P8,RPL13P12,RP11-572P18.1,RP11-425L10.1,CTD-2287O16.1,RP11-864N7.2,HBA2,RPL7P1,HBA1",blood,unknown,M
Wu_2020_2,F12,"GAS5,RP11-475C16.1,RP11-92K2.2",blood,unknown,F
Wu_2020_2,F13,"TUBA1B,H2AFZ,HMGB2,ATP5E,TMEM59,PSMA7,CKS2,HNRNPA2B1,HLA-B,PLAC8,HMGN2,ATP5O,HLA-C,SRSF3,IGLL1,SMIM24,TUBB,H2AFV,ATP5F1,ARL6IP1,GPX4,DAZAP2,ILF2,GSTO1,MIR1244-2,NDUFB8,ATP5I,HMGN1,HMGN3,NDUFB4,PAIP2,RTN3,CBX3,ERH,ANP32B,HLA-DRB1,PKM,TMEM14B,SF3B5,MZT2B,RBMX,COPE,NDUFB6,BANF1,COX8A,HLA-DRA,RAN,SPCS2,PSMA4,RP11-620J15.3",blood,unknown,F
