Data,Cluster,Markers,Organization,cell_type,level
Wu_2024_4,M7,"MT1G,MT1E,IGFBP7,KRT7,GADD45A,KRT18,MT1H,HOPX,CAV1,KRT8,TNFRSF12A,PHLDA2,ANKRD1,SFTA1P,AGER,ANXA3,CLIC2,NEDD4L",lung,alveolar epithelial type 2 cells,M
Wu_2024_4,F32,"ZNF292,NUP58,ASH1L,FNIP1,TNFAIP3,EIF4B,BACH1,ATP13A4,CREBRF,NR1D2,AFF4,PNISR,RLF,VEZF1,STX3,CDYL,USP10,WDR26,PPP2R2A,YTHDC1,PHIP,TRIP11,SRSF11,ABL2,TANK,SF3B1,U2SURP,MKLN1,HIVEP2,RIOK3,YTHDF3,KLF7,PEA15,THOC2,CNST,EXPH5,KAT6A,RAB21,BDP1,IPO5,ATP6V1D,TAF7,GOLGA4,YY1,CCNT2,RASAL2,PPIG,FNDC3B,ARL8B,CHTOP",lung,alveolar epithelial type 2 cells,F
Wu_2024_4,F31,,lung,alveolar epithelial type 2 cells,F
Wu_2024_4,F33,"DNAJB1,HSPA1A,FOS,CD55,HSPH1,HSPA6,CRYAB,MT1M,HSPA1B,RRAD,HSPD1,FOSB,HSPA8,EMP2,ID4,ERRFI1,HBEGF,CCN1,VEGFA,ARC,RHOB,TIMP3,CDKN1A,MT-TV,SCEL,GADD45G,DYNLL1,CD9,MAFB,HEXIM1,SFTA2,RASD1,MT-TA,CSKMT,CHORDC1,MT-TN,RGCC,SFN,MSLN,UBE2S,IER5,MT-TS2,CCN2,LDLR,MAFA,HSPE1,PARD6B,NR4A1,MKNK2,ID3",lung,alveolar epithelial type 2 cells,F
Wu_2024_4,F34,"SFTPB,EMP2,CLDN18,GPRC5A,RAB11FIP1,RNASE1,CEACAM6,SFTA2,CST3,SFTPC,SLC39A8,CCND1,AHNAK,AQP4,TSPAN13,CYB5A,TKT,VAMP8,CD151,FAM177A1,NAPSA,FOLR1,FAM107B,IFITM2,CLIC5,SELENOP,NTM,ASAH1,CYP2B7P,LIMCH1,CD47,RTKN2,SLC34A2,MAL2,AKAP13,SCGB1A1,RGCC,CEBPD,ATP1A1,RDX,ADIRF,CLIC3,CD46,SPOCK2,TNNC1,PLS3,FLNA,CPM,CYP4B1,FLRT3",lung,alveolar epithelial type 2 cells,F
Wu_2024_4,F35,"RPS21,S100A4,RPL23A,RPL10A,SH3BGRL3,HLA-E,RPS10,YWHAB,AHNAK,CYBA,HLA-C,SRSF5,ATP5MG,SEPTIN7,SARAF,RPL4,ETS1,TOMM7,PLAAT4,UQCRB,JAK1,SYNE2,H4C3,PSMA7,OST4,CRIP1,HNRNPA1,RNF213,STK17B,SPOCK2,COX6B1,UBXN1,ANKRD12,IQGAP1,NR3C1,NDUFA4,RPL10P9,TXNIP,NDUFS5,ACTR3,PTP4A2,H1-10,PTPRC,C4orf3,CD44,AAK1,NOP53,ARL6IP5,UQCR11,SMCHD1",lung,alveolar epithelial type 2 cells,F
Wu_2024_4,M0,"CCL5,FYN,LTB,CORO1A,TRAC,TRBC2,CST7,PCED1B-AS1,CD3D,CD96,ITGA4,BCL11B,CD3E,CD2,CD3G",lung,T cells,M
Wu_2024_4,F1,"CCL5,CST7,GZMK,NKG7,CTSW,CCL4,LYST,HLA-DPB1,GZMA,CD8B,CD8A",lung,CD8+ cytotoxic T cells,F
Wu_2024_4,F0,IL7R,lung,memory T cells,F
Wu_2024_4,F3,"TIGIT,TNFRSF4,TNFRSF18,IL2RA,CMTM6,BCL2,LINC01943,RTKN2,IKZF2,TBC1D4,FOXP3",lung,regulatory T cells (Tregs),F
Wu_2024_4,F4,"RGS1,TSC22D3,PRDM1,ID2,LINC-PINT,CREM,ZFP36,SYTL3,NIBAN1,FOS,SFTPC,SLA,CEMIP2,DNAJB1,SLC2A3,PTGER4,CRYBG1,UGP2,FKBP5,CLK1,IGKC,SCGB1A1,CCNH,DUSP1,HSPA1A,unknown,PPP1R15A,FAM177A1,FOSB,ZNF331,SCGB3A2,SFTPA2,SFTPA1",lung,unknown,F
Wu_2024_4,F5,"TUBA1B,HMGB2,TUBB,PGAM1,HSPD1,HMGN2,ANP32E,NUCKS1,IL2RA,VDAC1,PA2G4,SMC3,GSTO1,CALM3,TUBB4B,CCT5,PPA1,H2AC20,MRPL51,CACYBP,SNRPB,PSMA1,TALDO1,EIF2S2,C12orf75,RANBP1,YWHAH,CCT8,SMC1A,LSM4,RPA3,C1QBP,JPT1,SNRPD1,DNMT1,YWHAE,STMN1,CCT7,FABP5,RBM17,VDAC3,MACROH2A1,USP1,NUDC,PSMA3,STIP1,VPS29,UBE2S,SNRPE,LSM5",lung,unknown,F
Wu_2024_4,F2,"GNLY,NKG7,GZMB,KLRB1,GZMA,PRF1,TYROBP,CTSW,HOPX,IL2RB,CCL4,KLRD1,METRNL,GNPTAB,FGFBP2,TRDC,FCER1G,GZMH,PLAC8,FCGR3A,CLIC3,PLEK,TXK,KLRF1",lung,Natural Killer (NK) cells,F
Wu_2024_4,F6,,lung,unknown,F
Wu_2024_4,M1,"IFI27,SOX4,IGFBP7,YBX3,CD9,TFPI,SPTBN1,CALD1,ARHGAP29,CCN1,TCIM,CAVIN1,TCF4,MARCKS,ID1,ADGRF5,ITGA2,CAV2,PLOD2,NCKAP1,DSP,EMP2,MTUS1,PLK2,IL6ST,TM4SF1,NFIB,ETS2,CNN3,WWTR1,OSMR,GJA1,TJP1,SERPINH1,FERMT2,SYNPO,HSPG2,C1R,KRT18,RAI14,CFH,BACE2,NFIX,SMAD1,CRIM1,JUP,MAGI1,TEAD1,EHD2,LAMC1",lung,fibroblasts,M
Wu_2024_4,F9,"COL1A2,CD44,COL3A1,COL1A1,CCDC80,COL6A3,COL6A2,IL6,MMP2,C1S,VCAN,MEDAG,COL6A1,TPM2,PRRX1,SERPINE1,FGFR1,PLAUR,LRP1,PTGIS,FGF2,TMEM158,FGF7,THBS2,CLMP,COL5A2,FBLN1,MIR100HG,TNFAIP6,LTBP2,SERPINE2,COL5A1,GFPT2,MEG3,UCHL1,PAPPA,FAP,INHBA,PDGFRA,NAV3,SLIT2,STEAP1,BNC2,BAG2,DCN,CLEC11A",lung,fibroblasts,F
Wu_2024_4,F7,"ELF3,TMC5,TACSTD2,SPINT2,EPCAM,MAL2,CLDN4",lung,unknown,F
Wu_2024_4,F8,"PECAM1,EGFL7,FLT1,CALCRL,COL4A1,CD93,PODXL,PLVAP,PGF,ADGRL4,LAMA4,VWF,PXDN,MCAM,PTPRB,COL4A2,STC1,CDH5,SPARC,SNRK,ESAM,EFNB2,ZEB1,CXCR4,ENG,LAMB1,SPARCL1,ITGA5,ADAMTS1,ERG,KDR,DOCK4,COL18A1,MECOM,MEF2C,GIMAP7,NOTCH4,PLXND1,DOCK6,GIMAP4,A2M,DEPP1,BCL6B,CLDN5,PCAT19,SH3BP5,ACE,TIE1,ACVRL1,ARHGEF15",lung,endothelial cells,F
Wu_2024_4,F12,"TPPP3,WFDC2,AGR3,TMEM190,SLPI,DNAH5,C20orf85,CETN2,TSPAN1,RSPH1,ALCAM,PIFO,C9orf24,CCDC170,CEP126,HYDIN,CAPS,LRRIQ1,PIGR,RP1,HOATZ,ERICH3,CFAP43,DYNC2H1,DNAH11,DNAAF1,SPAG17,SGMS2,CDH1,CD24,SPEF2,PSENEN,CES1,SLC44A4,FAM183A,DNAH7,CFAP54,DNAH12,SLC34A2,EFCAB1,C5orf49,FOXJ1,CCDC113,CFAP298,CFAP276,SHROOM3,CCDC146,TSTD1,ENKUR,unknown",lung,unknown,F
Wu_2024_4,F15,"SPARCL1,MT1X,PECAM1,CD93,MT1M,CALCRL,CAVIN2,CLDN5,FOSB,VWF,AQP1,SRGN,PCAT19,IL33,ADAMTS9,CDH5,RAMP2,DEPP1,ADGRL2,PTPRB,S1PR1,GPX3,SCGB1A1,ACVRL1,ADGRL4,FKBP5,SCGB3A2,ADAMTS1,PDK4,ACKR1,A2M,EMCN,LDB2,TSC22D3,FAM107A,PTGDS,THBD,RGS5,NPDC1,FCN3,SOX7,KLF4,SHROOM4,LRRC32,PIK3R3,RAMP3,TMEM100,SLCO2A1,ZBTB16,FLT1",lung,endothelial cells,F
Wu_2024_4,F11,"FABP5,CCL21,GNG11,AKAP12,MMRN1,ANGPT2,FABP4,CAVIN2,PECAM1,EFEMP1,ITGA1,SOX18,GYPC,GIMAP4,PTPRB,PCAT19,PROX1,PTPRE,LMO2,TIE1,TFF3,PDPN,PRSS23,STMN1,EGFL7,MAF,NR2F1,GMFG,ECSCR,GIMAP8,RAMP2,RHOJ,SULF2,MAN1A1,FAM43A,FLT4,PRXL2A,CDH5,CLDN5,MRC1,SEMA3D,FLRT2,LAMA4,TBX1,BMX,PGM5,PIEZO2,PKHD1L1,GIMAP7,CD36",lung,lymphatic endothelial cells,F
Wu_2024_4,F14,"SPARCL1,A2M,C11orf96,DCN,MT1M,MT1A,COL6A3,BGN,TAGLN,TPM2,COL6A2,COL1A2,NBL1,FBLN1,CRISPLD2,COL3A1,COL6A1,PDGFRB",lung,fibroblasts,F
Wu_2024_4,F10,"SFTPC,SFTPB,SLC34A2,SFTPA2,SFTPA1,MGST1,SERPINA1,NAPSA,MUC1,GPRC5A,SDC4,SCGB3A1,SLPI,CXCL17,HOPX,ATP1B1,MAL2,CXCL2,AREG,LAMB3,RNASE1,STEAP4,SPINT2,CTSH,F3,MGLL,CLDN7,MET,PIGR,WFDC2,SCD,DCBLD2,EPCAM,CITED2,ANXA3,C3,CDH1,SFTA2,LGALS3BP,MSLN,CEACAM6,EPS8,ITGB6,PGC,MSMO1,ITGA3,MPZL2,LPCAT1,ATP11A,MALL",lung,alveolar type 2 cells,F
Wu_2024_4,F13,"DEPP1,TIMP3,GNG11,PCDH17,PODXL,PECAM1,COL4A1,RAPGEF5,JCAD,ITGA1,KDR,PXDN,CLEC2B,SH3BP5,IDO1,AQP1,RGCC,ADGRL2,CDH5,ZEB1,HLA-DQA1,ESAM,RSAD2,PLEKHO1,ACE,EDNRB,SAMD9L,MYLK,PLEKHG1,EMCN,CLDN5,FAM167B,RAMP2,GIMAP7,ACVRL1,ADGRL4,ICAM2,PLAT,TSPAN12,PLVAP,SLCO4A1,SLC12A2,ITM2A,CALCRL,HPGD,GIMAP4,SPARCL1,EGFL7,S1PR1,unknown",lung,endothelial cells,F
Wu_2024_4,M5,"LYZ,CXCL8,CTSS,TYROBP,APOE,HLA-DPA1,S100A9,CST3,unknown,CTSB,GLUL,SPP1,NAMPT,VCAN,C15orf48,ZEB2,S100A8,CYBB,FCER1G,GRN,NPC2,RNASE1,MS4A7,SAMHD1,HLA-DPB1,AIF1,ASAH1,ITGB2,HLA-DRB5,PLIN2,IL1B,CCL3,TNFRSF1B,LIMS1,LYN,SNX10,PLD3,TNFAIP2,LST1,NINJ1,CTSH,RNF130,MGAT1,CXCL3,CD163,HLA-DQA1,FBP1,CCL18,AP2S1,IER3",lung,macrophages,M
Wu_2024_4,F27,"IL32,CD2,SYNE2,TRBC2,GZMA,CST7,CD3G,TRAC,TRBC1,SPOCK2,CD3E,CD7,IFITM1,CD96,SLC38A1,BCL2,IKZF3,LCK,BCL11B,RASGRP1,IL2RB,LBH,CCDC88C,CD247,SKAP1,CD6,MIAT,ITK",lung,T cells,F
Wu_2024_4,F26,"CCL8,MMP9,FGL2,CCL7,CYP1B1",lung,macrophages,F
Wu_2024_4,F29,"FN1,DST,FABP4,SCD,MME,ADTRP",lung,unknown,F
Wu_2024_4,F28,"THBS1,SFTPC,AREG,RGS2,FOSB,FPR1,FKBP5,SCGB1A1,RHOB,KLF2,NR4A2,SFTPB,SCGB3A2,PELI1,NR4A3,TAMALIN,ZBTB16",lung,alveolar macrophages,F
Wu_2024_4,M9,"DEPP1,GNG11,CLDN5,TCIM",lung,unknown,M
Wu_2024_4,F38,"IFIT3,JCAD",lung,unknown,F
Wu_2024_4,F39,"SOX4,TCIM,H4C3,HES1,SLC38A2,PLK2,IER2,RHOB,IER3,SNHG5,PPP1R10,TUBA1A,SGK1,ZFP36,CEBPD,RSRP1,GADD45B,AMD1,NFKBIZ,BRD2,MIR23AHG,TLE4,YME1L1,BTG2,DNAJB1",lung,unknown,F
Wu_2024_4,F40,"RPL6,CYBA,EEF1B2,SARAF,COX7C,ANXA1,PTPRC,S100A4,GMFG,SRSF5,SSR4,COMMD6,KLF6,EIF3K,YWHAB,CXCR4,ANKRD12,IL7R,PLAAT4,RPL23A,ATP5MC2,ANAPC16,RPL21,TMBIM6,RPL36AL,OST4,SEPTIN7,UQCR11,RESF1,PFN1,LTB,ZFP36L2,HNRNPA1,CD44,GIMAP7,RPS10,ARHGDIB,SRGN,MZT2B,SNHG6,ARPC5,RPL4,FYN,RPL23,LEPROTL1,SH3BGRL3,COX8A,IFITM1,RPS26,CD52",lung,unknown,F
Wu_2024_4,M4,"HLA-DQA1,BIRC3,TYROBP,IL7R,CST7,MARCKS,LSP1,ID2,CYTIP,RGS1,GSN,TUBA1A,GPR183,GADD45A,BCL2A1,LYST,REL,SOCS1,IDO1,NABP1,MAP4K4,CXCL16,BASP1,RAPGEF1,TNFAIP2,FYTTD1,NRP2,SWAP70,RNF145,PSIP1,HMGN3,SYNGR2,PTPN1,VMO1,NFKB1,DPYSL2,ARAP2,MALT1,ATF5,ALDH2,CCR7,MARCKSL1,CDKN1A,TMEM176B,SH3KBP1,ANXA6,MYO1G,TRADD,FSCN1,SINHCAF",lung,dendritic cells,M
Wu_2024_4,F23,,lung,dendritic cells,F
Wu_2024_4,F24,"CXCL8,CTSL,S100A9,G0S2,CCL2,FCER1G,FOS,C1QB,C1QA,CXCL5,SPP1,VCAN,MS4A7,AIF1,SERPINA1,SLC2A3,CD14,CYBB,S100A8,SERPING1,ACP5,SLC11A1,MARCO,SNX10,FBP1,IL1B,CXCL3,MRC1,PLAUR,CCL7,MAFB,FCN1,CXCL1,TREM1,INHBA,FCGR2A,BHLHE41,CD163,PILRA,CPVL,IL1RN,FGL2,MSR1,SLAMF8,MS4A4A,ITGAX,AQP9,PTAFR,FPR1,VSIG4",lung,macrophages,F
Wu_2024_4,F25,"H1-5,SPOCK2,CSF2,MKI67,PTTG1,TYMS,CENPF,LTA,RRM2,IL1R2,ASPM,TOP2A,H3C8,TK1,ZBED2,TNFRSF18,PCLAF,CENPM,DLGAP5,UBE2T,NUSAP1,CEP55,HMMR,CDK1,UBE2C,KIF23,CCNB1,CDCA5,ZBTB32,BUB1,KIF11,FANCI,NCAPG,CDKN3,H2AC14,CDT1,ZWINT,GINS2,CDC6,SGO1,CHEK1,PPIL1,POLE,ASB2,CIP2A,KNL1,BRCA1,INCENP,FAAP100,CDCA7",lung,proliferating dendritic cells,F
Wu_2024_4,M2,"FCER1G,TPSB2,CD69,EGR1,CLU,RGS1,CD9,ZEB2,CPA3,FOSB,RGS2,PTGS2,ACSL4,HPGD,KIT,TPSAB1,GPR65,TMEM176B,ARHGEF6,SYTL3,BMP2K,SLC44A1,NR4A1,IL1RL1,GATA2,MIR23AHG,AREG,HPGDS,HDC,LTC4S,VWA5A,RAB27B,MS4A2,TESPA1,RHEX,SLC18A2,ABCC4,RGS13,STXBP6,CTTNBP2,PTGS1,SIGLEC6,ADAM12,TPSD1,SCIN,GCSAML,unknown,CALB2,SIGLEC17P,unknown",lung,mast cells,M
Wu_2024_4,F17,"AREG,HSPA1A,TSC22D3,SFTPC,ZFP36L2,GADD45B,CPM,SYAP1,ZNF331,CREM,BATF,SCGB1A1,NR4A2,HSPA1B,DNAJB1,NAMPT,SLC26A2,HSPH1,SOCS3,ALAS1,ATP1B3,unknown,FKBP5,ELL2,ZNF445,CDKN1A,CPEB4,IGKC,SCGB3A2,IRS2,NDEL1,TAMALIN,SFTPA2,SCGB3A1,WNK3,SFTPA1",lung,unknown,F
Wu_2024_4,F16,IFIT3,lung,mast cells,F
Wu_2024_4,F18,"HILPDA,P4HA1,ARG2,TMEM91,ERO1A,SLC43A3,ENO2,ACOT7,GPI,SAP30,MXI1",lung,mast cells,F
Wu_2024_4,F19,"HLA-DPA1,HLA-DPB1,APOE,CTSS,LYZ,CCL18,CTSZ,APOC1,CTSL,C1QB,unknown,ANXA2,MGST3,HLA-DQB1,CTSC,C1QA,HLA-DRB5,GRN,FBP1,APLP2,NUPR1,ACP5,HLA-DQA1,CXCL8,APOL6,AP2S1,SLC11A1,GLRX,S100A9,SNX10,EFHD2,GSN,LAP3,FKBP1A,LAMP1,PLD3,BLOC1S1,CXCL16,MARCO,EML4,SPI1,DAB2,RNF13,CRIP1,UPP1,CREG1,FCGRT,GPCPD1,CXCL5,MGAT1",lung,alveolar macrophages,F
Wu_2024_4,M3,"IGHA1,RIPOR2,MEF2C,IGLC2,MS4A1,RALGPS2,BANK1,CD79B,CD79A,TNFRSF13C,TNFRSF13B",lung,B cells,M
Wu_2024_4,F20,"MS4A1,HLA-DQA1,BANK1,REL,RIPOR2,SWAP70",lung,B cells,F
Wu_2024_4,F21,"JCHAIN,MZB1,SEC11C,XBP1,IGHG4,SSR3,HSPA5,SPCS3,SELENOS,SELENOK,SRGN,LMAN1,H1-10,DERL3,SEL1L,MYDGF,FKBP11,MANF,PRDX4,SLC3A2,CANX,SDF2L1,P4HB,ANKRD36BP2,NUCB2,FNDC3B,ELL2,MAN1A1,SLAMF7,JSRP1,TXNDC15,HSPA13,TNFRSF18,HYOU1,ERN1,SIL1,CREB3L2,SLC44A1,MANEA,TPST2,MEI1,SEC24D,GAS6,TRIB1,FKBP2,CHPF,SLC35B1,TNFRSF17,LARP1B",lung,plasma cells,F
Wu_2024_4,F22,"SYNE2,TRBC2,IL32,ANXA1,IL7R,CD3D,GIMAP7,CD2,GIMAP4,FYB1,CD3G,BCL11B,CD3E,SKAP1",lung,T cells,F
Wu_2024_4,M6,"FOS,SLC11A1,S100A9,RGS2,RIPOR2,PTGS2,RNF149,BCL2A1,SORL1,SLA,ACSL1,SCGB1A1,FKBP5,MXD1,G0S2,CPD,BASP1,PELI1,VSIR,LRRK2,IL1R2,S100A8,unknown,IRAK3,GCA,MNDA,C5AR1,TREM1,FPR1,TLR2,IRS2,CSF3R,MEGF9,TRIB1,TMEM154,DOCK5,PLXNC1,SELL,LILRB3,PHACTR1,ZNF445,FGD4,SCGB3A2,AQP9,CLEC4E,FCGR3B,IL1RAP,SFTPC,CXCR2",lung,neutrophils,M
Wu_2024_4,M8,HSPA1B,lung,unknown,M
Wu_2024_4,F36,"RPL36,RPL26,DNAJB1,RPL35,RPS27,HSP90AA1,RPL14,RPS3,RPS21,LDHA,RPS24,RPL34,JUN,RPS6,RPLP2,RPL30,CXCR4,EIF1,PTPRC,RPS19,RPL21,RPL10,RPL37,HSPA8,RPS29,ZFAS1,RPS9,H3-3B,RACK1,JUND,MIF,RPS16,RPL7A,RPL3,BTG1,SRSF7,LCP1,TOMM20,RPL36AL,SRGN,RPL23A,ZFP36L2,HSPD1,ENO1,PTMA,KMT2E,CD44,RPL18A,SRRM1,SNHG6",lung,unknown,F
Wu_2024_4,F37,"HBB,HBA2,HBA1,SLC25A37,SNCA,GPM6A",lung,unknown,F
