Data,Cluster,Markers,Organization,cell_type,level
Wu_2020_1,M1,"CD74,HLA-DRA,S100A4,DBI,RPL18AP3,HMGN3,RP11-234A1.1,LGALS1",blood,monocytes,M
Wu_2020_1,F1,"FOS,MALAT1,ELANE,PRTN3,S100A9,AZU1,IFITM3,CLEC11A,CST3,CFD",blood,neutrophils,F
Wu_2020_1,F2,"EIF3E,VDAC3,RP11-234A1.1,EIF4EBP1",blood,unknown,F
Wu_2020_1,F3,"HBB,HBA2,HBA1,CD52,TMSB4XP4,SPINK2,S100A10,NEAT1,LYZ,NDUFB1,SELL,KIAA0101",blood,monocytes,F
Wu_2020_1,F4,"CST3,S100A11,RNASE2,S100A6,FCER1G,CSTA,PSAP,MS4A6A,CYBA,CTSS,ANXA2,ITGB2",blood,monocytes,F
Wu_2020_1,M5,"PRTN3,CYBA,IGLL1,SPINK2,RPL10P9",blood,unknown,M
Wu_2020_1,F11,"CST7,ELANE",blood,unknown,F
Wu_2020_1,F12,"STMN1,H2AFZ,TUBB,HMGB1,HMGB2,KIAA0101,DUT,H2AFV,TYMS,TUBA1C,CKS2,COX8A",blood,unknown,F
Wu_2020_1,M4,"S100A8,DEFA3,S100A9,CTSG,HBB,CAMP,HBA2,RNASE2,DEFA4,S100A12,ELANE,LYZ,HBA1,CSTA,CAT,LCN2,MS4A3,AZU1,IGKC,RNASE3,LTF,S100A11,ALOX5AP,CST7",blood,neutrophils,M
Wu_2020_1,F8,"CFD,CAT,RPL12,FOS,MT-ND5,GAS5,RPS10,MT-ND4L,EEF2,ZFP36L2,PLEK,SOX4,LRRC75A-AS1,NEAT1,RPL29,RNASE3,CALR,SNHG5,RNASEH2C,RP11-620J15.3,MGST1,MTATP6P1,SNHG6,NPM1,RPL10A,BTG1,TOMM7,HNRNPA1,ZFAS1,RPL22,HINT1,NCOA4,MT-TL1,NAP1L1,RPS27L,RPS5,LDHB",blood,neutrophils,F
Wu_2020_1,F9,"PRTN3,RETN,IGHA1,BPI,SLPI,NKG7,CYBA,ALOX5AP,CD24,S100P,PFN1,ANXA3,GCA,CEACAM8",blood,neutrophils,F
Wu_2020_1,F10,"HBD,AHSP,FTH1,ATPIF1,PRDX2,HBM,CA1,SLIRP,S100A4,NOP10,BLVRB,GYPC,KIAA0101,MGST3,UROD,SOD1,GYPA,RAN,GYPB,HMGB2,HMGB1",blood,erythroblasts,F
Wu_2020_1,M0,"CD99,FTH1,SOX4,PRSS57,CD24,SEPP1,S100A10,CPA3,KLF6,MTATP6P1,HNRNPDL,TAGLN2",blood,unknown,M
Wu_2020_1,M2,"SSR4,IGHA1,TMBIM6,SEC61B,SEC62,SPCS1,HSP90B1,SEC61G,XBP1,MYDGF,FKBP2,HSPA5,PDIA6,JCHAIN,MZB1,SPCS2,SEC11C,SPCS3,PRDX4,PPIB,DERL3",blood,plasma cells,M
Wu_2020_1,F5,"DEFA3,S100A8,S100A9,CAMP,S100A12,HBA2,HBB,LYZ,DEFA4,HBA1,LTF",blood,neutrophils,F
Wu_2020_1,F6,"PPIB,RPS21,GAPDH,RPL23A,RPL10A,FKBP11,NPM1,RPS10,SRP14,HMGB1,ISG20,ATP5G1,COPE,SNRPD2,SNHG5,COX6C,NAA38,RPL29,CYCS,CFL1,RAN,NDUFB8,PSMB3,H2AFZ,PDCD5,HNRNPA1,RPL14,TRMT112,ZNF706,ANAPC11,POLR2L,GLRX,TUBA1B,H3F3B,SNU13,ATP5A1,NDUFS5,PRDX1,LGALS1,COX8A,TCEB2,HSPE1,ARF4,GAS5,COX5B,SLC25A6,RPL41,POMP,EEF1B2,SDF2L1",blood,plasma cells,F
Wu_2020_1,M3,"NUCB2,HLA-C,CLIC1,NPC2,ANP32B,SSBP1,PRTN3,GLUL,SF3B5,SMIM24,TSC22D3,HNRNPA0,GDI2,LDHA,CTSC,CITED2,PSMA1,ERP29,GRN,CSNK2B,CAPZB,NDUFAB1,GNAS,CST3,IFITM3,CAP1",blood,unknown,M
