Data,Cluster,Markers,Organization,cell_type,level
Wu_2020_4,M7,"ITM2A,SELL,KIAA0101,IFITM3,MIF,HSPD1,HSPB1",blood,unknown,M
Wu_2020_4,M0,"S100A10,SNHG5,CST3,MS4A6A,TSC22D3,EMP3,VIM,ANXA2,LGALS1,MRPL33",blood,monocytes,M
Wu_2020_4,F0,"TSC22D3,MTATP6P1,EMP3,CAPG,CXCR4,TAGLN2,AHNAK,CD44,YWHAZ",blood,monocytes,F
Wu_2020_4,F1,"HBB,HBA2,HBA1,HCST,IGKC,AIF1,S100A8,S100A12,HLA-DRB1,RP11-543P15.1,S100A9,TMSB4XP4,MNDA,CD52,RP11-234A1.1,SERPINB1,RP11-466H18.1,CST7,SNHG8,MGST1,DAD1,MPO,ABRACL,FXYD5,LST1,HLA-DPB1",blood,monocytes,F
Wu_2020_4,F2,"S100A9,HLA-DPB1,HLA-A,ALOX5AP,FXYD5,CTSS,CD52",blood,monocytes,F
Wu_2020_4,M2,"HBA1,HBA2,HBD,CA1,AHSP,BLVRB,PRDX2",blood,erythroid progenitor cells,M
Wu_2020_4,F6,,blood,erythroid progenitor cells,F
Wu_2020_4,F5,"LYZ,SRGN,TUBA1B,RPS26,GYPB,BLVRB,PTMA,HMGB2,RAN,GYPA,PSMA7,HSP90AA1,TUBB,NDUFB1,SLIRP,UQCR11,TMA7,COX6B1,NDUFS5,UQCR10,UROD,MYL12B,TMEM14B,ARPC3,SNRPG,SHFM1,ATP5L,SOD1,RPS27L,SLC4A1,CHCHD2,GSTP1,ACTG1,GYPC,S100A6,COX5B,TALDO1,GNG5,SUB1,HSPE1,RPSA,NDUFA1,ATP5I,OST4,RBX1,ATPIF1,USMG5,TCEB2,ATP5O,NDUFA4",blood,erythroid progenitor cells,F
Wu_2020_4,M8,"DEFA3,CTSG,RNASE3,HBD,IGKC,CD52,CTSD,DEFA4,GRN",blood,neutrophils,M
Wu_2020_4,F15,"HBD,BTF3,RPL7A,RPS7,GAS5,RPL6,RPL22,RPL4,EEF2,ZFAS1,CA1,LRRC75A-AS1,NAP1L1,H2AFY,AHSP,SPINK2,SHFM1,NPM1,RPL14,YBX1,SNHG6,EIF3E,LDHB",blood,immature neutrophils,F
Wu_2020_4,F13,"IGKC,MPO,HBG2,CAMP,IGLC2,CD52,RP11-84C10.2,NKG7,S100P,CEACAM6,TMEM123",blood,neutrophils,F
Wu_2020_4,F14,"CST3,DEFA4,CFD,CYBA,RNASEH2C,FCN1,SNHG5,ARPC1B,S100A10,TKT,GNAI2",blood,neutrophils,F
Wu_2020_4,M1,"PRTN3,ELANE,MPO,CST7,S100A12,AZU1,S100P,MNDA,MS4A3,GCA,SLPI,RETN,EMB,ALOX5AP,BPI,CD24,SERPINB1,GLRX,DEFA4,NKG7",blood,neutrophils,M
Wu_2020_4,F3,"S100A12,PGLYRP1,S100P,RETN,CD24,SLPI,HBB,ALOX5AP,HBA2,GCA,BTG1,ANXA3,MNDA,HBA1,GLRX,TMSB4XP4,LCN2,RAB27A,CYBA,CAMP,NKG7,BPI",blood,neutrophils,F
Wu_2020_4,F4,"CTSG,CD74,RPL23A,VIM,HNRNPA1,HLA-DRA,NPM1,SNHG6,EEF1B2,HSP90AB1,GAS5,LDHB,RPL22,RPL9P9,RPL10A,DBI",blood,neutrophils,F
Wu_2020_4,M3,"MTATP6P1,DEFA4,CAT,CLC,BPI,RP11-234A1.1,RPL3P4,RPL18AP3,RPS3AP26,RPS2P46,RPL7P9,MTCO1P12,RPS3AP6,RPL13P12,RP11-475C16.1,RPL6P27,RP11-466H18.1",blood,unknown,M
Wu_2020_4,F8,"MPO,CSTA,H3F3B,CTSG,CALM2,SOX4,MALAT1,SH3BGRL3,SRP14,DBI,STMN1,CD99,RP11-620J15.3,MRPL33,SNHG6,SRSF5,SUB1,CLIC1,TPI1,HSBP1,DAD1",blood,unknown,F
Wu_2020_4,F7,"DEFA3,CLC,DEFA4,S100A8,BPI,CST7,RPS2P46,HLA-C,AC016739.2,MT-TW,CD74,P4HB,HBB,TKT,EEF2,RNASE3",blood,neutrophils,F
Wu_2020_4,M4,"MTATP6P1,MT-ND4L,IFITM2,CD99,IFITM3,IGLC2,MT-ATP8,CCL5",blood,unknown,M
Wu_2020_4,M6,"HLA-DRB1,MALAT1,SOX4,PRSS57,RP11-620J15.3,CD44,MT-TP,CD82,ITM2A,C1orf228,EEF2,RPL3P4,IGFBP7,CCNI,RPS2P46,ZFAS1",blood,unknown,M
Wu_2020_4,M5,"IGKC,SUB1,SSR4,SEC61B,HSP90B1,PPIB,IGLC2,HSPA5,SEC61G,MYDGF,XBP1,PSMB6,IGHA1,FKBP2,SSR2,IGHG1,SSR3,PDIA6,SPCS2,PSME2,JCHAIN,MZB1,SEC11C,SPCS1,OSTC",blood,plasma cells,M
