Data,Cluster,Markers,Organization,cell_type,level
Wu_2020_3,M7,"HBD,AHSP,CA1,BLVRB,PRDX2,ATPIF1,HBM,UROD,SRI,COX7B,GYPB,KIAA0101,POMP,SLC4A1,RBX1,GYPA,MPC2,SOD1,CA2,SNRPG,HMGB2,HSPE1,GYPC,GTF3C6,SLIRP,LSM3,LSM5,C7orf73,NDUFB6,NOP10",blood,erythroid progenitor cells,M
Wu_2020_3,F15,"DEFA3,S100A4,MGST3,TMEM14B,RPA3,SNHG5,MT-TV,C8orf59,S100A12,MT-TP,TPRKB,RP11-543P15.1,BOLA3,MT-ATP8,SNHG25,SF3B5,PET100,SNRPF,GLRX,RP11-466H18.1,RPL22L1,SNHG6,SEC61G",blood,erythroid progenitor cells,F
Wu_2020_3,F14,SH3BGRL3,blood,erythroid progenitor cells,F
Wu_2020_3,M3,"DEFA3,ELANE,S100A12,PRTN3,DEFA4,CAMP,FCER1G,TSPO,TYROBP,CST7,ALOX5AP,HLA-A,CSTA,HLA-C,RNASE3,NKG7,LCP1",blood,neutrophils,M
Wu_2020_3,F4,"HSP90AB1,ZFP36L2,HSPA8,EIF3E,NAP1L1,MTATP6P1",blood,neutrophils,F
Wu_2020_3,F6,"MPO,PRTN3,CFD,CAMP,GPX1,RETN,TFF3,HLA-DPA1,SOX4,HLA-DPB1",blood,neutrophils,F
Wu_2020_3,F5,"DEFA4,MT-TV,RNASE3,S100P,MS4A3,BPI,MT-TL1,SLPI,ANXA3,MT-TI,LCN2,CEACAM8,EMB,LTF,MIR223,CEACAM6,STOM,CYSTM1,NDUFB1,MNDA,MT-TP,GCA,CYBB,MMP8,CD24,GLRX",blood,neutrophils,F
Wu_2020_3,F8,"PGLYRP1,LCN2,LTF,ALOX5AP,S100P,MYL12A,GCA,TFF3,MSRB1,CAPG,RGL4,CYSTM1,FCN1,ANP32A,HP,IFITM3,NCF4,CDA,MCEMP1,CD177,PLBD1,MMP8,ARG1,PADI4,CORO1A,APMAP,LITAF,ANXA3",blood,neutrophils,F
Wu_2020_3,F7,"MT-TV,MT-TL1,MT-TP,IFITM3,MRPL33,MT-TF,SNHG25,RP11-543P15.1,RP11-466H18.1,RP11-234A1.1",blood,neutrophils,F
Wu_2020_3,M8,"CD99,MTATP6P1,MT-TW,CD44,ITM2A,S100A10,IFITM3,CD82,ARL6IP5,RPS2P46,LRRFIP1,SYNGR1,UBE2L6",blood,unknown,M
Wu_2020_3,F16,,blood,unknown,F
Wu_2020_3,F17,"H2AFZ,PPIA,HMGB1,MIF,COX8A,TUBA1B,HMGN1,RAN,H2AFV,HSPA8,ANAPC11,DUT,ZNF706,TUBB,NDUFA11,SNRPD1,STMN1,PKM,KIAA0101",blood,unknown,F
Wu_2020_3,M5,"HBD,AHSP,CA1,FCER1G,HBG2,LST1,SAT1,CTSS,CD52,SPINK2,HBM",blood,erythroid progenitor cells,M
Wu_2020_3,F11,SPINK2,blood,erythroid progenitor cells,F
Wu_2020_3,F12,"SAT1,S100A11,PSAP,CTSS,FCN1,LINC01272,S100A12,ANXA2,MNDA,CARD16,MS4A6A,TMSB4XP4,CD36,SERPINA1",blood,unknown,F
Wu_2020_3,M2,"MPO,PRSS57,ITM2A,CLEC11A,CD99,TBCB,TIMP1,GTF2A2,PDIA6,CALR",blood,unknown,M
Wu_2020_3,F2,"ITM2A,IGKC,CTSG,EMP3,BEX3,S100A10,ANXA2",blood,unknown,F
Wu_2020_3,F3,"S100A9,CD74,LYZ,S100A8,TYROBP,RPL27,RPL37,MT-ND3,RPL23,HLA-DRA,RPL38,AC004791.2,VAMP8,HCST,RPS28,RPS10,PRTN3,SERPINB1,HLA-B,GPX1,HLA-DRB1,MTATP6P1,SNHG5,EEF1B2,PLAC8,HLA-A,PABPC1,MT-ND4L,SLC25A6,RPSA,RPL9P9,RPS21,HLA-DPB1,HLA-DPA1,CST7,SNHG6,NKG7,FXYD5,UQCRB,NAA38,NAP1L1,AIF1,RETN,SMIM24,ZFAS1,ATP5G3,CTSA,S100A12,NPC2,RP11-620J15.3",blood,unknown,F
Wu_2020_3,M0,"MPO,RNASE2,CFD,CTSG,CSTA,IGLC2,CLC,RNASE3,MGST1,RNASEH2C,BTG1,RP11-84C10.2,SELL,IRF2BP2,ZFP36L2",blood,neutrophils,M
Wu_2020_3,M1,"CD74,FOS,SOX4,HLA-DRA,RP11-620J15.3,HBG2,CYBA,TAGLN2,HLA-DPB1,CD82,CITED2,NFE2,HLA-DRB1",blood,monocytes,M
Wu_2020_3,M6,"IGLC2,SUB1,SSR4,IGHA1,SPCS1,HSP90B1,PSME2,XBP1,SEC61G,IGHG1,PPIB,SSR2,FKBP2,MYDGF,IGHG3,JCHAIN,SEC61B,SEC11C,MZB1,HSPA5,PDIA6",blood,plasma cells,M
Wu_2020_3,M4,"DEFA3,CAMP,IGLC2,NKG7,MT-TV,CD52,RP11-543P15.1,RP11-234A1.1,TMSB4XP4,SPINK2,RPL7P9,MT-TL1,MT-TW,MT-ATP8,GNLY,IGHA1",blood,unknown,M
Wu_2020_3,F9,"TMSB4XP4,IGLC2,SPINK2,IGHA1,IGHG4,RPL7P9,IGHG3",blood,unknown,F
Wu_2020_3,F10,"LYZ,S100A11,LCN2,ELANE,CST7,LTF,VIM,HLA-C",blood,neutrophils,F
