Data,Cluster,Markers,Organization,cell_type,level
Wu_2024_1,M2,"CLDN5,SPARCL1,FCN3,TIMP3,IFI27,TFPI,EPAS1,RGCC,CD59,GPX3,EGFL7,IGFBP7,CALD1,HYAL2,TCF4,CALCRL,SPTBN1,TPM1,CAV1,RAMP2,APP,ACVRL1,SPARC,SLC9A3R2,RHOC,PON2,ID3,PDLIM1,ID1",lung,endothelial cells,M
Wu_2024_1,F12,"TAGLN,IGFBP7,MYL9,APOE,TPM2,CCN5,C11orf96,ACTA2,FLNA,TACC1,PPP1R14A,SELENOM,SERPING1,LPP,BGN,PPP1CB,PEBP1,NR2F2,C1R,EZR,MFGE8,IGFBP2,NDUFA4L2,PDGFRB,GJA4,COX4I2,TBX2,SOD3,MYH11,HIGD1B,HES4,RRAD,RGN,TMEM106C,C1S,COL6A2,DCN",lung,pericytes,F
Wu_2024_1,F9,"DEPP1,SERPINE1,CD9,PLAT,FLT1,RALA,ADM,unknown,ETS1,CLEC2B,RAPGEF5,DDX21,SLC2A3,RPL36A",lung,endothelial cells,F
Wu_2024_1,F8,"FCN3,ID1,SLC6A4,RAMP2,IL1RL1,TMEM100,MT1M,IL7R,SGK1,ACVRL1,PON2,AQP1,CAVIN2,TAMALIN,VIPR1,BTNL9,S100A8,TBX3,NOSTRIN,LDB2,SLCO2A1,F2RL3,BMPR2,PCDH17,ICAM2,ITGA6,HYAL2,THBD,VWF",lung,endothelial cells,F
Wu_2024_1,F10,"DCN,MGP,CEBPB,FN1,CLU,CFD,COL6A2,C1R,MIF,NNMT,GAS5,ZFAS1,BNIP3L,SELENOP,RARRES2,C1S,IER3,SERPING1,MMP2,COL6A1,DST,LRP1,C11orf96,RPL36A,LGALS3,SELENOM,unknown,SNHG6,EGR1",lung,fibroblasts,F
Wu_2024_1,F11,"VWF,IGFBP7,RAMP3,MT1X,GSN,PRSS23,NPDC1,CLU,FAM107A,PTPRB,ACKR1,SRGN,KCTD12,CLEC14A,MGP,NNMT,TACC1,LIFR,ETS2,PTGDS,FOXP1,IL1R1,NFIB,TINAGL1,SRPX,ASRGL1,RPGR,HEG1,ALDH2,PIK3R3,SLCO2A1,ADAM15,PALMD,TMTC1,MMRN2,GIMAP7,IL33,PLA1A,GIMAP4,TNFRSF1A,LDB2",lung,endothelial cells,F
Wu_2024_1,F13,"MARCKS,GYPC,CD9,PPFIBP1,LGALS3,ZFP36L2,FABP5,NNMT,HSPB1,UTRN,NR2F2,ACTN1,GABARAPL2,LMO2,FABP4,MAF,LAPTM5,LIMS1,ARL4A,PPP1R2,NR2F1,STMN1,CCL21,TFF3,PKHD1L1,MMRN1,MRC1,PROX1",lung,lymphatic endothelial cells,F
Wu_2024_1,M8,"CCL4,NKG7,CXCR4,IL32,CCL3,HCST,GNLY,CCL5,GZMB,ARL4C,CST7,SYNE2,ETS1,PRF1,GZMA,CD7,KLRD1,PCED1B-AS1,CTSW,CD247,ISG20",lung,natural killer (NK) cells,M
Wu_2024_1,F27,"GNLY,NKG7,GZMB,PRF1,KLRD1,CST7,TYROBP,AREG,CCL3,FGFBP2,FCER1G,CTSW,CD7,GZMA,SPON2,KLRB1,KLF2,CD247,ITGB2,HOPX,EFHD2,GZMM,XBP1,BIN2,ABHD17A",lung,natural killer (NK) cells,F
Wu_2024_1,F28,"IL7R,JUN,CD2,CD3D,CD3E,TRAC",lung,T cells,F
Wu_2024_1,M1,"AIF1,VCAN,S100A12,C1orf162,LST1,IL1R2,COTL1,STXBP2,CD163,MS4A6A,MNDA,MAFB,HCLS1,FYB1,CORO1A,THBS1,CD14,FCN1,MYO1F,HMOX1,C5AR1,VSIR,CLEC7A,TNFRSF1B,SMAP2,CSTA,SPI1,RNASE2,RIPOR2,FGL2,CYBB,FPR1,MPEG1",lung,macrophages,M
Wu_2024_1,F4,S100A12,lung,unknown,F
Wu_2024_1,F5,"C1QA,HLA-DPB1,HLA-DPA1",lung,alveolar macrophages,F
Wu_2024_1,F7,HBEGF,lung,macrophages,F
Wu_2024_1,F6,,lung,macrophages,F
Wu_2024_1,M0,"APOC1,APOE,C1QA,PLIN2,HLA-DPB1,MS4A7,MRC1,GCHFR,HLA-DPA1,ACP5,CXCL3,NUPR1,C1QC,FABP5,CCL18,CTSL,MACROH2A1,CCDC88A,C1QB,ALOX5AP,DAB2,FBP1,GPNMB,CAPG,OLR1,GRINA,LRPAP1,CHCHD10,SLCO2B1,CYP27A1,AGRP,TIMP2,HLA-DQB1,LITAF,LY6E,LMNA,HLA-DMA,TUBB,VSIG4,SPN,GM2A,PEBP1,CTSZ,PLD3,MCEMP1,MARCO,IFI6,CTNNB1,BCAP31,CD164",lung,Alveolar macrophages,M
Wu_2024_1,F1,"CXCL8,CCL3,IL1B,CCL20,CCL4,IER3,EREG,CCL2,LUCAT1,SERPINB2,EGR1,NFKBIZ,PHLDA1,CXCL5,SPP1,NDRG1,CXCL1,unknown,MRPS6,BTG2,P4HA1,VEGFA,HK2,NINJ1,MAILR,SLC5A3,PTGS2,BNIP3",lung,Activated alveolar macrophages,F
Wu_2024_1,F0,"FABP4,INHBA,SERPING1,IFI27,LY6E,LPL,HLA-DQA1,TREM1,LGALS3BP,GLDN,SCD,FN1,AKR1C3,CES1,MIR3945HG,GSN,RETN,FABP3,FAM89A,PHLDA3,CYB5A,GPX3,PNPLA6,PSME2,GYPC,RBP4,SPN,unknown,NNMT,MME,PLAAT3,PDLIM1,ABCG1,ATP1B1,AQP3,MLPH,FHL1,RGCC,GPD1,PPIC,SLC19A3,AXL,SPARC,TBC1D10C,RND3,CPE,PTMS,COMT,RETREG1,PARAL1",lung,Alveolar macrophages,F
Wu_2024_1,F3,,lung,Alveolar macrophages,F
Wu_2024_1,F2,"STAB1,GPR183,F13A1,RGS1,CORO1A,CD93,CSF1R,FGL2",lung,Alveolar macrophages,F
Wu_2024_1,M3,"AREG,ALOX5AP,IL1RL1,CLU,CD9,RGS2,SNHG8,SAMSN1,RAC2,CD69,TPSB2,TPSAB1,RGS1,RGS10,GATA2,CPA3,LTC4S,KIT,VWA5A,HPGDS,MS4A2,RHEX",lung,mast cells,M
Wu_2024_1,F14,,lung,mast cells,F
Wu_2024_1,F16,"S100A9,S100A8,LYZ,AIF1,CD74,CTSS,BRI3,GRN,THBS1,AP2S1,C1QA,COTL1,STXBP2,CEBPD,MS4A7,HLA-DRA,BLVRB,SLC11A1,LST1,FCGRT,CD163,TYMP,MNDA,BLOC1S1,C1QB,APOE",lung,macrophages,F
Wu_2024_1,F15,"EGR1,BTG2,TNFAIP3,NFKBIZ,MYADM,IRF1,NSMCE1-DT,RPS17",lung,activated mast cells,F
Wu_2024_1,F17,"APOC1,C1QB,APOE,C1QA,CD74,HLA-DRA,HLA-DPB1,HLA-DRB1,FABP4,HLA-DPA1,GCHFR,FBP1,ACP5,ANXA2,CCL18,LGALS3,MS4A7,PSMA7,NOP10,GSTO1,CTSZ,LY6E,CD164,SLC11A1,GRN,MGST3,CTSC,FCGRT,CTSB,BRI3,TFRC,IFI27,MRC1,PKM,YWHAB,SERPINA1,NENF,CIB1,ALDH2,MARCO,LITAF,COX7B,HSPA8,UQCR10,YWHAH,ANXA5,MTPN,SYNGR2,SSR3,GPNMB",lung,unknown,F
Wu_2024_1,M4,"SLPI,DSTN,SFTPB,CYB5A,SCGB3A1,SFTPA2,HOPX,ID1,CTSH,CD9,EZR,HSPB1,EMP2,MGST1,SFTPA1,HMGN3,PPA1,TUBB4B,ATP1A1,WFDC2,NAPSA,TSTD1,KRT19,SDC4,SPINT2,KRT18,SFTA2,MAOA,MUC1,SLC34A2,CCND1,HMGN1,SELENOP,KRT7,MYO6,OCIAD2,TMEM238,AQP3,ELF3,PIGR,IFT57,KRT8,AGR2,CYP4B1,PERP,NEDD4L,LDLR,LIMCH1,EPHX1,STARD10",lung,Type II pneumocytes,M
Wu_2024_1,F18,"SFTPA1,SFTPA2,PGC,SFTA2,NAPSA,SFTPD,HOPX,LRRK2,CLDN18,PEBP4,WIF1,FABP5,LAMP3,LPCAT1,AQP1,SCGB3A2,ADGRF5,TTN,PMM1,PLA2G1B,MALL,MBIP,TCIM,FMO5,C3,C16orf89,HHIP,NKX2-1,S100A14,MACROD2,CACNA2D2,GKN2,BEX3,SLC39A8,HHIP-AS1,C4BPA,unknown,unknown,ETV1,CCDC141,ABCA3,CPB2,ROS1,KCNJ15,HSD17B6,MFSD2A,ALOX15B,C11orf96,CD36,COLEC12",lung,Type II pneumocytes,F
Wu_2024_1,F19,"MT1X,ATF3,VEGFA,TNFRSF12A,RN7SL2,SLC3A2,ALDOA",lung,Type II pneumocytes,F
Wu_2024_1,F21,"SCGB1A1,BPIFB1,LCN2,SERPINB3,SAA1,TFF3,MSMB,AKR1C1,GSTA1,AQP5,FMO2,KLK11,CXCL1,PRSS23,S100A2,CTSC,VMO1,SERPINF1,CEACAM6,KLK10,CSTA,TSPAN8,MIR205HG,FAM3D,LTF,MMP7,CXCL6,CLCA2,SULT2B1,CYP2F1,CDC42EP5,ATP12A,RHOV,BMPR1B,ADAM28",lung,Club cells,F
Wu_2024_1,F22,"CEACAM6,CAV1,CLDN18,NTM,AGER,DST,RTKN2,SUSD2,FMO2,CADM1,CAV2,SCEL,ANXA3,ANKRD29,MYO1C,DAPK2,PCYOX1,DENND3,PAPSS2,EHD2,LAMA3,COL12A1,TIMP2,TIMP3,CLIC5,GALNT5,COL8A1,OTULINL,MS4A15,SEMA3B,SPOCK2,unknown,NCKAP5,UNC13D,ICAM1",lung,Type II pneumocytes,F
Wu_2024_1,F20,"C9orf24,TPPP3,CAPS,ODF3B,HOATZ,RSPH1,TMEM190,C9orf116,TSPAN1,C20orf85,CETN2,DYNLRB2,C5orf49,FAM183A,LRRIQ1,CFAP276,DNAAF1,PIFO,DNALI1,C12orf75,SNTN,ZMYND10,RRAD,TFF3,IGFBP7,WDR54,DYNLT2B,FAM229B,MS4A8,ANKRD44-AS1,RP1,unknown,PSENEN,C11orf97,PSCA,SPA17,EFHC1,DNAH12,CCDC170,CEP126,ARHGAP18,CLDN3,GSTA1,MNS1,EFCAB1,CLU,ERICH3,LDLRAD1,CFAP298,STK33",lung,Ciliated epithelial cells,F
Wu_2024_1,M5,"CXCL8,SLC2A3,CXCR4,IER3,BCL2A1,CSF3R,BASP1,SLC25A37,CYSTM1,ABHD5,CREBRF,IVNS1ABP,ZNF292,PHACTR1,VEGFA,MXD1,P4HA1,PIK3AP1,BCL6,ERO1A,BHLHE40,FNIP1,LCP2,RLF,ZNF267,LUCAT1",lung,neutrophils,M
Wu_2024_1,M6,"CXCR4,H4C3",lung,unknown,M
Wu_2024_1,F24,"LYZ,S100A11,TUBB,SRGN,HMGB2,H2AZ1,AIF1,TUBA1B,GLUL,TYROBP,S100A8,ANXA1,MKI67,GSTP1,STMN1,ENO1,PSAP,TOP2A,C1QB,FCER1G,ITGB2,THBS1,AP2S1,CEBPD,MACROH2A1,ANXA2,CST3,S100A10,LCP1,RHOA,CAP1,MT2A,LGALS1,SERPINA1,PKM,CD163,TPI1,CENPF,RAC1,STXBP2,TKT,MNDA,NUCKS1,MCL1,CTSB,TSPO,VAMP8,ARL6IP1,CALM3,NDUFS5",lung,unknown,F
Wu_2024_1,F25,"CD79A,LTB,MS4A1,BANK1,IGKC,CD79B,BIRC3,RALGPS2,ISG20,IGHM",lung,B cells,F
Wu_2024_1,M7,"SLC25A37,HBB,HBA2,HBA1",lung,erythrocytes (red blood cells),M
