Data,Cluster,Markers,Organization,cell_type,level
Xing_2021,M0,"CCL5,NKG7,CCL4,IL32,TRAC,HCST,GZMB,IL7R,CD3D,TRBC2,GNLY,TRBC1,CD7,PTPRC,CD2,CD3E,TNFAIP3,GZMA,ISG20,CD48,IL2RG,EVL,CYTIP,CST7,CORO1A,CD69",lung,T cells,M
Xing_2021,F0,"SCGB1A1,SCGB3A1,RGCC,YPEL5,FAM177A1,SCGB3A2",lung,unknown,F
Xing_2021,F2,"NKG7,GNLY,GZMH,GZMB,KLRD1,PRF1,CMC1,FGFBP2,TYROBP,SPON2,GZMM,FCGR3A,PLAC8,HOPX,KLRF1,CTSW",lung,Natural Killer (NK) cells,F
Xing_2021,F1,HSPA1A,lung,unknown,F
Xing_2021,F4,"HLA-DPA1,IGLC2,LTB,IGHA1,IGHG4,SMDT1,IGHG3,HLA-DQB1,RPL22L1,HLA-DQA1,CTSS,HSPA1B,RNASET2,NPC2,HLA-DMA,CHCHD10,ZNF90,IGHM,FOSB,ID3,HBA1,CTSH,DRAM2,GGA2,SNX2,CD83,HBB,CD79B,CD79A,IGHG2,DONSON,HLA-DMB,IGLC3,SMIM14,ORAI2,MS4A1,HBA2,MZB1",lung,B cells,F
Xing_2021,F3,"IGLC2,IGHA1,HSPA1A,HBB,IGHG3,IGHG4,IGHG1,HSPA1B,ETS1,HBA2,FOSB,HBA1,ZNF90,DONSON",lung,unknown,F
Xing_2021,F6,"IGLC2,IGHA1,IGHG3,IGHG4,IGHG1,MT2A,GSTP1,HSPA1A,SPCS2,XBP1,HSP90B1,SEC61G,PSAP,HSPA1B,FKBP11,PRDX1,P4HB,PDIA6,IFITM3,PIM2,NPC2,SFTPB,ITM2C,IGLC3,MYDGF,SSR3,JCHAIN,RPN2,HBA2,HSPB1,SEC11C,SDF2L1,SNHG25,APOE,SELM,FKBP2,CTSB,GPX1,S100A9,HBA1,WFDC2,LMAN1,MT1E,HSPA6,COA3,TPD52,UBE2J1,MLEC,ATP6AP1,KLF13",lung,unknown,F
Xing_2021,F5,"HMGB2,H2AFZ,COX8A,HIST1H4C,LINC00152,TUBB4B,PLP2,ANP32B,TUBB,COTL1,MZT2B,ARL6IP1,H2AFV,PSME2,DEK,PSMB3,SLC25A5,SNRPG,RBPJ,CD8A,HN1,CAP1,CALM3,NUCKS1,LRRFIP1,SET,DUSP4,ISG15,SRP9,CD96,HNRNPF,MZT2A,BLOC1S1,STMN1,YWHAQ,DRAP1,CKS2,PSMB8,ANXA2,DUT,PSMA4,ATP5J,LSM3,SIVA1,AP2S1,NDUFA6,CXCL13,DCTN3,LSM5,SP100",lung,CD8+ T cells,F
Xing_2021,M3,"IFITM3,IFI27,TIMP1,MGP,IGFBP7,TSC22D1,VAMP5,ADIRF,TM4SF1,TNFSF10,MT1X,ID3,SERPING1,PDLIM1,SPARCL1,GPX3,CD59,TIMP3,A2M,TFPI,CLDN5,EPAS1,SPARC,CAV1,APP,GSN,GNG11,RAMP2,CALD1,MT1E",lung,endothelial cells,M
Xing_2021,F19,"ACTA2,MFAP4,PLAC9,TAGLN,RARRES2,LUM,TPM2,DCN,BGN",lung,fibroblasts,F
Xing_2021,F18,"IFI27,HLA-DRB1,FCN3,EPAS1,RAMP2,CLDN5,TMEM100,TNFSF10,HLA-DPA1,SFTPC,CA4,EGFL7,AQP1,RNASE1,HBB,HYAL2,SDPR,MT1M,SGK1,ADGRF5,HLA-DQA1,ESAM,HLA-DQB1,ACVRL1,HBA2,RAMP3,PCAT19,FAM107A,PECAM1,WARS,EDN1,CD93,CDH5,CLEC14A,ICAM2,PTPRB,VWF,CALCRL",lung,lung endothelial cells,F
Xing_2021,F20,"VWF,ID3,CLEC14A,PECAM1,ENG,RDX,HSP90B1,NPDC1,IFI16,CALCRL,SLC9A3R2,TCF4,BCAM,PLVAP,LDB2,PRSS23,COL4A1,SPRY1,ARHGDIB,EMCN,TSPAN7,ECSCR.1,GIMAP7,HSPG2,TPM3,NFIB,CD93,GIMAP4,GNAS,PTPRB,EGFL7,RAB13,MARCKSL1,CCDC85B,ID1,FXYD5,MGST2,CYYR1,KTN1,IGFBP4,PCAT19",lung,lung endothelial cells,F
Xing_2021,F22,"CFD,GSN,CLU,DCN,LUM,FBLN1,RARRES2,ADH1B,SLPI,SERPINF1,C1S,PTGDS,C1R,SFRP2,APOD,CCDC80,COL6A2,IGFBP6,SDCBP,CTGF,SOD3,ZFP36L2,C7,LGALS3,PLAC9,AKAP12,CEBPD,NBL1,MFAP4,PPP1R15A,PNISR,RNH1,CRIP1,C3,IGFBP5,NUPR1,CD9,EPHX1,MMP2,EFEMP1,PCOLCE,LTBP4,LEPR,GLUL,H2AFJ,PMP22,FSTL1,NENF,HNRNPA0,TNXB",lung,fibroblasts,F
Xing_2021,F21,"LUM,COL1A2,RARRES2,BGN,COL3A1,COL1A1,FN1,SERPINF1,ZFP36L1,NNMT,HSPA1A,SELM,COL6A2,TAGLN,MMP2,C1S,SFRP2,PCOLCE,MIF,COL6A3,POSTN,C1R,PKM,VMP1,SERPINH1,TPM2,AEBP1,CTSB,THY1,IGFBP5,COL6A1,P4HB,C19orf53,FBLN1,NBL1,CTHRC1,ID2,HSPA5,HSPE1,MFAP4,OSTC,RCN1,LDHA,NUPR1,FSTL1,VKORC1,FLNA,CAPZB,MINOS1,CTSC",lung,fibroblasts,F
Xing_2021,F23,"SDPR,CLU,CCL21,CD9,ECSCR.1,CSTB,PRSS23,GYPC,FABP5,KLF4,GNAS,FABP4,PCAT19,CD36,ARL6IP1,SYPL1,AKAP12,MARCKSL1,FXYD6,NDUFC1,PPFIBP1,AC090498.1,TGFBR2,TRAPPC1,TFF3,STMN1,EIF3L,EFEMP1,ZNF706,THBD,IL6ST,ARL4A,LIMS1,SNCG,ELK3,MARCKS,MTUS1,CCDC80,NR2F2,APOLD1,MGST2,PROCR,NUDT4,BCAR1,TM4SF18,MMRN1,TSHZ2,NRP2,PDLIM4,ROMO1",lung,lymphatic endothelial cells,F
Xing_2021,M2,"SFTPB,SLPI,SCGB3A2,NAPSA,HOPX,RNASE1,WFDC2,SFTPA2,CYB5A,HSPB1,DSTN,PIGR,PRDX5,SFTPA1,SFTA2,CD9,CTSH,KRT19,CST3,KRT18,SEPW1,CD55,KRT8,HMGN3,ROMO1,MUC1,CXCL17,AGR3,IFI27,ELF3,APLP2,MGST1,ATP1A1,ADIRF,FXYD3,CEACAM6,AGR2,FOLR1,RHOB,KRT7,EMP2,SPINT2,LGALS3BP,EPCAM,S100A14,C19orf33,TACSTD2,NGFRAP1,SFTA3,CYP4B1",lung,Type II pneumocytes,M
Xing_2021,F15,"TPPP3,CAPS,GSTA1,CKB,IFT57,CETN2,IGFBP7,ALDH1A1,PSENEN,C9orf24,CTGF,C20orf85,TSPAN1,HSPB11,ODF3B,IK,C1orf194,MORN2,TUBA1A,FAM183A,PIFO,RSPH1,IGFBP2,C12orf75,ODF2L,C5orf49,HSPH1,C11orf88,SLC44A4,C21orf59,KIF9,IFT27,C9orf116,MRPS31,SNTN,METTL7A,FAM229B,CES1,FAM174A,LRRIQ1,IFT22,DNALI1,MS4A8,RUVBL2,CH17-340M24.3,CAPSL,DYNLRB2,TMEM190,DPCD,FOXJ1",lung,Ciliated epithelial cells,F
Xing_2021,F17,,lung,Type II pneumocytes,F
Xing_2021,F9,"BPIFB1,MGP,CLU,LCN2,CXCL1,GSTA1,TFF3,ALDH1A1,KLK11,AKR1C1,TSPAN8,FMO2,TMEM45A,KIAA1324,CYP2F1",lung,Type II pneumocytes,F
Xing_2021,F14,"CAV1,AGER,IL32,RGCC,CLIC3,IGFBP7,CAV2,MYL9,CLDN18,AQP4,ANXA3,TIMP3,TNNC1,CST6,SCEL,RTKN2,SPOCK2,CLIC5,SLC39A8",lung,Type II pneumocytes,F
Xing_2021,F10,"RPS4Y1,HES1,MSLN,HLA-DQA1,TMC5,C3,CYR61,AZGP1,SDC1,PDCD6,HPGD,RSL1D1,DAP,ANKRD36C,RPN2,HIST1H4C,CHI3L1,TFPI2,GNG11,LGALS4,CPB2",lung,Type II pneumocytes,F
Xing_2021,F16,"CLU,KRT17,MT1X,ID1,CTGF,IGFBP7,F3,PLP2,SCPEP1,DDIT4,SERPINF1,KRT15,S100A2,AQP5,CYR61,DHRS3,CXCL1,KRT5,CHST9,CSTA,ALDH1A1,IL33,PRSS23",lung,unknown,F
Xing_2021,F11,"RPS4Y1,TFF3,CITED2,C8orf4,HLA-DRB5,C4BPA,NKX2-1,CEBPD,EFNA1,HBB,MGP,KDELR2,MDK,TAX1BP1,BTG2,GDF15,PSMA2,APOD,MPC2,LSM5,HPGD,OCIAD2,CNIH4,NENF,CEACAM5,SEPT7,QSOX1,CRABP2,KIF22,AZGP1,RAB13,CRYM,CBX3,PRSS8,SEC11C,ANKRD36C,C7orf50,TCEAL4,RAB25,ANXA4,PTMS,SDHC,FMO5,PMVK,CTSS,CD46,H2AFV,RP11-259K15.2,BLVRA,EIF5A",lung,Type II pneumocytes,F
Xing_2021,F13,"CD24,IFI6,IGHG4,TPPP3,TUBB,BST2,C16orf13,HLA-DQA1,MRPS34,MARCKSL1,LAPTM4B,MTDH,STUB1,CAPG,NUDC,UBE2I,MRPL13,XIST,GDF15,TRIB1,CYC1,MYO6,ATP6V0B,ISG15,PRSS8,ICAM1,RAD21,MEAF6,HSPA1B,CLIC6,TATDN1,BCAT1,HN1,SERINC2,IFI44L,PDLIM3,AREG",lung,Type II pneumocytes,F
Xing_2021,F12,"SPINK1,S100A9,TFPI,ISG15,DDIT4,CCL20,PHLDA2,C15orf48,S100P,STMN1,ANGPTL4,NDRG1,UBE2C,HMGA1,PAEP,TNNC2,SRD5A3,SEMA3B,MARCKSL1,FAM83A,SNCG",lung,Type II pneumocytes,F
Xing_2021,M8,"LTB,HLA-DQB1,HLA-DMA,CD79A,CD83,IGHM,MS4A1,HLA-DQA1,CD79B,IRF8,MEF2C,IGLC3,VPREB3,BANK1",lung,B cells,M
Xing_2021,F34,,lung,B cells,F
Xing_2021,F33,"DUSP1,KLF2,IER2,YPEL5,NR4A2,AREG,LY9,CYCS,CD55,RGS1,BTG2,GADD45B,CCNL1,RHOH,JUND,CREM,FOSB,CD83,SELK,ZNF331",lung,activated B cells,F
Xing_2021,M6,"TYROBP,CST3,FCER1G,C1QA,NPC2,S100A9,CTSS,RGCC,AIF1,ITGB2,APOE,C1QC,SNX3,S100A8,SERPINA1,RNASET2,TYMP,C1QB,LST1,SOD2,FCGRT,LYZ,CTSH,HLA-DQA1,SEC11A,POMP,APLP2,GLUL,ALDH2,ATP6V1F,TIMP1,C1orf162,HLA-DRB5,ATP1B3,GCHFR,LGALS1,PLIN2,NAMPT,PSAP,CTSZ,H2AFY,TALDO1,C15orf48,TKT,ACP5,RAC1,CTSL,RHOB,GSTO1,SDCBP",lung,macrophages,M
Xing_2021,F30,,lung,macrophages,F
Xing_2021,F27,"FABP4,GCHFR,MCEMP1,MARCO,CES1,RETN,TREM1,MGST1,PDLIM1,S100A13,CYP27A1,PLA2G16,PHLDA3,FHL1,AGRP,SVIL",lung,alveolar macrophages,F
Xing_2021,F28,"SCGB1A1,SCGB3A1,IGHA1,IGLC2",lung,unknown,F
Xing_2021,F29,"GPR183,PLAC8,STMN1,IRF8,IRF7,SERPINF1,JCHAIN,ARL4C,GZMB,IL3RA,PTGDS,C9orf142,NR3C1,CLN8,PLD4,SOX4,ANKRD11,APP,ISG20,SELL,LDLRAD4,SNHG7,LTB,PPP1R14B,TCF4,SEL1L3,CYB561A3,ITM2C,CLIC3,C12orf75,PPP1R14A",lung,plasmacytoid dendritic cells (pDCs),F
Xing_2021,M9,"TYROBP,LYZ,C1QA,AIF1,CD68,C1QB,LST1,C1QC",lung,macrophages,M
Xing_2021,F35,"APOC1,C1QA,APOE,C1QB,CTSD,GLUL,LGALS3,CD63,CD68,C1QC,S100A9,NUPR1,CTSB,FCGRT,IFI27,PSAP,CTSC",lung,alveolar macrophages,F
Xing_2021,F36,"LSP1,CORO1A",lung,macrophages,F
Xing_2021,F37,"HMGB2,CXCR4,HSP90B1,MZT2B,COX6A1,NUCKS1,PPIB,RGS1,EIF5A,HIST1H4C,HERPUD1,NDUFB11,CALR,SSR4,LDHA,LSP1,STMN1,ARF1,NDUFC2,TMEM258,MT-ND5,TMED9,ATP5D,SNRPE,HNRNPDL,ISG15,DDIT4,RAC2,ENY2,SUB1,JCHAIN,LSM5,ATP5O,TPI1,YWHAZ,ARPC4,DEK,SMDT1,HMGN2,PPP4C,IGHG1,IGHG3,FXYD5,LSM4,DNAJA1,EZR,HSPA5,ENO1,JTB,MTDH",lung,macrophages,F
Xing_2021,M1,"IGHG3,IGHG4,IGHG1,JCHAIN,IGLC3,FKBP11,FKBP2,SEC11C,ITM2C,IGHG2,MZB1,PRDX4,CD79A",lung,plasma cells,M
Xing_2021,F7,,lung,plasma cells,F
Xing_2021,F8,"H3F3B,JUN,NEAT1,SAT1,FOS,ACTG1,BTG2,H3F3A,RGS1",lung,unknown,F
Xing_2021,M5,"IFI27,S100A9,ISG15,IFI6,CD9,TUBA1A,KRT19,KRT18,IFI16,NUPR1,STMN1,PSMA4,ELF3,SNRPE,MGST1,ATP5C1,HSBP1,SPINT2,SRP9,DYNLT1,EIF5A,SNRPD1,MARCKSL1,GDI2,WFDC2,IDH2,CD24,CACYBP,FBL,SSB,XRCC5,SOX4,UBE2L6,CCT3,TNFSF10,KRT7,PERP,KRT8,STAT1,DUSP23,EPCAM,RBM17,MDK,PARP1,FAM162A,AURKAIP1,HMGA1,NCOA7,H2AFY,RANBP1",lung,epithelial cells,M
Xing_2021,F25,"NEAT1,HSPA1A,RARRES1,JUN,MT-ND1,MT-CYB,SOD2,TNFSF10,S100A8,CXCL10,HLA-E,MT-ND3,PNISR,C8orf4,DNAJB1,MT-ATP6,JUNB,CTSD,TAP1,KLF6,SAT1,ADAR,BRD2,XIST,SYNE2,PRPF38B,HSPA1B",lung,stressed or senescent epithelial cells,F
Xing_2021,F26,,lung,epithelial cells,F
Xing_2021,M4,"FCER1G,RGS2,TPSB2,CD9,SAMSN1,LAPTM4A,CAPG,TPSAB1,TYROBP,PLIN2,RGS10,ASAH1,CLU,HES1,HPGD,CPA3,HPGDS,LTC4S,MS4A2,VWA5A,RGS13",lung,mast cells,M
Xing_2021,M7,"HBB,IGHG1,SERPINA1,HBA2,HBA1,IGHG4",lung,plasma cells,M
Xing_2021,F31,"TXN,TPI1,COX4I1,ANXA2,CFL1,PSMA7,HSP90B1,RPS26,HSPE1,ATP5J2,SUMO2,MIF,HNRNPA1,H3F3B,RAN,C15orf48,CCL20,CSTB,IFITM3,PLP2,NEAT1,TMEM258,EDF1,ITGB1,ROMO1,DYNLL1,COX8A,S100A16,TMED2,TMBIM6,COX5B,HINT1,CALM1,NBEAL1,SLIRP,BZW1,DDX5,EIF4A2,NDUFA1,PKM,CALR,ALDOA,RAB13,GSTP1,SEC61B,HNRNPA2B1,PABPC1,RANBP1,NPM1,HMGB1",lung,plasma cells,F
Xing_2021,F32,"ALAS2,SLC25A37,HBD,FKBP8,SLC25A39,SNCA,GYPC,HBM,STRADB",lung,unknown,F
