Data,Cluster,Markers,Organization,cell_type,level
Yoshida_2022,M3,"LYZ,S100A8,CST3,TYROBP,HLA-DRA,LGALS1,S100A9,S100A11,HLA-DRB1,AIF1,FCN1,FCER1G,NEAT1,TSPO,CTSS,FOSB,LST1,S100A12,ANXA2,ATP2B1-AS1,SPI1,TKT,VCAN,SERPINA1,HLA-DQB1,PYCARD,NFKBIZ,VSIR,ANXA5,TYMP,C1orf162,GRN,CFD,STXBP2,TIMP1,CARD16,MNDA,ATP6V0B,AP1S2,H2AFY,PSAP,FGR,CEBPD,AP2S1,ZEB2,NPC2,SOD2,RAC1,FCGRT,MS4A6A",blood,monocytes,M
Yoshida_2022,F10,LGALS2,blood,monocytes,F
Yoshida_2022,F11,"IFI27,IFITM1,IFI6,ISG15,APOBEC3A,PLAC8,TNFSF10,SELL,PLSCR1,MX1,IRF7,IFI44L,OAS1,LAP3,XAF1,EPSTI1,IFI35,IFIT3",blood,interferon-activated monocytes,F
Yoshida_2022,F12,"FCGR3A,MS4A7,SMIM25,RHOB,PECAM1,WARS,C5AR1,CTSC,HMOX1,SELPLG,RHOC,MTSS1,CUX1,CSF1R,CSK,NAAA,ITGA4,LRRC25,TCF7L2,SIGLEC10,CDKN1C,SOD1,LILRB1,CYTIP,HES4",blood,non-classical monocytes,F
Yoshida_2022,M2,"NKG7,GNLY,CST7,CTSW,GZMH,PRF1,FGFBP2,GZMB,CCL4,GZMA,GZMM,CD247,KLRD1,CCL5,ZEB2,PLEK,SPON2,SYNE1,SYNE2,EFHD2,CTSC,ADGRG1,FCGR3A,ZAP70,HOPX,KLRB1,APMAP",blood,natural killer (NK) cells,M
Yoshida_2022,F8,"TYROBP,FCER1G,KLRB1,FCGR3A,IL2RB",blood,natural killer (NK) cells,F
Yoshida_2022,F9,"CD3E,CD3D,CD8A,CD52,CD3G,CD8B,KLRG1,HLA-DRB1",blood,cytotoxic T cells,F
Yoshida_2022,M0,"LTB,CD3E,LDHB,NDFIP1,LEPROTL1,DNAJB1,MAL,NOSIP,CCR7,IL7R,LEF1,CAMK4,CD27,CD3D,RGS10,TCF7,CD3G,LCK,GIMAP7",blood,naive T cells,M
Yoshida_2022,F0,AHNAK,blood,unknown,F
Yoshida_2022,F3,"FOSB,DUSP2,PTGER4,CSRNP1,AIF1,RGS1",blood,activated naive T cells,F
Yoshida_2022,F2,"CD8B,LINC02446,CTSW,CD8A",blood,naive CD8+ T cells,F
Yoshida_2022,F1,,blood,naive T cells,F
Yoshida_2022,F4,,blood,naive T cells,F
Yoshida_2022,F5,"CCL5,H2AFV,FLNA,HIST1H1E,PSMB10,DUT,HMGB2,RAD21,SNRPB,ARL6IP1,STMN1,PGAM1,SNRPD3,TUBB4B,LSM4,S100A11,NUCKS1,CLEC2B,CBX3,DDX39A,ANAPC11,PTP4A2,PSMA5,NDUFB7,TMPO,TALDO1,CACYBP,AHNAK,CTSC,ANP32E,SNRPC,RALY,HIST1H1D,NKG7,DCTN3,CSK,ACTR2,GNAI2,ISG15,LGALS1,IDH2,HNRNPD,PDCD5,PPM1G,GZMA,BUB3,PSMB3,DBI,DNMT1,IFI16",blood,activated naive T cells,F
Yoshida_2022,M7,"NKG7,CCL5,GNLY,CST7,CTSW,KLRB1,GZMA",blood,natural killer (NK) cells,M
Yoshida_2022,F19,"ZFP36,DUSP2,CD69,IER2,PPP1R15A,TNFAIP3,LTB,KLRB1,HSPA5,CXCR4,GZMK,SRSF7,IL7R,GADD45B,DNAJB1,CNN2,TUBA1A,LDHB,LCK,HNRNPA0",blood,activated natural killer (NK) cells,F
Yoshida_2022,F20,"GZMH,FGFBP2",blood,natural killer (NK) cells,F
Yoshida_2022,M1,"HLA-DRA,HLA-DRB1,HLA-DPA1,HLA-DPB1,MS4A1,HLA-DQB1,HLA-DQA1,CD79A,NCF1,HLA-DMA,HLA-DRB5,FCMR,CD83,SNX2,IGHM,RALGPS2,TCL1A,CD79B,BANK1,MEF2C,HVCN1,PLPP5,HLA-DMB,LINC00926,SWAP70,AFF3,IRF8,FCER2,CD19,FCRLA",blood,B cells,M
Yoshida_2022,F6,,blood,unknown,F
Yoshida_2022,F7,"IFITM1,XAF1,IRF7,MX1,IFI44L,ISG15",blood,Plasmacytoid dendritic cells (pDCs),F
Yoshida_2022,M4,"NCOA4,LIMS1,CTSA,HIST1H2AC,PPBP,NRGN,PF4,TUBB1,CAVIN2",blood,platelets,M
Yoshida_2022,F13,"RPS18,RPL7A,RPS7,RPS4X,NACA,RPL19,RPL3,RPS6,RPS24,RPS19,RPL11,RPL18,RPL5,RPL35A,RPL24,RPL14,RPL29,IFITM1,RPS9,RPL37,BTG1,PNRC1,RPLP2,RPS25,HINT1,RPL10A,CD69,RPL22,RPSA,RPL34,TXNIP,RPL41,RPL36AL,RPS21,RPL12,JUNB,ZFP36,EEF1D,HNRNPDL,RPS3A,RPL27,EEF2,RPS15,RPS2,CD52,NPM1,RPS11,LDHB,PPIA,DUSP1",blood,platelets,F
Yoshida_2022,F14,"PF4,TUBB1,SPARC,F13A1,GNG11,TPM4,GP9,NRGN,HIST1H2AC,CAVIN2,LIMS1,PTGS1,TSC22D1,CLU,RGS18,MPIG6B,PGRMC1,CMTM5,MPP1,AP003068.2,TREML1,MYL9,TIMP1,YWHAH,RAB11A,HIST1H3H,PDLIM1,ILK,CST3,RSU1,PARVB,MMD,GMPR,MARCH2,TMEM40,ITGA2B,LINC00989,ESAM,SLC40A1,NCOA4,TPST2,RUFY1,CCL5,STOM,C2orf88,CA2,AP001189.1,CDKN1A,AC147651.1,TRIM58",blood,platelets,F
Yoshida_2022,M5,"GZMB,NCF1,XBP1,NPC2,HERPUD1,TXN,P4HB,UBE2J1,PLP2,TMED10,RPN2,IRF7,C12orf75,SPCS3,PDIA6,RPN1,MYDGF,SPCS2,SSR3,OSTC,CANX,HM13,TMED9,LMAN2,SEC11C,FKBP11,FKBP2,DDOST,LMAN1,SDF2L1,IRF8,SELENOS,PDIA4,JCHAIN,ITM2C,IGKC,RRBP1,APP,GRN,CCDC50,MZB1,CCDC88A,TCF4,RNASE6,SLAMF7,UNC93B1,SEL1L3,HYOU1,GNG7,SCARB2",blood,plasmacytoid dendritic cells (pDCs),M
Yoshida_2022,F16,"CST3,GZMB,PLD4,IRF8,ALOX5AP,APP,TYROBP,FCER1G,PLAC8,UGCG,IL3RA,LILRA4,TCF4,CLIC3,SERPINF1,ZFP36L2,SELL,CLEC4C,RGS2,LRRC26,CYBB,GPR183,CD68,LTB,TRAF4,PPP1R14B,CTSB,CYB561A3,PAXX,DDIT4,TPM2,SAMHD1,SCT,PTCRA,SOX4,TSPAN13,STMN1,PLEK,MPEG1,RNF130,CXCR4,TGFBI,PTPRE,SMPD3,CD2AP,OFD1,SPINT2,MS4A6A,LDLRAD4,DNASE1L3",blood,plasmacytoid dendritic cells (pDCs),F
Yoshida_2022,F15,"IGHA1,ISG20,FKBP11,CD38,TXNDC5,TNFRSF17,CD27,IGLC2,LMAN1,IFITM1,CD79A,SDF2L1,PIM2,LGALS1,ISG15,TENT5C,PRDX4,NEAT1,ERLEC1,POU2AF1,EAF2,ZBP1,AQP3,MANF,CUTA,CD48,GYPC,PPA1,PRDM1,RHOB,ITGB7,B4GALT3,ICAM2,TUBA4A,CD59,TPD52,SYVN1,PDLIM1,CKAP4,CTSH,TMEM156,MEI1,CD79B,FNDC3B,SIL1,LGALS3,EDEM2,VPS37B,CPNE5,TNFRSF13B",blood,plasmablasts,F
Yoshida_2022,M6,"BNIP3L,GLUL,FBXO7,IMPDH2,NCOA4,SLC25A39,STMN1,CAT,CDK6,SLC25A37,SOX4,ANKRD28,MPP1,LYL1,MBOAT7,NFE2",blood,erythroid progenitor cells,M
Yoshida_2022,F17,"RPL3,GAPDH,RPL9,RPL6,RPS21,RPLP0,ACTG1,FXYD5,MIF,NPM1,KLF6,RPL10A,RPL5,ZFAS1,RPS7,ATP5MC2,TUBA1A,RACK1,RPL37,VIM,RPL35,RPS25,PTMA,RPL17,H3F3B,CD74,PPIA,RPL4,RPS27A,RPL37A,RPS9,HSP90AA1,RPL23,RPSA,HLA-A,MT-ND1,STMN1,ARHGDIB,COX4I1,HLA-C,CIRBP,HNRNPA1,HLA-DRA,RBM39,COMMD6,TKT,CD37,CDK6,LIMD2,RPL34",blood,erythroid progenitor cells,F
Yoshida_2022,F18,"HBB,HBA1,HBA2,ALAS2,SLC25A37,HBM,SLC25A39,AHSP,SNCA,CA1,ADIPOR1,BLVRB,HBD,DCAF12,BCL2L1,TRIM58,FAM210B,SELENBP1,TENT5C,MAP2K3,MKRN1,RIOK3,GMPR,GLRX5,BPGM,FECH,TCP11L2,MYL4,DMTN,SMIM1,SLC4A1,TESC,RGCC,HAGH,LGALS3,YOD1,STRADB,GYPB",blood,erythroid progenitor cells,F
