Data,Cluster,Markers,Organization,cell_type,level
Yuan_2018,M2,"IGFBP2,PFN2,VEGFA,LDHA,GAP43,GAPDHP63,SIRT2,PSMD2,WSB1,ENO2,SCRG1,PARK7,H1FX,MAP2,CCNL1",brain,neurons,M
Yuan_2018,F10,"VEGFA,OLFM1,NEAT1,MT1G,CPE,NTRK2,ARL4C,BTG1",brain,neurons,F
Yuan_2018,F11,"OLIG1,HMGB2,DLL3,COL9A3,OLIG2,TMSB15A",brain,oligodendrocyte precursor cells,F
Yuan_2018,F12,"SIRT2,PLP1,CNP,BCAS1,APOD,TNR,FYN,PTGDS,TUBB4A,CLDN11,SEMA5B,S100A1,SLC44A1,APLP1,SLIT1,SCG5,FIBIN,EPHB1,RND2,SOX10,TNS3,TF,E2F3,GPR17,WASF1,SMOC1,PKP4,MYRF,SERINC5",brain,oligodendrocytes,F
Yuan_2018,F13,"RPS19P1,RPS19P3,PTMAP5,HMGCS1,FTH1P11,RP11-114H7.1,PTMAP2,RP11-122G18.7,FTH1P16,RPLP1P6,RP11-389O22.4,FTH1P20,RP11-380G5.3,EEF1A1P1,RP11-69M1.6",brain,unknown,F
Yuan_2018,M1,"CCT6A,GBAS,CHCHD2P6,EGFR,IFI6,SUMF2,CHCHD2P9,CHI3L1,SCN11A,TIMP1,VOPP1,DCN,PHKG1,PSPH,MT1XP1,RP11-270C12.3,MRPS17,CHCHD2P8,MT2P1,FTH1P8,FTH1P7,LANCL2,FABP7,RAMP1,ATP1B2,ZYX,BAALC,DBIP1,HOPX,IFITM3,FTH1P3,MDK,MT1G",brain,astrocytes,M
Yuan_2018,F7,"IGFBP5,MT1E,GADD45B,JUNB,FOSB,RHOB,ZFP36,CHI3L1,SMARCA5,CDK4,FTLP2,RP11-620J15.3,MGP,SNHG25,TSPAN31,MSMP,NNMT,HIST2H2AA4,CYR61,MT1L,C8orf4,SOD2,SCG2,RP11-745C15.2,CTDSP2,IER2,ATP1A1,NEAT1,TSFM,RGS2,C1R,NFIX,MCL1,FN1,CFH,RP11-175B9.3,NAMPT,C3,EFEMP1,A2M,SPP1,GAP43",brain,reactive astrocytes,F
Yuan_2018,F5,"MT-CO1,MT-CO2,MT-ND4,MT-CO3,MT-ATP6,MT-ND2,MT-CYB,MT-ND3,MT-ND1,MT-RNR1,MT-ND5,MTATP6P1",brain,astrocytes,F
Yuan_2018,F4,,brain,astrocytes,F
Yuan_2018,F8,"SOD2,LGALS1,SAT1,JUNB,MAP1B,SAA1,NAMPT,FOSB,EFEMP1,ZFP36,CHI3L2,BCYRN1,C1R,GAP43,GADD45B,TMEM158,CYR61,CD74,OCIAD2,NFKBIA,ANXA2,S100A10,WTAP,C3,CHL1,SPP1,DUSP1,C8orf4,NNMT,SERPING1,CD44,ACTN1,HLA-DRA,CCL2,SAA2,A2M,C1S,LTF,COL6A1,CTSB,DPYSL2,FN1,ID3,PTX3,TNC,VCAN,PMP2,TCEB3B,MGST1,MCL1",brain,reactive astrocytes,F
Yuan_2018,F6,"GFAP,AQP4,NMB,GADD45B,ZFP36,ID3,NKAIN4",brain,astrocytes,F
Yuan_2018,F9,"HMGN2,STMN1,H2AFZ,H2AFV,TUBB,LSM5,H2AFY,TUBA1C,HMGB2,CALM3,TUBB2A,HMGN1,UBE2S,NUDT1,PTTG1,HN1,CDKN2C,RANBP1,HMGB1P5,DTYMK,TUBAP2,CCDC34,TYMS,UBE2C,RALY,BIRC5,TMPO,CKS2,H2AFZP3,PCNA,TOP2A,RPA3,KIAA0101,NUSAP1,CENPF,PBK,UBE2T,TPX2,CPNE2",brain,proliferating astrocytes,F
Yuan_2018,M3,"CDK4,RP11-620J15.3,MDM2,RBP1,OS9,TSFM,DPYSL3,TSPAN31,B4GALNT1,SOX11,RPS4Y1,PCSK1N,RPL31P12,MARCH9,HAP1,PFN2,MLLT11,MEG3",brain,unknown,M
Yuan_2018,F14,"BCAN,PTPRZ1,SMOC1,HMGB2",brain,unknown,F
Yuan_2018,F16,"FOS,CST3,EGR1,MT2A,CRYAB,CLU,GFAP,VIM,JUN,MT3,SPARCL1,IFITM3,ITM2C,ID3,SPARC,ZFP36L1,HSPB1,MT1X,TTYH1,CNN3,S100A6,APOE,NDRG2,NUDT4,PEA15,PON2,LRIG1,TSC22D4",brain,astrocytes,F
Yuan_2018,F15,"STMN2,STMN4,DLX6-AS1,NSG1,GAP43,NREP,ELAVL4,ARL4C,ATP1B1,DCX,DCLK1,CRMP1,HMP19,GPC2",brain,neurons,F
Yuan_2018,M0,"RP11-122G18.7,RP11-12M9.3",brain,unknown,M
Yuan_2018,F0,"BCYRN1,NDUFB1,NME2P1,SCRG1,DBIP1",brain,unknown,F
Yuan_2018,F1,"SOX4,DLL3,SOX11,RBP1",brain,unknown,F
Yuan_2018,F2,"IGFBP5,MT2P1,MT1X,CHI3L1,CPE,TIMP1,MT1XP1,PGK1,HSPA5,MT1E,MT1G,CD9,COL6A1,VEGFA,COL1A2,ID2,FN1,MT1P1,S100A10,LGALS3,IGFBP3,NDUFA4L2",brain,unknown,F
Yuan_2018,M7,"CRYAB,SOX4,PTGDS,USMG5,STMN1,NUDT4,CRYGS,MT-ATP6,BRI3,KNG1,PTMS,ASAH1,PPP1R14B,ATP6V1F,ID3,PPA1,C1orf122,MORF4L1,MT-CYB,PCSK1N,PHLDA1,AP000769.1,C11orf96,NDUFB8,ATOX1,SQSTM1,PSMA4,ATP6V1G1,UBE2E1,TSC22D1,LINC00844,CSTB,GSN,AP1S2,IFI27L2,GADD45G,CYSTM1,WBP5,C19orf43,JTB,NDUFS8,DCXR,SNRPB,NDUFB4,SESN3,COX17,MLLT11,C4orf48,DLG5,NUMA1",brain,unknown,M
Yuan_2018,F27,"DAPL1,MYLK,FBXO32,LGALS1,ENPP5,GPNMB,RAMP2,MT1G,CHCHD10,TXNIP,PLA2G16,INAFM1,RAB27A,NDP,ANXA2,GSN,NTRK2,IGFBP7,MT3,HLA-C,NUPR1,CAV1,TMPRSS5,AHNAK,PYGL,HLA-B,MGLL,HTRA1,MERTK,CTSH,PFKFB2",brain,unknown,F
Yuan_2018,F30,"OLIG1,FXYD6,HES6,SOX11,MAP2,SMOC1,OLIG2,SLIT1,DLL3,LINC00689,RP11-161M6.2,NCAN,SOX8",brain,oligodendrocyte precursor cells (OPCs),F
Yuan_2018,F28,"ZFP36,CD44,SOCS3,EDNRB,FOSB",brain,unknown,F
Yuan_2018,F29,"HMGB2,UBE2C,TMSB15A,FXYD6,PTTG1,PCNA,TMPO,SKA2,TOP2A,MAP2,OLIG1,UBE2S,SMC4,MCM7,BIRC5,KPNA2,TYMS,DDX39A,PTMA,CENPF,UBE2T,IDH2,CKS1B,LSM4,ANP32B,HMGB3,KIAA0101,WHSC1,ANP32E,NUDT1,DNMT1,RRM2,IGFBP2,NUSAP1,LMNB1,TCF12,RNASEH2A,ZWINT,CDK1,GNG4,FOXM1,FAM64A,BASP1,AURKB,HES6,CCND2,CDC20,TPX2,NUF2,PRC1",brain,unknown,F
Yuan_2018,M4,"AQP4,KNG1,HOPX,SDC3,ALDOC,MT1E,SLC1A2,ATP1A2,MLC1,PMP2,GATM,NDRG2,NTRK2",brain,astrocytes,M
Yuan_2018,F18,"SLC1A3,GJA1,NTRK2,GLUL,ALDOC,KNG1,SLC1A2,AGT,METTL7A,FGFR3,COX7A1,SLC4A4,PRNP,EDNRB,PLTP,FAM107A",brain,astrocytes,F
Yuan_2018,F19,"CRYAB,GFAP,SEC61G,AQP4,ID3,HSPA1A,CNN3,JUNB,ZFP36,FADS2,MT1G,CHI3L1,NCAN,IFITM3,SOD2,CEBPD,GADD45B,RPL21,IFI6,RHOB,FTH1P11,FABP5,BAALC,RPL9,BCYRN1,FXYD6,DCLK2,DPYSL2,MT2P1,IGFBP5,RPS10,ID4,EMP1,LDHA,MT1XP1,ENO1",brain,astrocytes,F
Yuan_2018,F17,"SLC22A20,AP000769.1,OLIG1,SOX4,ANKRD10",brain,unknown,F
Yuan_2018,M6,"SPP1,CD74,SAT1,C1QB,HLA-DRA,CTSB,SRGN,CCL4,CTSD,APOC1,HLA-DRB1,CCL3,NPC2,C3,C1QA,FCGBP,GADD45B,CCL4L2,KLF6,HLA-DPA1,SGK1,LAPTM5,TYROBP,NR4A1,C1QC,FTLP2,RGCC,CYBA,COTL1,RNASET2,GRN,RGS1,MAFB,DUSP1,HLA-DPB1,FCER1G,S100A11,GSN,PPP1R15A,CEBPB,ZFP36,CTSL,FCGRT,NEAT1,CD14,ALOX5AP,CD83,SOD2,OLR1,HLA-DRB6",brain,microglia,M
Yuan_2018,F26,"CCL3L3,NFKBIA,CALM1,PHLDA1,RGS10,RPL26P19,IER2,CD9,CKB,TMIGD3,RPS7,BTG2,KNG1,SLC22A20",brain,microglia,F
Yuan_2018,F23,"MISP,SEC61G",brain,unknown,F
Yuan_2018,F24,"IL1B,DNAJC30,IL1RN,IFI6,CHI3L1,IFI27,IFITM3,CCL2",brain,activated microglia,F
Yuan_2018,F25,"THBS1,TCEB3B,MT-RNR2,PLTP,TYMP,BTG1,HMOX1,MT-CO3,MT-ND4,S100A9,TGFBI,CTC-575D19.1,LYZ,TIMP1,RGS2,NAMPT,FN1,HSPA5,S100A4,METRNL,BEST1,SLC2A3,GPNMB,SLC16A3,VEGFA,ARL4C,BRI3,TNFRSF1B,MT-RNR1,MT-CO2,MT-ND3,CD44,FTH1P5,FTH1P2,FOSL2,CXCL8,S100A6,S100A10,TAGLN2,ANXA1",brain,activated microglia,F
Yuan_2018,M8,"HMGN2,ARL6IP1,HMGB2,TUBB4B,CKS2,HP1BP3,PTTG1,TUBA1C,RDX,UBE2C,HES6,HES1,RAD21,FHL1,DEK,HIST1H4C,CBX5,TYMS,TOP2A,SUGP2,SMC4,SLC22A20,H2AFX,BIRC5,CENPF,CCDC34,NUSAP1,ARL6IP1P2,RARRES2,FOSB,CCDC88A,KPNA2,TPX2,PBK,PRC1,ARL6IP1P3,AP000769.1,NFIB,GTSE1,SLC1A2,NFIC,RHOBTB3",brain,unknown,M
Yuan_2018,M5,"IFITM3,IGFBP7,A2M,HLA-E,DCN,FN1,KLF6,CALD1,RGCC,CRIP2,TAGLN2,NR4A1,CDKN1A,TIMP3,ITGB1,TSC22D3,MYL12A,TPM4,LHFP,IFI27,COL4A1,THY1,CA2,GNG11,EPAS1,CLDN5,IFITM2,COL4A2,CTGF,APOLD1,ITM2A,BGN,ESAM,ZFP36,SRGN,DUSP1",brain,fibroblast-like cells,M
Yuan_2018,F20,"RGS5,LGALS1,PTN,DCN,NDUFA4L2,CALD1,MIR4435-2HG,COL1A2,APOE,TAGLN,LINC00152,MGP,COL3A1,C11orf96,ATP1A2,THY1,OLFML3,HIGD1B,ITM2C,PPP1R14A,MYL9,TPM2,PDGFRB,COL6A1,NOTCH3,CEBPD,UACA,CPE,PLXDC1,S100A11,C1orf122,F2R,SLC12A2",brain,pericytes,F
Yuan_2018,F21,"CLDN5,IFI27,IGFBP3,MT1E,SLC38A5,ITM2A,MT1X,SRGN,SDPR,SLC39A10,HES1,PON2,SLC2A1,INSR,IFNGR1,PDXK,MT1F,MFSD2A,MT1G,SLC16A1,ABLIM1,SLC7A5,KNG1,LMO2,SEC14L1,CD320,MT2P1,GADD45B,ABCB1,TMEM123,MT1M,NAMPT,KLF2,RBP1,SNHG8,DOCK9,IER2,MYO10,CCNL1,HOPX,ABCG2,RGCC,PCAT19,SERTAD1,FLT1,TACC1,EGFL7,ADGRL4,KLF4",brain,fibroblast-like cells,F
Yuan_2018,F22,"CLDN5,ITM2A,ADGRL4,HSPG2,VWF,APLP2,PECAM1,FSCN1,PCAT19,RGCC,PODXL,HTRA1,VWA1,PLXND1,SPINK8,HYAL2,YWHAH,EGFL7,GJA1,STC1,RNASE1,APCDD1,CD34,BCL6B,APLN,CD93,MFSD2A,ENG,LAMB1,EMP1,CDH2,TM4SF1,GRN,RAMP2,FCGRT,CDH5,ECSCR,ACE,IVNS1ABP,FLT1,LMO2,SLC38A5,ROBO4,ANGPT2,INSR",brain,pericytes,F
Yuan_2018,M10,"SRGN,HLA-E,BTG1,CTB-47B8.1,TMSB4XP8,RP11-543P15.1,RP11-40C6.2,AC090498.1,RPS15AP24,TSC22D3,CYBA,HLA-J,ANXA1,PTMAP2,RP1-181J22.1,TXNIP,RPS20P14,RPS15AP11,RP11-69L16.5,RP11-360D2.2,RPL34P18,RP11-778D9.4,CREM,RPL10P15,RP11-229M1.2,SMAP2,RP11-193E15.4,CXCR4,S100A4,HLA-F,RP4-800G7.1,ETS1,PTMAP5,RP11-51L5.2,PTPRC,ISG20",brain,unknown,M
Yuan_2018,M9,"SPP1,PTGDS,SGK1,CNP,GPRC5B,CBR1,GSN,PLP1,RGCC,SEPP1,CAMK2N1,STMN4,SLC44A1,PCDH9,ATP1B1,PMP22,APLP1,PLA2G16,SCD,AMD1,CLDND1,SORT1,SEPT8,ARHGAP21,QDPR,NDRG1,SLAIN1,APOD,AIF1L,PLEKHB1,AMER2,MBP,CLDN11,SUN2,SIRT2,TF,LARP6,PPP1R14A,PIP4K2A,SEPT4,TMEM144",brain,oligodendrocytes,M
