Data,Cluster,Markers,Organization,cell_type,level
Zhang_2021_kidney,M0,"NNMT,NDUFA4L2,ADIRF,CLU,IL32,TMEM176B,CD24,MGST1,BNIP3,ANXA4,IGFBP3,TNFRSF12A,CCND1,ANGPTL4,FAM134B,TMEM176A,LINC01320,OCIAD2,CXCL14,RARRES2,VEGFA,SLC16A3,DAB2,SPP1,SLC3A1,CNDP2,HILPDA,S100A1,HPCAL1,CA9,TUBA1C,NPTX2,DARS,NOL3,PNCK,HIST1H1C,EGLN3,ERRFI1,CDHR5,SPINT2,CCL2,ENPP3,RP1-60O19.1,GSTA1,ACSM2B,MYC,NDRG1,TMEM91,PRUNE2,BIRC3",kidney,proximal tubule epithelial cells,M
Zhang_2021_kidney,F2,"ISG15,HLA-DRB5,HLA-DQA1,SNCG,HLA-DMA,PLSCR1,CCDC146,GBP2,IFI44L,GBP1,LINC01139,GBP4,ETV7",kidney,interferon-activated proximal tubule epithelial cells,F
Zhang_2021_kidney,F3,"SLC17A3,CCL2",kidney,proximal tubule epithelial cells,F
Zhang_2021_kidney,F1,"FGB,APOC1,APOE,RBP4,TGM2,FGG,CCL20,PGF,C11orf96,C3,LOX,COX7A1,TGFBI,SMIM3,ADSSL1,C5orf46,HBB,RGS5,IRS2,IGKC,ARG2,MYH8,IGFBP1,MT3,HBA2,MTHFD2,SPINK1,BIRC7,IGLC2,RP11-809C18.3,HBA1,AEBP1,TSLP,TMEM130,ADAMTS4",kidney,proximal tubule epithelial cells,F
Zhang_2021_kidney,F0,"HSPA6,S100A1,G0S2,CPE,TGFBI,FGG,SAA1,FGB,RPS4Y1,CACYBP,NMB,AREG,SERPINE2,IFI27,CP,FOLR1,TM4SF1,KRT19,REG1A,C1QTNF3,PRAP1,ZFAND2A,IER5,ABL2,IGFBP6,C10orf99,SERPINH1,C1orf186,DNAJB11,C3,FABP6,SMIM3,C1R,RGS2,SERPINF1,C1QL1,MYL9,GLIPR1,PLAC8,PLTP,COL1A2,CYP1B1,TRIM54,CTHRC1,PPP1R1A,SFRP2,EFEMP1,MXRA8,FAM46A,PELO",kidney,proximal tubule epithelial cells,F
Zhang_2021_kidney,M4,"TYROBP,HLA-DQA1,HLA-DQB1,FCER1G,HLA-DRB5,AIF1,CXCL8,HLA-DMA,PLAUR,RGS1,CTSS,COTL1,GPR183,CCL3,RGS2,CD68,LST1,IL1B,HLA-DMB,MS4A7,ARHGDIB,LAPTM5,C15orf48,C1orf162,CD83,CCL3L3,MS4A6A,RGS10,FCGR3A,LYZ,BCL2A1,HLA-DQA2,C5AR1,CPVL,ITGB2,CD14,CXCL16,RNASE6,SAMSN1,CORO1A,CXCR4,SPI1,MAFB,CCL20,LIPA,CFD,PLEK,FGL2,HCLS1,OLR1",kidney,macrophages,M
Zhang_2021_kidney,F25,"SDS,ACP5,NNMT,XIST",kidney,macrophages,F
Zhang_2021_kidney,F23,"HSPA6,DNAJA4,FAM26F,TREM2",kidney,macrophages,F
Zhang_2021_kidney,F24,"EREG,THBS1",kidney,M2 macrophages,F
Zhang_2021_kidney,F26,"IGFBP7,TFRC,SLC40A1,HBB,IGKC,RGS5,SPARC,HBA2,IGHA1,SPARCL1,C11orf96,IGLC2,COL4A1,VWF,HBA1,COL4A2",kidney,unknown,F
Zhang_2021_kidney,F28,"DUSP4,CCR7,MARCKSL1,GPR157",kidney,unknown,F
Zhang_2021_kidney,F27,"CD52,HES4,FCN1,S100A9,LINC01272,PLAC8,LILRB2,APOBEC3A,CFP,LILRA5",kidney,macrophages,F
Zhang_2021_kidney,F29,"CD52,S100B,HLA-DQB2,FCER1A,PKIB,CST7,CRIP1,LTB,CD1E,ACAP1,CD1A",kidney,dendritic cells,F
Zhang_2021_kidney,M2,"RGS1,LAPTM5,DUSP2,CD52,ISG20,CORO1A,CD3D",kidney,T cells,M
Zhang_2021_kidney,F10,"HLA-DRA,HLA-DRB1,HLA-DQA1,HLA-DQB1,HLA-DRB5,IGKC,CD83,CD79A",kidney,unknown,F
Zhang_2021_kidney,F9,"IGKC,IGHA1,JCHAIN,HERPUD1,IGLC2,IGLC3,IGFBP7,IGHG1,XBP1,HSP90B1,IGHG3,NPC2,FKBP11,TMEM59,SPCS2,FKBP2,PSAP,ATF4,RABAC1,SEC11C,SSR3,TYMP,VIMP,MZB1,MYDGF,SELM,ANKRD28,ITM2C,PRDX4,CD79A,DERL3,RGS5,PLPP5,IGLV3-1,TRIB1,CREB3L2,SPAG4,JSRP1",kidney,unknown,F
Zhang_2021_kidney,F5,IL7R,kidney,memory T cells,F
Zhang_2021_kidney,F6,"TRBC2,DUSP4,TRAC,COTL1,GZMK,STMN1,CST7,CALM3,PMAIP1,CD27,BATF,DEK,CMC1,PSMB8,NKG7,CD3E,FKBP1A,RAC2,CD8A,TUBB,RBX1,PSMB9,PSMB3,PKM,HLA-DQA1,ISCU,ITM2A,SHFM1,COPE,PTTG1,HLA-DRB5,IL2RG,NUCKS1,SNRPB,HLA-DRB1,ARPC5,HLA-DPB1,RBM3,BAX,HLA-DPA1,TNFRSF9,SIT1,HLA-DRA,ARL6IP1,HNRNPA3,DUT,DRAP1,CAPZB,CKS2,ARPC1B",kidney,CD8+ T cells,F
Zhang_2021_kidney,F12,"LMNA,AREG,CD69,CD63,FOSB,TPSAB1,ALOX5AP,PLIN2,PRDX1,REL,TYROBP,CST3,TPSB2,SYAP1,EMP3,FCER1G,CKLF,STMN1,TUBA1B,SAMSN1,MYADM,SDCBP,PEBP1,CTSD,LAPTM4A,GLUL,ATP6V1F,GPX1,TIMP1,DRAP1,CD83,CAPG,PRDX6,CLU,TPM4,EGR1,NR4A1,LGALS3,PLAUR,SFT2D1,TSC22D1,CPA3,SERTAD1,CD9,ZFAND5,NFKBIZ,BST2,PRNP,BHLHE40,C1orf162",kidney,unknown,F
Zhang_2021_kidney,F8,"CRYAB,TPI1,NNMT,NDUFA4L2,GPX3,ENO1,FOSB,SPP1,SOD2,PKM,EGR1,CCL2,PLIN2,CYB5A,CEBPD,TBCA,SERTAD1,RAC1,RNASET2,OCIAD2,MT1X,CD63,PEBP1,MT1E,SNHG8,ATF3,IER3,CD24,IGFBP3,RTN4,IRF1,ATP1B1,TMEM59,PDK4,TMEM176A,NAMPT,HMGN3,LMNA,RHOB,GSTP1,ADIRF,CEBPB,IFITM3,MPC2,TMEM176B,VMP1,DSTN,SERPINA1,C16orf13,LGALS3",kidney,unknown,F
Zhang_2021_kidney,F11,"HLA-DRA,HLA-DPB1,HLA-DRB1,HLA-DPA1,TYROBP,GPX1,CST3,HLA-DQB1,NPC2,RAC1,TUBA1B,COTL1,HLA-DQA1,APOE,PSAP,FCER1G,SOD2,VAMP8,RNASET2,CEBPB,IER3,RGS10,TYMP,ANXA2,GLUL,CEBPD,GPX4,YWHAH,BAG3,SLC25A5,HLA-DMA,ITGB2,TUBB,ZFP36L1,C1QB,ALOX5AP,G0S2,POMP,C1QA,CTSB,CAPG,HN1,STMN1,PLAUR,AP2S1,ANP32B,PKM,CTSD,FAM49B,BLOC1S1",kidney,unknown,F
Zhang_2021_kidney,F7,"NKG7,GNLY,CCL5,KLRB1,CCL4,GZMB,CST7,TYROBP,CMC1,CTSW,GZMH,KLRD1,PRF1,FGFBP2,PLAC8,CD247,FCGR3A,GZMA",kidney,Natural Killer (NK) cells,F
Zhang_2021_kidney,M3,"SPARC,MGP,RGS5,CALD1,TIMP3,IFI27,IGFBP5,SPARCL1,ID3,MYL9,EPAS1,TAGLN,A2M,RNASE1,C11orf96,IGFBP4,CRIP2,GSN,CPE,TPM2,ACTA2,PECAM1,RAMP2,PRSS23,ENG,KLF2,PLPP1,COL4A2,COL4A1,FLT1,SPRY1,BGN,HSPG2,TACC1,PLPP3,ID1,ADAMTS1,FN1,TPM4,MARCKSL1,TCF4,COX7A1,PTRF,MAP1B,GNAI2,EGFL7,EMCN,CCDC85B,SDPR,ADGRF5",kidney,pericytes,M
Zhang_2021_kidney,F16,"MT1M,HLA-DRB5,THBD,FAM107A,DNASE1L3,MEIS2",kidney,pericytes,F
Zhang_2021_kidney,F15,"CA2,ESM1,VWA1,TM4SF18,XIST,KDR,COL15A1,PDGFD,BTNL9,DUSP6,LIMCH1,F2RL3,FAM198B,SPRY4,TMEM150C",kidney,pericytes,F
Zhang_2021_kidney,F22,"IGFBP3,ENPP2,AQP1,FRZB,ID4,STC1,OLFML2A,BTNL9,FYN,MGLL,SCGN",kidney,pericytes,F
Zhang_2021_kidney,F19,"ACTA2,PPP1R14A,COL1A2,HBB,SOD3,CD36,IGFBP2,CPE,SEPT4,COL1A1,SDC2,CAMK2N1,CRISPLD2,SERPINA1,IGKC,MTHFD2,NOTCH3,THBS4,PLXDC1,PDGFRB,RGS16,TGFBI,COX4I2,SERPINF1,GPAT2,COL3A1,C20orf27,FRZB,HIGD1B,ITM2C,TAGLN,TPPP3,COL6A2",kidney,pericytes,F
Zhang_2021_kidney,F14,"IGFBP3,ENPP2,VWA1,ESM1,EFNA1,SOX18,ITGA6,NTN4,CXorf36,BTNL9,CX3CL1,MGLL,TNFRSF4,IDO1,CDA,DOCK9,SPOCK2,STC1,FYN,CDH13,CDH5,GJA1",kidney,pericytes,F
Zhang_2021_kidney,F17,"BGN,CPE,PLAC9,CYGB,ITM2C,FABP4,TPPP3,FILIP1L,XIST,FABP5,CD36,COX4I2,ID4,COL6A1,HIGD1B,COL6A2,PLN,NOTCH3,CRIP1,CAMK2N1,KCNE4,RGL3,AGTR1,SEPT4,PDGFRB,FRZB,NRIP2,SCN4B,PGF,RASD1,LGALS3BP,COL1A2",kidney,pericytes,F
Zhang_2021_kidney,F13,"TAGLN,FRZB,ITM2C,LGALS3BP,GEM,COL1A1,PLN,PDGFRB,COL6A2,ID4,HIGD1B,SOD3,BGN,TPM2,COX4I2,TGFB1I1,ACTA2,CRISPLD2,COL6A1,TPPP3,NOTCH3,CYGB,PLAC9,SEPT4,COL1A2",kidney,pericytes,F
Zhang_2021_kidney,F20,"CLU,ACKR1,CXorf36,MPZL2,DUSP23,COL8A1,PTGDS,VCAM1,PRCP,PROCR,TFF3,TCN2,CYP1B1,FBLN2,CPXM2,ZNF385D,SELP",kidney,pericytes,F
Zhang_2021_kidney,F21,"PLAT,FCN3,HSPA6,CRHBP,NTN4,ARRDC2,ZFAND2A,PBX1,CMTM8,LIFR,SYNE1,MEIS2,TNFSF10,MT1G,LIMCH1,SLC14A1,MT1M,HLA-DQA1,HLA-DMA,MEG3,SOST,EHD3,HLA-DRB5,IL1RL1,GJA5,TFPI2,TBX3,PRX,IL13RA2,LINC00551",kidney,pericytes,F
Zhang_2021_kidney,F18,"IGFBP3,FCN3,STC1,HBB,COL15A1,TNFAIP3,SERPINA1,IGKC,SYNPO,HBA2,HBA1",kidney,pericytes,F
Zhang_2021_kidney,M1,"G0S2,C12orf75,WFDC2,KRT7,RARRES3,NUPR1,CA2,DHRS7,SMIM24,RGS16,PVALB,TMEM141,OXCT1,LGMN,CA12,DDIT3,RHCG,SEC11C,KLK1,MRPL54,HSD11B2,GABARAPL1,BAG1,ATP6V1D,CAMK2N1,NDUFA8,SDC2,ALDH2,MPC1,SNRPN,GDF15,TMEM213,CISD1,MRPS33,GADD45G,ERP27,LIMA1,EPS8,BACE2,ATP6V1G3,LINC00969,BEX2,NUCB2,ACAT1,FABP4,NDUFS3,FAM3C,BTG3,SMS,SCIN",kidney,proximal tubule epithelial cells,M
Zhang_2021_kidney,M6,"DEFB1,CLDN4,ELF3,GDF15,EPCAM,MAL,CDH16,ATP6V1B1,CKB,CLCNKB,OGDHL,MAL2,SCNN1A,CLCNKA,TMEM213,TFCP2L1",kidney,kidney collecting duct principal cells,M
Zhang_2021_kidney,F39,"LGALS1,VIM,TUBB,GNG11,STMN1,IGFBP3,SOCS3,TAGLN2,TIMP1,SERPINA1,RGCC,ID1,UBE2S,TMEM176A,CRIP2,TSC22D3,NNMT,IFITM2,DDIT4,PTTG1,MIR4435-2HG,MZT2A,PLP2,HN1,HES4,RHOC,S100A16,SPARCL1,ARPC1B,FLNA,UBE2C,TUBA1A,SPARC,PLIN2,CARHSP1,IFI27,TM4SF1,LINC00152,CALD1,CKS1B,PRDX4,COL4A1,PTRF,BCL7C,PSMB8,ILF2,HLA-DRA,NFIB,FDPS,PSMB9",kidney,kidney collecting duct principal cells,F
Zhang_2021_kidney,F34,"NUPR1,FXYD4,GNG11,KRT7,DDIT4,LCN2,ERP27,IGBP1,LGALS1,KLK1,IMPDH2,CEBPB,MAP1B,SPINK1,HIST3H2A,SPAG4,TRIB3,DDB2,HSD17B14,PSAT1,NKX6-1,MTHFD2",kidney,kidney collecting duct principal cells,F
Zhang_2021_kidney,F37,"TACSTD2,SOD3,NUPR1,SERPINA1,SOCS3,KRT7,IGFBP3,IFI6,AKR1C1,S100A14,SCCPDH,TMEM176A,TINAGL1,S100A1,TMEM176B,XIST,IGFBP2,CPE,SYNGR1,CLDN1,SLPI,GCNT3,IRX3,KRT19,ISG15",kidney,kidney collecting duct principal cells,F
Zhang_2021_kidney,F35,"CCL2,VIM,ANXA1,IL32,BIRC3,CTGF,MT1H,MT1F,PDZK1IP1,PIGR,AKAP12,LINC01320,RND3,UGCG,HBEGF,SOX9,CXCL2,VCAM1,SPATS2L,ITGB8,MYC,DAB2,SPARC,UGT2B7,ICAM1,CALD1,CREB5,LY6E,SERPINA1,HSPB8,FSTL3,INHBA,CXCL14,AQP1,CLDN1,IGFBP4,ACSM2A,LGALS2,CYP3A5,C1orf186,IL6R,PRUNE2,ACSM2B,UGT2A3,ALPK2",kidney,kidney collecting duct principal cells,F
Zhang_2021_kidney,F33,"APOE,SPINK1,IGFBP5,C12orf75,ADGRF5,SLC4A1,ATP6V1G3,ATP6V1B1,ATP6V0D2,RHCG,SMIM24,SLC26A7,RARRES3,SMIM6,HSPA6,TMEM101,ATP6V0A4,LINC01187,ARHGAP18,ITGA6,DSG2,DMRT2,EPS8,IL18,FAM24B,ATP6V1C2,HEPACAM2,APOC1,PART1,ADTRP,KIT,SLC4A9,CA8,SLIT2,PACRG,ABCC4,C1orf64,ITIH5,ASB9,STAP1,PDE1C,RP11-66N24.6",kidney,kidney collecting duct principal cells,F
Zhang_2021_kidney,F32,"UMOD,SLC12A1,KNG1,CLDN10,CXCL14,SFRP1,KCNJ1,CLDN16,CXCL12,TSPAN8,EGF,NTRK2,IRX2,KCNJ16,GP2",kidney,kidney collecting duct principal cells,F
Zhang_2021_kidney,F31,"TMEM52B,SLC12A3,CALB1,KNG1,KCNJ16,SERPINA5,LHX1,EMX1",kidney,kidney collecting duct principal cells,F
Zhang_2021_kidney,F36,"ADIRF,CLDN10,ANXA1,SLC12A1,SOD3,SLPI,ITM2C,S100A4,BIRC3,MMP7,TM4SF1,PHLDA2,EMP1,IGFBP2,MYADM,CXCL2,TIMP1,LY6E,ACSL4,PAPPA2,S100A14,PLP2,IGFBP6,ITGB6,BBOX1,LAMC2,CRIP1,LINC00152,CREB5,CA4,SFN,MEST,FXYD3,C5orf38,TMPRSS4,S100A16",kidney,kidney collecting duct intercalated cells,F
Zhang_2021_kidney,F38,"CKS2,PVALB,STMN1,NUCB2,TUBB,KLK1,ERP27,UBE2S,KRT7,HIST1H1C,MGP,OXCT1,RPA3,H2AFY,INSIG1,PTTG1,TMEM106C,CISD2,NME4,LGALS1,UBE2C,CARHSP1,MZT2A,HNRNPAB,TMX4,PLP2,PPP1CC,ATP6V1G3,COPRS,CD47,H2AFX,RNASEH2C,PCNA,AK6,MRPS25,MDK,COMMD4,CALU,HEBP1,PSMC3,HADH,PTN,HLA-DRA,CD320,RBBP7,HMGB3,NANS,KIAA0101,HEXB,NUDT21",kidney,kidney collecting duct principal cells,F
Zhang_2021_kidney,M7,"MT1G,PDZK1IP1,ALDOB,GATM,CXCL14,MT1F,MT1H,GSTA1,SMIM24,NAT8,MIOX,UGT2B7,LGALS2,BBOX1,C11orf54,HRSP12,DCXR,RBP5,KHK,ASS1,HPD,FABP1,CMBL,TMEM27,PRAP1,PCK1,BHMT,PDZK1,GLYAT,AK4,PEPD,ACSM2B,ALB,ACADM,PCSK1N,ALDH6A1,FBP1,APOM,HIBCH,MSRA,RAB11FIP3,GCHFR,QPRT,DPYS,DDC,ACAA1,ACOT13,PBLD,GLYATL1,DHRS4L2",kidney,proximal tubule epithelial cells,M
Zhang_2021_kidney,F41,IFI6,kidney,proximal tubule epithelial cells,F
Zhang_2021_kidney,F40,MTRNR2L12,kidney,proximal tubule epithelial cells,F
Zhang_2021_kidney,F42,"RPS4Y1,AKR1C3,SERPINA1,CIRBP,GSTO1,LYPLAL1,SIGIRR,DECR1,ASAH1,EIF6,VPS28,CCNG1,FTCD,AMN,GK,ANAPC13,PPA2,PSMB1,C1orf43,HSD17B11,MACROD1,ACOT7,AHCY,SLC6A13,RP11-397G17.1,MRFAP1,MPST,CHMP5,RABGGTB,HIBADH,RP6-74O6.2,PSAT1,ALDH1A1,NDUFV1,PTGES3,NIT2,EID1,HNMT,RENBP,TNFRSF11B,C9orf66,AGXT2,HIBCH,ADH5,MSRB1,FMO1,COPE,CLDN10,TUFM,PHB",kidney,proximal tubule epithelial cells,F
Zhang_2021_kidney,M5,"FABP7,TM4SF1,LY6E,S100A1,CCL20,HIST1H1C,MT1F,HILPDA,CA9,SPINK1,FGB,FGG,MT1M,EGLN3,MT1A,NOL3,CP,PNCK,TMEM91,IGFBP2,KRT19,C19orf33,MT3,FXYD1",kidney,proximal tubule epithelial cells,M
Zhang_2021_kidney,M8,"CA2,HBB,GYPC,IGKC,CAT,SLC25A39,H1F0,HBA2,HAGH,UCP2,TFRC,FBXO7,SLC25A37,GLRX5,HBA1,UROD,EIF1AY,EIF2AK1,PTTG1,SLC2A1,HBG2,TFDP1,FAM210B,SLC4A1,UBAC1,KIAA0101,SMIM1,NUSAP1,CA1,ALAD,SNCA",kidney,erythrocytes,M
