Data,Cluster,Markers,Organization,cell_type,level
Zhang_2021_esophagus,M7,"SPARC,IGFBP7,TM4SF1,APP,CLU,CCL2,NNMT,CRIP2,A2M,RGS16,EMP1,CYR61,S100A16,PDLIM1,KLF4,CNN3,KLF2,PMP22,SPARCL1,TCF4,IFI27,SERPINE1,PTRF,COL4A2,S100A13,RNASE1,TIMP3,PLVAP,ID1,RAB13,ENG,TSC22D1,COL4A1,RAMP2,PECAM1,GNG11,VAMP5,SPTBN1,PNP,CXCL2,HSPG2,NPDC1,ACTN1,VWF,MGP,IL6ST,PRCP,ETS2,PRSS23,AQP1",esophagus,fibroblasts,M
Zhang_2021_esophagus,F37,"ACKR1,CCL14,CLU,POSTN,ADIRF,CEBPD,TSPAN7,HLA-DQA1,HLA-DQB1,IL33,ZNF385D",esophagus,fibroblasts,F
Zhang_2021_esophagus,F36,"RGCC,VWA1,C1orf54,COL6A2,INSR,MMP2",esophagus,fibroblasts,F
Zhang_2021_esophagus,F38,"IGF2,CXCL12,ASS1,GJA4,HEY1,EFNB2,SULF1,IGFBP3,C10orf10,SEMA3G",esophagus,fibroblasts,F
Zhang_2021_esophagus,F39,"CCL21,MMRN1,ANGPT2,EFEMP1,HSPA6,GYPC,FABP4,AKAP12,TFF3,JUP,LAPTM5,MFAP2,PDPN,SEPP1,KRT18,ADD3,LYVE1,RBP1,FLT4,LAYN,PROX1",esophagus,lymphatic endothelial cells,F
Zhang_2021_esophagus,F40,"IGFBP5,S100A4,CRYAB,MAP1B,EMP3,MT1E,COL1A1,PMEPA1,COL1A2,TNFRSF12A,NUDT4,PRNP,FN1,PLAT,DST,NOV,NES,TUBB3,SPTSSA,FAM114A1,PLAUR,DKK3,COL8A1,MFGE8,COL6A1,TGFBI,SERPINE2,SEMA3B,LGALS3BP,C1S,GPM6B,TNC,P4HA2,S100B,ECM1,NGFR,PDPN,S100A1,CBR1",esophagus,fibroblasts,F
Zhang_2021_esophagus,M1,"DCN,LUM,COL3A1,TIMP1,IGFBP7,FN1,BGN,IGFBP4,CALD1,COL6A2,SERPINF1,MGP,SPARCL1,EGR1,TPM2,TAGLN,SELM,SERPING1,MYL9,THY1,RARRES2,GEM,PCOLCE,TPM1,TSC22D1,SOD3,COL6A3,COL6A1,CFD,C1S,COL1A2,LGALS3BP,MFAP4,SPON2,FBLN1,CCDC80,FSTL1,AEBP1,SERPINH1,PDLIM3,C1R,CST3,CRTAP,NBL1,CALU,APP,MMP2,IGFBP6,COL12A1,SFRP2",esophagus,fibroblasts,M
Zhang_2021_esophagus,F6,"CLU,CFD,PLA2G2A,C3,MFAP5,EFEMP1,KLF4,PLAC9,ADH1B,CXCL12,SERPINE2,GPX3,C1QTNF3,PI16,MGST1,FHL1,HSPB6,COL14A1,CLEC3B,IGF1,CD34,SCARA5,NFIA,DPT,FGF7,CILP,UAP1,SFRP1,ELN,PCOLCE2,LSP1,HSPB8,PRELP,ADIRF,SERPINA3,CHRDL1,FXYD1,WISP2,OGN,MYC,ALDH2,RNASE4,ABI3BP,SLPI,LRRN4CL,SLIT3,TNXB,PTGIS,CADM3,ITM2A",esophagus,fibroblasts,F
Zhang_2021_esophagus,F5,"POSTN,MMP11,CTHRC1,INHBA,GREM1,PLPP4,CNN2,GJB2,SDC1,CDH11,SFRP4,COL11A1,COL10A1",esophagus,fibroblasts,F
Zhang_2021_esophagus,F9,"APOD,SFRP4,C7,ASPN,ABCA8,OGN,FXYD1,ADIRF,IGF1,THBS4,F2R,SPRY1,NFIA,NR2F2,LEPR,MATN2,MOXD1,ALDH1A1,COL15A1,GPC3,TSHZ2,RBMS3,HSD11B1,NPDC1,FGL2,SCN7A,CXCL14,ITM2A",esophagus,fibroblasts,F
Zhang_2021_esophagus,F7,"CXCL1,PTGDS,MMP3,CXCL3,CXCL8,WNT5A,TWIST2,CXCL6,UBD,TNC",esophagus,fibroblasts,F
Zhang_2021_esophagus,F8,"RGS5,CRIP1,COL4A2,NDUFA4L2,COL4A1,EGFL6,ADIRF,PPP1R14A,ADAMTS1,CSRP2,A2M,DBNDD2,IGFBP2,EPAS1,EPS8,NOTCH3,HOPX,ITGA1,EDNRA,ARHGDIB,MCAM,COX4I2,PTP4A3,GJA4,TINAGL1,HES4,WFDC1,HIGD1B,HEYL,FRZB,CCDC102B,FOXS1,KCNJ8,ESAM,HEY2",esophagus,fibroblasts,F
Zhang_2021_esophagus,F10,"STMN1,COL10A1,IL7R,PTN,C12orf75,COTL1,HN1,LSM4,TNC,TGFBI,GGH,ACTG2,COL11A1,PTTG1",esophagus,fibroblasts,F
Zhang_2021_esophagus,F11,"CD74,RAMP2,TM4SF1,HLA-DRB1,ESAM,BCAM",esophagus,fibroblasts,F
Zhang_2021_esophagus,M0,"IL32,SRGN,CD7,CD3E,NKG7,CD3D,IL7R,PTPRC,CST7,CORO1A,CD2,IL2RG,GZMA,CD37,GZMB,CCL5,DUSP4,HCST,TNFRSF18,BATF,FYB,SPOCK2,PTPRCAP,DUSP2,SH2D2A,LCP1,EVL,LAPTM5,TRBC2,RARRES3,PRF1,CYTIP,RAC2,LCK,LEPROTL1,CREM,CXCR4,GMFG,ITM2A,ARHGDIB,ICOS,STK17B,DOK2,CD3G,FYN,TIGIT,IL2RB,CD247,BIRC3,CLEC2D",esophagus,T cells,M
Zhang_2021_esophagus,F4,,esophagus,unknown,F
Zhang_2021_esophagus,F2,"GNLY,KLRB1,CTSW,HOPX,AREG,CAPG,XCL1,KRT86,XCL2,KLRC1,IFITM3,TYROBP,KIR2DL4,KLRD1,SLC16A3,FCER1G,MATK,TMIGD2,TRDC,KLRC3,LAT2,KRT81,TXK",esophagus,mucosal-associated invariant T (MAIT) cells,F
Zhang_2021_esophagus,F1,"TNFRSF4,FOXP3,IL2RA,MIR4435-2HG,TNFRSF9,LAIR2,GK,GLRX,CD28,AC133644.2,CTLA4,IL1R2,LTB,CCR8",esophagus,regulatory T cells (Tregs),F
Zhang_2021_esophagus,F0,"CXCL13,CD8A,NKG7,LAG3,CD8B,FABP5,GZMB,PDCD1,ITGAE,RHOB,HAVCR2,CCL4,CCL3,GZMH,CTSW,HLA-DQA1,PTMS,GNLY,CCL4L2,RP11-291B21.2",esophagus,CD8+ exhausted T cells,F
Zhang_2021_esophagus,F3,"STMN1,PTTG1,H2AFX,TUBA1C,NUCKS1,FABP5,YWHAH,SMC4,TMPO,HIST1H1E,LSM4,DDX39A,ANP32E,LMNB1,TYMS,C12orf75,DUT,NUSAP1,KIF22,MKI67,CENPF,CKS1B,RRM2,UBE2C,KIAA0101,TOP2A,TK1,CDK1,UBE2T,TPX2,CENPN,DTYMK,CLSPN",esophagus,unknown,F
Zhang_2021_esophagus,M4,"KRT17,KRT14,PERP,KRT19,CD9,SFN,S100A2,S100A9,TM4SF1,TACSTD2,KRT6A,KRT15,SPINT2,MDK,FXYD3,STMN1,KRT8,KRT18,ELF3,HMGA1,PDLIM1,CLDN4,GPX2,S100A14,NGFRAP1,KRT6B,AKR1C1,KRT5,BCAM,JUP,CD24,AKR1C2,CSTA,CALML3,KLF5,EPCAM,CBR1,DSP,KRT16,EFNA1,LGALS7B,IFI27,ITGA6,SERPINB5,F11R,CLDN7,C19orf33,HMGB3,CKB,TRIM29",esophagus,basal epithelial cells,M
Zhang_2021_esophagus,F31,,esophagus,basal epithelial cells,F
Zhang_2021_esophagus,F27,"WFDC2,A2M,MYL9,C1QB,RASD1,SOSTDC1,VIM,SFRP1,MIA,GEM,FBXO32,SPP1,SAA1,C1S,MYLK,LCN2,DAPL1,TPM2,KRT23,COL9A3,NPW,CDKN1B,TREM2,ACTG2,PPFIBP1,PLBD1,COL4A2,EPS8,SPARCL1,WBP11,TM7SF3,PLEKHA5,CCDC91,SPARC,TPBG,NFIB,SBSPON,PRR4,SMIM10L1,SNX1,C1R,PCMTD1,SPTSSB,CDK6,STK38L,APOD,MEG3,SSPN,NPTX2,HSPA6",esophagus,basal epithelial cells,F
Zhang_2021_esophagus,F28,"WFDC2,CD74,VIM,SAA1,KRT7,HLA-DRB1,HLA-DRA,MMP7,MIA,LTF,SFRP1,CXCL2,RARRES1,LCN2,KRT23,MGP,SERPINA3,CLDN3,AQP5,NNMT,AZGP1,C3,SERPINA3.1",esophagus,glandular epithelial cells,F
Zhang_2021_esophagus,F26,"SPRR1B,SPRR2A,S100A9,SPRR2D,SPRR1A,LCN2,SLPI,S100A7,PDZK1IP1,RHCG,C15orf48,CALML5,KLK11,IL1RN,PRSS22,S100A8",esophagus,esophageal basal epithelial cells,F
Zhang_2021_esophagus,F24,"LGALS7,IL32,KRT7,MMP7,C12orf75,PLAU,APOE,SPARC,S100A4,MT1G,CALD1,TPM2,CTSH,MYL9,FGFBP2,MEST,APOD,REEP3,BIRC2,YAP1,SNCG,IGF2,BIRC3,SLC2A3,DDO,KRT81,IL1B",esophagus,basal epithelial cells,F
Zhang_2021_esophagus,F22,"WFDC2,AGR2,KLK11,KLK10,CXCL8,CXCL17,CEACAM6,TSPAN1,ALDH1A1,KRT4,S100P,MYADM,CTSH,PRSS23,FCGRT,SLPI,KRT7,IFITM2,MUC4,F3,ALCAM,MMP10,SCGB3A1,AQP5,IGF2,FN1,MUC20,CP,TGM2,LCN2,APOD",esophagus,glandular secretory epithelial cells,F
Zhang_2021_esophagus,F19,"LY6D,CRYAB,HSPA6,SOX2,MMP7,SERPINB3,SEPP1,RPS4Y1,PTHLH,PLTP,ARL4D,IER5,TUBB3,HES4,DHRS2,CAV1,SLC2A3",esophagus,basal epithelial cells,F
Zhang_2021_esophagus,F18,"AQP3,CDKN2A,AGR2,PLAUR,C1QB,UPK1B,SEPP1,DEFB1,PAX9,NTS,DHCR7,MAP3K8,TSPAN1,NADSYN1,TFF3,CDKN2B,FLOT2,MIDN,TMPRSS4,FAM3D,CP,RAB11FIP1",esophagus,basal epithelial cells,F
Zhang_2021_esophagus,F20,"NTS,NDUFA4L2,CRABP2,SOX2,B3GNT5,CDKN2A,PTHLH,GPC3,MAGEA3,KLHL24,MAGEA4,DHRS2,RPS4Y1,AREG,TMEM30A,MCCC1,PHF3,DCUN1D1,PVT1,ATP11B,SLC2A3,CD109",esophagus,basal epithelial cells,F
Zhang_2021_esophagus,F21,"MYL9,RPS4Y1,MYLK,SPARC,S100A4,MGP,PAK1,PLAT,MAGEA3,ISYNA1,TM2D3,CCL2,AAMDC,IGF2,MEF2A,LRRC28,LDOC1,TARSL2,IGF1R,ARHGDIB,TUBA1A,VIM",esophagus,basal epithelial cells,F
Zhang_2021_esophagus,F30,"MT1E,IGFBP7,SOSTDC1,FST,AMTN,GEM,TNC,BGN,PDPN,MX1,GJA1,IGFBP6,FAM132A,AC006262.5,CCL26,KRT75,PLAC8",esophagus,basal epithelial cells,F
Zhang_2021_esophagus,F23,"CXCL14,TUBA1A,APOE,WFDC2,SOSTDC1,BGN,VIM,PDPN,GPC3,PTN,RGCC,IL1R2,AMTN,CCND2,COL1A1,SDC2",esophagus,basal epithelial cells,F
Zhang_2021_esophagus,F29,"CD74,HLA-DRA,IL32,HLA-DRB1,UBD,HLA-DPA1,UCHL1,SPARC,NFIB,TNF,SFRP1,SOX9,DUSP6,HLA-DQA1,HLA-DPB1,FNDC3B,ATF5,TUBA1A,FGF19,C1S,VIM,CPE,NPTX2,KREMEN2,GEM",esophagus,basal epithelial cells,F
Zhang_2021_esophagus,F25,"VIM,IGFBP7,MYL9,IGFBP5,C1S,TUBA1A,RPS4Y1,SPARC,TPM2,CALD1,S100A4,BGN,IFITM2,CYR61,TAGLN,COL1A1,SERPINF1,CTHRC1,LUM,FN1,SERPING1,DCN,CTGF,SLC2A3,MMP2",esophagus,fibroblasts,F
Zhang_2021_esophagus,M5,"HLA-DRA,HLA-DRB1,CD52,HLA-DPB1,HLA-DQA1,CXCR4,PTPRCAP,LAPTM5,HLA-DRB5,CORO1A,HLA-DQB1,CD83,CD37,CD69,CD79A,HLA-DMA,CD48,RHOH,CCR7,GPSM3,LTB,MS4A1,CD53,LY9,TAGAP,LYN,NCF1,IRF8,MEF2C,GPR183,CYTIP,BANK1,ADAM28,VPREB3,POU2AF1,CXCR5,CD19",esophagus,B cells,M
Zhang_2021_esophagus,F32,"VIM,GPR183,LMNA,ADGRE5,SAMSN1,TNFRSF13B,HSPA1A",esophagus,unknown,F
Zhang_2021_esophagus,F33,"MYADM,IGHM,FCER2,YBX3",esophagus,B cells,F
Zhang_2021_esophagus,F34,"TCL1A,STMN1,RGS13,HMGB2,UBE2J1,PRPSAP2,MARCKSL1,RGS1,LRMP,POU2AF1,TMEM123,BACH2,PARP1,RFTN1,PPP1CC,SEC14L1,HN1,RAB30,BASP1,SOCS1,YWHAH,GMDS,FKBP1A,H2AFV,TPD52,MYO1E,CD22,NEIL1,PTTG1,CSK,MRPL51,ATP5C1,IL4R,MEF2B,PRDX6,WDR1,TKT,PPP4C,METAP2,MTHFD2,RBBP4,SYNE2,GSTP1,FAM3C,BCAS4,CD38,LPP,CNIH1,MRPS6,BIK",esophagus,Germinal center B cells,F
Zhang_2021_esophagus,M2,"HLA-DRA,HLA-DRB1,HLA-DPB1,TYROBP,HLA-DQB1,HLA-DQA1,FCER1G,GPR183,S100A9,G0S2,LYZ,C15orf48,TNFRSF1B,BCL2A1,CD83,PLAUR,TMEM176B,HLA-DMA,CD68,ITGB2,NINJ1,S100A8,IL1B,RAB31,HLA-DRB5,CTSS,CCL3L3,PLIN2,NR4A3,SERPINB9,TMEM176A,LCP1,AIF1,CXCL3,LAPTM5,LCP2,GK,PPIF,CCL4L2,ETS2,PLEK,CTSZ,CCL4,LGMN,CXCL2,CD14,FCGRT,SERPINA1,SPI1,RNF130",esophagus,macrophages,M
Zhang_2021_esophagus,F14,"CCR7,FSCN1,CCL22,BIRC3,CST7,LAMP3,DUSP4,CCL19,IRF4,RAB9A,IDO1,EBI3,SOCS1,GRSF1,NRP2,NUB1,CD80,DAPP1,RHOF,ANXA6,FOXP1,CCL17,FAM60A,TBC1D4,DUSP5,MGLL,GPR157,IL32,NDE1,RAMP1,TSPAN13,CD70,KDM2B,KIF2A,SOCS2,CRLF2,TVP23A",esophagus,migratory dendritic cells,F
Zhang_2021_esophagus,F12,"C1QB,C1QA,C1QC,RNASE1,APOE,APOC1",esophagus,macrophages,F
Zhang_2021_esophagus,F13,"S100A8,EREG,SLC11A1,VCAN,INHBA,AQP9,ANPEP,CD300E,SLC25A37,EHD1,FCN1,CCL20,THBS1,TREM1",esophagus,macrophages,F
Zhang_2021_esophagus,F15,"STMN1,CST7,S100B,TYMS",esophagus,unknown,F
Zhang_2021_esophagus,F16,"GZMB,PLAC8,LDLRAD4,DUSP5,LTB,MX1,CD69,JCHAIN,SLAMF7,IL3RA,RAB11FIP1,PLD4,SLC20A1,SERPINF1,ERN1,TSPAN13,IFI44L,SOX4,IRF4,NKG7,ITM2C,PRMT9,CCDC50,GPR65,P2RY6,UGCG,C12orf45,TCF4,OPN3,ODC1,SEMA7A,CCR7,NRROS,SPIB,PIM2,GAS6,SELL,LILRA4,POLB,CSF2RB,IGKC,TRAF4,C12orf75,FCHSD2,PPP1R14B,EGLN3,RUBCN,SLC15A4,SEL1L3,PTPRCAP",esophagus,macrophages,F
Zhang_2021_esophagus,M6,"CLU,ALOX5AP,CD37,TYROBP,CD52,CD69,FCER1G,SAMSN1,BIRC3,SOCS1,PLAUR,RGS1,SYTL3,LAT,CDC42EP3,CSF1,AREG,AHR,LCP2,RASSF5,ZEB2,DUSP10,RNF130,PHF20,ELL2,NSMCE1,RHOH,CD83,NFKBID,CTD-3252C9.4,BACE2,TPSAB1,HPGD,ARHGAP18,TPSB2,ACSL4,CPA3,C1orf162",esophagus,mast cells,M
Zhang_2021_esophagus,M3,"IGKC,IGHG1,CD79A,JCHAIN,PIM2,ITM2C,FAM46C,PRDX4,IGKV3-20,SEC11C,MZB1,FKBP11,IGKV4-1,SDF2L1,DERL3,IGHA1,IGKV1-12,IGLV3-1,IGHG2,IGLL5,POU2AF1,FCGR2B,IGKV1-5",esophagus,plasma cells,M
