Data,Cluster,Markers,Organization,cell_type,level
Zhang_2019,M0,"STAG3,SMIM14,XIST,MARCKSL1,PLEK,CCDC88A,REL,CTSH,HLA-DRB5,CPNE3,HTR3A,ERP44,DNAJC10,BASP1,ACY3,RASGRP3,BTNL9,ODC1,SEL1L3,HVCN1,ALDH2,MDH1",blood,unknown,M
Zhang_2019,F1,IGHE,blood,unknown,F
Zhang_2019,F0,"JCHAIN,PPA1",blood,unknown,F
Zhang_2019,M3,"TRAC,IL32,FOS,CD3D,TRBC2,JUNB,SRGN,DUSP1,TRBC1,CD2,SUB1,FOSB,LCK,HCST,S100A6,S100A4,FYB1,CD3E,CD7,GIMAP7,ITM2A,LAT,CD3G,SPOCK2,FYN,PLAAT4,GIMAP4",blood,T cells,M
Zhang_2019,F7,"HSPA1A,IL7R,HSPA1B",blood,activated T cells,F
Zhang_2019,F6,"CORO1B,TIGIT,FKBP5,NR3C1,TBC1D4,ICA1,TOX2,PDCD1,SH2D1A",blood,exhausted T cells,F
Zhang_2019,F8,"CCL5,GZMK,NKG7,GZMA,CST7,RGS1,DUSP2,CCL4,HLA-DRB1,HLA-DPB1,CMC1,CD8A,FABP5,CD8B,APOBEC3G,CYTOR,ARPC5L,LYST,IFNG,PRF1,PLEK",blood,CD8+ cytotoxic T cells,F
Zhang_2019,F9,"RPS4Y1,NOSIP,SELL,SLC2A3,IFITM1,KLF2,EMP3,AIF1",blood,naive T cells,F
Zhang_2019,M4,"IGKC,FCER2,PARP14,IGHM,HLA-DQA2,SELL,IGHD,PLAC8",blood,B cells,M
Zhang_2019,F11,"TNFRSF13B,CD27",blood,memory B cells,F
Zhang_2019,F10,"TCL1A,IGHD,IL4R,CD72,CD83",blood,memory B cells,F
Zhang_2019,M2,"HMGB2,STMN1,RANBP1,GCHFR,SMC4,RPA3,LSM3,SLBP,PTTG1,TUBB4B,TMPO,DDX39A,FABP5,MACROH2A1,CENPF,CKS2,ANP32E,NUSAP1,MKI67,PCLAF,FAM111B,SIVA1,TACC3,CENPU,TOP2A,ORC6,ASPM,JPT1,CENPM,CLSPN,GMNN,CBX5,KNL1,IDH2,CDT1,TYMS,DNMT1,RRM2,MYBL2,CCDC88A,MAD2L1,BIRC5,FEN1,UBE2C",blood,proliferating cells,M
Zhang_2019,F5,"SMIM14,XIST,STAG3,PLEK,ACY3,HLA-DRB5,HTR3A,CALHM6,FAM118A,LCK,LINC01483,FAM3C,BTNL9,SLC2A5,QPCT,GTSF1,ARMH1,RAB25",blood,proliferating T cells,F
Zhang_2019,F4,"CD24,VIM,S100A10,TCF4,AICDA,PRDX2,GIHCG,HLA-DQA2,SAT1,RPS4Y1,TLE5,FCRL2,RGS2,MAD1L1,CHI3L2,PRDM15,LINC02901,PCDH9,EML6,GLUL,PYHIN1,IGHM,ZEB2,PTMS,RASSF6,EIF1AY,GNG11,GADD45A,UCHL1",blood,proliferating B cells,F
Zhang_2019,M1,"HLA-DQA2,IGHG1,FCRL2,RPS4Y1,SPIB,RGS1,PCDH9,CD24,MAD1L1,TCF4,YBX3,TSHZ2,ZEB2",blood,B cells,M
Zhang_2019,F3,,blood,unknown,F
Zhang_2019,F2,"JUN,CD69,DUSP1,KLF6,TUBA1A,JUNB,ZFP36,FOS,PPP1R15A,JUND,FOSB",blood,activated B cells,F
