Data,Cluster,Markers,Organization,cell_type,level
Zilionis_2019,M1,"TNFAIP3,RGCC,DUSP4,IL7R,LTB,TRBC2,TRAC,IL32,SPOCK2,LEPROTL1,PIK3R1,RUNX3,CNOT6L,ETS1,FYN",lung,T cells,M
Zilionis_2019,F9,"TXNIP,SELL,RPS4Y1,TCF7,RIPOR2,GIMAP4,GIMAP7,AES,LDHB,CYSLTR1,NSA2,AC003991.1",lung,Naive CD4+ T cells,F
Zilionis_2019,F7,FOS,lung,unknown,F
Zilionis_2019,F8,"DUSP4,CCL5,ID2,CST7,SLC7A5,METRNL,CD8A,HLA-DRB1",lung,CD8+ T cells,F
Zilionis_2019,F10,"DUSP4,MAF,UCP2,TIGIT,GLCCI1,DUSP16,ICOS,NAMPT",lung,regulatory T cells (Tregs),F
Zilionis_2019,M0,"LYZ,HLA-DRA,HLA-DRB1,ANXA2,CTSB,SAT1,TYROBP,CTSS,S100A9,BASP1,HLA-DPB1,GRN,COTL1,PSAP,SOD2,NPC2,CEBPD,PLAUR,HLA-DQB1,PKM,CST3,RAB31,LGALS1,TIMP1,LST1,GPX1,FCER1G,CSTB,ZYX,FCGR2A,GSN,LIMS1,CTSZ,SAMHD1,HLA-DRB5,NR4A3,ANXA5,MGAT1,PLEK,HCK,PPT1,SERPINA1,CTSL,TMEM176B,CTSH,NCF2,PPIF,GLUL,MS4A7,LTA4H",lung,Macrophages,M
Zilionis_2019,F3,"S100A8,IFITM2,KLF2,RAC2,EVL,JAK1,SELL,ANXA6,AAK1,GIMAP4,PPP2R5C,FPR1,SUN2,IKZF1,IL2RG,AKNA,ANP32A,RUNX3,UBALD2,FYN,BIN2,AES,SEMA4D,CLEC2D,CDC42SE2,MAT2B,MLLT6,SLC25A37,ADD3,CST7,VNN2,PCED1B-AS1,LTB,SYNE1,CXCR2,CCL5,KIAA1551,SMCHD1,CSF3R,CORO1A,GCA,FCGR3B,ITGAL,PRKCH,CYFIP2,GIMAP7,ETS1,RIPOR2,KLRD1,IL32",lung,Macrophage subset (likely inflammatory or alveolar macrophages),F
Zilionis_2019,F0,"APOE,C1QB,C1QA,APOC1,GPNMB,PLTP,RNASE1,MRC1,SLCO2B1,CTSL,CD163,MARCO,LIPA,C1QC,MS4A4A,DAB2,CD59,EGR1,ATF3,LGMN,LGALS3BP,VSIG4,TREM2,CPM,A2M,IDH1,PMP22,HEXA,GADD45B,FABP5,SERPING1,JUN,PLD3,ACP5,MMP14,C2,MSR1,AKR1B1,NUPR1,VAT1,CREG1,CCL18,FUCA1,NPL,TFRC,SDS",lung,Alveolar macrophages,F
Zilionis_2019,F1,"G0S2,DUSP4,SERPINB9,SLC2A14,AREG,C15orf48,VEGFA",lung,Alveolar macrophages,F
Zilionis_2019,F2,"FCN1,VCAN,S100A8,MPEG1,CORO1A,TKT,EVI2B,CSF3R,FGR,POU2F2,VSIR,CD36,FPR1,LILRB2,MNDA,CD300E,MYO1F,CD48,MARCH1,PRKACA,GCA,USP15,LRRC25,DUSP6,PLBD1,PNISR,CSTA,SELL,PRKCB,RAB27A,ZNF106,BIN2,CFP,CPPED1,TNFSF10,RXRA,S100A12,PLEKHO1,LILRB3,PYCARD,GIMAP4,SULT1A1,IL17RA,RAC2,CX3CR1,N4BP2L2,RIPOR2,METTL9,NCF1,EVI2A",lung,Monocyte-derived macrophages,F
Zilionis_2019,F4,"VSIG4,LY6E,INHBA,FBP1,C2,LGALS3BP,SMIM25,CXCL3,JUN,CYB5R3,CD46,PLBD1,RHOB,IGKC,GAA,ABCG1,FN1,TREM1,SERPING1,BSG,EVL,MCEMP1,COLGALT1,VAT1,APOC1,GCHFR,CYP27A1,RAB13,NUPR1,CD151,IFI27,PNPLA6,LPL,SCD,MARCO,MSR1,TGM2,TCF7L2,AQP3,CCL18,HCAR2,STMN1,CES1,FABP5,PPARG,BHLHE41,PLA2G16,SPN,MME,EML4",lung,Alveolar Macrophages,F
Zilionis_2019,F5,"F13A1,SLC25A37,MAX,SELL,UBALD2,RIPOR2,NCF1,VCL,MBOAT7,RAB32,SMCHD1,BIN2,PIP4K2A,PTPRJ,SNN,MAPRE2,TSC22D1,VNN2,XPO6,CCL5,YPEL3,GPSM3,MSRB1,CXCR2,SPARC,DAPP1,KIAA1551,RNF11,PBX2,PTGS1,RUFY1,USP10,FCGR3B,CD226,ODC1,SLC44A2,RGS18,NRGN,MMD,TUBA4A,CLU,PRKAR2B,MTURN",lung,Macrophage subset,F
Zilionis_2019,M6,"GLUL,TNFAIP3,FOSB,BIRC3,ALOX5AP,LMNA,ANXA1,SAMSN1,ID2,NR4A1,NR4A3,SELENOK,NFKB1,EGR1,NFKBIZ,LAPTM4A,AREG,AKAP13,SEPT2,PAG1,SYAP1,PLIN2,MAT2A,RASSF5,FOXP1,SLC2A14,CD83,CD9,RANBP2,CD84,PRNP,CD69,ELL2,SERINC3,ALOX5,WIPF2,SGK1,ICAM1,VEGFA,CD82,SRSF7,MAPK1,SKIL,CPM,SEC23A,PPP1R15B,LCP2,DDIT4,B4GALT5,DUSP6",lung,activated macrophages,M
Zilionis_2019,F30,"RGS1,CD83,JUN,TPSB2,TUBA1B,DNAJB1,GADD45B,ZNF331,CD69,PEBP1,ZFAND5,ACSL4,BMP2K,HSPA1B,LIF,B4GALT5,CDKN1A,ATP1B3,PTGS2,HPGDS,REL,DDIT4,RPS5,AHR,MAOB,HSPA1A,CPM,TPM4,ELL2,TRA2B,SKIL,PRDX1,RPLP0,PTGS1,EGR3,SGK1,PPIA,ASAH1,RPL10A,RPL36AL,SRSF2,CD81,GALC,YBX1,FOSL2,SAT1,PPP1R15A,DDX3X,EGR1,NR4A2",lung,activated macrophages,F
Zilionis_2019,F31,"TMEM154,CEBPB,FCER1A,C9orf78,XIAP,CXCR4,AC074032.1,PDLIM5,ZNF26,FBLIM1,AL031595.3,CLINT1,ANXA2,YIPF4,SNRNP200,SLC22A18,SNHG14,RCSD1,EREG,KLF2,TADA2B,CCND3,CASC4,USP15,AL031587.6,ZNF101,CORO1A,GK5,AC005005.4,TRIM65,BTN3A2,PEX26,KCNK6,AAK1,C2orf15,MZT2A,SORL1,FYB1,MYO1F,SELL,CLC,POLR1C,MS4A3,CFD,RFLNB",lung,unknown,F
Zilionis_2019,M3,"IFITM2,NAMPT,TYROBP,S100A9,ALOX5AP,BASP1,S100A8,SOD2,ARRB2,EVI2B,CEBPB,SMCHD1,RNF149,CSF3R,LRP10,TKT,CXCR2,MXD1,KIAA1551,PTEN,BCL6,LSP1,LST1,EFHD2,MNDA,LYN,NCF1,FCGR3B,RHOG,PHC2,FCGR2A,C5AR1,LINC01001,SLC25A37,JAML,FAM129A,SEC14L1,MSRB1,GMFG,ACTN1,RTN3,PREX1,MSL1,ARHGAP9,YPEL3,NADK,ACSL1,AQP9,SKAP2,TALDO1",lung,neutrophils,M
Zilionis_2019,F19,SEC14L1,lung,unknown,F
Zilionis_2019,F20,"S100A12,HMGB2,MMP9,TSPO,GRN,RFLNB,CST7,CTSD,TUBA4A,PADI4,QPCT,CDA,APMAP,FCN1",lung,neutrophils,F
Zilionis_2019,F21,"BCL2A1,CD55,PLAUR,DDX5,LCP2,CXCL8,IVNS1ABP,IER3,MT-CO1,G0S2,AC245128.3,SAMSN1,MAP1LC3B,BTG2,CSNK1D,TPM4,SYAP1,NABP1,SBNO2,HSP90AA1,FOSL2,RPS27,BCL3,PTGS2,PTP4A1,RPS3A,PTPRE,RPS29,CD44,ETS2,PFKFB3,TRIB1,KDM6B,RPS28,IL18RAP,CSRNP1,SOCS3,YPEL5,OSM,SERP1,MT-ATP8,CPD,MT-ND5,JOSD1,CREM,NR4A3,PLEK,TREM1,RPS27A,FCER1G",lung,activated neutrophils,F
Zilionis_2019,F22,"ARHGAP30,S1PR4,RXRA,WBP2,DDX10,NEDD9,ISG20,IFNGR1,PAPOLA,DOCK5,GRK2,PPP2R5C,HSPA6,AP002360.1,NMNAT1,AC012645.4,UBE2D1,RPS27A,CHURC1,CFP,ELOB,STARD9,SEC62,TRANK1,HSP90AA1,FLCN,RNF213,MANSC1,RBFOX3,AL590822.2,TMEM164,PCDH11X,ZNF426,MDM4,PPP4R1,MOSPD2,DBP,JPX,KDM3B",lung,neutrophils,F
Zilionis_2019,M2,"HSPB1,APLP2,MIF,TXN,LDHA,GSTP1,ANXA2,IER3,TOMM20,EGR1,ATF3,SPINT2,CD9,SFTPB,LGALS3BP,SDC4,DSTN,KRT8,TUBA1C,IFITM3,CYB5A,ATP1B1,LGALS3,TPI1,RHOB,KRT19,VDAC2,NME2,GSN,NDRG1,TM4SF1,CEACAM6,ELF3,MUC1,PTPRF,LAPTM4B,PERP,KRT18,LY6E,TACSTD2,TSPAN3,MTRNR2L8,WFDC2,JUP,CDH1,DSP,MAL2,EFNA1,CLDN4,EPCAM",lung,lung epithelial cells,M
Zilionis_2019,F12,"TFF3,CXCL8,UCHL1,CEACAM5,BPIFA1,DUSP4,MSMB,HMGB3,PAM,SCIN,HYOU1,CALCA,SLC12A2,FOXA1,CPE,SRP54,PTGS2,RDH10,STEAP4",lung,lung secretory cells,F
Zilionis_2019,F11,"KRT6A,KRT17,KRT5,AKR1C3,CD44,ALDH3A1,PKP1,AKR1C1,IGFBP2,ATP1B3,MIR205HG,PGD,CHCHD10,UCHL1,S100A2,SLC2A1,AP2M1,GPX2,PFN2,CNBP,DST,RAP2B,RPL22L1,RPS4Y1,AKR1C2,FSCN1,NTRK2,KRT15,NFE2L2,TMPRSS4,CBR1,TALDO1,KRT14,NDUFA4L2,FBL,SOX2,GCLC,SELENOT,ZNF706,GPNMB,CAV2,CD99,SLC25A6,TBL1XR1,FAM162A,DDT,NTS,PITX1,MBD2,AC074117.1",lung,basal cells of the lung epithelium,F
Zilionis_2019,F17,"CD74,HLA-DRA,SCGB3A2,HLA-DRB1,NAPSA,SFTPA1,TIMP1,SFTPA2,MT2A,CXCL17,SCGB3A1,RNASE1,HLA-DPA1,TSC22D1,HLA-DPB1,AREG,BIRC3,MUC5B,CRIP2,CTSH,RPS4Y1,VIM,RARRES3,IGKC,HPGD,HBEGF,IRX2,IRF1,HLA-DQB1,HLA-DRB5,ARHGDIB,PLS3,C3,FOLR1,CP,RASD1,STOM,C16orf89,NKX2-1,RBPMS,MT1E,MALL,MAOA,GDF15,IL6ST,SPINK5,CXCL2,TNC,MID1IP1,RAI14",lung,alveolar type 2 epithelial cells,F
Zilionis_2019,F14,"TIMP1,TFF3,AGR2,S100A14,KRT7,S100P,TFF1,FXYD3,KLF2,LYZ,CTSE,DPCR1,CEACAM5,CLTB,SPINK1,IFI27,ZFP36L2,MUC5AC,CLDN18,TSPAN1,CYSTM1,SLPI,LAMB3,MSMB,LCN2,PSCA,XIST,AREG,COL17A1,OCIAD2,DUSP4,IFI6,CAPN8,TSPAN8,PLAC8,GOLM1,TMEM176B,TMBIM1,NBL1,MLPH,VCL,APOL1,S100A13,LGALS4,MGST3,REG4,C19orf33,RHOC,LAMC2,BACE2",lung,lung epithelial cells (likely secretory or glandular subtype),F
Zilionis_2019,F13,"NAPSA,IFI27,SFTPA1,HOPX,SFTPA2,SERPINA1,SFTA2,FLNA,ICAM1,CLDN3,IFI6,S100A4,COL1A1,AQP1,CXCL14,FOLR1,HLA-DQB1,PLS3,TYMP,PYGB,VAMP5,SPINK1",lung,alveolar type 2 cells,F
Zilionis_2019,F15,"SLPI,SERPINA1,CD74,CXCL2,CXCL17,TCIM,IFITM2,SLC34A2,HLA-DRA,HLA-DRB1,NKX2-1,C3,CTSH,C11orf96,CTSE,HOPX,F3,AGR3,AKAP13,XIST,RNASE1,DHCR24,CLU,RBPMS,ADGRF5,EPAS1,LRRK2,ZDHHC3,SELENOP,LTF,ABCA3,FGG,SFTPD,TFPI,SELENBP1,SERPING1,C4BPA,SLC39A8,HLA-DQB1,PGC,CHI3L1,SDR16C5,DUOX1,FABP5,SFTPA2,CYR61,AQP1,DMBT1,LAMP3,MMP7",lung,alveolar type 2 cells,F
Zilionis_2019,F18,"SLPI,HLA-DRA,CD24,TSPAN1,ATPIF1,TMC5,AGR3,IGFBP2,HLA-DPA1,LCN2,PLAC8,ALDH1A1,CP,CLU,IRX3,STOM,PFN2,SARAF,RRAD,AES,CTSS,SCPEP1,UFC1,CETN2,CRNDE,IK,MUC4,NUCB2,CKB,AKAP9,IFT57,NUDC,PRDX5,BASP1,DNAJA4,TSPAN6,SLC44A4,TUBA1A,ALDH3B1,IFT22,METTL7A,MLF1,HMGN3,CDS1,EFHC1,TCTN1,C21orf59,PSENEN,CAPS,TPPP3",lung,Club cells,F
Zilionis_2019,F16,"PIGR,AQP3,SPINK1,SCGB3A2,SLC34A2,NAPSA,IFI6,SNHG8,CTSH,S100P,MUC5B,SFTA2,BPIFA1,LCN2,AGR3,LLGL2,TMEM176B,HPGD,XIST,RGS2,ADGRF5,FCGRT,GDF15,CLDN3,CRIP2,ARHGDIB,GEM,TMEM176A,IGFBP3,MUC4,S100A9,MUC16",lung,Club cells,F
Zilionis_2019,M5,"MT2A,IFITM3,ITGB1,LGALS1,TIMP1,LAPTM4A,EGR1,TIMP2,GSN,PEA15,YBX3,TCF4,STOM,ACTN1,MTRNR2L8,DSTN,CD59,HSPB1,APP,SERPING1,FN1,ID3,CYB5R3,TPM1,A2M,EPAS1,COL1A1,CLIC4,SERPINH1,TSC22D1,NBL1,SPARC,HES1,IGFBP7,IGFBP4,MYLK,TIMP3,C11orf96,C1S,COL6A1,COL1A2,GADD45B,COL6A3,MGP,COL6A2,DCN,C1R,COL3A1,COL4A2,CALD1",lung,fibroblasts,M
Zilionis_2019,F25,"VWF,PECAM1,CD74,AQP1,TM4SF1,HLA-DRB1,RGCC,IFI27,ENG,STOM,HEG1,PCDH17,FKBP1A,SPTBN1,HYAL2,ACVRL1,CD93,NFIB,CDH5,EPAS1,FLT1,CLEC14A,PDLIM1,CD34,ITM2A,CLDN5,SH3BP5,SLCO2A1,PODXL,PLVAP,TGFBR2,ITGA5,FAM107A,RNASE1,RGS5,ESAM,ETS2,WARS,RDX,ARHGDIB,ETS1,DUSP6,CTNND1,PTPRB,NEDD9,CAVIN2,ADGRF5,SRGN,CALCRL,S1PR1",lung,endothelial cells,F
Zilionis_2019,F26,"COL3A1,COL1A1,COL5A2,COL5A1,POSTN,MMP2,MMP14,AEBP1,COL6A3,NBL1,LUM,VCAN,CTHRC1,IGFBP5,CTSK,THBS2,MXRA8,MMP11,ANTXR1,INHBA,CNN2,TPM2,COL12A1,PMEPA1,HTRA1,MFAP2,SFRP2,KDELR1,MRC2,MXRA5,FBN1,TMEM176B,COL8A1,SULF1,SPATS2L,CDH11,ITGB5,KDELR2,DKK3,LOXL1,BASP1,COL10A1,SURF4,ISLR,OSTC,ENAH,PTK7,FKBP10,PLAU,COL11A1",lung,fibroblasts,F
Zilionis_2019,F27,"ACTA2,NOTCH3,ADIRF,RGS5,MCAM,MYH11,SOD3,ADAMTS1,PPP1R14A,MAP1B",lung,fibroblasts,F
Zilionis_2019,F28,"LUM,FBLN1,MMP2,MFAP4,CYR61,COL6A3,RARRES2,PRELP,C3,LRP1,NBL1,LTBP4,C7,CCDC80,TMEM176B,SELENOP,SERPINF1,LTBP2,TMEM176A,ELN,PTGDS,ISLR,CD44,PMP22,MOXD1,CYBRD1,CXCL12,CFH,TMEM119,ADH1B,CTSC,ADD3,NR2F1,EMILIN1,PDGFRA,FBLN5,CDH11,DKK3",lung,fibroblasts,F
Zilionis_2019,F29,"HLA-DRB1,HLA-DRA,SRGN,CTSD,GLUL,NPC2,CD9,HLA-DPA1,TMEM176B,RNASE1,FCGRT,ATP1B3,NAMPT,HLA-DPB1,ASAH1,HEXB,CTSL,TMEM176A,SARAF,APOE,CD164,GPX1,CTSC,SGK1,BASP1,CMTM6,MAFB,KCTD12,SSR3,GPNMB,ZNF331,CSTB,RGS2,NUPR1,CTSZ,FNDC3B,TYMP,PLTP,TGFBI,PABPC4,HLA-DRB5,ATP6V1F,PLAUR,PLD3,DAB2,CXCR4,NCOA4,LYZ,HLA-DQB1,COTL1",lung,fibroblasts,F
Zilionis_2019,M8,"HLA-DRA,HLA-DRB1,HLA-DPA1,HLA-DPB1,HLA-DQB1,IGKC,CD83,EZR,HLA-DQA1,SMIM14,FCMR,POU2F2,CD79A,CCR7,LY9,MS4A1,XIST",lung,B cells,M
Zilionis_2019,F35,"GPR183,NR4A3",lung,unknown,F
Zilionis_2019,F36,"IGHM,HVCN1,IGHD",lung,Immature B cells,F
Zilionis_2019,F37,,lung,unknown,F
Zilionis_2019,M7,"FYN,CCL5,CST7,HCST,SUN2,MYO1F,IKZF3,PLAC8,IL2RG,IL2RB,ETS1,CD247,CCL4,SPN,CD7,HOPX,KLRD1,PRF1,NKG7,ID2,CYFIP2,GNLY,GZMA,GZMB,ITGAL,CX3CR1,CTSW,EVL,RUNX3,IL32,KLRF1,FGFBP2,FCGR3A,ARL4C,ANXA6",lung,Natural Killer (NK) cells,M
Zilionis_2019,F33,"CXCR4,JUND,ZFP36,FOSL2,HSP90AB1,TNFAIP3,JUNB,NR4A2,METRNL,CREM,PIK3R1,SLC2A3,CNOT6L,NFKBIA,ZNF331,DUSP2,SRSF2,RGCC,BIRC3,FAM177A1,YPEL5,NFKB1,AREG,TMEM2,PPP1CB,RGS1,SYTL3,ATP1B3,BTG2,DNAJB6,RGS2,IRF2BP2,FOSB,DNAJA1,DNAJB1,SDCBP,NR4A3",lung,Activated Natural Killer (NK) cells,F
Zilionis_2019,F32,"FGFBP2,FCGR3A,CX3CR1,KLRF1,SPON2,EFHD2,FCER1G,TBX21,ADGRG1,PXN,MYO1F,PLEK,PLAC8",lung,Natural Killer (NK) cells,F
Zilionis_2019,F34,"IL32,TRBC2,TRAC,BCL11B,CD8A,CD3D,CD3G,CD8B",lung,CD8+ T cells,F
Zilionis_2019,M4,"HERPUD1,IGKC,HSP90B1,HSPA1B,ATF4,XBP1,TMEM59,PDIA6,TMED10,TRAM1,SSR4,SPCS2,SPCS1,ADA2,ISG20,HM13,SSR3,H1FX,CD79A,TMEM258,FAM46C,PRDM1,SPCS3,PDE4B,PDIA4,ERGIC3,PIM2,HDLBP,RPN2,DNAJB9,LMAN2,PECAM1,SELENOS,RPN1,DUSP5,PPIB,TMED9,UBE2J1,SELENOK,SEC61G,SEC61A1,SEL1L3,FNDC3B,KDELR1,MYDGF,ST6GAL1,GLCCI1,CYTIP,TOR3A,TP53INP1",lung,Plasma cells,M
Zilionis_2019,F23,SEC22B,lung,unknown,F
Zilionis_2019,F24,"IGLC2,IGLC3,IGLC7,IGLL1,GUSBP11,IGLL5,FAM83A",lung,Plasma cells,F
Zilionis_2019,M9,"HLA-DRB1,ALOX5AP,CTSB,HLA-DRA,GPR183,SELL,NPC2,IRF2BP2,NR4A3,IGKC,HSP90B1,ZC3HAV1,NR3C1,CDKN1A,CD83,PRKCB,AREG,MAPKAPK2,CD4,THEMIS2,SEC61B,RAB11FIP1,FAM53C,SLC7A5,CNPY3,SPCS1,PARK7,PFKFB3,LTB,CYBB,PLAC8,XBP1,TCF4,PLP2,SEPT6,DUSP5,TGFBI,SELENOS,PTPRE,APP,PIM2,SEL1L3,THBD,SLC20A1,RANBP2,MPEG1,GRASP,PRMT9,IRF8,LDLRAD4",lung,dendritic cells,M
Zilionis_2019,F39,"SAMHD1,SRSF1,RNASE6,C4orf3,IGHM,KCTD5,MGAT1,RIPOR2,PLIN3",lung,unknown,F
Zilionis_2019,F38,"ZNF331,CREM,CDKN1A,JUNB,CD83,RGS1,LDLRAD4,THBD,SEMA7A,NEAT1,FOSL2,SOCS3,PFKFB3,EZR,ETV3,REL,GPR65,RAB11FIP1,NR4A2,SLC20A1,GRASP,PMEPA1,DUSP5,SRSF7,PRMT9,CHMP1B,ZC3HAV1,RANBP2,NFKBIA,NR4A3,RGS2,NR4A1,SOX4,SQSTM1,IRF4,SPN,FOSB,USP36,JOSD1,HSPH1,PTP4A1,PIM2,AREG",lung,activated dendritic cells,F
Zilionis_2019,M10,"ATP6V0B,SLC38A2,IKZF1,TRBC2,COX6C,NCKAP1L,EVL,PPP2R5C,ISG20,PPP1R2,IL32,KDM2A,EIF4EBP2,PRPF38B,POLR2L,ANP32A,CALM3,PTPN2,SSR1,PAFAH1B2,GLG1,NNT,TALDO1,RNF130,CLEC2D,UBE2J1,ATXN7,KCNK6,SPAG9,POLR1C,EFCAB14,SLC35E1,PURB,HELZ2,RAB29,CAMK1D,BCL6,NCBP3,SIRT2,ATXN7L3B,PRKCA,GTF3C2,CST7,TMEM39A,CSGALNACT1",lung,T cells,M
